"","HMDB_ID","p.value","statistic.W","mean_case","mean_control","p.adjust","log2FC","group","metabolite","senser"
"1","HMDB0000002",0.0608337378518273,105442628.5,0.218680722475228,0.192409593818772,0.0646245642461548,0.184645311270963,"B","1,3-Diaminopropane",FALSE
"2","HMDB0000002",0.216370523608973,41058396,0.197342634676279,0.196143530438487,0.247478106875439,0.0087929246100317,"Endo","1,3-Diaminopropane",FALSE
"3","HMDB0000002",3.64971349479207e-12,62882606,0.171119345234743,0.198501709769001,6.1924048868984e-12,-0.214148566543532,"Mast","1,3-Diaminopropane",FALSE
"4","HMDB0000002",3.22603378483241e-117,120995078.5,0.25842305936109,0.18569976148957,7.69946729980002e-117,0.476762846674675,"Epi","1,3-Diaminopropane",FALSE
"5","HMDB0000002",0.427242422756727,106117934.5,0.224731776957551,0.19138797395007,0.443341412599734,0.23170395575507,"T","1,3-Diaminopropane",FALSE
"6","HMDB0000002",4.23526743842914e-06,18676180.5,0.256962842830498,0.19491829467035,1.16632749458279e-05,0.398690253238345,"pDC","1,3-Diaminopropane",FALSE
"7","HMDB0000002",2.81521021790278e-20,100849454.5,0.187164845758038,0.197730525224679,4.3819359043878e-20,-0.0792261223687213,"NK","1,3-Diaminopropane",FALSE
"8","HMDB0000002",1.86770859954987e-38,75079863.5,0.0886257860151174,0.209047220220327,4.07707121121252e-38,-1.23803043677968,"Fibro","1,3-Diaminopropane",FALSE
"9","HMDB0000002",9.79804549902711e-23,15562281,0.421965087165929,0.192587367558379,2.97262736326416e-22,1.13161056203646,"Oligo","1,3-Diaminopropane",FALSE
"10","HMDB0000002",0.239890596212471,107348339,0.152256305241288,0.203624251464212,0.254085306047528,-0.419407421035336,"Myeloid","1,3-Diaminopropane",FALSE
"11","HMDB0000005",4.59916747083005e-148,27689136,0.185359438203715,0.295699301387315,1.64650195455716e-146,-0.673805258249993,"Endo","2-Ketobutyric acid",FALSE
"12","HMDB0000005",2.97304244830426e-07,62846313,0.273913912568614,0.291584934275795,4.41638670743953e-07,-0.0901936349411781,"Mast","2-Ketobutyric acid",FALSE
"13","HMDB0000005",0,145174083,0.398967088754406,0.271722352320671,0,0.55413649294166,"Epi","2-Ketobutyric acid",FALSE
"14","HMDB0000005",6.45427686751683e-13,15016044,0.24802486527999,0.290992995557498,2.96234758791157e-12,-0.230499664066812,"pDC","2-Ketobutyric acid",FALSE
"15","HMDB0000005",6.66060086995058e-97,124501763,0.338562243253224,0.281920705435846,1.67922190946641e-96,0.26413165227914,"Myeloid","2-Ketobutyric acid",FALSE
"16","HMDB0000005",1.65265407007846e-72,91192784,0.247283752456366,0.297331559867191,4.88967071973626e-72,-0.265905152402961,"NK","2-Ketobutyric acid",FALSE
"17","HMDB0000005",1.20904046126069e-24,10279382,0.217245937796981,0.2912696083957,3.83041137284362e-24,-0.423025975028391,"Oligo","2-Ketobutyric acid",FALSE
"18","HMDB0000005",0,52186358,0.147425623784101,0.314190943401256,0,-1.09165429686849,"B","2-Ketobutyric acid",FALSE
"19","HMDB0000005",1.50021060491174e-166,130167162,0.347933093001898,0.280338593372926,1.16755520990957e-165,0.311639535169997,"T","2-Ketobutyric acid",FALSE
"20","HMDB0000005",1.18539609375734e-64,94959737,0.331434054613661,0.285168120819228,3.62710941508658e-64,0.216909135345398,"Fibro","2-Ketobutyric acid",FALSE
"21","HMDB0000010",3.24499814247536e-204,84320957.5,0.236818549866407,0.499210544513817,3.22697037501716e-203,-1.07586631677214,"NK","2-Methoxyestrone",FALSE
"22","HMDB0000010",3.04311598163121e-232,130402641.5,0.688653895543179,0.422925664271242,1.41485132652464e-231,0.703374984106643,"Epi","2-Methoxyestrone",FALSE
"23","HMDB0000010",2.09746187216662e-06,43705406,0.53433574756962,0.457406867946572,3.68083995213554e-06,0.224268510136611,"Endo","2-Methoxyestrone",FALSE
"24","HMDB0000010",4.16296894787156e-270,80942655,0.189541820921777,0.50719243358095,6.20976201390841e-269,-1.42001702025832,"T","2-Methoxyestrone",FALSE
"25","HMDB0000010",2.59904912568232e-45,17049204.5,0.887130758453101,0.454486827858613,1.27460217396476e-44,0.964908283744345,"Oligo","2-Methoxyestrone",FALSE
"26","HMDB0000010",1.27375191259619e-26,20675650.5,0.678389558888923,0.456714168201369,1.14000796177359e-25,0.570822419773994,"pDC","2-Methoxyestrone",FALSE
"27","HMDB0000010",0,75454776.5,0.128518122337896,0.517495269742335,0,-2.0095738672984,"B","2-Methoxyestrone",FALSE
"28","HMDB0000010",5.11548448611698e-96,95541145,0.63513704065243,0.440557252884559,2.20643788678299e-95,0.527738391632042,"Fibro","2-Methoxyestrone",FALSE
"29","HMDB0000010",0,149002279.5,0.926740012878963,0.38272878476157,0,1.27584225359619,"Myeloid","2-Methoxyestrone",FALSE
"30","HMDB0000010",1.26114292374614e-59,56918046,0.297146242075047,0.476343546540323,6.01985555601491e-59,-0.680829307823304,"Mast","2-Methoxyestrone",FALSE
"31","HMDB0000015",0.00426333468091614,66152270,0,0.00135534351470252,0.00533662173345447,-Inf,"Mast","Cortexolone",FALSE
"32","HMDB0000015",0.000346131736080288,106367806,0.000261214544383263,0.00140715852041971,0.000407615662884023,-2.42947772818139,"NK","Cortexolone",FALSE
"33","HMDB0000015",0.169451580290012,17473134,0,0.00126791274590002,0.235837269600414,-Inf,"pDC","Cortexolone",FALSE
"34","HMDB0000015",0.0268123279342328,13443174,0.0034229802329063,0.0012066833332295,0.0347783094219397,1.50420583801541,"Oligo","Cortexolone",FALSE
"35","HMDB0000015",0.0893755288121847,41467600,0.000665667915874632,0.00127240811712174,0.112268208121972,-0.934686941000546,"Endo","Cortexolone",FALSE
"36","HMDB0000015",0.000345689428186887,106367783,9.39729173600277e-05,0.00143539448648812,0.000408438334293418,-3.93305843662554,"T","Cortexolone",FALSE
"37","HMDB0000015",3.64359798076344e-62,107758857,0.00543530415862552,0.000533599578288649,6.9383408357091e-62,3.34853133900877,"Epi","Cortexolone",FALSE
"38","HMDB0000015",0.000104257887216201,106347000,0,0.00145126025001337,0.000127823026107534,-Inf,"Myeloid","Cortexolone",FALSE
"39","HMDB0000015",0.000104257887216201,106347000,0,0.00145126025001337,0.000121577601379153,-Inf,"B","Cortexolone",FALSE
"40","HMDB0000015",0.120052097903883,82288138,0.00297682227798212,0.00103448216216218,0.128678595956857,1.52486432382047,"Fibro","Cortexolone",FALSE
"41","HMDB0000016",0.000104257887216201,106347000,0,0.00145126025001337,0.000127823026107534,-Inf,"Myeloid","Deoxycorticosterone",FALSE
"42","HMDB0000016",0.0893755288121847,41467600,0.000665667915874632,0.00127240811712174,0.112268208121972,-0.934686941000546,"Endo","Deoxycorticosterone",FALSE
"43","HMDB0000016",0.00426333468091614,66152270,0,0.00135534351470252,0.00533662173345447,-Inf,"Mast","Deoxycorticosterone",FALSE
"44","HMDB0000016",0.120052097903883,82288138,0.00297682227798212,0.00103448216216218,0.128678595956857,1.52486432382047,"Fibro","Deoxycorticosterone",FALSE
"45","HMDB0000016",0.169451580290012,17473134,0,0.00126791274590002,0.235837269600414,-Inf,"pDC","Deoxycorticosterone",FALSE
"46","HMDB0000016",3.64359798076344e-62,107758857,0.00543530415862552,0.000533599578288649,6.9383408357091e-62,3.34853133900877,"Epi","Deoxycorticosterone",FALSE
"47","HMDB0000016",0.000345689428186887,106367783,9.39729173600277e-05,0.00143539448648812,0.000408438334293418,-3.93305843662554,"T","Deoxycorticosterone",FALSE
"48","HMDB0000016",0.000346131736080288,106367806,0.000261214544383263,0.00140715852041971,0.000407615662884023,-2.42947772818139,"NK","Deoxycorticosterone",FALSE
"49","HMDB0000016",0.0268123279342328,13443174,0.0034229802329063,0.0012066833332295,0.0347783094219397,1.50420583801541,"Oligo","Deoxycorticosterone",FALSE
"50","HMDB0000016",0.000104257887216201,106347000,0,0.00145126025001337,0.000121577601379153,-Inf,"B","Deoxycorticosterone",FALSE
"51","HMDB0000017",3.96272593946103e-17,64984795,0,0.0207646953675982,7.62718218455402e-17,-Inf,"Mast","4-Pyridoxic acid",FALSE
"52","HMDB0000017",3.32648292897277e-29,104378089,0.000210685734322047,0.0221986279030132,6.14436808096628e-29,-6.7192340645634,"T","4-Pyridoxic acid",FALSE
"53","HMDB0000017",5.23158909477789e-05,17184699,0,0.0194252022721247,0.00013006311777295,-Inf,"pDC","4-Pyridoxic acid",FALSE
"54","HMDB0000017",3.16673243054793e-30,104337000,0,0.022234198683753,5.55730495164784e-30,-Inf,"NK","4-Pyridoxic acid",FALSE
"55","HMDB0000017",0,95661720,0.175162107853655,0.000382419290490565,0,8.83931970122218,"Fibro","4-Pyridoxic acid",FALSE
"56","HMDB0000017",1.02498406288175e-29,104357429,7.05427513078273e-05,0.0222222887139222,1.74735378338888e-29,-8.29929384998472,"Myeloid","4-Pyridoxic acid",FALSE
"57","HMDB0000017",0.00336959435892211,13182097,0.00293176901765204,0.0192803523253346,0.00463967223266968,-2.71728806643872,"Oligo","4-Pyridoxic acid",FALSE
"58","HMDB0000017",1.30142381394622e-10,40740952,0,0.0200390290082224,2.87598595921449e-10,-Inf,"Endo","4-Pyridoxic acid",FALSE
"59","HMDB0000017",3.16673243054793e-30,104337000,0,0.022234198683753,5.34759533083094e-30,-Inf,"B","4-Pyridoxic acid",FALSE
"60","HMDB0000017",8.33426160337293e-19,104848981,0.00176385590186376,0.0219364009626888,1.13017638409375e-18,-3.63652223674326,"Epi","4-Pyridoxic acid",FALSE
"61","HMDB0000019",1.46904278702775e-22,15280982,0.147703050212118,0.0443180100783199,4.38264431463278e-22,1.73673460992475,"Oligo","alpha-Ketoisovaleric acid",FALSE
"62","HMDB0000019",1.97924435660533e-40,60573050.5,0.00972649353579404,0.0492655473667949,6.05614939884366e-40,-2.34058738348553,"Mast","alpha-Ketoisovaleric acid",FALSE
"63","HMDB0000019",0.214855308200628,17786025,0.0580665149772434,0.0456917529445505,0.289166166676033,0.345772657313326,"pDC","alpha-Ketoisovaleric acid",FALSE
"64","HMDB0000019",3.19767725965553e-77,96454034.5,0.00620066394191212,0.0526589768774106,1.05997079533026e-76,-3.08618488441505,"T","alpha-Ketoisovaleric acid",FALSE
"65","HMDB0000019",2.65222260685259e-05,84209266.5,0.0513527479141256,0.0453030621607554,3.59657459565616e-05,0.180832908661084,"Fibro","alpha-Ketoisovaleric acid",FALSE
"66","HMDB0000019",7.80921998446165e-250,125054243.5,0.118408497961591,0.0337145510763504,2.82394015599724e-249,1.81232933146428,"Myeloid","alpha-Ketoisovaleric acid",FALSE
"67","HMDB0000019",8.21022573944519e-115,94173959,-0.00612447433999876,0.0547398714041556,3.54127809002576e-114,NA,"NK","alpha-Ketoisovaleric acid",FALSE
"68","HMDB0000019",2.7002974373059e-76,96516701.5,0.00721721040010881,0.0524873499217805,7.26846979365048e-76,-2.86245653920394,"B","alpha-Ketoisovaleric acid",FALSE
"69","HMDB0000019",0.560020974670532,41341843.5,0.0505600156266727,0.0457018272677713,0.598470175916569,0.145745060595187,"Endo","alpha-Ketoisovaleric acid",FALSE
"70","HMDB0000019",8.27634947335673e-189,122622656,0.106621182116274,0.0357046432332501,2.87663408879777e-188,1.57831047477663,"Epi","alpha-Ketoisovaleric acid",FALSE
"71","HMDB0000020",6.01691348867216e-282,123121364.5,0.0481626637478161,0.0091729846829863,3.59009171490772e-281,2.3924520500491,"Epi","p-Hydroxyphenylacetic acid",FALSE
"72","HMDB0000020",0,123959183.5,0.042110512135004,0.0101947897839169,0,2.04634839386617,"Myeloid","p-Hydroxyphenylacetic acid",FALSE
"73","HMDB0000020",0.462952053184929,13269515,0.0153692961233451,0.0147958472516712,0.5211850158497,0.0548587829342897,"Oligo","p-Hydroxyphenylacetic acid",FALSE
"74","HMDB0000020",1.53312001235743e-122,95783555.5,-0.00614158316823926,0.0183413532320417,5.54400974165617e-122,NA,"B","p-Hydroxyphenylacetic acid",FALSE
"75","HMDB0000020",9.66055199391107e-103,96712589.5,-0.00304359578360137,0.0178183096080948,3.80052485035183e-102,NA,"T","p-Hydroxyphenylacetic acid",FALSE
"76","HMDB0000020",1.78867599904809e-126,95608307,-0.00896087909786657,0.0188173444408257,9.28037692259734e-126,NA,"NK","p-Hydroxyphenylacetic acid",FALSE
"77","HMDB0000020",1.71786793049052e-35,87216733,0.0317459681827321,0.0127824424140714,3.68261508452458e-35,1.31240985106192,"Fibro","p-Hydroxyphenylacetic acid",FALSE
"78","HMDB0000020",2.65937083907703e-36,37927432,-0.00882912782604381,0.016067776228864,1.53557219417674e-35,NA,"Endo","p-Hydroxyphenylacetic acid",FALSE
"79","HMDB0000020",3.66929675449736e-11,16277727,-0.00152065055971648,0.0151504484667694,1.50989452656328e-10,NA,"pDC","p-Hydroxyphenylacetic acid",FALSE
"80","HMDB0000020",2.18050405024737e-09,64136355,0.0147528061989333,0.0148096597521242,3.37930930730977e-09,-0.00554909326598544,"Mast","p-Hydroxyphenylacetic acid",FALSE
"81","HMDB0000022",0,154273158.5,0.921261569877933,0.281116889449606,0,1.71244069957546,"Myeloid","3-Methoxytyramine",TRUE
"82","HMDB0000022",0.0127885222796663,40349468.5,0.3314947381778,0.375832264542798,0.0181678213338117,-0.181102954327222,"Endo","3-Methoxytyramine",TRUE
"83","HMDB0000022",3.03223734917498e-51,17479330,0.860535735013636,0.365781633688667,1.67006303231483e-50,1.23425246599717,"Oligo","3-Methoxytyramine",TRUE
"84","HMDB0000022",0,37023801,-0.204430401142115,0.426519364688933,0,NA,"Mast","3-Methoxytyramine",TRUE
"85","HMDB0000022",1.10835008484115e-52,92474450.5,0.499628478988792,0.358535821779868,2.93918022498615e-52,0.478738445720183,"Fibro","3-Methoxytyramine",TRUE
"86","HMDB0000022",4.39030989223695e-40,21627891,0.677300077643775,0.367154560800364,7.4844330543849e-39,0.883407639876945,"pDC","3-Methoxytyramine",TRUE
"87","HMDB0000022",3.77342682781649e-146,126345456,0.559027689131071,0.342274053175229,1.04719907314597e-145,0.707767812911667,"Epi","3-Methoxytyramine",TRUE
"88","HMDB0000022",4.90794652801031e-120,88759009,0.186106007041809,0.405235674328236,2.47471106623619e-119,-1.12263656249386,"T","3-Methoxytyramine",TRUE
"89","HMDB0000022",9.61288546713197e-196,83737736.5,0.12778789108926,0.415081717879232,5.64166065120204e-195,-1.69964425434563,"B","3-Methoxytyramine",TRUE
"90","HMDB0000022",1.12529501260846e-81,91942461,0.234437098853557,0.397075773634036,3.62932986048493e-81,-0.760213452627955,"NK","3-Methoxytyramine",TRUE
"91","HMDB0000023",2.95744555834555e-11,110956622.5,0.041459311367754,0.0512981618072232,4.2865000400312e-11,-0.307210976220746,"T","(S)-3-Hydroxyisobutyric acid",FALSE
"92","HMDB0000023",4.4220978874636e-13,70037685,0.0547714791079916,0.0494287267185313,7.68500506656296e-13,0.148075097776702,"Mast","(S)-3-Hydroxyisobutyric acid",FALSE
"93","HMDB0000023",8.47483435956882e-23,113033642,0.0577327435259643,0.0485506635532623,1.33069767575686e-22,0.249898772062757,"B","(S)-3-Hydroxyisobutyric acid",FALSE
"94","HMDB0000023",0.760424127642437,17592165.5,0.0652443095706576,0.0495517022388889,0.819975414746965,0.396917460420327,"pDC","(S)-3-Hydroxyisobutyric acid",FALSE
"95","HMDB0000023",3.24385542206039e-18,45088649.5,0.151126257172731,0.0444667119436148,1.07527800101631e-17,1.76495670607474,"Endo","(S)-3-Hydroxyisobutyric acid",FALSE
"96","HMDB0000023",1.14497676324009e-86,93725909.5,-0.00283624554850247,0.0587767295796791,2.75101799489901e-86,NA,"Myeloid","(S)-3-Hydroxyisobutyric acid",FALSE
"97","HMDB0000023",0.00484176516588297,14041309.5,0.122976059626758,0.0487058342943545,0.00656572700525039,1.33621098318637,"Oligo","(S)-3-Hydroxyisobutyric acid",FALSE
"98","HMDB0000023",2.68329985848951e-39,98047517,0.0459546858793856,0.0505391926173479,4.30771905533294e-39,-0.137190640006636,"Epi","(S)-3-Hydroxyisobutyric acid",FALSE
"99","HMDB0000023",3.77114430729097e-26,113523053.5,0.0517557377984191,0.0495597815217825,6.30873673836528e-26,0.0625489854877342,"NK","(S)-3-Hydroxyisobutyric acid",FALSE
"100","HMDB0000023",1.67652012051902e-13,77966208,0.0589991526463522,0.0487879620644681,2.60954001367742e-13,0.274169013139178,"Fibro","(S)-3-Hydroxyisobutyric acid",FALSE
"101","HMDB0000027",0,24227652.5,2.14992281018659,0.127846223389218,0,4.07180341416916,"Oligo","Tetrahydrobiopterin",FALSE
"102","HMDB0000027",4.09671722383844e-05,84386969,0.165950600263941,0.158989313148765,5.47248047064985e-05,0.0618240533008677,"Fibro","Tetrahydrobiopterin",FALSE
"103","HMDB0000027",0.371209226235808,65878015.5,0.148534287446257,0.16075722281406,0.395514592239344,-0.114087560059602,"Mast","Tetrahydrobiopterin",FALSE
"104","HMDB0000027",4.93151604576035e-49,21142987.5,0.361135041769876,0.155468675677404,1.26105910313015e-47,1.21591448426524,"pDC","Tetrahydrobiopterin",FALSE
"105","HMDB0000027",2.21443711782619e-53,97250181,0.0457673187455243,0.178972724380113,4.53010564675301e-53,-1.96735005610228,"B","Tetrahydrobiopterin",FALSE
"106","HMDB0000027",1.84177335225147e-10,39118277.5,0.134856113729066,0.161060961169295,4.0034698220449e-10,-0.256185920229834,"Endo","Tetrahydrobiopterin",FALSE
"107","HMDB0000027",0.150816497659771,107488654.5,0.176943345960413,0.156825834760851,0.159740550775734,0.174124267620078,"Epi","Tetrahydrobiopterin",FALSE
"108","HMDB0000027",5.08937021566542e-23,100598995,0.0858343348575244,0.172208075365762,8.71767721152258e-23,-1.00452603153136,"T","Tetrahydrobiopterin",FALSE
"109","HMDB0000027",9.35222720192826e-47,115355974,0.185539658746282,0.155374490376946,1.81961811863604e-46,0.255977933811715,"Myeloid","Tetrahydrobiopterin",FALSE
"110","HMDB0000027",6.66360357687147e-40,98565055.5,0.0690578245754119,0.175040509990465,1.29650547854347e-39,-1.34181205365136,"NK","Tetrahydrobiopterin",FALSE
"111","HMDB0000030",0.228010051428779,106150866.5,0.023593021445257,0.022095016364473,0.239377121441357,0.0946391898387609,"NK","Biotin",TRUE
"112","HMDB0000030",0.241426344626016,17693842,0.0278907344852556,0.0221933008294707,0.321303462364735,0.32966167053239,"pDC","Biotin",TRUE
"113","HMDB0000030",2.40750828867323e-12,109306578,0.0233688321393816,0.0221328669985901,3.39325971395675e-12,0.0783952931407248,"Myeloid","Biotin",TRUE
"114","HMDB0000030",0.0189351346803129,107515603.5,0.0345984279178254,0.0202369365953411,0.0211176891450219,0.773715570361592,"T","Biotin",TRUE
"115","HMDB0000030",0.244085908909381,66660273,0.0308255662876542,0.0215316459075423,0.265601080211424,0.5176687929683,"Mast","Biotin",TRUE
"116","HMDB0000030",1.01173744772652e-31,102111535.5,-0.00669372536728572,0.0272084296368928,1.49670250531444e-31,NA,"Epi","Biotin",TRUE
"117","HMDB0000030",0.111524588410969,82731036,0.0311611221100515,0.0212549059309221,0.120258441720262,0.551951311721308,"Fibro","Biotin",TRUE
"118","HMDB0000030",1.02986112973369e-13,43324029.5,0.0682248850494167,0.0198580048041658,2.7109579738578e-13,1.7805773806709,"Endo","Biotin",TRUE
"119","HMDB0000030",0.0254896713956236,105755773,0.0143753601304402,0.023651265109166,0.027158637975099,-0.718319256771775,"B","Biotin",TRUE
"120","HMDB0000030",4.27273513642742e-06,12763225,-0.0334584763548955,0.0232049047830306,7.14784663009821e-06,NA,"Oligo","Biotin",TRUE
"121","HMDB0000032",2.49595178244904e-12,79101937,0.0474598547602258,0.0818193637846593,3.81859289793485e-12,-0.785734633576885,"Fibro","7-Dehydrocholesterol",FALSE
"122","HMDB0000032",1.74662237207766e-77,58918158,0.0186624016288157,0.0836034383158362,9.33269864483285e-77,-2.16342762070157,"Mast","7-Dehydrocholesterol",FALSE
"123","HMDB0000032",2.04483539457908e-18,15727228,0.0151868850141642,0.079487774415806,1.38122843633832e-17,-2.38790699570914,"pDC","7-Dehydrocholesterol",FALSE
"124","HMDB0000032",6.55950474301264e-92,17012624,0.298079199310563,0.0746314661928067,6.70943627999578e-91,1.99783976970954,"Oligo","7-Dehydrocholesterol",FALSE
"125","HMDB0000032",6.81073752413632e-171,92601031.5,0.0124671858166693,0.0892452302608172,3.34006032005589e-170,-2.83963921955523,"B","7-Dehydrocholesterol",FALSE
"126","HMDB0000032",3.68248472664229e-96,96150576,0.0299788991585756,0.0862886688321651,1.40247822567866e-95,-1.52522371376442,"T","7-Dehydrocholesterol",FALSE
"127","HMDB0000032",6.03755770258574e-14,39184101,0.0418011063355659,0.0800975165950622,1.62514711092157e-13,-0.938216386774998,"Endo","7-Dehydrocholesterol",FALSE
"128","HMDB0000032",0,152780790.5,0.316922580017401,0.0378430026395557,0,3.06603198368714,"Epi","7-Dehydrocholesterol",FALSE
"129","HMDB0000032",0.395015176424702,107041713.5,0.0543914295283601,0.0821670192677915,0.40871512474001,-0.595180088228861,"Myeloid","7-Dehydrocholesterol",FALSE
"130","HMDB0000032",2.41073793668591e-108,95494602.5,0.0320268666540047,0.0859429035957259,1.00353974573669e-107,-1.42409586057433,"NK","7-Dehydrocholesterol",FALSE
"131","HMDB0000033",0.410708532171893,17448946.5,0.0126999677256696,0.0260390343139386,0.50876697064892,-1.03585111488019,"pDC","Carnosine",FALSE
"132","HMDB0000033",0,21665223,1.09581362858371,0.00861890135942932,0,6.99028275375954,"Oligo","Carnosine",FALSE
"133","HMDB0000033",1.66862761500011e-08,81265325.5,0.00575467594608211,0.0281511064072097,2.42832799256113e-08,-2.29038502929192,"Fibro","Carnosine",FALSE
"134","HMDB0000033",0.160264742213421,106350763,0.0233942669935371,0.0261623858697355,0.169747863054452,-0.161339087091816,"NK","Carnosine",FALSE
"135","HMDB0000033",2.67264639660213e-07,40938480.5,0.00371915846297396,0.026940432758956,4.98337192699772e-07,-2.85672490220264,"Endo","Carnosine",FALSE
"136","HMDB0000033",0.00016743999716187,105908439.5,0.0153640570746339,0.0275181532036715,0.000193991970821843,-0.840824422905344,"B","Carnosine",FALSE
"137","HMDB0000033",8.1353769779574e-24,104727721,0.00110186055272121,0.0299260877844435,1.30603809780661e-23,-4.76339013011643,"Myeloid","Carnosine",FALSE
"138","HMDB0000033",2.62482810615841e-12,105302397.5,0.00399702905285213,0.0294372867545379,3.38017432375795e-12,-2.88064473949514,"Epi","Carnosine",FALSE
"139","HMDB0000033",2.824395359621e-13,105245025.5,0.0073024591717773,0.0288792198764483,4.23068426252852e-13,-1.98357747872406,"T","Carnosine",FALSE
"140","HMDB0000033",8.64761270212078e-15,65160440,0.000328365472019564,0.0280918749462564,1.57149510018235e-14,-6.41870667360891,"Mast","Carnosine",FALSE
"141","HMDB0000034",1.00815876073431e-10,38147272.5,0.270479211625677,0.304595035140628,2.25575522714302e-10,-0.17137470999459,"Endo","Adenine",TRUE
"142","HMDB0000034",3.1799714178359e-51,56324805.5,0.242293682977459,0.308411768962998,1.32375554370378e-50,-0.348101027723342,"Mast","Adenine",TRUE
"143","HMDB0000034",1.42471656749196e-20,114431828.5,0.334243659432937,0.297566677160441,2.37231874959127e-20,0.167687216718921,"T","Adenine",TRUE
"144","HMDB0000034",2.53613421032286e-14,20107929,0.368332232875105,0.301478783514515,1.26102228791053e-13,0.288951177044897,"pDC","Adenine",TRUE
"145","HMDB0000034",7.68336850657969e-16,76244774.5,0.272041922824429,0.306544163291289,1.26757876744494e-15,-0.172265941399664,"Fibro","Adenine",TRUE
"146","HMDB0000034",5.00521226076716e-88,123336484.5,0.364904052918132,0.292390179864275,1.21072026307746e-87,0.319622316596443,"Myeloid","Adenine",TRUE
"147","HMDB0000034",2.81158967826139e-73,91390366.5,0.246374994648093,0.312401839204143,7.08837397758857e-73,-0.342547107157418,"B","Adenine",TRUE
"148","HMDB0000034",1.38573780404751e-40,9415026.5,0.167424192427763,0.305034456460759,6.36018120319242e-40,-0.865464208404498,"Oligo","Adenine",TRUE
"149","HMDB0000034",0.10981259256927,105269587,0.295669119026955,0.30407934648443,0.116655513767949,-0.0404642597706318,"NK","Adenine",TRUE
"150","HMDB0000034",8.58297061498386e-52,119344687.5,0.347833295439845,0.295272293232211,1.51364703456366e-51,0.236350049433907,"Epi","Adenine",TRUE
"151","HMDB0000036",0.684161042713359,17501243,0.00125126648539058,0.00133718997323884,0.755955720035131,-0.0958153655887207,"pDC","Taurocholic acid",FALSE
"152","HMDB0000036",3.51029126712841e-62,107644077,0.00755417515805098,0.00028547374745489,6.75636706253748e-62,4.72584425117169,"Epi","Taurocholic acid",FALSE
"153","HMDB0000036",0.0699908951589172,106501839.5,0.000558039011606081,0.00146665493037653,0.0766261176357564,-1.39409159134078,"T","Taurocholic acid",FALSE
"154","HMDB0000036",0.013040783461929,106460324.5,0.000392450572568991,0.0014946117831601,0.0148681543928999,-1.92918793188279,"Myeloid","Taurocholic acid",FALSE
"155","HMDB0000036",0.000483889450485965,106398000,0,0.00156087053253863,0.000562442932707713,-Inf,"NK","Taurocholic acid",FALSE
"156","HMDB0000036",0.897131885807857,13386346,0.000458971934085385,0.00134945063641445,0.907030247682303,-1.55589436192102,"Oligo","Taurocholic acid",FALSE
"157","HMDB0000036",0.0496316105328195,41464706.5,0,0.00140676668066642,0.0653239579806962,-Inf,"Endo","Taurocholic acid",FALSE
"158","HMDB0000036",0.0300812028960908,82076333,0.000691706878386957,0.00141225491845703,0.0339718316618313,-1.02976781727493,"Fibro","Taurocholic acid",FALSE
"159","HMDB0000036",0.0101681823991597,66181892.5,0,0.00145770943119748,0.0124239225218402,-Inf,"Mast","Taurocholic acid",FALSE
"160","HMDB0000036",0.000483889450485965,106398000,0,0.00156087053253863,0.000549944200869763,-Inf,"B","Taurocholic acid",FALSE
"161","HMDB0000037",0.287665917006736,106634538,0.000162361811767776,7.94908882010989e-05,0.300246059149888,1.03035094078657,"Epi","Aldosterone",TRUE
"162","HMDB0000037",0.700319694321432,17508435,0,9.33972037145637e-05,0.75974075929416,-Inf,"pDC","Aldosterone",TRUE
"163","HMDB0000037",0.540805386982072,41533184,0,9.6348508926918e-05,0.581406392010757,-Inf,"Endo","Aldosterone",TRUE
"164","HMDB0000037",0.756429542759253,82199481,6.4234371920884e-05,9.47116467577824e-05,0.760679146932057,-0.56019635330593,"Fibro","Aldosterone",TRUE
"165","HMDB0000037",0.276959783296713,106593000,0,0.000106902978656573,0.284918397759262,-Inf,"B","Aldosterone",TRUE
"166","HMDB0000037",0.287665917006736,106634538,0.000156884565686467,8.04156300686167e-05,0.302007033103847,0.964155582145144,"T","Aldosterone",TRUE
"167","HMDB0000037",0.276959783296713,106593000,0,0.000106902978656573,0.289071727172663,-Inf,"NK","Aldosterone",TRUE
"168","HMDB0000037",0.573664702569025,66315924,0.000154219058471662,8.57137318141425e-05,0.594412735873178,0.847382809580597,"Mast","Aldosterone",TRUE
"169","HMDB0000037",0.276959783296713,106593000,0,0.000106902978656573,0.290767162522649,-Inf,"Myeloid","Aldosterone",TRUE
"170","HMDB0000037",0.0069423718252433,13407662,0.00162080626624212,6.69591260697286e-05,0.0092737653486459,4.59728714828719,"Oligo","Aldosterone",TRUE
"171","HMDB0000038",8.15374243740781e-05,64130889.5,0.0622092558510707,0.0587010775689637,0.000110152445003471,0.0837422618301114,"Mast","Dihydrobiopterin",FALSE
"172","HMDB0000038",0.00699390935341892,18277144,0.0844803648156745,0.058455976774749,0.0128401002488409,0.531265525514134,"pDC","Dihydrobiopterin",FALSE
"173","HMDB0000038",7.70771702592731e-70,118988559.5,0.0831606556349652,0.054915510933732,1.71388987284595e-69,0.598687435129664,"Myeloid","Dihydrobiopterin",FALSE
"174","HMDB0000038",5.04825136612611e-59,95266176.5,0.0395657566884107,0.0622757842659208,1.28175460217954e-58,-0.654418936277165,"NK","Dihydrobiopterin",FALSE
"175","HMDB0000038",4.94141161123079e-11,38666658.5,-0.0150070644665815,0.0629497412240077,1.1196363017852e-10,NA,"Endo","Dihydrobiopterin",FALSE
"176","HMDB0000038",5.95065530477286e-47,96533773.5,0.0415625910898723,0.0619386520016187,1.45913328706074e-46,-0.575554387981425,"T","Dihydrobiopterin",FALSE
"177","HMDB0000038",0.00605453539733278,12707813.5,0.02331867874199,0.0595669991633871,0.00814858523400427,-1.35302723512766,"Oligo","Dihydrobiopterin",FALSE
"178","HMDB0000038",9.02420792850952e-68,94429144.5,0.0336737782802611,0.0632705467862905,2.12543844632e-67,-0.909908459569132,"B","Dihydrobiopterin",FALSE
"179","HMDB0000038",1.31464982278548e-48,91205774.5,0.0800904233412917,0.056477061172007,3.29122123466574e-48,0.503964726656376,"Fibro","Dihydrobiopterin",FALSE
"180","HMDB0000038",4.99434519419076e-133,123806828,0.105797232552931,0.0510937015604472,1.29563447791326e-132,1.05008452702734,"Epi","Dihydrobiopterin",FALSE
"181","HMDB0000042",5.63319445050671e-70,50952359,0.0767366926730177,0.0515544980101884,5.30706214021421e-69,0.573818281708856,"Endo","Acetic acid",FALSE
"182","HMDB0000042",0,73939580.5,0.00922161572956345,0.0601947191210649,0,-2.70654547087154,"NK","Acetic acid",FALSE
"183","HMDB0000042",1.9256347936312e-299,75077343.5,0.0171857369414872,0.0588501097656836,2.15430392537491e-298,-1.77583338890882,"B","Acetic acid",FALSE
"184","HMDB0000042",8.18428698866805e-169,102928178.5,0.0849671175229119,0.0489955074882852,5.52825423008144e-168,0.794255151600416,"Fibro","Acetic acid",FALSE
"185","HMDB0000042",0.0130774730153197,18369027,0.05611013660229,0.0527624651495247,0.0219799781196454,0.0887494538494518,"pDC","Acetic acid",FALSE
"186","HMDB0000042",0,142558022.5,0.0998398333509218,0.0448953408294292,0,1.15304979408183,"Myeloid","Acetic acid",FALSE
"187","HMDB0000042",5.41520516970495e-258,77358357,0.019816493089416,0.058405950362015,6.92372660983705e-257,-1.55941368506409,"T","Acetic acid",FALSE
"188","HMDB0000042",9.34601020984649e-74,18878804,0.121383588085486,0.0517335658416895,7.11887586196818e-73,1.23040083148283,"Oligo","Acetic acid",FALSE
"189","HMDB0000042",5.20337679678105e-198,132211974.5,0.0814303826857277,0.0480034702680911,1.96085146657644e-197,0.762428477399922,"Epi","Acetic acid",FALSE
"190","HMDB0000042",1.09415176445178e-11,61739115.5,0.0469611569067363,0.0533695107003866,1.82188991476157e-11,-0.184547834293502,"Mast","Acetic acid",FALSE
"191","HMDB0000043",0.000430408198992945,17009959.5,0.0207274427098981,0.0421098476024328,0.000957056740617852,-1.02261552232099,"pDC","Betaine",TRUE
"192","HMDB0000043",2.63870473307955e-68,100475658.5,0.000412359879018284,0.0486317305369821,7.4972721781149e-68,-6.88185014885576,"NK","Betaine",TRUE
"193","HMDB0000043",4.039311416285e-244,92491375.5,0.14811513802096,0.0289586756943119,3.61518371757507e-243,2.35465156463401,"Fibro","Betaine",TRUE
"194","HMDB0000043",2.36977997936873e-56,101054877.5,0.00430921456008951,0.0479738114620081,6.23809729863239e-56,-3.47675022591647,"T","Betaine",TRUE
"195","HMDB0000043",2.88304997942387e-23,14626807,0.142309524913758,0.0400542000410652,8.89768872960126e-23,1.8290067909113,"Oligo","Betaine",TRUE
"196","HMDB0000043",9.2248523736472e-09,42800794,0.0975336185536907,0.0386813741676537,1.85533547739646e-08,1.33426053465531,"Endo","Betaine",TRUE
"197","HMDB0000043",1.17633583537072e-37,62752392.5,0.00136280924441538,0.0453577696602264,3.42380674034731e-37,-5.05669415758276,"Mast","Betaine",TRUE
"198","HMDB0000043",4.86527394257187e-184,116782141,0.0914053439000465,0.0332690791743233,1.6278206275147e-183,1.45809657744288,"Epi","Betaine",TRUE
"199","HMDB0000043",3.53063907085196e-05,105160274.5,0.025731737596594,0.0443569748865388,4.40407242984321e-05,-0.78561209633632,"Myeloid","Betaine",TRUE
"200","HMDB0000043",2.84052512105311e-60,100858482,0.00368913509148148,0.0480785015630731,6.27720983541366e-60,-3.7040374082572,"B","Betaine",TRUE
"201","HMDB0000044",0.310190492213469,17192830,0.216491926626602,0.251596935774311,0.39660070075865,-0.216801126326966,"pDC","Ascorbic acid",FALSE
"202","HMDB0000044",0.0024718702691386,68156530.5,0.276920611438075,0.24848342507701,0.00313804807216886,0.156322817751893,"Mast","Ascorbic acid",FALSE
"203","HMDB0000044",8.29856385706077e-79,92053757.5,0.132645595879598,0.270829380664065,1.71727506406229e-78,-1.02980748101343,"Epi","Ascorbic acid",FALSE
"204","HMDB0000044",3.33225020819438e-67,18144072,0.56784302516488,0.245790938136491,2.48530328027831e-66,1.20806043828524,"Oligo","Ascorbic acid",FALSE
"205","HMDB0000044",0.0682412653329945,42422297.5,0.249096282443792,0.250964019127287,0.0869408291431033,-0.0107770481789163,"Endo","Ascorbic acid",FALSE
"206","HMDB0000044",1.02092138059917e-84,91504723,0.153091696788411,0.26737739671863,3.72948830871943e-84,-0.804481471760926,"T","Ascorbic acid",FALSE
"207","HMDB0000044",0,172013895,0.712922850033547,0.17285922125938,0,2.04414839488464,"Myeloid","Ascorbic acid",FALSE
"208","HMDB0000044",2.99281751700851e-125,88172882,0.134202842816137,0.270566465429127,1.10456564029798e-124,-1.01156780732647,"B","Ascorbic acid",FALSE
"209","HMDB0000044",3.30480675721289e-39,73283724.5,0.148151629799296,0.263131841794391,7.25840993301973e-39,-0.828711343436046,"Fibro","Ascorbic acid",FALSE
"210","HMDB0000044",1.42280582049949e-89,91068050,0.153144590653473,0.26736846646959,5.25118024473007e-89,-0.803934914292715,"NK","Ascorbic acid",FALSE
"211","HMDB0000053",0,156225579.5,0.112787960505446,0.0289891513056288,0,1.96002807380014,"Epi","Androstenedione",TRUE
"212","HMDB0000053",9.54078161518472e-35,89549182,0.0461376241068211,0.0404913912724721,2.03309512990246e-34,0.188328498770228,"Fibro","Androstenedione",TRUE
"213","HMDB0000053",1.53835797235356e-100,54871383,0.0179236739366582,0.0432155209434961,1.05910029635111e-99,-1.26968316569149,"Mast","Androstenedione",TRUE
"214","HMDB0000053",0.389106453581408,41906796.5,0.0416409189011834,0.0410643099593548,0.427300952092466,0.0201168499488922,"Endo","Androstenedione",TRUE
"215","HMDB0000053",0.212218011822206,17167018,0.0326411984554222,0.0412724672483712,0.287780485728598,-0.338485656217922,"pDC","Androstenedione",TRUE
"216","HMDB0000053",4.84141815351702e-79,119437660.5,0.0454782384589901,0.0403532779384932,1.12547253179162e-78,0.172490504504483,"Myeloid","Androstenedione",TRUE
"217","HMDB0000053",1.9735315214057e-09,14837718.5,0.0553397190306446,0.0408653158077206,3.90344908653724e-09,0.437438435429488,"Oligo","Androstenedione",TRUE
"218","HMDB0000053",1.14915846844957e-202,85920359,0.0172694617633327,0.0451158605310405,1.17542494772842e-201,-1.38541158455547,"T","Androstenedione",TRUE
"219","HMDB0000053",3.5328683313242e-71,94461226,0.030163369884726,0.0429389386803916,1.03669414968366e-70,-0.509488915534719,"NK","Androstenedione",TRUE
"220","HMDB0000053",0,79635839,0.00896789267244821,0.0465174423461484,0,-2.37493085853039,"B","Androstenedione",TRUE
"221","HMDB0000056",0,74109974,0.00901042161806036,0.0716942346987328,0,-2.99219058937759,"NK","beta-Alanine",FALSE
"222","HMDB0000056",0,74730275,0.0156624152619299,0.0705711562513464,0,-2.17177194339423,"T","beta-Alanine",FALSE
"223","HMDB0000056",0.181480921519765,17086804.5,0.0517359995769753,0.0628706037022433,0.24988526886183,-0.281217112667844,"pDC","beta-Alanine",FALSE
"224","HMDB0000056",0,155068957,0.154237316795106,0.0471750898098174,0,1.70905468943137,"Myeloid","beta-Alanine",FALSE
"225","HMDB0000056",0,137002794,0.112002914479383,0.0543056659225513,0,1.04436164079088,"Epi","beta-Alanine",FALSE
"226","HMDB0000056",0,111102380,0.131659037162622,0.05440020232299,0,1.27512263010602,"Fibro","beta-Alanine",FALSE
"227","HMDB0000056",0,74371544,0.011840231981335,0.0712164683027722,0,-2.58851354531774,"B","beta-Alanine",FALSE
"228","HMDB0000056",9.79087621270357e-93,53675805,0.0329332921878565,0.0653604109835558,6.14935734061031e-92,-0.988870316471629,"Mast","beta-Alanine",FALSE
"229","HMDB0000056",6.04867781150816e-203,4942340,-0.303962919623533,0.0685132684681981,1.66571281270763e-201,NA,"Oligo","beta-Alanine",FALSE
"230","HMDB0000056",7.82510623954038e-100,51921888.5,0.114827432572181,0.0598511537116062,9.33796011251819e-99,0.940016384347151,"Endo","beta-Alanine",FALSE
"231","HMDB0000060",8.59048518914461e-18,100631392,0.00192267528649179,0.0153507385313275,1.25526273376072e-17,-2.99712102906872,"B","Acetoacetic acid",FALSE
"232","HMDB0000060",1.88514319515504e-18,100511243,0.000823408991508925,0.0155363313550626,2.85966637231146e-18,-4.23789286264881,"NK","Acetoacetic acid",FALSE
"233","HMDB0000060",2.39984944671838e-16,100903812.5,-0.000125270131394873,0.015696500040341,3.73541783445731e-16,NA,"T","Acetoacetic acid",FALSE
"234","HMDB0000060",0.541445962532033,106188790.5,0.0114615643919102,0.0137402558189489,0.553821870247051,-0.261604893446786,"Myeloid","Acetoacetic acid",FALSE
"235","HMDB0000060",4.4823055925197e-05,109455863,0.0176709763717453,0.0126918999216275,5.31346159643064e-05,0.477473704648469,"Epi","Acetoacetic acid",FALSE
"236","HMDB0000060",8.16604665403097e-149,98079380.5,0.0568007094232429,0.00823120229870385,4.79253229859523e-148,2.78673386882701,"Fibro","Acetoacetic acid",FALSE
"237","HMDB0000060",5.22594927318664e-16,61855785.5,0.00469004620128341,0.0142098070226735,9.79523476335507e-16,-1.59921292228705,"Mast","Acetoacetic acid",FALSE
"238","HMDB0000060",5.61119960441392e-20,45518428,0.0365554899264318,0.0121743851378427,2.00880945838019e-19,1.58623917584951,"Endo","Acetoacetic acid",FALSE
"239","HMDB0000060",2.80907188897608e-07,16062042,-0.00792155782501713,0.0138626511033903,8.52243844282574e-07,NA,"pDC","Acetoacetic acid",FALSE
"240","HMDB0000060",9.3839206483701e-09,14806025,0.0433229899841369,0.0129318797349915,1.80615246887984e-08,1.74420081983898,"Oligo","Acetoacetic acid",FALSE
"241","HMDB0000064",2.65783700404264e-08,18841229.5,0.114584699655398,0.0687226552469222,8.72940960960793e-08,0.737556731501705,"pDC","Creatine",TRUE
"242","HMDB0000064",0.11566382891529,13718044,0.228970535731479,0.0671211303715049,0.14084234949549,1.77032304493589,"Oligo","Creatine",TRUE
"243","HMDB0000064",9.15132609256015e-47,98143307.5,0.066458031987509,0.0702161258922083,1.56008321006502e-46,-0.0793588277571014,"Epi","Creatine",TRUE
"244","HMDB0000064",4.12240605129002e-21,101051953.5,0.0129524685026249,0.079249650032827,6.47290072965714e-21,-2.61317748901651,"Myeloid","Creatine",TRUE
"245","HMDB0000064",0.00955950629241673,83536339,0.13332010606454,0.0620750459204604,0.0113697782481236,1.10280904155686,"Fibro","Creatine",TRUE
"246","HMDB0000064",2.72037125046082e-12,69559647.5,0.103508478266287,0.066574562508195,4.63758527459511e-12,0.63670599416514,"Mast","Creatine",TRUE
"247","HMDB0000064",4.13772363916356e-06,39845265,0.00694405246888484,0.0730252277479753,7.22587835522222e-06,-3.39454519861552,"Endo","Creatine",TRUE
"248","HMDB0000064",0.000405843049094576,108699892,0.0642967635564847,0.070581020106462,0.000476366595330683,-0.13453416167205,"NK","Creatine",TRUE
"249","HMDB0000064",4.43793060743261e-18,111726287,0.0841221941197453,0.0672338260218325,7.06124069982611e-18,0.32329922949463,"T","Creatine",TRUE
"250","HMDB0000064",0.000113433445276981,108890797,0.0520854604001487,0.0726426954663026,0.000131847965614153,-0.479937034049238,"B","Creatine",TRUE
"251","HMDB0000067",0.169403094218768,107649311,0.0598625372153148,0.081091308392233,0.178897662921295,-0.437893863025339,"NK","Cholesterol",TRUE
"252","HMDB0000067",4.36195512803127e-06,69036629,0.0610740320882372,0.0795773037370919,6.07618652075951e-06,-0.381797923423907,"Mast","Cholesterol",TRUE
"253","HMDB0000067",0.00303579835750863,16606362,0.0459745900676638,0.0787032971676084,0.00603786562215604,-0.775587365838427,"pDC","Cholesterol",TRUE
"254","HMDB0000067",4.18326277870135e-91,68803301,0.0254985372659729,0.0842955594709175,1.66400897197232e-90,-1.72504214608325,"Fibro","Cholesterol",TRUE
"255","HMDB0000067",4.21029762955321e-15,45231699,0.130773057142129,0.0752062922456088,1.20582924110404e-14,0.798140059189453,"Endo","Cholesterol",TRUE
"256","HMDB0000067",0,67335489,-0.0385349417381315,0.0977040855243361,0,NA,"Epi","Cholesterol",TRUE
"257","HMDB0000067",0,145443968,0.288943473440716,0.0424148038800937,0,2.76814748692398,"Myeloid","Cholesterol",TRUE
"258","HMDB0000067",0.0636645562328264,13884344,0.146572167419203,0.0769266778679522,0.0802532082089854,0.930055265182433,"Oligo","Cholesterol",TRUE
"259","HMDB0000067",1.55525029454581e-12,111940373,0.0547391170551766,0.0819563126401038,2.09315641145639e-12,-0.58228291225606,"B","Cholesterol",TRUE
"260","HMDB0000067",0.0514788141482035,108081286,0.0523346300124237,0.0823622702701481,0.0570570138237054,-0.654217698665378,"T","Cholesterol",TRUE
"261","HMDB0000077",0.307401748432604,106320054,0.00102808943119448,0.000988826486480161,0.319912284706024,0.0561764742253461,"NK","Dehydroepiandrosterone",TRUE
"262","HMDB0000077",0.63933307911652,41624802,0.00211316442786573,0.000934721787785898,0.667292251672636,1.1767961017262,"Endo","Dehydroepiandrosterone",TRUE
"263","HMDB0000077",7.7125974487424e-28,103464428.5,-0.0112275681234458,0.00305799034848257,1.11335076074588e-27,NA,"Epi","Dehydroepiandrosterone",TRUE
"264","HMDB0000077",0.127309446617749,106174877,0.000300264281678105,0.00111170765303704,0.13645743080585,-1.88847267828305,"T","Dehydroepiandrosterone",TRUE
"265","HMDB0000077",1.43907096307582e-14,84139461.5,0.0108578545612109,-0.000183002140844706,2.28972179902731e-14,NA,"Fibro","Dehydroepiandrosterone",TRUE
"266","HMDB0000077",1.82469699993071e-17,109063172,0.00701368751231766,-2.17421579775762e-05,2.7679725676915e-17,NA,"Myeloid","Dehydroepiandrosterone",TRUE
"267","HMDB0000077",0.0464650367698366,65855132,-0.00178995381054313,0.00124950572342369,0.0540080622194854,NA,"Mast","Dehydroepiandrosterone",TRUE
"268","HMDB0000077",0.70270257658391,106504082,0.001720276219305,0.000871962264276797,0.70270257658391,0.980302626238042,"B","Dehydroepiandrosterone",TRUE
"269","HMDB0000077",0.831285714220636,17486581.5,0.00126021057800417,0.000988873588416974,0.869193979800338,0.34980681203797,"pDC","Dehydroepiandrosterone",TRUE
"270","HMDB0000077",0.929647134538169,13380171.5,0.00137583344092529,0.000988388360929794,0.934869871249058,0.477155900256451,"Oligo","Dehydroepiandrosterone",TRUE
"271","HMDB0000089",0.365439432954605,17811100,0.0323240132807353,0.0319239414738547,0.46065956689348,0.0179675469617924,"pDC","Cytidine",TRUE
"272","HMDB0000089",1.39519262003797e-05,14646981.5,0.0566079316165528,0.0315368966944172,2.28072583549587e-05,0.843963507847114,"Oligo","Cytidine",TRUE
"273","HMDB0000089",0.422642681051361,41949451.5,0.0391516750815402,0.031546462513502,0.461299023830449,0.311595797125912,"Endo","Cytidine",TRUE
"274","HMDB0000089",4.34892935586115e-57,93616255.5,0.0627822600980026,0.028249319029119,1.19762823799868e-56,1.15214087471213,"Fibro","Cytidine",TRUE
"275","HMDB0000089",1.67613136079706e-68,92324868,0.00144817235991825,0.037078960791468,5.08521209462158e-68,-4.67829558448597,"T","Cytidine",TRUE
"276","HMDB0000089",0.141545210186629,107814951,0.0249426072795431,0.0331123163680973,0.152171727467907,-0.408755658193882,"Myeloid","Cytidine",TRUE
"277","HMDB0000089",2.04039329868916e-09,111511190,0.0529794541134364,0.0283787612720491,2.59950462964668e-09,0.900621361240965,"B","Cytidine",TRUE
"278","HMDB0000089",8.83339470623477e-135,86429288.5,-0.00902610707441781,0.0388473685973664,5.27059217472008e-134,NA,"NK","Cytidine",TRUE
"279","HMDB0000089",2.89758086928051e-05,63613448.5,0.0252344564665307,0.0325456353501916,3.97445958315105e-05,-0.367069066265661,"Mast","Cytidine",TRUE
"280","HMDB0000089",7.03495632205792e-104,124295227.5,0.0651445232725749,0.0263248917533697,1.5839712976709e-103,1.30721629693986,"Epi","Cytidine",TRUE
"281","HMDB0000092",0.142332160946963,13309001,-0.000879081573867818,0.00104418754987356,0.171565365720582,NA,"Oligo","Dimethylglycine",FALSE
"282","HMDB0000092",8.76767397233094e-05,106009113,-0.00150773712359329,0.0014395898450154,0.000104977501073394,NA,"NK","Dimethylglycine",FALSE
"283","HMDB0000092",0.00989126133554226,106216188,-9.60945701834831e-05,0.00120125748752598,0.0106981013840608,NA,"B","Dimethylglycine",FALSE
"284","HMDB0000092",6.38929144104289e-18,42370849,0.0123373170567741,0.000408789889477171,2.09850122559023e-17,4.91552536687725,"Endo","Dimethylglycine",FALSE
"285","HMDB0000092",8.76413406511862e-05,106009098,-0.00137217623452116,0.00141670264442918,0.000104935116900082,NA,"T","Dimethylglycine",FALSE
"286","HMDB0000092",1.85363268101498e-18,83381168,0.00594254263441977,0.000425467750892472,3.1903870182854e-18,3.80395865928022,"Fibro","Dimethylglycine",FALSE
"287","HMDB0000092",0.138973543898691,17418972,-0.000835741035344479,0.00105301015812447,0.198217245879409,NA,"pDC","Dimethylglycine",FALSE
"288","HMDB0000092",0.00540295940385034,107043019.5,0.00133966209468808,0.000958853863539563,0.00608257693892586,0.482486293420721,"Epi","Dimethylglycine",FALSE
"289","HMDB0000092",8.91745589502456e-05,106009742.5,-0.000633707899687456,0.00129202455311841,0.000110084455531683,NA,"Myeloid","Dimethylglycine",FALSE
"290","HMDB0000092",0.61168908461204,66245611,0.00135128382312586,0.000982957902057756,0.629266357158363,0.459129194073014,"Mast","Dimethylglycine",FALSE
"291","HMDB0000094",3.87828873370324e-06,79252937,-0.00987775986113611,0.0043140948204892,5.36072342341992e-06,NA,"Fibro","Citric acid",TRUE
"292","HMDB0000094",2.41631715926034e-06,12177061.5,-0.0196891624699726,0.00316085795640516,4.09972295267869e-06,NA,"Oligo","Citric acid",TRUE
"293","HMDB0000094",3.96562338312304e-10,19350506.5,0.0439258162681707,0.00193005449288259,1.52655179694414e-09,4.50835560988498,"pDC","Citric acid",TRUE
"294","HMDB0000094",0.144637727925947,40880026,-0.00162862181230193,0.00303721591063885,0.172199029576308,NA,"Endo","Citric acid",TRUE
"295","HMDB0000094",6.29739899975169e-24,99296607,-0.018074655252743,0.00632497287214638,1.00198615196049e-23,NA,"B","Citric acid",TRUE
"296","HMDB0000094",0.807512561299879,106790738.5,0.00685584044929289,0.00211587347960276,0.812049148722912,1.69608017221495,"NK","Citric acid",TRUE
"297","HMDB0000094",0.318623874517709,107337452,0.00928579654337426,0.00170561582400908,0.331591125224825,2.44473294304419,"Myeloid","Citric acid",TRUE
"298","HMDB0000094",0.536929826648443,106166081.5,0.00101027808306338,0.00310279942358883,0.553950656888019,-1.61881798355468,"T","Citric acid",TRUE
"299","HMDB0000094",8.41653649381705e-44,116682535,0.0222390527723431,-0.0004813259671388,1.37585391086142e-43,NA,"Epi","Citric acid",TRUE
"300","HMDB0000094",0.689542335250684,66078817,0.00306953652688267,0.00277590780274076,0.703293891794145,0.145061185786011,"Mast","Citric acid",TRUE
"301","HMDB0000097",1.65754823191511e-171,84546863.5,0.0123748814517802,0.0632264700121478,1.38000527215258e-170,-2.35311397025677,"T","Choline",TRUE
"302","HMDB0000097",3.11140994147465e-216,27566188.5,0.231670731067881,0.0521602645365426,5.56942379523962e-214,2.151052696304,"pDC","Choline",TRUE
"303","HMDB0000097",1.0709292861306e-139,99657195.5,0.109653433449599,0.0494617567592073,5.99051069429304e-139,1.14856559943132,"Fibro","Choline",TRUE
"304","HMDB0000097",0.144700647827191,105461116,0.0458924580881157,0.0575675848802323,0.153717602142832,-0.326999606133362,"Epi","Choline",TRUE
"305","HMDB0000097",0.0918725425376226,40708869.5,0.0417472542919261,0.0566364057520556,0.115001294505136,-0.440048397350154,"Endo","Choline",TRUE
"306","HMDB0000097",7.91738090946826e-87,53995254,-0.00461625870516567,0.0614216813809658,4.42878494623381e-86,NA,"Mast","Choline",TRUE
"307","HMDB0000097",0.207374888367045,13036000,0.0329431825236031,0.0562486558092467,0.246645216064459,-0.771838684802247,"Oligo","Choline",TRUE
"308","HMDB0000097",5.72197035461672e-68,92843537.5,0.0301892212943641,0.0602188151341158,1.36564359130186e-67,-0.996180777639537,"B","Choline",TRUE
"309","HMDB0000097",2.02245775704204e-150,85965333.5,0.0142274350133072,0.0629136971670479,1.31643614003827e-149,-2.14469855593791,"NK","Choline",TRUE
"310","HMDB0000097",0,150232404,0.154400467921212,0.0392478128334493,0,1.97599296064395,"Myeloid","Choline",TRUE
"311","HMDB0000107",2.68984311382449e-07,14592574.5,0.225480696788183,0.165883852400362,4.76714769677805e-07,0.442830473719063,"Oligo","Galactitol",FALSE
"312","HMDB0000107",1.14966320751366e-28,14539646.5,0.0503675831847238,0.169288612851445,1.1759412236854e-27,-1.74891752189649,"pDC","Galactitol",FALSE
"313","HMDB0000107",2.31919990145207e-43,90197068,0.197511218329854,0.16316009207931,5.42662460601204e-43,0.275646372022818,"Fibro","Galactitol",FALSE
"314","HMDB0000107",4.18782448823174e-16,62073235.5,0.1395156934045,0.169324552665114,7.93249294596276e-16,-0.279363771792649,"Mast","Galactitol",FALSE
"315","HMDB0000107",5.12151189816129e-76,94433716.5,0.107989677646589,0.176756748500218,1.35814908114203e-75,-0.710871880756475,"B","Galactitol",FALSE
"316","HMDB0000107",9.12649496524162e-71,94872911,0.110894104996465,0.176266384267586,2.79255145090299e-70,-0.668574689239467,"T","Galactitol",FALSE
"317","HMDB0000107",6.8065243444425e-06,109584414,0.191856443126373,0.162597240568463,8.14961777695792e-06,0.23872444216943,"Epi","Galactitol",FALSE
"318","HMDB0000107",1.76729415192605e-31,98908657,0.144140181102817,0.170653337482789,3.21163099690115e-31,-0.243596066517611,"NK","Galactitol",FALSE
"319","HMDB0000107",0,132691297,0.279619250138523,0.147779950848363,0,0.920013131358858,"Myeloid","Galactitol",FALSE
"320","HMDB0000107",0.160216383286588,42119242,0.175737170280695,0.166347320034969,0.189298565071283,0.0792207453281262,"Endo","Galactitol",FALSE
"321","HMDB0000112",0,69042951.5,0.0616109978621079,0.212697587324292,0,-1.78754386149638,"NK","gamma-Aminobutyric acid",TRUE
"322","HMDB0000112",0,63019315,0.0491936568158576,0.214794048753678,0,-2.12640981442381,"T","gamma-Aminobutyric acid",TRUE
"323","HMDB0000112",1.65670678843185e-52,49419625.5,0.25514610409487,0.187439324495332,1.18620206051721e-51,0.444899952876545,"Endo","gamma-Aminobutyric acid",TRUE
"324","HMDB0000112",4.51752617121663e-98,7224044.5,-0.129780004506293,0.196011025327275,5.21701409450178e-97,NA,"Oligo","gamma-Aminobutyric acid",TRUE
"325","HMDB0000112",0,57601938.5,0.0253658365142508,0.218816979751754,0,-3.10876604912382,"B","gamma-Aminobutyric acid",TRUE
"326","HMDB0000112",0,174104601,0.467873289416164,0.144106959001811,0,1.6989778628144,"Myeloid","gamma-Aminobutyric acid",TRUE
"327","HMDB0000112",5.02335002849193e-274,89395578.5,0.30614604761816,0.180316765289309,8.99179655100056e-273,0.763686517565021,"Mast","gamma-Aminobutyric acid",TRUE
"328","HMDB0000112",9.21778589570401e-20,14459494,0.105477045259156,0.192681296790206,6.8749319805459e-19,-0.869287476249625,"pDC","gamma-Aminobutyric acid",TRUE
"329","HMDB0000112",1.12812437816673e-200,104160704.5,0.284792454145255,0.179661589782254,8.77975059529756e-200,0.664628916095644,"Fibro","gamma-Aminobutyric acid",TRUE
"330","HMDB0000112",3.01949195693566e-116,125584509,0.238716323282649,0.18279629989891,7.11169816173003e-116,0.385060352291493,"Epi","gamma-Aminobutyric acid",TRUE
"331","HMDB0000115",2.11032267673572e-16,112414288.5,0.106126690782122,0.0497316618323649,2.79813154915329e-16,1.09355099246215,"Epi","Glycolic acid",FALSE
"332","HMDB0000115",0.00226624485597459,40195153.5,0.0554593662618543,0.0580069249620245,0.00343777821372417,-0.0647940111342694,"Endo","Glycolic acid",FALSE
"333","HMDB0000115",7.63345311970006e-06,63815652.5,0.00475120294512655,0.0627431740106575,1.05512595245275e-05,-3.72309377600598,"Mast","Glycolic acid",FALSE
"334","HMDB0000115",0.000296034670065973,104059145.5,0.0114075379183121,0.0657234148061636,0.000340773028564689,-2.52641999139795,"B","Glycolic acid",FALSE
"335","HMDB0000115",5.3187673713884e-06,109827599.5,0.06537107188996,0.0566125699688096,6.80042399627516e-06,0.20752993591312,"T","Glycolic acid",FALSE
"336","HMDB0000115",2.41855868004991e-82,70278451,-0.00631455603830507,0.065541053846637,8.92622688100894e-82,NA,"Fibro","Glycolic acid",FALSE
"337","HMDB0000115",5.67524168113838e-40,115956412,0.121339931063491,0.0471631593367766,1.04191616505002e-39,1.36332212781201,"Myeloid","Glycolic acid",FALSE
"338","HMDB0000115",0.696841095395354,17399975.5,0.0830077756548141,0.0573457788935399,0.75974075929416,0.533559189240635,"pDC","Glycolic acid",FALSE
"339","HMDB0000115",2.95516217068528e-37,10198158,-0.0354456170283677,0.0593728645658317,1.17549784122815e-36,NA,"Oligo","Glycolic acid",FALSE
"340","HMDB0000115",4.0475816219453e-06,109867926,0.0708270655924979,0.0556914162118388,5.01395924102567e-06,0.346845791515746,"NK","Glycolic acid",FALSE
"341","HMDB0000118",8.87374254596771e-15,19866747.5,0.126155066544911,0.0952511324939271,4.5382854735092e-14,0.405389997083133,"pDC","Homovanillic acid",FALSE
"342","HMDB0000118",5.74079182200948e-120,97519373.5,0.145926453527172,0.0899184984268963,2.97855575692666e-119,0.698551589598457,"Fibro","Homovanillic acid",FALSE
"343","HMDB0000118",0,134957943,0.16662689132876,0.0839492509645472,0,0.989031893063234,"Epi","Homovanillic acid",FALSE
"344","HMDB0000118",1.56615303587197e-43,58130305,0.0676789098154737,0.0984755164650281,5.24002604525389e-43,-0.54105874877875,"Mast","Homovanillic acid",FALSE
"345","HMDB0000118",1.7470409509924e-302,78753442.5,0.0294195363785533,0.107114429919504,3.1272033022764e-301,-1.86430642932672,"T","Homovanillic acid",FALSE
"346","HMDB0000118",3.33355487827491e-36,16726037.5,0.181038599927954,0.0945275431303434,1.31144246859606e-35,0.937490669074177,"Oligo","Homovanillic acid",FALSE
"347","HMDB0000118",1.51267334830132e-248,81378964,0.0273002613954893,0.107472234238778,2.57874789853273e-247,-1.97697731364468,"NK","Homovanillic acid",FALSE
"348","HMDB0000118",0,151711234,0.214693623211459,0.0758339830458069,0,1.50136293615885,"Myeloid","Homovanillic acid",FALSE
"349","HMDB0000118",0.564024285731228,41810427.5,0.0825566848509631,0.0966042680573574,0.599171199678872,-0.226701890929301,"Endo","Homovanillic acid",FALSE
"350","HMDB0000118",0,73158287.5,0.0119076724673026,0.110071016769284,0,-3.2084712876776,"B","Homovanillic acid",FALSE
"351","HMDB0000119",2.92329983205601e-34,47037795,0.0597406337162528,0.0264902133573798,1.66117672996199e-33,1.1732530780362,"Endo","Glyoxylic acid",FALSE
"352","HMDB0000119",5.2988100559715e-205,128659461.5,0.0626882647932555,0.0223501471488394,2.03975698928795e-204,1.48791106677777,"Epi","Glyoxylic acid",FALSE
"353","HMDB0000119",4.7745298559246e-87,92344119,0.00564565835915216,0.0319808421402463,1.37845297453307e-86,-2.50199419587118,"B","Glyoxylic acid",FALSE
"354","HMDB0000119",2.55576399407822e-103,91039874.5,-0.00259769265157973,0.0333725948011837,1.01662612208889e-102,NA,"T","Glyoxylic acid",FALSE
"355","HMDB0000119",2.92056357315148e-188,100735305,0.0744046934858207,0.0226580879053789,2.22459948763453e-187,1.71536751151462,"Fibro","Glyoxylic acid",FALSE
"356","HMDB0000119",0.10460679937676,105442952,0.0211467137525725,0.029363746851808,0.113482527808727,-0.473602586994855,"Myeloid","Glyoxylic acid",FALSE
"357","HMDB0000119",0.111460805843331,17045988,0.0196095601257605,0.0283581701420141,0.162869259150663,-0.532207269385982,"pDC","Glyoxylic acid",FALSE
"358","HMDB0000119",2.18489477064621e-41,58639193.5,0.00560450555146237,0.0302440652849484,6.92205599903842e-41,-2.43199306953114,"Mast","Glyoxylic acid",FALSE
"359","HMDB0000119",4.71056095078971e-62,94619004.5,0.01227118009234,0.0308622330345249,1.2045577288448e-61,-1.33056845530088,"NK","Glyoxylic acid",FALSE
"360","HMDB0000119",3.80768553628879e-87,18449069,0.127606918416927,0.0265838266901132,3.68419303240915e-86,2.26308585146619,"Oligo","Glyoxylic acid",FALSE
"361","HMDB0000121",2.30619048643914e-40,62112876.5,0.0122775197277409,0.0374070139521233,6.93795121130429e-40,-1.60728966539756,"Mast","Folic acid",TRUE
"362","HMDB0000121",1.67433749180602e-23,102618802,0.0300707479779945,0.0361813205668118,2.6522691241883e-23,-0.266884311371265,"B","Folic acid",TRUE
"363","HMDB0000121",7.51221958768211e-148,116969360.5,0.0583557167564947,0.0314058742088007,2.13442429554777e-147,0.89383956643883,"Epi","Folic acid",TRUE
"364","HMDB0000121",6.58121600447223e-37,101538716,0.0231607992186979,0.0373479504434447,1.39412741396512e-36,-0.689344036081353,"T","Folic acid",TRUE
"365","HMDB0000121",9.23883085784597e-33,111380978.5,0.0412558901034048,0.0342928954232342,1.62931105768909e-32,0.266690388358644,"Myeloid","Folic acid",TRUE
"366","HMDB0000121",4.17030825253993e-54,100420398,0.0203748909418998,0.0378183047025698,9.63206680264061e-54,-0.89229235519211,"NK","Folic acid",TRUE
"367","HMDB0000121",1.78361086182803e-16,14556312.5,0.0833896417958234,0.0345281912480753,4.59376034916859e-16,1.27209343023037,"Oligo","Folic acid",TRUE
"368","HMDB0000121",0.00723148202429672,40870091.5,0.0343807084692098,0.0353477240097056,0.0106060401568045,-0.0400180507686746,"Endo","Folic acid",TRUE
"369","HMDB0000121",1.07353104619725e-24,85796517.5,0.0487562849373447,0.033692085693082,2.07742764615468e-24,0.533178461105767,"Fibro","Folic acid",TRUE
"370","HMDB0000121",0.143206648988998,17748709,0.0477237183924188,0.0350356746228939,0.203444366420878,0.445881778919279,"pDC","Folic acid",TRUE
"371","HMDB0000123",2.9420256673125e-25,20944458,0.0485260248229103,0.0193457737203324,2.56889070462896e-24,1.32674025210303,"pDC","Glycine",TRUE
"372","HMDB0000123",6.5110080454393e-36,58258559.5,2.43671837583695e-05,0.0217755242782196,1.8210475627088e-35,-9.80355221798084,"Mast","Glycine",TRUE
"373","HMDB0000123",0,151785082,0.0847403698966598,0.00901195130886735,0,3.23313800226738,"Myeloid","Glycine",TRUE
"374","HMDB0000123",3.42822516228418e-53,49358041,0.0565278994630447,0.0179961112025019,2.50470328183212e-52,1.6512779016241,"Endo","Glycine",TRUE
"375","HMDB0000123",2.92439861104083e-16,76337620.5,0.00904464039200278,0.0212525921110789,4.84691992015101e-16,-1.23250376426246,"Fibro","Glycine",TRUE
"376","HMDB0000123",0.00957502560343609,104500485,0.01320764688608,0.0210890613900053,0.0103874520182731,-0.67512143198076,"B","Glycine",TRUE
"377","HMDB0000123",3.76356870142276e-93,7470612,-0.0606824905645778,0.0212424718419462,4.08290180336166e-92,NA,"Oligo","Glycine",TRUE
"378","HMDB0000123",0.000592245984303781,103811702.5,0.0150555333041303,0.0207770765144269,0.000695160860264766,-0.46469885806654,"T","Glycine",TRUE
"379","HMDB0000123",2.32322211437984e-236,79833529,-0.014328864996929,0.0257381432544336,1.17142748865913e-235,NA,"Epi","Glycine",TRUE
"380","HMDB0000123",1.87599455258744e-09,101712672.5,0.0125616662769179,0.021198124467696,2.45111697016899e-09,-0.754908778877664,"NK","Glycine",TRUE
"381","HMDB0000124",4.28012818417454e-34,35114325.5,0.0188009208366333,0.0573681200025462,2.39419670302263e-33,-1.60944591619253,"Endo","Fructose 6-phosphate",FALSE
"382","HMDB0000124",1.70504068022011e-15,71616737.5,0.0682868328006868,0.0542326825141985,3.13027981291691e-15,0.33244488985754,"Mast","Fructose 6-phosphate",FALSE
"383","HMDB0000124",7.56597375056707e-11,15280630,0.0233598616984682,0.0560902485212972,3.00957622522557e-10,-1.26371824244029,"pDC","Fructose 6-phosphate",FALSE
"384","HMDB0000124",1.02698024937481e-90,89533624,0.0221249120823618,0.0610317521393724,3.03850354773704e-90,-1.46388828645875,"B","Fructose 6-phosphate",FALSE
"385","HMDB0000124",0.196329490912357,105521336.5,0.0476703356671575,0.0567188324053194,0.207333208692105,-0.250736049977229,"Epi","Fructose 6-phosphate",FALSE
"386","HMDB0000124",3.2287518190941e-49,94143237.5,0.0300217092847123,0.0596985093228351,8.14009261433583e-49,-0.991688788638076,"T","Fructose 6-phosphate",FALSE
"387","HMDB0000124",0,164560059,0.182667271607373,0.0339268459220821,0,2.42871895192723,"Myeloid","Fructose 6-phosphate",FALSE
"388","HMDB0000124",2.97086967085018e-50,94007770.5,0.0282150240718333,0.0600035380604476,6.48519111075833e-50,-1.08858399015648,"NK","Fructose 6-phosphate",FALSE
"389","HMDB0000124",4.6180269462082e-19,16062705,0.0972642095596395,0.0547412817738821,1.25246488389586e-18,0.829279816263698,"Oligo","Fructose 6-phosphate",FALSE
"390","HMDB0000124",1.54187788652786e-79,68172336.5,0.0171752399651103,0.0599765432515293,5.4652701324453e-79,-1.80406811896187,"Fibro","Fructose 6-phosphate",FALSE
"391","HMDB0000126",4.98380659356429e-98,90335466.5,0.0398824788691455,0.0819381918012602,1.52495962435557e-97,-1.03878097372833,"B","Glycerol 3-phosphate",FALSE
"392","HMDB0000126",2.06728643274931e-07,78661790,0.0555398537368114,0.0782896621050443,2.96035417169701e-07,-0.495298439059629,"Fibro","Glycerol 3-phosphate",FALSE
"393","HMDB0000126",4.65531752222901e-38,96622548.5,0.0546955414656817,0.0794372526493885,1.02245624107852e-37,-0.538392492075269,"T","Glycerol 3-phosphate",FALSE
"394","HMDB0000126",5.9518632330026e-92,122369447.5,0.103290841909457,0.0712327447237131,1.26080889787866e-91,0.536099859934266,"Epi","Glycerol 3-phosphate",FALSE
"395","HMDB0000126",0,144280344,0.172358065489631,0.0595718931991184,0,1.53270509727219,"Myeloid","Glycerol 3-phosphate",FALSE
"396","HMDB0000126",1.02775096758158e-09,15594683.5,0.0380074709872739,0.0766646975177131,3.91420049355539e-09,-1.01227936825251,"pDC","Glycerol 3-phosphate",FALSE
"397","HMDB0000126",9.26593400185178e-08,11923016,0.0249882038619048,0.0766784986404743,1.70113044751946e-07,-1.61757488437672,"Oligo","Glycerol 3-phosphate",FALSE
"398","HMDB0000126",3.40964467385006e-49,57300194,0.0396909294278449,0.0791761870126407,1.32679651438948e-48,-0.996257245568196,"Mast","Glycerol 3-phosphate",FALSE
"399","HMDB0000126",6.18747263897148e-11,101548214,0.0736792361519573,0.0762321716623421,8.32750076974357e-11,-0.0491418706559053,"NK","Glycerol 3-phosphate",FALSE
"400","HMDB0000126",3.28391090333722e-37,35377058,0.0257813018382147,0.0785395534091182,1.92727885802414e-36,-1.60709427952672,"Endo","Glycerol 3-phosphate",FALSE
"401","HMDB0000127",0,131348852,0.0319900936651631,0.0166273403108126,0,0.944067801256843,"Myeloid","D-Glucuronic acid",FALSE
"402","HMDB0000127",0.000341735339872768,16605988.5,0.0136463437130872,0.0189564982673174,0.00077431171945855,-0.474178028191084,"pDC","D-Glucuronic acid",FALSE
"403","HMDB0000127",1.09651467884615e-132,121905194.5,0.0266283553238332,0.0175325806183138,2.82411694263972e-132,0.60292496272547,"Epi","D-Glucuronic acid",FALSE
"404","HMDB0000127",5.41487062156163e-09,43812242,0.0257510004646739,0.0184774827921577,1.09521112006727e-08,0.47886025402817,"Endo","D-Glucuronic acid",FALSE
"405","HMDB0000127",0.879298115897592,13355610.5,0.0193521574025114,0.0188383269050214,0.907030247682303,0.0388235687117827,"Oligo","D-Glucuronic acid",FALSE
"406","HMDB0000127",1.68582854418868e-42,89678049.5,0.0241598988923391,0.0182121006215257,3.89372012141644e-42,0.407717081731695,"Fibro","D-Glucuronic acid",FALSE
"407","HMDB0000127",1.00122245773329e-102,93189066.5,0.0124666162070034,0.0199235546377009,3.98264044298355e-102,-0.67640513714313,"NK","D-Glucuronic acid",FALSE
"408","HMDB0000127",2.79305025587151e-158,89892202,0.00861744402129928,0.0205734233166988,1.29858700208052e-157,-1.2554499441889,"B","D-Glucuronic acid",FALSE
"409","HMDB0000127",2.41245550901315e-22,61524116.5,0.0158206494125453,0.0191235387158415,5.26621385504091e-22,-0.273540690204906,"Mast","D-Glucuronic acid",FALSE
"410","HMDB0000127",3.52121847584001e-110,92701440,0.0106303480570632,0.0202335779620197,1.46580955157061e-109,-0.928562624265423,"T","D-Glucuronic acid",FALSE
"411","HMDB0000132",2.87499286236886e-67,54776019.5,0.200246130971991,0.266193512080472,1.47035349246864e-66,-0.410701040883097,"Mast","Guanine",TRUE
"412","HMDB0000132",1.07725671226683e-15,113379497,0.284401299508645,0.256652363233264,1.65518413301084e-15,0.148112512223707,"T","Guanine",TRUE
"413","HMDB0000132",1.03127063891767e-15,20255194,0.31720053306513,0.259463820406287,5.51037147361981e-15,0.289861812095696,"pDC","Guanine",TRUE
"414","HMDB0000132",3.38968429924147e-05,103115892.5,0.248494914659453,0.262714558885668,4.14166204480698e-05,-0.0802798247370237,"NK","Guanine",TRUE
"415","HMDB0000132",0.0028454982583627,79983394.5,0.250658464504972,0.261854653548523,0.00351271853963395,-0.0630432904393095,"Fibro","Guanine",TRUE
"416","HMDB0000132",3.82717815935078e-63,120767604,0.303061900441955,0.253501831250601,8.10727681093242e-63,0.25761632546008,"Myeloid","Guanine",TRUE
"417","HMDB0000132",1.63910881666625e-28,10077075,0.1666083218251,0.262167429759073,5.75295055261292e-28,-0.65402800132346,"Oligo","Guanine",TRUE
"418","HMDB0000132",1.04822268169895e-07,38739390,0.239155941852331,0.261809690653363,2.00675786122044e-07,-0.130566862681842,"Endo","Guanine",TRUE
"419","HMDB0000132",2.92690793322781e-61,92679494.5,0.218649227077274,0.267753506645618,6.59014490626137e-61,-0.292287220902252,"B","Guanine",TRUE
"420","HMDB0000132",1.19056236948156e-58,120239201,0.300876831344975,0.253870743811294,2.21990275142916e-58,0.245078870286456,"Epi","Guanine",TRUE
"421","HMDB0000134",0.169960937309796,17981786,0.139868857224888,0.113590201230508,0.235837269600414,0.300236384905513,"pDC","Fumaric acid",TRUE
"422","HMDB0000134",1.67174289557736e-12,112583902,0.120078510819499,0.113131426546429,2.16059190114331e-12,0.085978241985572,"Epi","Fumaric acid",TRUE
"423","HMDB0000134",5.53977993691417e-11,101070129.5,0.120322636823193,0.113090209932603,7.9648241663264e-11,0.0894340460045373,"T","Fumaric acid",TRUE
"424","HMDB0000134",1.19698123753655e-10,112059823.5,0.102434001699312,0.116110408332718,1.66739020637387e-10,-0.180802624013696,"Myeloid","Fumaric acid",TRUE
"425","HMDB0000134",2.15081287582052e-13,100407625,0.112225814803489,0.114457223611432,3.03146066749507e-13,-0.0284039461501307,"NK","Fumaric acid",TRUE
"426","HMDB0000134",1.61913871663057e-09,15196899,0.12821138620085,0.113909381492612,3.23827743326114e-09,0.170637819314785,"Oligo","Fumaric acid",TRUE
"427","HMDB0000134",4.538912943855e-54,49713401,0.199370295269219,0.109580342608398,3.38527257062519e-53,0.863461455208502,"Endo","Fumaric acid",TRUE
"428","HMDB0000134",1.50539146570567e-62,94588229.5,0.15570959090294,0.109171666859544,4.52882474556832e-62,0.512259325083183,"Fibro","Fumaric acid",TRUE
"429","HMDB0000134",8.47255015435825e-43,57161859,0.00144074216233632,0.124455751585637,2.73258824798221e-42,-6.43267692273986,"Mast","Fumaric acid",TRUE
"430","HMDB0000134",2.91725288303284e-56,93249107.5,0.115212781058474,0.113952924057999,6.25375168937578e-56,0.0158628251767934,"B","Fumaric acid",TRUE
"431","HMDB0000138",0.013040783461929,106460324.5,0.000392450572568991,0.0014946117831601,0.0148681543928999,-1.92918793188279,"Myeloid","Glycocholic acid",FALSE
"432","HMDB0000138",0.684161042713359,17501243,0.00125126648539058,0.00133718997323884,0.755955720035131,-0.0958153655887207,"pDC","Glycocholic acid",FALSE
"433","HMDB0000138",0.897131885807857,13386346,0.000458971934085385,0.00134945063641445,0.907030247682303,-1.55589436192102,"Oligo","Glycocholic acid",FALSE
"434","HMDB0000138",0.0101681823991597,66181892.5,0,0.00145770943119748,0.0124239225218402,-Inf,"Mast","Glycocholic acid",FALSE
"435","HMDB0000138",0.000483889450485965,106398000,0,0.00156087053253863,0.000549944200869763,-Inf,"B","Glycocholic acid",FALSE
"436","HMDB0000138",3.51029126712841e-62,107644077,0.00755417515805098,0.00028547374745489,6.75636706253748e-62,4.72584425117169,"Epi","Glycocholic acid",FALSE
"437","HMDB0000138",0.0496316105328195,41464706.5,0,0.00140676668066642,0.0653239579806962,-Inf,"Endo","Glycocholic acid",FALSE
"438","HMDB0000138",0.0300812028960908,82076333,0.000691706878386957,0.00141225491845703,0.0339718316618313,-1.02976781727493,"Fibro","Glycocholic acid",FALSE
"439","HMDB0000138",0.0699908951589172,106501839.5,0.000558039011606081,0.00146665493037653,0.0766261176357564,-1.39409159134078,"T","Glycocholic acid",FALSE
"440","HMDB0000138",0.000483889450485965,106398000,0,0.00156087053253863,0.000562442932707713,-Inf,"NK","Glycocholic acid",FALSE
"441","HMDB0000139",1.59929780075705e-51,94484975,-0.0438351583140249,0.0223041722426364,3.53425069550014e-51,NA,"NK","Glyceric acid",FALSE
"442","HMDB0000139",5.44386368470877e-23,46490605,0.0726127847208893,0.00955186492525552,2.11837304252798e-22,2.92636924125284,"Endo","Glyceric acid",FALSE
"443","HMDB0000139",3.15900077755322e-26,89665944.5,0.0629768767424329,0.00675453161867215,6.35349594586546e-26,3.22089457369769,"Fibro","Glyceric acid",FALSE
"444","HMDB0000139",0.00164740377431111,16486909,-0.0238816605472684,0.0135259933870704,0.00344895059183262,NA,"pDC","Glyceric acid",FALSE
"445","HMDB0000139",1.12869608393627e-64,92974532.5,-0.0445579507177834,0.0224262037138096,2.57371463725596e-64,NA,"B","Glyceric acid",FALSE
"446","HMDB0000139",4.19859262278662e-21,60335666,-0.0348879519018585,0.0171134795062844,8.89406011217521e-21,NA,"Mast","Glyceric acid",FALSE
"447","HMDB0000139",3.53760844708381e-61,93359382.5,-0.0381741955524177,0.0213484128704252,9.74202941581541e-61,NA,"T","Glyceric acid",FALSE
"448","HMDB0000139",9.33363437258584e-09,111226324.5,0.0334438046271393,0.00925690515819202,1.16022260603671e-08,1.85313713434508,"Epi","Glyceric acid",FALSE
"449","HMDB0000139",0,140997840,0.165648139231833,-0.0130635970543175,0,NA,"Myeloid","Glyceric acid",FALSE
"450","HMDB0000139",3.23052140769035e-80,7990583,-0.298243040672568,0.0177331388331384,2.68959689291429e-79,NA,"Oligo","Glyceric acid",FALSE
"451","HMDB0000142",3.34635288168422e-85,90599886.5,0.0303090504407643,0.0648824474245758,1.16310129285723e-84,-1.09807958603847,"NK","Formic acid",FALSE
"452","HMDB0000142",1.49757362980955e-38,117244295,0.0832908647252397,0.0559373496220306,2.39344356907062e-38,0.574346371809668,"Epi","Formic acid",FALSE
"453","HMDB0000142",1.47902376863536e-14,45470055.5,0.0793181035850196,0.0588502314160312,4.16921660764929e-14,0.430602096245121,"Endo","Formic acid",FALSE
"454","HMDB0000142",3.01219892011308e-07,102420114.5,0.0392977829731915,0.0633648494957514,3.96458534338413e-07,-0.689234829696544,"Myeloid","Formic acid",FALSE
"455","HMDB0000142",7.68639252852595e-111,98274799.5,0.109067426496071,0.0540174091797339,3.66897136694972e-110,1.01372394719292,"Fibro","Formic acid",FALSE
"456","HMDB0000142",1.90149851098866e-62,18227867.5,0.192571042806651,0.0577627054321064,1.28440842817724e-61,1.73718055886267,"Oligo","Formic acid",FALSE
"457","HMDB0000142",0.00157153138300002,64266382.5,0.0374646748175573,0.0619420893879582,0.00200931512540717,-0.725389118475857,"Mast","Formic acid",FALSE
"458","HMDB0000142",7.17902242313087e-14,19994805,0.103390973372808,0.0589676498056684,3.47309463173088e-13,0.810114634706405,"pDC","Formic acid",FALSE
"459","HMDB0000142",4.49163282168642e-40,95766088,0.0429704224691815,0.0627447854241677,8.37502369876947e-40,-0.546151603733476,"B","Formic acid",FALSE
"460","HMDB0000142",2.7972509567023e-09,101748468,0.0527379998476892,0.0610956925019142,3.8664704343607e-09,-0.212227811395111,"T","Formic acid",FALSE
"461","HMDB0000145",1.70282069764906e-37,116929910.5,0.130641687282717,0.118167375509454,3.07883742302204e-37,0.144783548071039,"Myeloid","Estrone",TRUE
"462","HMDB0000145",0.779625481152682,13309249,0.118241738757727,0.119996917439155,0.840680488712831,-0.0212579556560513,"Oligo","Estrone",TRUE
"463","HMDB0000145",7.7537809915996e-19,46000529,0.148412503747999,0.118449371538999,2.6436700904692e-18,0.325342100042888,"Endo","Estrone",TRUE
"464","HMDB0000145",3.67360829172339e-25,89528781.5,0.135886770854274,0.118068985654491,7.18662168544795e-25,0.202774962985207,"Fibro","Estrone",TRUE
"465","HMDB0000145",1.13637374399563e-70,77606382,0.171286742498676,0.115269440436849,5.98267353456521e-70,0.571403407157737,"Mast","Estrone",TRUE
"466","HMDB0000145",0.000137901059764393,16266093,0.097074223067293,0.120453853737747,0.000326944234408297,-0.311320390451861,"pDC","Estrone",TRUE
"467","HMDB0000145",1.75406657666276e-134,86719067,0.08012602295819,0.126696104924367,6.68038121750286e-134,-0.661029396078901,"B","Estrone",TRUE
"468","HMDB0000145",2.65412301300901e-185,130016550.5,0.170769571816672,0.111392449874817,8.9639248929927e-185,0.616399483725534,"Epi","Estrone",TRUE
"469","HMDB0000145",9.31614490404228e-87,90699304,0.0882614109009916,0.125322580031103,3.43832976870839e-86,-0.505791661281377,"T","Estrone",TRUE
"470","HMDB0000145",1.34671716573894e-131,86936895.5,0.0819738456605447,0.126384130806124,7.77620556991196e-131,-0.624579739375725,"NK","Estrone",TRUE
"471","HMDB0000149",1.01155657880552e-169,26624005.5,0.173394421609754,0.0156538735627543,1.20712418404125e-167,3.46946588296257,"pDC","Ethanolamine",FALSE
"472","HMDB0000149",1.0453707573115e-43,95388420.5,-0.00726111789617688,0.0233443615086728,1.70110332326145e-43,NA,"Epi","Ethanolamine",FALSE
"473","HMDB0000149",6.28537984153121e-66,92727866,-0.00810159814503831,0.0234862626143391,1.80013278661454e-65,NA,"T","Ethanolamine",FALSE
"474","HMDB0000149",3.72623542331999e-137,126797647.5,0.0603644820509519,0.011926904148023,1.05038762326658e-136,2.33948031663307,"Myeloid","Ethanolamine",FALSE
"475","HMDB0000149",4.80831101934363e-94,89956448.5,-0.0185868275772848,0.0252565191451928,1.8119740472895e-93,NA,"NK","Ethanolamine",FALSE
"476","HMDB0000149",1.05248037357306e-102,19563549,0.174992547733974,0.0164230876685273,1.44918451438137e-101,3.41349618883463,"Oligo","Ethanolamine",FALSE
"477","HMDB0000149",7.7408120768232e-44,48558539,0.0726101869485226,0.0160547677719971,5.13187171019019e-43,2.17717017034553,"Endo","Ethanolamine",FALSE
"478","HMDB0000149",7.94852356248661e-93,96723157,0.057549888272596,0.0143122563024295,3.38758504210739e-92,2.00756199914102,"Fibro","Ethanolamine",FALSE
"479","HMDB0000149",1.17391510199692e-31,58831930,-0.0160572624871185,0.0221271587440087,3.09015887143308e-31,NA,"Mast","Ethanolamine",FALSE
"480","HMDB0000149",8.01324632530384e-22,98841199,0.00194445939519359,0.0217901529502783,1.24187973353194e-21,-3.48623530971744,"B","Ethanolamine",FALSE
"481","HMDB0000157",2.82897465695783e-06,103594212,0.0904857471338974,0.142447951459212,3.41000985586162e-06,-0.654672405409492,"Epi","Hypoxanthine",TRUE
"482","HMDB0000157",0.00538884354641977,16784163.5,0.104474108001543,0.135587127240739,0.0103166095701512,-0.376074773256492,"pDC","Hypoxanthine",TRUE
"483","HMDB0000157",2.2155140322546e-13,78041001,0.0939130803861282,0.13984032649699,3.43356720150281e-13,-0.574382440137958,"Fibro","Hypoxanthine",TRUE
"484","HMDB0000157",6.92584114952398e-76,94726238,0.0844591815333226,0.14346543678769,1.82312583200705e-75,-0.764377037879311,"B","Hypoxanthine",TRUE
"485","HMDB0000157",0.0376081197142149,67364692,0.16911212402495,0.131812840762461,0.0439990420185913,0.35948917379945,"Mast","Hypoxanthine",TRUE
"486","HMDB0000157",0,135125586,0.248058323507872,0.115844443714155,0,1.09849051775947,"Myeloid","Hypoxanthine",TRUE
"487","HMDB0000157",1.8396957380165e-13,11707243,0.0537520512213145,0.136242990685882,4.24910370458005e-13,-1.34179029398171,"Oligo","Hypoxanthine",TRUE
"488","HMDB0000157",5.50400458551803e-12,44314741.5,0.192597424821796,0.131861403658577,1.28786512523886e-11,0.546566069372788,"Endo","Hypoxanthine",TRUE
"489","HMDB0000157",2.59945713184781e-29,99365903,0.121648522511433,0.137186635339419,4.53953977171471e-29,-0.173421143597655,"NK","Hypoxanthine",TRUE
"490","HMDB0000157",1.89408153285469e-08,102988982,0.133494310110901,0.135186671199715,2.53962992045685e-08,-0.0181746637099244,"T","Hypoxanthine",TRUE
"491","HMDB0000161",6.49119445498255e-59,9789583,-0.0534962615288753,0.00442543894823206,4.30342150904399e-58,NA,"Oligo","L-Alanine",FALSE
"492","HMDB0000161",2.72186815927726e-113,92417258.5,-0.0131905425830539,0.00633205089530872,6.28663742594361e-113,NA,"Epi","L-Alanine",FALSE
"493","HMDB0000161",3.84025114434933e-09,102916826,-0.00059841433092169,0.00420607955441184,5.26747091830292e-09,NA,"T","L-Alanine",FALSE
"494","HMDB0000161",5.46505790389125e-24,37583415.5,-0.0146338221982824,0.004481718256979,2.24883991907249e-23,NA,"Endo","L-Alanine",FALSE
"495","HMDB0000161",3.00912734153042e-09,63371766,-0.0032932260145421,0.00413533918166339,4.64339477701676e-09,NA,"Mast","L-Alanine",FALSE
"496","HMDB0000161",5.45511603302192e-59,73269701.5,-0.0121729739345493,0.00538459210275982,1.52572776548582e-58,NA,"Fibro","L-Alanine",FALSE
"497","HMDB0000161",8.94876109776777e-11,19160614,0.0180497344900595,0.00320437465455212,3.52050161868227e-10,2.49386287315131,"pDC","L-Alanine",FALSE
"498","HMDB0000161",2.77034255554811e-06,103672323.5,0.000646161634371146,0.00399595361058391,3.44368970446606e-06,-2.62857283611187,"NK","L-Alanine",FALSE
"499","HMDB0000161",2.36613280944998e-24,113004779,0.0145276628947939,0.00165229309050579,3.81565561163555e-24,3.13626110558967,"B","L-Alanine",FALSE
"500","HMDB0000161",0,138826495,0.0422186373326678,-0.00302286720628198,0,NA,"Myeloid","L-Alanine",FALSE
"501","HMDB0000162",3.14508847095903e-29,74337403,0.16823594707883,0.20739921025199,6.43395241487618e-29,-0.301924400502572,"Fibro","L-Proline",FALSE
"502","HMDB0000162",6.06558140341288e-43,21950416.5,0.503329959008628,0.196870173436675,1.35717383901363e-41,1.35425991778764,"pDC","L-Proline",FALSE
"503","HMDB0000162",0.0155871353831455,104685761,0.129536164764121,0.215663181692986,0.017222822429525,-0.735424963390719,"NK","L-Proline",FALSE
"504","HMDB0000162",9.96589382325183e-110,52616803,0.622134407655153,0.180837867227832,1.78389499436208e-108,1.78252948993457,"Endo","L-Proline",FALSE
"505","HMDB0000162",1.71732656002454e-21,60320817,0.0637738024687277,0.215993573121345,3.65954112195705e-21,-1.75995257713834,"Mast","L-Proline",FALSE
"506","HMDB0000162",0,148593009,0.595252039971661,0.137034804990717,0,2.11895829493051,"Myeloid","L-Proline",FALSE
"507","HMDB0000162",4.43794190970566e-23,98725775,0.0771882507259745,0.224501255986105,7.63838078689724e-23,-1.54027034794769,"T","L-Proline",FALSE
"508","HMDB0000162",1.59160019661722e-17,99820723.5,0.0791577775321296,0.224168734154912,2.28832478067857e-17,-1.50178206051811,"B","L-Proline",FALSE
"509","HMDB0000162",5.74137720717919e-254,79473841.5,0.0391204618644334,0.230928368743414,3.06778065697038e-253,-2.56145010577945,"Epi","L-Proline",FALSE
"510","HMDB0000162",0.725974658353229,13488212.5,0.317840811666514,0.201386136241188,0.787572508152897,0.658340013516565,"Oligo","L-Proline",FALSE
"511","HMDB0000164",9.37395545339854e-116,94261868,0.00182471598302353,0.0797148655135767,4.19484506539585e-115,-5.4491049570932,"NK","Methylamine",FALSE
"512","HMDB0000164",2.34436355384182e-16,15715827,0.000428636672228638,0.0699040275916327,1.32506956592131e-15,-7.34947648430863,"pDC","Methylamine",FALSE
"513","HMDB0000164",4.54284861067753e-182,91072710,-0.0071417564811531,0.0812287052002518,1.45208910948442e-181,NA,"Myeloid","Methylamine",FALSE
"514","HMDB0000164",4.15928887395243e-104,94911039.5,0.0029258529881176,0.0795289568515653,1.69207433735792e-103,-4.76455106080139,"T","Methylamine",FALSE
"515","HMDB0000164",0,100900913,0.50094545748301,0.0288560761882465,0,4.11770649007653,"Mast","Methylamine",FALSE
"516","HMDB0000164",0,129071144.5,0.13216073282408,0.0577097976694005,0,1.19540541351715,"Epi","Methylamine",FALSE
"517","HMDB0000164",6.43128485379588e-80,73216703.5,-0.0225969871334716,0.0793349099795438,2.30239997765892e-79,NA,"Fibro","Methylamine",FALSE
"518","HMDB0000164",8.99371511920685e-87,48197220.5,0.189591761548549,0.0619914621728295,9.46985297845897e-86,1.61275483736783,"Endo","Methylamine",FALSE
"519","HMDB0000164",1.9317567027436e-120,94010080.5,0.00024587929427344,0.0799814258189541,6.78008725080596e-120,-8.34557094055426,"B","Methylamine",FALSE
"520","HMDB0000164",0.000125880805508032,12655255.5,0.027837366083961,0.069114832858025,0.000197654948999453,-1.31197265049026,"Oligo","Methylamine",FALSE
"521","HMDB0000169",2.46087814147828e-80,18774234.5,0.140292370270034,0.0264418948080359,2.09760565392673e-79,2.40753908264822,"Oligo","D-Mannose",TRUE
"522","HMDB0000169",1.06603146602629e-13,45254781,0.0498989226769204,0.0270796697492717,2.78568806450664e-13,0.881798523358466,"Endo","D-Mannose",TRUE
"523","HMDB0000169",5.61393379418891e-10,62392318,0.012889065394188,0.0296427901890799,8.85369294413934e-10,-1.20153359522492,"Mast","D-Mannose",TRUE
"524","HMDB0000169",6.26990462246029e-61,93430300,-0.00860397125120366,0.0344571814809788,1.30501503188418e-60,NA,"Myeloid","D-Mannose",TRUE
"525","HMDB0000169",8.1761706460427e-188,102740918.5,0.0882352241460611,0.0210745242264943,6.09806060684018e-187,2.06585464358077,"Fibro","D-Mannose",TRUE
"526","HMDB0000169",6.43499148802815e-74,23412690.5,0.111924638810842,0.0264657760883956,2.09429722974007e-72,2.08032779694351,"pDC","D-Mannose",TRUE
"527","HMDB0000169",0.186992472307402,105557606.5,0.0295220949024597,0.0280202295725433,0.196892073782499,0.0753263234226776,"NK","D-Mannose",TRUE
"528","HMDB0000169",6.83040627408435e-09,101974583.5,0.0246226451598578,0.028847420141951,8.64058461527278e-09,-0.228456546865462,"B","D-Mannose",TRUE
"529","HMDB0000169",1.42295270988729e-27,97903002,0.00690821678062581,0.0318382066317758,2.0376682805586e-27,-2.20437381406716,"Epi","D-Mannose",TRUE
"530","HMDB0000169",4.45509751849047e-07,102572327.5,0.0215042486540485,0.0293739095064301,5.82089383802769e-07,-0.449913568011304,"T","D-Mannose",TRUE
"531","HMDB0000174",4.58054927972681e-154,123491545.5,0.177738160939908,0.102000819407521,1.32244890495339e-153,0.801172723861297,"Epi","L-Fucose",FALSE
"532","HMDB0000174",3.10626105434887e-10,39033077,0.0641322515822069,0.115548868445138,6.69904492443914e-10,-0.849381167827006,"Endo","L-Fucose",FALSE
"533","HMDB0000174",1.18192085113404e-08,63436905.5,0.1051403353413,0.11365516561321,1.77784733069742e-08,-0.112347014503472,"Mast","L-Fucose",FALSE
"534","HMDB0000174",5.51527408418209e-11,15815398.5,0.0528042920327129,0.114213673336376,2.21850350801931e-10,-1.11300827194668,"pDC","L-Fucose",FALSE
"535","HMDB0000174",1.95386069443883e-186,88026156,0.0265358800026567,0.127528808760425,1.79354391951051e-185,-2.2648068903538,"T","L-Fucose",FALSE
"536","HMDB0000174",1.20655194949454e-92,93636375,0.177608961816029,0.105220609704078,5.08171291669465e-92,0.755287064267517,"Fibro","L-Fucose",FALSE
"537","HMDB0000174",6.0701113309318e-155,89687806,0.0395073754611834,0.12533878757884,4.26098011073252e-154,-1.66563902884993,"NK","L-Fucose",FALSE
"538","HMDB0000174",0.537711658638174,13249779.5,0.0894378040149652,0.113317328085369,0.601564918101457,-0.341411818918473,"Oligo","L-Fucose",FALSE
"539","HMDB0000174",3.61765388868688e-208,86961046.5,0.0235280110988215,0.128036637378327,2.35476380390891e-207,-2.44410541803486,"B","L-Fucose",FALSE
"540","HMDB0000174",0,140674672.5,0.282513806677566,0.084311194937209,0,1.74452526321876,"Myeloid","L-Fucose",FALSE
"541","HMDB0000181",0.146428529445821,106491000,0,0.000119669436649362,0.152387830062802,-Inf,"B","L-Dopa",TRUE
"542","HMDB0000181",0.0896520877020551,106470252,-0.000178578252513353,0.000149819403307027,0.095522164873023,NA,"NK","L-Dopa",TRUE
"543","HMDB0000181",0.0898374429184514,106470335,-0.000207133990738972,0.000154640564580979,0.0971655727033402,NA,"T","L-Dopa",TRUE
"544","HMDB0000181",0.028789628086019,106428826,-0.000212789995168131,0.000155595486821256,0.0320083442695491,NA,"Myeloid","L-Dopa",TRUE
"545","HMDB0000181",6.22228332759827e-08,107072395,0.0002417994651443,7.88456201468628e-05,7.6549052621312e-08,1.61670853234716,"Epi","L-Dopa",TRUE
"546","HMDB0000181",0.00723459642460089,82393955,0.000892919394672013,8.00850278236503e-06,0.0086621589297897,6.80085358554957,"Fibro","L-Dopa",TRUE
"547","HMDB0000181",0.284798984447852,66235910,0,0.000111760240707566,0.307102519374491,-Inf,"Mast","L-Dopa",TRUE
"548","HMDB0000181",0.716447076555906,41559761,0.000963143959098939,5.6388834110815e-05,0.74344363306381,4.09427003140273,"Endo","L-Dopa",TRUE
"549","HMDB0000181",0.927483000064493,17514573,0.000473927803813546,9.45192762632828e-05,0.932693578716541,2.32598681400095,"pDC","L-Dopa",TRUE
"550","HMDB0000181",0.654619752603068,13375755,0,0.000104023981597364,0.716678505907946,-Inf,"Oligo","L-Dopa",TRUE
"551","HMDB0000189",3.69063728445006e-77,90738760.5,0.0115949350558249,0.060414779843479,1.0085863723917e-76,-2.38140679361469,"B","Inosine triphosphate",FALSE
"552","HMDB0000189",0.00463891902353682,14245836,0.0716869019437718,0.0530693720039952,0.00633867561231367,0.433830068599398,"Oligo","Inosine triphosphate",FALSE
"553","HMDB0000189",0.0011854790058543,64124046,0.0409781155395972,0.054497183500828,0.00153213532164562,-0.411328030428788,"Mast","Inosine triphosphate",FALSE
"554","HMDB0000189",1.59885409060993e-05,19004505.5,0.069373010226488,0.0530240650639796,4.23992418102486e-05,0.387727209260486,"pDC","Inosine triphosphate",FALSE
"555","HMDB0000189",1.88444066371465e-120,99689961.5,0.109300906501728,0.0466850016333365,9.92102584720362e-120,1.22727432757008,"Fibro","Inosine triphosphate",FALSE
"556","HMDB0000189",1.37519921298873e-32,96463906,0.027166367136987,0.0577858026222799,2.63273432219232e-32,-1.08889342901015,"T","Inosine triphosphate",FALSE
"557","HMDB0000189",8.32440792535833e-129,85997395.5,0.00284109206215826,0.0618927205818998,4.51536066254285e-128,-4.44525225284778,"NK","Inosine triphosphate",FALSE
"558","HMDB0000189",0.144781865649354,42317755.5,0.0575038258421036,0.0531416777500747,0.172199029576308,0.11381416831835,"Endo","Inosine triphosphate",FALSE
"559","HMDB0000189",0,148282646.5,0.170307802911084,0.0336187528545782,0,2.34080642437172,"Epi","Inosine triphosphate",FALSE
"560","HMDB0000189",4.92591080126159e-56,93147949,0.0150452468884231,0.059832252098654,1.00197503798389e-55,-1.99161558626205,"Myeloid","Inosine triphosphate",FALSE
"561","HMDB0000197",0,73815036,0.049343705359135,0.17098333860814,0,-1.7929177883222,"T","Indoleacetic acid",FALSE
"562","HMDB0000197",0,155276089.5,0.326643131823153,0.124165944303899,0,1.39544577348284,"Myeloid","Indoleacetic acid",FALSE
"563","HMDB0000197",0.000690388299844777,14312690.5,0.170376167016284,0.15314120123805,0.000998069888645727,0.153861060061443,"Oligo","Indoleacetic acid",FALSE
"564","HMDB0000197",3.4951957777254e-144,50822609,0.0674509654287552,0.161285614934215,3.05190265469681e-143,-1.25770677245062,"Mast","Indoleacetic acid",FALSE
"565","HMDB0000197",0,74396068.5,0.0514481513864959,0.170628037911304,0,-1.72966358757696,"B","Indoleacetic acid",FALSE
"566","HMDB0000197",0,110210065,0.273983346525493,0.139019130497546,0,0.978804778156139,"Fibro","Indoleacetic acid",FALSE
"567","HMDB0000197",4.7477932140141e-222,131042659.5,0.21267934411251,0.143406833669194,2.02346425073458e-221,0.56856614892229,"Epi","Indoleacetic acid",FALSE
"568","HMDB0000197",3.63471345432381e-120,52713900,0.25837293640981,0.147804426532307,7.65427892145837e-119,0.805765484288672,"Endo","Indoleacetic acid",FALSE
"569","HMDB0000197",0.567257738209087,17333390,0.126989492587131,0.153972273434456,0.648812365108157,-0.277961451006037,"pDC","Indoleacetic acid",FALSE
"570","HMDB0000197",0,74090254,0.0529405273945527,0.170376075053283,0,-1.68627828812437,"NK","Indoleacetic acid",FALSE
"571","HMDB0000201",0.0204373524274354,17193773.5,0.0360525132236317,0.0438567427392547,0.0338730193010272,-0.282698832996148,"pDC","L-Acetylcarnitine",FALSE
"572","HMDB0000201",6.01875215645565e-112,88869222,0.10117974543887,0.0368323721568399,2.95166201645359e-111,1.45787429368334,"Fibro","L-Acetylcarnitine",FALSE
"573","HMDB0000201",5.3974008671911e-07,13989695,0.0916476435011304,0.0429267111463682,9.47190936497261e-07,1.09422214166258,"Oligo","L-Acetylcarnitine",FALSE
"574","HMDB0000201",3.85233169685611e-05,108005766.5,0.0451411924639152,0.043450807122143,4.78866231761975e-05,0.055061553592422,"Myeloid","L-Acetylcarnitine",FALSE
"575","HMDB0000201",2.06409653851946e-159,115710267.5,0.077999826737211,0.037903173444396,6.00769561617858e-159,1.04115227614598,"Epi","L-Acetylcarnitine",FALSE
"576","HMDB0000201",5.23615049101286e-39,102196519.5,0.0215249010080673,0.0474380249941417,1.16431172408857e-38,-1.14003734409128,"T","L-Acetylcarnitine",FALSE
"577","HMDB0000201",0.0620242012635868,41934420,0.06253051299961,0.0426884975628321,0.0804516813491452,0.550712965847731,"Endo","L-Acetylcarnitine",FALSE
"578","HMDB0000201",7.60887381728407e-25,63562791.5,0.021603996131654,0.0457181302859537,1.73501708699853e-24,-1.08146820842325,"Mast","L-Acetylcarnitine",FALSE
"579","HMDB0000201",5.25012751196919e-47,101745379,0.0231657611968047,0.0471609930527712,1.10561508781469e-46,-1.02560000873557,"NK","L-Acetylcarnitine",FALSE
"580","HMDB0000201",3.7239830271973e-66,100804927.5,0.0102789066287079,0.0493367240283067,8.60119950797827e-66,-2.26297511082015,"B","L-Acetylcarnitine",FALSE
"581","HMDB0000202",7.56401130107083e-142,53711546.5,0.25837293640981,0.127765397524085,2.46174185980305e-140,1.01595779443725,"Endo","Methylmalonic acid",FALSE
"582","HMDB0000202",0.285072101430414,17844593,0.126989492587131,0.134547071162331,0.369767435913363,-0.0834018566377073,"pDC","Methylmalonic acid",FALSE
"583","HMDB0000202",3.65966010816909e-272,133718360,0.210915488210646,0.121470432706505,2.07961637892783e-271,0.796059852733799,"Epi","Methylmalonic acid",FALSE
"584","HMDB0000202",1.34246110454916e-304,77927732,0.0529405273945527,0.14814187636953,3.204007169524e-303,-1.48453504347636,"NK","Methylmalonic acid",FALSE
"585","HMDB0000202",2.10098891725819e-106,53020805,0.0674509654287552,0.140520919566616,1.53500822934374e-105,-1.05887392488263,"Mast","Methylmalonic acid",FALSE
"586","HMDB0000202",2.10510999963553e-27,89516525.5,0.0988212386718377,0.138636711207056,4.25779310660746e-27,-0.488416291425693,"Fibro","Methylmalonic acid",FALSE
"587","HMDB0000202",0,77661117,0.049133019624813,0.148784710705127,0,-1.59846146869036,"T","Methylmalonic acid",FALSE
"588","HMDB0000202",0,157725061.5,0.326572589071845,0.101943655589977,0,1.67963171033944,"Myeloid","Methylmalonic acid",FALSE
"589","HMDB0000202",9.12208701308922e-298,78253618,0.0514481513864959,0.14839383922755,9.89608227480588e-297,-1.52824005290438,"B","Methylmalonic acid",FALSE
"590","HMDB0000202",4.97393763848956e-06,14633403.5,0.167444397998632,0.133860848912716,8.20585103492748e-06,0.32294804154192,"Oligo","Methylmalonic acid",FALSE
"591","HMDB0000207",1.17316640946634e-120,77850356.5,0.0729009175229727,0.0314714096116451,9.54530851338521e-120,1.21189517354358,"Mast","Oleic acid",TRUE
"592","HMDB0000207",2.58970970086667e-134,91157977,0.0183816290770682,0.0377441463519917,1.519862414607e-133,-1.03798828616661,"NK","Oleic acid",TRUE
"593","HMDB0000207",0.0174748856647354,18115026.5,0.0396853851564142,0.0348470175012862,0.0292336872335293,0.187572623769655,"pDC","Oleic acid",TRUE
"594","HMDB0000207",1.23523965919076e-118,18531784,0.121368893711523,0.0335627185416541,1.76886319196117e-117,1.85446723060986,"Oligo","Oleic acid",TRUE
"595","HMDB0000207",7.74577289446069e-22,37784106.5,0.0199980608741528,0.035746121915692,2.91893336443887e-21,-0.837926618042169,"Endo","Oleic acid",TRUE
"596","HMDB0000207",6.45394644277212e-143,90663362.5,0.0154603859692382,0.0382373496455642,3.91612343476681e-142,-1.30640619226281,"T","Oleic acid",TRUE
"597","HMDB0000207",0,132776929.5,0.0616749245104384,0.0304347937547656,0,1.01896245543733,"Epi","Oleic acid",TRUE
"598","HMDB0000207",3.83629459674548e-184,124748973,0.0538236637694536,0.031760348497461,1.23729141048188e-183,0.761013855516849,"Myeloid","Oleic acid",TRUE
"599","HMDB0000207",0,82907252,0.0053648138592209,0.0399418190208837,0,-2.89630001679887,"B","Oleic acid",TRUE
"600","HMDB0000207",7.87863378564298e-07,79476994.5,0.0256314651415022,0.036059444242283,1.11045310837015e-06,-0.49246121366505,"Fibro","Oleic acid",TRUE
"601","HMDB0000208",0,150044984.5,0.14084268881241,0.0611241508902182,0,1.20427025087762,"Myeloid","Oxoglutaric acid",TRUE
"602","HMDB0000208",0.00603064957562004,18466932.5,0.0769666892899878,0.0725475794117648,0.0114838965322977,0.0853067125246632,"pDC","Oxoglutaric acid",TRUE
"603","HMDB0000208",3.42587288063686e-09,101540334,0.0639030000661634,0.0741141371718739,4.28833038904893e-09,-0.213865097679599,"Epi","Oxoglutaric acid",TRUE
"604","HMDB0000208",9.61322861867178e-10,44817938.5,0.085745505874934,0.071938840666799,2.04853324135982e-09,0.253290148350334,"Endo","Oxoglutaric acid",TRUE
"605","HMDB0000208",5.53517664731883e-10,15276444,0.102625659322338,0.0721587554816159,1.13233899413722e-09,0.508145128847886,"Oligo","Oxoglutaric acid",TRUE
"606","HMDB0000208",1.40494681003094e-18,88825548.5,0.0853309993861991,0.0711240131489213,2.42981139126124e-18,0.26273321472711,"Fibro","Oxoglutaric acid",TRUE
"607","HMDB0000208",0.000546269063677149,103646108.5,0.0676341006414867,0.0734842029197511,0.000630852660633611,-0.119683316857085,"NK","Oxoglutaric acid",TRUE
"608","HMDB0000208",7.61638581391385e-174,82481859.5,0.0372760446768976,0.0786096555560147,4.13131230512297e-173,-1.07645774313884,"B","Oxoglutaric acid",TRUE
"609","HMDB0000208",1.48154326519754e-17,60533019.5,0.0567866233917493,0.0740910000444325,2.91424444472922e-17,-0.383747176891136,"Mast","Oxoglutaric acid",TRUE
"610","HMDB0000208",4.13954049359876e-100,88379592.5,0.0448799308358136,0.0773258658955528,1.6108211920743e-99,-0.784880631093578,"T","Oxoglutaric acid",TRUE
"611","HMDB0000209",8.46763536069626e-148,95233029,0.00178926455377918,0.0251522257256562,5.31826922654256e-147,-3.81324745044529,"NK","Phenylacetic acid",FALSE
"612","HMDB0000209",1.17830625254107e-31,38328400,0.0055435075090611,0.0226450055752949,6.11353099144499e-31,-2.03032189682391,"Endo","Phenylacetic acid",FALSE
"613","HMDB0000209",0,125457213.5,0.0568099161158747,0.0158629041720354,0,1.84048584967148,"Epi","Phenylacetic acid",FALSE
"614","HMDB0000209",1.18034906400464e-135,95717361.5,0.00205563316767175,0.025107253817182,6.70738039545493e-135,-3.61044949758588,"T","Phenylacetic acid",FALSE
"615","HMDB0000209",5.36282491003094e-41,87369592,0.0373017748864376,0.0199242352704033,1.19993207361942e-40,0.904719926242093,"Fibro","Phenylacetic acid",FALSE
"616","HMDB0000209",0,123913825.5,0.0457813824690883,0.0177248885797319,0,1.36898447030659,"Myeloid","Phenylacetic acid",FALSE
"617","HMDB0000209",2.57657307867254e-17,63373079,0.0177224247038957,0.0221489169071549,5.01311501176505e-17,-0.321660151451579,"Mast","Phenylacetic acid",FALSE
"618","HMDB0000209",2.64605149595093e-149,95174424.5,0.00128267337485251,0.0252377552172865,1.1014958552912e-148,-4.29835784631806,"B","Phenylacetic acid",FALSE
"619","HMDB0000209",1.74245857756804e-13,16198972,0.00540128676120058,0.0221241703483455,8.20789698380736e-13,-2.03424830549967,"pDC","Phenylacetic acid",FALSE
"620","HMDB0000209",0.360931572940543,13246865,0.0228121771152127,0.021760961992774,0.414332548757727,0.0680618034303365,"Oligo","Phenylacetic acid",FALSE
"621","HMDB0000212",1.56084304498497e-173,93011960.5,0.00778786113005711,0.0802542728924973,1.21474306544482e-172,-3.36527914229588,"NK","N-Acetylgalactosamine",FALSE
"622","HMDB0000212",7.88395931220969e-91,58587507,0.00828721459021125,0.0754190884815133,4.6269793996247e-90,-3.18597052900415,"Mast","N-Acetylgalactosamine",FALSE
"623","HMDB0000212",4.42516428562115e-18,15810108,0.012203872146319,0.0710056292970457,2.93372002639328e-17,-2.54059443468433,"pDC","N-Acetylgalactosamine",FALSE
"624","HMDB0000212",1.84965589015807e-30,87072431,0.0776730371881214,0.0688453153522295,3.82761161084734e-30,0.174055391554726,"Fibro","N-Acetylgalactosamine",FALSE
"625","HMDB0000212",0,68231540,0.689762949537825,0.0366582887108547,0,4.23388929243888,"Endo","N-Acetylgalactosamine",FALSE
"626","HMDB0000212",0,126485145,0.113971654570825,0.0623269061120197,0,0.870748057442027,"Epi","N-Acetylgalactosamine",FALSE
"627","HMDB0000212",0.00915145147040577,105351633,0.0373672348477497,0.075260287797496,0.0105684504077589,-1.01011499719507,"Myeloid","N-Acetylgalactosamine",FALSE
"628","HMDB0000212",0.000257483652817312,12761882,0.0360315766298671,0.0703275893193099,0.000392251692377011,-0.964828984626038,"Oligo","N-Acetylgalactosamine",FALSE
"629","HMDB0000212",2.31738052218462e-180,92743774,0.00514868403486762,0.0806998540329986,1.27634188760322e-179,-3.97029042154861,"B","N-Acetylgalactosamine",FALSE
"630","HMDB0000212",1.5495098440562e-150,93956781.5,0.0087899434093176,0.080085087972818,1.02726763735578e-149,-3.1876078522412,"T","N-Acetylgalactosamine",FALSE
"631","HMDB0000220",0.723334844091579,41355073.5,0.0272813586540236,0.0284620472784003,0.748421601690131,-0.0611239442158664,"Endo","Palmitic acid",TRUE
"632","HMDB0000220",1.85504400489544e-19,60335322.5,0.00490015004595326,0.0305545367253169,3.81669973421017e-19,-2.64048877539972,"Mast","Palmitic acid",TRUE
"633","HMDB0000220",3.68427331849791e-68,121258264.5,0.0518710976781696,0.0244398171773767,7.99375665468032e-68,1.08569740675317,"Myeloid","Palmitic acid",TRUE
"634","HMDB0000220",0.000257340199498037,12301987.5,0.0072163333014698,0.0287415823351067,0.000392251692377011,-1.99380161077802,"Oligo","Palmitic acid",TRUE
"635","HMDB0000220",6.30659722389968e-05,79245356.5,0.0211269232842888,0.0292706839163854,8.24000659181053e-05,-0.470373772284946,"Fibro","Palmitic acid",TRUE
"636","HMDB0000220",0.00315399437771571,109092173.5,0.0345449854394467,0.0273650429478853,0.00366600645202021,0.336142182987332,"T","Palmitic acid",TRUE
"637","HMDB0000220",2.42863312125857e-06,102657044,0.0260019712569356,0.0288073887494236,2.92744329094467e-06,-0.147817892344801,"B","Palmitic acid",TRUE
"638","HMDB0000220",0.539151790084259,106098527.5,0.0267399640585279,0.0286827909439885,0.5514752595719,-0.101187884260589,"Epi","Palmitic acid",TRUE
"639","HMDB0000220",0.00180354236552282,103994393,0.0247088239104522,0.0290257151628093,0.00203680809734122,-0.232305271039262,"NK","Palmitic acid",TRUE
"640","HMDB0000220",0.631480547037235,17674619.5,0.0275144492466916,0.0284209471720439,0.706468861997907,-0.0467651847174853,"pDC","Palmitic acid",TRUE
"641","HMDB0000221",2.7989904338225e-10,86953766.5,0.0408731296775021,0.0380216894996906,4.14065526986965e-10,0.1043300757331,"Fibro","NADPH",FALSE
"642","HMDB0000221",1.56258131312143e-17,10794475.5,0.0219867319628915,0.0385875671792715,4.14373414887017e-17,-0.811502906933557,"Oligo","NADPH",FALSE
"643","HMDB0000221",1.84613096250446e-06,15850755,0.0308004977624389,0.0384850797711825,5.2453562267984e-06,-0.321345571402971,"pDC","NADPH",FALSE
"644","HMDB0000221",2.75234488973744e-26,47229016.5,0.0464385351943793,0.0378922884220866,1.15922290650118e-25,0.293418195252737,"Endo","NADPH",FALSE
"645","HMDB0000221",0,65494599,0.0164658826154438,0.0420164759618771,0,-1.35147531793207,"B","NADPH",FALSE
"646","HMDB0000221",7.34345688612798e-56,93086441.5,0.0302947404018994,0.0396817034164685,1.74103150015485e-55,-0.389406614577195,"NK","NADPH",FALSE
"647","HMDB0000221",0,141720936.5,0.057136778793134,0.0351498718461098,0,0.70090027423409,"Myeloid","NADPH",FALSE
"648","HMDB0000221",8.29416303787086e-87,89647760.5,0.0286890455182362,0.0399527982811761,3.09303163287267e-86,-0.477796582009095,"T","NADPH",FALSE
"649","HMDB0000221",0,140103852.5,0.0591867283892135,0.034803771964955,0,0.766030041425652,"Epi","NADPH",FALSE
"650","HMDB0000221",2.76032700499892e-06,63131158.5,0.0348646393065268,0.0386427758768719,3.8752826187828e-06,-0.148434176644251,"Mast","NADPH",FALSE
"651","HMDB0000222",0.000500829129887332,12841570.5,0.0299410681099667,0.0483129917117916,0.000740895985535805,-0.690285503683304,"Oligo","Palmitoylcarnitine",FALSE
"652","HMDB0000222",1.32398234534931e-77,98334496,0.0202103174610417,0.0527190482018952,3.64604368950042e-77,-1.38323234037276,"B","Palmitoylcarnitine",FALSE
"653","HMDB0000222",6.53589698935446e-112,116595087,0.0710021344475344,0.0441436950047835,1.78614589480068e-111,0.685655001140816,"Myeloid","Palmitoylcarnitine",FALSE
"654","HMDB0000222",4.14196949723952e-30,62315318,0.0282809531673804,0.0498313488549361,1.04424301409278e-29,-0.817222881144874,"Mast","Palmitoylcarnitine",FALSE
"655","HMDB0000222",1.63275780892411e-34,101173955.5,0.0346003641370241,0.0502895282498469,3.32117781587972e-34,-0.53947079903354,"T","Palmitoylcarnitine",FALSE
"656","HMDB0000222",9.30219407451125e-06,18309104.5,0.0747825335626539,0.047456884194207,2.48521304378734e-05,0.656083966422827,"pDC","Palmitoylcarnitine",FALSE
"657","HMDB0000222",2.07872622358409e-73,114660868.5,0.0609485207103384,0.0458410804069777,4.20442931097799e-73,0.410950158727003,"Epi","Palmitoylcarnitine",FALSE
"658","HMDB0000222",2.28158199875733e-26,101896510.5,0.0460744986191323,0.0483523115552482,3.85286016771285e-26,-0.0696163949739965,"NK","Palmitoylcarnitine",FALSE
"659","HMDB0000222",5.17757351568569e-08,43049664,0.0741437027514489,0.0466275432544927,1.00737571663885e-07,0.669141747509926,"Endo","Palmitoylcarnitine",FALSE
"660","HMDB0000222",1.22803126421705e-11,84836187.5,0.0584644160315309,0.0467768156932608,1.87078805357321e-11,0.321765150962725,"Fibro","Palmitoylcarnitine",FALSE
"661","HMDB0000223",0.544904686399747,17718208.5,0.0684851193646716,0.06937557748476,0.633363239386719,-0.018637326071624,"pDC","Oxalacetic acid",FALSE
"662","HMDB0000223",1.85209993427548e-20,16157620.5,0.118908929414437,0.0685632342135878,5.10039828054323e-20,0.794349987810133,"Oligo","Oxalacetic acid",FALSE
"663","HMDB0000223",1.56163583202232e-07,38781594,0.0554133526660569,0.0701022068690417,2.95801919504757e-07,-0.339226205200528,"Endo","Oxalacetic acid",FALSE
"664","HMDB0000223",5.55481901795447e-40,91986352,0.0911884417835482,0.0667508692470477,1.23517093691161e-39,0.450064349023209,"Fibro","Oxalacetic acid",FALSE
"665","HMDB0000223",2.16151685185664e-08,101896243.5,0.0621194561074701,0.0705790791962335,2.88739937673388e-08,-0.184195410112815,"T","Oxalacetic acid",FALSE
"666","HMDB0000223",0.613937844212883,107039096.5,0.0675591579778561,0.0696606760440494,0.624402693830148,-0.0441931268305505,"Myeloid","Oxalacetic acid",FALSE
"667","HMDB0000223",3.65018236571027e-51,93934854,0.0483626544681829,0.072901686260101,7.38285472838575e-51,-0.592058753767023,"B","Oxalacetic acid",FALSE
"668","HMDB0000223",8.50914347678682e-11,101143935,0.0603903470100224,0.0708710104975078,1.14092635381636e-10,-0.230877656609456,"NK","Oxalacetic acid",FALSE
"669","HMDB0000223",3.07211274749803e-15,61065348.5,0.055771913360743,0.0706012912269302,5.61130797757294e-15,-0.340155802981943,"Mast","Oxalacetic acid",FALSE
"670","HMDB0000223",1.09837922672337e-97,124289509.5,0.0997382456615414,0.0642277725013033,2.42728248868497e-97,0.634949564187628,"Epi","Oxalacetic acid",FALSE
"671","HMDB0000224",0.139061044793343,42183765.5,0.0340663883708762,0.0261226104641445,0.166501184066946,0.38304993044452,"Endo","O-Phosphoethanolamine",FALSE
"672","HMDB0000224",3.31224063279996e-18,112674335.5,0.0320649041916492,0.0255903288974963,4.47464960959391e-18,0.325396406870412,"Epi","O-Phosphoethanolamine",FALSE
"673","HMDB0000224",3.79163193583984e-24,99552958.5,0.0131085583782262,0.0287907924824065,6.17001924104846e-24,-1.1350984674142,"NK","O-Phosphoethanolamine",FALSE
"674","HMDB0000224",0.600272696744239,82514713,0.0238963633808062,0.0268394320290004,0.61224394710666,-0.167563060504762,"Fibro","O-Phosphoethanolamine",FALSE
"675","HMDB0000224",0.00986663597806847,64889802,0.0247889867176894,0.0266845955587726,0.0121801920005121,-0.106307844912563,"Mast","O-Phosphoethanolamine",FALSE
"676","HMDB0000224",4.16200661479473e-15,101145942.5,0.0243700675724992,0.026889474029887,5.7751874732423e-15,-0.141931284405074,"B","O-Phosphoethanolamine",FALSE
"677","HMDB0000224",3.43186008150621e-37,97737924,0.0112953967083192,0.0290969146620295,7.31313041178108e-37,-1.36513124190615,"T","O-Phosphoethanolamine",FALSE
"678","HMDB0000224",0.00555408007046968,14073704.5,0.0337308090568334,0.0264101179849056,0.00750324779331376,0.352976176177461,"Oligo","O-Phosphoethanolamine",FALSE
"679","HMDB0000224",2.2248671098577e-96,121124917.5,0.0503794516357117,0.0224982222886727,5.56994703027311e-96,1.16302440840092,"Myeloid","O-Phosphoethanolamine",FALSE
"680","HMDB0000224",0.032608882468782,18114699,0.0329688662867662,0.0263891717588862,0.0521159818027856,0.321158205881742,"pDC","O-Phosphoethanolamine",FALSE
"681","HMDB0000226",0.00194847815543618,16980448,0.0293340630566198,0.0435060598281122,0.00403211086500667,-0.568639451200666,"pDC","Orotic acid",FALSE
"682","HMDB0000226",0.0297045345802009,13715015,0.0578091040931272,0.042978442402438,0.0383906981217037,0.427683515634313,"Oligo","Orotic acid",FALSE
"683","HMDB0000226",9.97580912455028e-234,120419645,0.077785645542789,0.0373751688520214,4.76178622211867e-233,1.05742384971875,"Epi","Orotic acid",FALSE
"684","HMDB0000226",0.6111119054806,106829052,0.0301698745605273,0.0454142995260483,0.623299322399016,-0.590037929970332,"Myeloid","Orotic acid",FALSE
"685","HMDB0000226",0.00709708114560097,83193972.5,0.0403675861053874,0.0435519084152475,0.00852602365813807,-0.10953861878789,"Fibro","Orotic acid",FALSE
"686","HMDB0000226",8.08949928226943e-07,64661977.5,0.0449562450575772,0.0430525874410483,1.14922251708431e-06,0.0624215948367727,"Mast","Orotic acid",FALSE
"687","HMDB0000226",1.27244159809281e-12,43414186,0.0790296503923211,0.0412983984819875,3.03689394744816e-12,0.936308189856292,"Endo","Orotic acid",FALSE
"688","HMDB0000226",9.2679368621758e-43,100817137.5,0.0314726594988872,0.0451943459656296,1.88518261173803e-42,-0.52204320147283,"NK","Orotic acid",FALSE
"689","HMDB0000226",2.06088041651967e-24,102301759.5,0.0337188360767248,0.0448151164235331,3.58153004424291e-24,-0.41043070709106,"T","Orotic acid",FALSE
"690","HMDB0000226",1.87037206988623e-31,101679569,0.031822090754068,0.045135350312214,3.20379522018789e-31,-0.504229178944584,"B","Orotic acid",FALSE
"691","HMDB0000232",2.00807383102679e-82,99460397,0.0147020714175236,0.0733101783408301,6.65639288432955e-82,-2.31799408029751,"NK","Quinolinic acid",FALSE
"692","HMDB0000232",0,96203495.5,0.211262089174441,0.04736494802573,0,2.15714219343749,"Fibro","Quinolinic acid",FALSE
"693","HMDB0000232",5.74968124739852e-29,38947157.5,0.00684212333675909,0.0679438308059905,2.74451451542489e-28,-3.31182654686734,"Endo","Quinolinic acid",FALSE
"694","HMDB0000232",0.687766620168936,17450863,0.0667487155692285,0.0648041621131464,0.757325539591916,0.0426536009654776,"pDC","Quinolinic acid",FALSE
"695","HMDB0000232",4.49145019776447e-16,63924057.5,0.0451239174247642,0.0666505319989556,8.46283774105096e-16,-0.562724070347184,"Mast","Quinolinic acid",FALSE
"696","HMDB0000232",6.24552408783686e-65,100284565.5,0.0175313408569579,0.0728325032708597,1.76054930979968e-64,-2.05464608920752,"T","Quinolinic acid",FALSE
"697","HMDB0000232",3.51924199954166e-216,118287266,0.153975356713293,0.0497962014210648,1.44814785728266e-215,1.62859187123682,"Epi","Quinolinic acid",FALSE
"698","HMDB0000232",0.000935435084856985,107844941,0.0604776953365578,0.0655817258810911,0.00111257727700598,-0.116890706031231,"Myeloid","Quinolinic acid",FALSE
"699","HMDB0000232",5.34549605169144e-05,12856637.5,0.0307185509656084,0.0653912113959124,8.58155868388133e-05,-1.08998658613673,"Oligo","Quinolinic acid",FALSE
"700","HMDB0000232",4.00050167980231e-99,98753381.5,0.00470586738489293,0.0749978710696213,1.24537356640802e-98,-3.99431707311583,"B","Quinolinic acid",FALSE
"701","HMDB0000234",8.38208272714305e-29,99013641.5,0.006307662828147,0.0335365334775491,1.5310130695496e-28,-2.41055612261907,"T","Testosterone",TRUE
"702","HMDB0000234",0.00230320861021503,18354558,0.0420015046591935,0.029341003716657,0.00465846713252532,0.517522787299996,"pDC","Testosterone",TRUE
"703","HMDB0000234",3.01365764262054e-114,91109247.5,-0.00343396739720837,0.0351812456547153,1.28439218578352e-113,NA,"NK","Testosterone",TRUE
"704","HMDB0000234",1.19957584357813e-186,126500553,0.0969050929862536,0.0182406648032107,4.12930915385548e-186,2.4094141793055,"Epi","Testosterone",TRUE
"705","HMDB0000234",4.32339133865138e-32,16241125,0.100247263200958,0.0284716225887874,1.66427322498623e-31,1.81596623167066,"Oligo","Testosterone",TRUE
"706","HMDB0000234",3.73970102565685e-122,122655379.5,0.0517279864987511,0.0258680675530845,1.03783950944585e-121,0.999772753001642,"Myeloid","Testosterone",TRUE
"707","HMDB0000234",1.12025954306129e-23,37267346.5,0.010591420931312,0.0306193396006124,4.45614351573269e-23,-1.53154701464485,"Endo","Testosterone",TRUE
"708","HMDB0000234",3.61089411078483e-19,76831829,0.0207281717370827,0.0306629703271194,6.33676515520082e-19,-0.564904584179141,"Fibro","Testosterone",TRUE
"709","HMDB0000234",0.00122067955655549,64566668,0.0173144342086688,0.0307288912957405,0.00156632000446905,-0.827620470428382,"Mast","Testosterone",TRUE
"710","HMDB0000234",4.9433845678681e-14,101472414,0.00738644556256809,0.0333543989621986,6.78058113140529e-14,-2.17492484851807,"B","Testosterone",TRUE
"711","HMDB0000240",5.2964230696821e-49,115925829.5,0.0403938482905897,0.0361599295313681,1.05928461393642e-48,0.159743730800542,"Myeloid","Sulfite",FALSE
"712","HMDB0000240",8.26595602196159e-208,87144726,0.00797627552322634,0.0416330973124526,5.28430759975402e-207,-2.38394374190169,"B","Sulfite",FALSE
"713","HMDB0000240",4.06121045198526e-47,16622600.5,0.0987480995174878,0.035778554906571,2.07701905972961e-46,1.46465786446678,"Oligo","Sulfite",FALSE
"714","HMDB0000240",2.54745054897669e-145,90368013,0.0134868342600137,0.0407027311573306,1.6285487438101e-144,-1.59357385587008,"T","Sulfite",FALSE
"715","HMDB0000240",0.0087692037900609,42575959.5,0.0420791502341163,0.0364878875982352,0.0127100200681854,0.205687939410973,"Endo","Sulfite",FALSE
"716","HMDB0000240",6.20125518725028e-69,95508360.5,0.0254641469765331,0.0386805611899966,1.77603948562848e-68,-0.603141336845969,"NK","Sulfite",FALSE
"717","HMDB0000240",1.41779913467001e-52,90674030.5,0.049678408199612,0.0352306596180073,3.73214772214604e-52,0.495787460889809,"Fibro","Sulfite",FALSE
"718","HMDB0000240",1.30789594702605e-35,60090730.5,0.0225034997820233,0.0380782058888641,3.62966472120408e-35,-0.758816116287545,"Mast","Sulfite",FALSE
"719","HMDB0000240",3.35889462844632e-13,15644378,0.0164399839492905,0.0372018545922501,1.56166789218673e-12,-1.17816565408236,"pDC","Sulfite",FALSE
"720","HMDB0000240",0,139458134,0.0895820648591518,0.0278553175832739,0,1.68525715607477,"Epi","Sulfite",FALSE
"721","HMDB0000244",9.50724193259564e-109,88227227,0.0353351802777641,0.10719093342701,3.91217541594165e-108,-1.60100570824346,"T","Riboflavin",TRUE
"722","HMDB0000244",0,151887837.5,0.308722024899373,0.0610341134672581,0,2.33862068065769,"Myeloid","Riboflavin",TRUE
"723","HMDB0000244",3.56995283574375e-08,11768333,0.0256797209690321,0.0979512818668136,6.69132521045163e-08,-1.93143484635285,"Oligo","Riboflavin",TRUE
"724","HMDB0000244",3.94131490950787e-46,94779811,0.0574083990489952,0.103464237703351,8.25140782224454e-46,-0.849798459207243,"NK","Riboflavin",TRUE
"725","HMDB0000244",2.64070858647523e-62,32910661.5,-0.0878433624075204,0.106678715690404,2.19854342780961e-61,NA,"Endo","Riboflavin",TRUE
"726","HMDB0000244",0.224553337263436,81309177,0.0571818565196985,0.101542709103519,0.234373454053382,-0.828457290272095,"Fibro","Riboflavin",TRUE
"727","HMDB0000244",2.69415050323096e-30,97120911.5,0.0777093634527588,0.100036757641936,4.59288514360326e-30,-0.364369854023094,"B","Riboflavin",TRUE
"728","HMDB0000244",5.12442187388062e-30,58857414,0.0562621817641157,0.100525287634292,1.28289722437011e-29,-0.837321059718089,"Mast","Riboflavin",TRUE
"729","HMDB0000244",0.34351828868637,17192836,0.0848734444637836,0.0970643468818335,0.436097685637307,-0.193628242194388,"pDC","Riboflavin",TRUE
"730","HMDB0000244",3.59141537291849e-58,119958553.5,0.132018841927786,0.0908675058311932,6.66179639121667e-58,0.538907463064236,"Epi","Riboflavin",TRUE
"731","HMDB0000245",0.053813345266868,67009507.5,0.0196302435794016,0.00708281317492536,0.0621457342114153,1.47068368082809,"Mast","Porphobilinogen",FALSE
"732","HMDB0000245",9.02196848199869e-07,16592321,-0.0543763166833213,0.00945870386911495,2.69155393046294e-06,NA,"pDC","Porphobilinogen",FALSE
"733","HMDB0000245",0.708737587024127,106786476,0.000391451525531815,0.0094429900238184,0.716745921340784,-4.59233817520669,"Myeloid","Porphobilinogen",FALSE
"734","HMDB0000245",0.357928837240228,107038466,0.0131882529528567,0.00728246302275055,0.370342554138733,0.856755087408906,"NK","Porphobilinogen",FALSE
"735","HMDB0000245",3.78179452903717e-05,42728095.5,0.0340526860894655,0.00675064489942293,6.44705924473956e-05,2.33467136636476,"Endo","Porphobilinogen",FALSE
"736","HMDB0000245",0.370611801322014,107027389,0.0110337593685132,0.0076462134168656,0.386819314499362,0.52910704913316,"T","Porphobilinogen",FALSE
"737","HMDB0000245",8.0573019430591e-13,14560757.5,0.0923055318072586,0.00678701575926167,1.78056425655257e-12,3.76556784204804,"Oligo","Porphobilinogen",FALSE
"738","HMDB0000245",0.433522483009758,106252392.5,0.00224796939298688,0.00912954787162271,0.443431568335696,-2.02192102166336,"B","Porphobilinogen",FALSE
"739","HMDB0000245",1.70105262021358e-06,84134507.5,0.0301639211994547,0.00550575395348887,2.37881577357992e-06,2.45381194195615,"Fibro","Porphobilinogen",FALSE
"740","HMDB0000245",1.22260445994364e-24,101882849.5,-0.0184439341445667,0.0126230315011269,1.70973592445244e-24,NA,"Epi","Porphobilinogen",FALSE
"741","HMDB0000248",2.23911984996253e-14,105444182,0.000209312931643048,0.00336158755485548,3.27185676035342e-14,-4.00540937488244,"Myeloid","Thyroxine",TRUE
"742","HMDB0000248",0,89354378,0.0249777777725859,0.000271327492232307,0,6.52446608251497,"Fibro","Thyroxine",TRUE
"743","HMDB0000248",9.67022198496042e-18,105299916,6.58852071810337e-05,0.00338580293970471,1.40729246773001e-17,-5.6833996160636,"B","Thyroxine",TRUE
"744","HMDB0000248",0.246987177685463,13326331,0.00132344081181351,0.0029316127090129,0.291819833700977,-1.14740084907988,"Oligo","Thyroxine",TRUE
"745","HMDB0000248",2.92472030307909e-18,105279000,0,0.00339692656070438,4.6952908901449e-18,-Inf,"T","Thyroxine",TRUE
"746","HMDB0000248",0.00203182643865334,17319876,0,0.00296776989734524,0.00418042451171204,-Inf,"pDC","Thyroxine",TRUE
"747","HMDB0000248",7.99321112576816e-06,41113553,0.000400594001600185,0.00304014416456444,1.37575460722356e-05,-2.92392701447956,"Endo","Thyroxine",TRUE
"748","HMDB0000248",9.96642306040965e-17,105341680,0.000187453117950605,0.00336527822068233,1.46228666214207e-16,-4.16612405537994,"NK","Thyroxine",TRUE
"749","HMDB0000248",6.45584885112863e-05,106001906,0.000930267957999815,0.00323986629428536,7.62770260298367e-05,-1.80021603521884,"Epi","Thyroxine",TRUE
"750","HMDB0000248",1.37912930081788e-10,65531940,0,0.00317241679011674,2.20414415041429e-10,-Inf,"Mast","Thyroxine",TRUE
"751","HMDB0000251",0.562444662177711,41740259.5,0.0365000088260471,0.0176068427598927,0.599171199678872,1.05176058301161,"Endo","Taurine",FALSE
"752","HMDB0000251",0.00482398048362567,65079597,0.00190659329244361,0.0200908327290265,0.00601736938375606,-3.39746833131903,"Mast","Taurine",FALSE
"753","HMDB0000251",0.000123154838034542,18370994.5,0.0297603025136817,0.0183282276224287,0.000293929546775774,0.699321910501167,"pDC","Taurine",FALSE
"754","HMDB0000251",5.00959632341999e-10,110048929.5,0.0238123268672454,0.0176793003055416,6.56936074646284e-10,0.429647424959724,"B","Taurine",FALSE
"755","HMDB0000251",2.38911956827161e-12,110485751,0.0186492496563353,0.0185509999866002,3.38065140490607e-12,0.0076206284760508,"Myeloid","Taurine",FALSE
"756","HMDB0000251",0.0950687175971293,105691999,0.0240398012722041,0.0176408950371036,0.102513858131844,0.446501209857453,"Epi","Taurine",FALSE
"757","HMDB0000251",1.85802794276397e-08,14490170,0.0683009297668222,0.0177683591337363,3.51943917200794e-08,1.94259475974961,"Oligo","Taurine",FALSE
"758","HMDB0000251",4.72438473125627e-11,110248088,0.0312031650454391,0.0164314802518199,6.81987795882962e-11,0.925229920830171,"T","Taurine",FALSE
"759","HMDB0000251",1.47002768515929e-162,69017298,-0.0225012117352237,0.023467750982237,8.91982900486486e-162,NA,"Fibro","Taurine",FALSE
"760","HMDB0000251",5.58963449803357e-05,108839675.5,0.0217838867865521,0.0180217686629101,6.78335305185091e-05,0.273520784942366,"NK","Taurine",FALSE
"761","HMDB0000252",0,95012863,0.277050031599065,0.0711200794789863,0,1.96181769004921,"Mast","Sphingosine",FALSE
"762","HMDB0000252",1.17361344367828e-139,85892294,0.018023880352359,0.100278813169634,4.61707266853655e-139,-2.47603527983867,"B","Sphingosine",FALSE
"763","HMDB0000252",8.19564548836764e-64,120505087,0.119756451878596,0.0831029611476456,1.60330113925443e-63,0.527131593715601,"Epi","Sphingosine",FALSE
"764","HMDB0000252",2.61989128480774e-200,81741515,0.00485624254219621,0.102501949723773,2.60533633322547e-199,-4.39966706379614,"T","Sphingosine",FALSE
"765","HMDB0000252",0,164393063.5,0.290935352841564,0.0542022518849464,0,2.42427391924905,"Myeloid","Sphingosine",FALSE
"766","HMDB0000252",1.92116716751814e-210,81113576,0.00342554231230204,0.102743499652845,2.0841752908227e-209,-4.9065709051436,"NK","Sphingosine",FALSE
"767","HMDB0000252",1.80264228008779e-65,8401047.5,-0.0780177883739897,0.0910636058000042,1.31703252300292e-64,NA,"Oligo","Sphingosine",FALSE
"768","HMDB0000252",4.49042696303852e-56,33428901.5,0.00913795024635686,0.092632651552523,3.42036777184636e-55,-3.34157831783831,"Endo","Sphingosine",FALSE
"769","HMDB0000252",1.24149353744293e-45,71939832.5,0.0345486495456323,0.0948259466166179,3.00307220543627e-45,-1.45665254959501,"Fibro","Sphingosine",FALSE
"770","HMDB0000252",1.58786123858242e-70,11584582,-0.0428048344012768,0.0911745386079629,4.37272556471159e-69,NA,"pDC","Sphingosine",FALSE
"771","HMDB0000256",2.83178821814278e-12,111069120,0.146440748532186,0.135598380826477,3.63362072435525e-12,0.110977101685234,"Epi","Squalene",FALSE
"772","HMDB0000256",1.34787123516838e-46,115755113.5,0.175549090317588,0.130683921635965,2.59428979672193e-46,0.425792866563786,"Myeloid","Squalene",FALSE
"773","HMDB0000256",1.71452448674651e-10,102542082,0.128164257076164,0.138684062314916,2.28178351767751e-10,-0.113808027600886,"NK","Squalene",FALSE
"774","HMDB0000256",5.26317442713505e-57,16985233.5,0.545214752746686,0.130627010883629,3.36467222306133e-56,2.06137135363799,"Oligo","Squalene",FALSE
"775","HMDB0000256",0.0236640790390565,40639886,0.119023500181308,0.138133885372485,0.0329639700232771,-0.214820818345258,"Endo","Squalene",FALSE
"776","HMDB0000256",9.05586801737553e-10,78764358,0.0927199161615334,0.142470370820547,1.33415668733351e-09,-0.619710750112724,"Fibro","Squalene",FALSE
"777","HMDB0000256",7.67163102323174e-12,62864962,0.0903325236325928,0.141453522827238,1.29549240864008e-11,-0.647010687523146,"Mast","Squalene",FALSE
"778","HMDB0000256",0.00402704569638754,18254792.5,0.172735565633385,0.136411594438973,0.00792133164454252,0.340598886313809,"pDC","Squalene",FALSE
"779","HMDB0000256",0.000799235614494172,104475630.5,0.138013764675557,0.137021136838064,0.000902606782299412,0.01041369999641,"B","Squalene",FALSE
"780","HMDB0000256",5.73428588242194e-10,102661584,0.114391835333145,0.141009306573403,8.14632676947243e-10,-0.301806299153416,"T","Squalene",FALSE
"781","HMDB0000258",1.69214503926127e-12,111207530.5,0.0216905644137965,0.0562109892682843,2.26886862942148e-12,-1.37378461130372,"B","Sucrose",FALSE
"782","HMDB0000258",6.32052856833215e-12,111086783,0.0179542831395704,0.0568417981952177,9.31172521589675e-12,-1.66262414339907,"T","Sucrose",FALSE
"783","HMDB0000258",6.55319210870859e-08,103097458,0.114159107291311,0.0405992143438347,8.92031473352728e-08,1.491522243828,"Myeloid","Sucrose",FALSE
"784","HMDB0000258",1.08970242203348e-17,112187901,0.0300202844576144,0.054804654633164,1.61872807920326e-17,-0.868360781123301,"NK","Sucrose",FALSE
"785","HMDB0000258",0.0400568469663928,13862741,0.0675611698944809,0.0509629175162826,0.0510332783415253,0.406746439060887,"Oligo","Sucrose",FALSE
"786","HMDB0000258",0.105253826595739,42198667,0.0777875688981707,0.0498052576762096,0.12779170512209,0.643241570963756,"Endo","Sucrose",FALSE
"787","HMDB0000258",0.182861447339688,81433023.5,0.0890111078202117,0.0467136551540242,0.191416368852656,0.930141048649005,"Fibro","Sucrose",FALSE
"788","HMDB0000258",2.71465175108879e-26,71752585,0.110166634276302,0.0458265787886935,6.35193024110971e-26,1.26543085727834,"Mast","Sucrose",FALSE
"789","HMDB0000258",0.0279224606568931,18091325.5,0.0712437712583609,0.050800910491079,0.0449866404026304,0.487909532636753,"pDC","Sucrose",FALSE
"790","HMDB0000258",1.36859616550276e-159,89094747.5,-0.00381961696898633,0.0605179589429058,4.01604448565564e-159,NA,"Epi","Sucrose",FALSE
"791","HMDB0000262",4.23875415120146e-88,54198424.5,0.207659946819381,0.377492672036752,2.44753868730665e-87,-0.86222566095427,"Mast","Thymine",TRUE
"792","HMDB0000262",1.5008684769199e-06,85453962.5,0.359028241033355,0.363747128810562,2.10710162642089e-06,-0.0188385299559984,"Fibro","Thymine",TRUE
"793","HMDB0000262",1.45784612795683e-99,90270272,0.240531998700996,0.383961719046488,4.57814836674164e-99,-0.674733648675146,"B","Thymine",TRUE
"794","HMDB0000262",0,184645133,1.01709276543005,0.252852354412172,0,2.0080841511364,"Myeloid","Thymine",TRUE
"795","HMDB0000262",1.84955670511696e-245,80794505,0.181666149209172,0.393900238292111,3.00973318378123e-244,-1.1165406699139,"NK","Thymine",TRUE
"796","HMDB0000262",5.88455898297718e-06,18928296.5,0.394673287135562,0.362578603718474,1.59596372417108e-05,0.122365083805849,"pDC","Thymine",TRUE
"797","HMDB0000262",2.58339422353629e-27,36325810.5,0.246965284479036,0.369457221710907,1.12787211222682e-26,-0.581099070229556,"Endo","Thymine",TRUE
"798","HMDB0000262",3.95572279737611e-49,9360291.5,0.0899842993357362,0.367621843984423,2.11365486785171e-48,-2.03047728988275,"Oligo","Thymine",TRUE
"799","HMDB0000262",5.77213505673469e-10,111395588,0.346345523363032,0.366096865988572,7.32774592308872e-10,-0.0800133967339789,"Epi","Thymine",TRUE
"800","HMDB0000262",6.5917831985334e-212,82640478.5,0.190217608388549,0.392456466693364,7.37455745335924e-211,-1.04488182942384,"T","Thymine",TRUE
"801","HMDB0000263",2.79795486607418e-21,36486355.5,-0.0175911288035643,0.0562073252048435,1.03264725985006e-20,NA,"Endo","Phosphoenolpyruvic acid",FALSE
"802","HMDB0000263",0.166888248694046,81156500.5,0.0478806239572606,0.0530110856859009,0.175723508919025,-0.146852134909389,"Fibro","Phosphoenolpyruvic acid",FALSE
"803","HMDB0000263",0.930444239605258,66248496,0.0467871751464805,0.05298381800062,0.933050525990707,-0.17943868148077,"Mast","Phosphoenolpyruvic acid",FALSE
"804","HMDB0000263",3.06712564377596e-25,115488787,0.107195672446419,0.0432233805246374,5.03683935996236e-25,1.31036284880286,"NK","Phosphoenolpyruvic acid",FALSE
"805","HMDB0000263",3.45718405879265e-12,15497385.5,0.143822855794167,0.0510002338678154,7.50104177604708e-12,1.49571719386823,"Oligo","Phosphoenolpyruvic acid",FALSE
"806","HMDB0000263",9.88326459022281e-34,116964314.5,0.0974763204669166,0.0448643313906685,1.96567151294431e-33,1.11948288230539,"T","Phosphoenolpyruvic acid",FALSE
"807","HMDB0000263",3.35268825607909e-36,13157968,-0.138000698089768,0.0564954429485549,4.80104958270526e-35,NA,"pDC","Phosphoenolpyruvic acid",FALSE
"808","HMDB0000263",8.34734731675942e-32,96579685,-0.0267077596853188,0.0658307470841068,1.45065550456304e-31,NA,"Myeloid","Phosphoenolpyruvic acid",FALSE
"809","HMDB0000263",2.17234986266636e-07,102181654,0.0772943557696271,0.0482717203316257,2.67251288946583e-07,0.679184825552986,"B","Phosphoenolpyruvic acid",FALSE
"810","HMDB0000263",2.09558153333431e-05,110251616,0.055701611193381,0.0519172959818445,2.50072729644561e-05,0.101503813611338,"Epi","Phosphoenolpyruvic acid",FALSE
"811","HMDB0000267",1.49657485323463e-30,113811080.5,0.12007495675876,0.117686926873106,2.58827921477294e-30,0.0289812199986987,"Myeloid","Pyroglutamic acid",FALSE
"812","HMDB0000267",2.94651532824607e-08,12158320.5,0.0534713123403858,0.119066214274541,5.55185519743206e-08,-1.15492710804275,"Oligo","Pyroglutamic acid",FALSE
"813","HMDB0000267",0,138398621.5,0.275740323259046,0.091405419782057,0,1.59295864131606,"Epi","Pyroglutamic acid",FALSE
"814","HMDB0000267",1.05512118912621e-86,94250748,0.0765801012095124,0.125030309542235,3.7399345119523e-86,-0.707236399901646,"NK","Pyroglutamic acid",FALSE
"815","HMDB0000267",3.54173185108661e-123,91828092,0.0557594202029208,0.128545535104719,1.2938163292745e-122,-1.2049920355532,"B","Pyroglutamic acid",FALSE
"816","HMDB0000267",4.35533847503619e-06,43336774,0.146935532626593,0.116487397746057,7.56898628185902e-06,0.335009432681901,"Endo","Pyroglutamic acid",FALSE
"817","HMDB0000267",3.44905907757729e-28,60868575.5,0.087356417843303,0.120841211772662,8.28700100518571e-28,-0.468126953212551,"Mast","Pyroglutamic acid",FALSE
"818","HMDB0000267",3.29517653872243e-28,88251856.5,0.138100883195737,0.11563600396712,6.70268864126495e-28,0.256131886501438,"Fibro","Pyroglutamic acid",FALSE
"819","HMDB0000267",3.22046199116785e-79,94808895.5,0.0688459378879263,0.126336094333994,1.09802418365532e-78,-0.875823438517921,"T","Pyroglutamic acid",FALSE
"820","HMDB0000267",1.81882289815664e-06,16299798,0.0696427483064049,0.119056108893901,5.20910878032061e-06,-0.773596606516023,"pDC","Pyroglutamic acid",FALSE
"821","HMDB0000280",0.00178205752120601,103948728.5,0.0907181226978532,0.10651149714237,0.002078099650136,-0.231546476438239,"T","Phosphoribosyl pyrophosphate",FALSE
"822","HMDB0000280",7.26975450367226e-14,37555977,0.0777885825798764,0.105643117804186,1.94221799426468e-13,-0.441568460661829,"Endo","Phosphoribosyl pyrophosphate",FALSE
"823","HMDB0000280",4.62207584380967e-52,119565653,0.143743272276844,0.0975590828963809,8.31509121650181e-52,0.559146332845667,"Epi","Phosphoribosyl pyrophosphate",FALSE
"824","HMDB0000280",5.93976170911034e-15,11029581.5,0.0659328995848676,0.104843780358696,1.46650668404241e-14,-0.66917084461813,"Oligo","Phosphoribosyl pyrophosphate",FALSE
"825","HMDB0000280",2.67792200426208e-92,123996920.5,0.158435672485888,0.0950785155809928,6.5217420239852e-92,0.736705916695107,"Myeloid","Phosphoribosyl pyrophosphate",FALSE
"826","HMDB0000280",9.88875313063778e-61,92589553.5,0.0722009657051985,0.109637811002348,2.2126085129802e-60,-0.602655390375435,"B","Phosphoribosyl pyrophosphate",FALSE
"827","HMDB0000280",1.9990358726654e-47,56575554.5,0.0413383030791465,0.109990022742013,7.22883679206275e-47,-1.41182158895582,"Mast","Phosphoribosyl pyrophosphate",FALSE
"828","HMDB0000280",1.92277791328076e-25,90002215,0.13897090516444,0.100082818038002,3.80306349698625e-25,0.473588555862376,"Fibro","Phosphoribosyl pyrophosphate",FALSE
"829","HMDB0000280",2.10681192684573e-16,99605332,0.0749447733774235,0.109174564729813,3.06601085288931e-16,-0.542737005480075,"NK","Phosphoribosyl pyrophosphate",FALSE
"830","HMDB0000280",2.36009075253803e-06,19143246.5,0.14223669400723,0.103425732676757,6.60087882350481e-06,0.459698519473771,"pDC","Phosphoribosyl pyrophosphate",FALSE
"831","HMDB0000286",2.57626436329557e-13,37717059,0.279847293171699,0.334113059936957,6.54115348978592e-13,-0.255696583075811,"Endo","Uridine diphosphate glucose",TRUE
"832","HMDB0000286",4.97885939664611e-11,101111068,0.304138191249424,0.335956473791164,6.72615722263889e-11,-0.143547340995162,"NK","Uridine diphosphate glucose",TRUE
"833","HMDB0000286",2.82932341467618e-93,10558786,0.0721251818559114,0.336847617363842,1.68816297075679e-91,-2.22352113821928,"pDC","Uridine diphosphate glucose",TRUE
"834","HMDB0000286",1.16500034257973e-11,100932772,0.283450253860698,0.33944928780243,1.48953615229836e-11,-0.260100497165752,"Epi","Uridine diphosphate glucose",TRUE
"835","HMDB0000286",2.18050533394279e-66,121026579,0.426122073028007,0.315361524985055,4.67437670390131e-66,0.434260126820295,"Myeloid","Uridine diphosphate glucose",TRUE
"836","HMDB0000286",0.0107007470625603,104476723,0.234014129333914,0.347795754884446,0.0115387573746885,-0.571644683888499,"B","Uridine diphosphate glucose",TRUE
"837","HMDB0000286",9.28232763959982e-27,10211393.5,0.0815687038529623,0.335362444342716,3.04869109630893e-26,-2.03963350474468,"Oligo","Uridine diphosphate glucose",TRUE
"838","HMDB0000286",3.05288393676459e-05,110105465,0.357126714127742,0.32701024335417,3.79490433806154e-05,0.127100228002342,"T","Uridine diphosphate glucose",TRUE
"839","HMDB0000286",6.98616373977114e-19,72168368.5,0.47941480874373,0.317801216845322,1.4210492152489e-18,0.593149824676694,"Mast","Uridine diphosphate glucose",TRUE
"840","HMDB0000286",1.80341072811053e-06,85704548,0.397069075779216,0.323516069510214,2.5121441270956e-06,0.295552631656451,"Fibro","Uridine diphosphate glucose",TRUE
"841","HMDB0000289",4.08708672139406e-11,65448516,0.00108982240298066,0.0076980692593657,6.65080475572305e-11,-2.82040359794982,"Mast","Uric acid",FALSE
"842","HMDB0000289",0.00255035104805413,17309701,0.00060724861847898,0.00728199767781597,0.00512935772586167,-3.58397507294193,"pDC","Uric acid",FALSE
"843","HMDB0000289",0.00377970143786751,13219865,0,0.00725809408803245,0.00518441806420142,-Inf,"Oligo","Uric acid",FALSE
"844","HMDB0000289",5.02066166656929e-17,105230433,0.00144012562999567,0.00810658750692376,7.52048902356403e-17,-2.4929000639956,"Myeloid","Uric acid",FALSE
"845","HMDB0000289",1.2308709949551e-07,40995899,0,0.00752536482972865,2.3438926393294e-07,-Inf,"Endo","Uric acid",FALSE
"846","HMDB0000289",0,114060010,0.0422138201734355,0.00122262759751302,0,5.10965845040934,"Epi","Uric acid",FALSE
"847","HMDB0000289",1.78465208490275e-20,105083883,0.000111795525490297,0.00833085394361215,2.78998011526282e-20,-6.21953003284424,"NK","Uric acid",FALSE
"848","HMDB0000289",0.937369889695639,82205603,0.00461177954390082,0.00744590053954807,0.937369889695639,-0.691122795426792,"Fibro","Uric acid",FALSE
"849","HMDB0000289",8.19937117978813e-15,105333010,0.00102844226830653,0.00817609339273992,1.243802916256e-14,-2.99095086545743,"T","Uric acid",FALSE
"850","HMDB0000289",1.87802280515497e-19,105125842,0.000536083917214003,0.0082592199082038,2.7897600176161e-19,-3.94547476476364,"B","Uric acid",FALSE
"851","HMDB0000290",5.00389249631798e-07,110910909.5,-0.01512778135761,0.00310095832159267,6.49055620899216e-07,NA,"T","Uridine diphosphate-N-acetylglucosamine",FALSE
"852","HMDB0000290",5.18532325389747e-60,94459183.5,0.0809103110493118,-0.00913542926757979,1.49705300394782e-59,NA,"Fibro","Uridine diphosphate-N-acetylglucosamine",FALSE
"853","HMDB0000290",3.97659864440502e-27,13774100,-0.0380102340906377,0.00128234580325834,3.95450642971388e-26,NA,"pDC","Uridine diphosphate-N-acetylglucosamine",FALSE
"854","HMDB0000290",2.66659470191302e-26,35878431.5,-0.0199941392722144,0.00156127970717598,1.13647726581531e-25,NA,"Endo","Uridine diphosphate-N-acetylglucosamine",FALSE
"855","HMDB0000290",0.454739193919681,107253076.5,0.0135169947258122,-0.00173523551319075,0.46646599261675,NA,"NK","Uridine diphosphate-N-acetylglucosamine",FALSE
"856","HMDB0000290",0.000423191264431501,12321182.5,-0.0116654775597918,0.000662281547067582,0.000633901559273964,NA,"Oligo","Uridine diphosphate-N-acetylglucosamine",FALSE
"857","HMDB0000290",2.78880260485643e-06,110619922.5,0.0179171573534788,-0.00247812976064417,3.37294369100879e-06,NA,"Epi","Uridine diphosphate-N-acetylglucosamine",FALSE
"858","HMDB0000290",5.65608260950099e-43,118362501.5,-0.0193502715207765,0.00381385552962349,1.10047694250074e-42,NA,"B","Uridine diphosphate-N-acetylglucosamine",FALSE
"859","HMDB0000290",8.62908860766306e-13,61486251,-0.0229098903474023,0.00260889119248935,1.49237377852337e-12,NA,"Mast","Uridine diphosphate-N-acetylglucosamine",FALSE
"860","HMDB0000290",7.13568973357593e-95,88947203.5,-0.0263996309676371,0.00500402258126296,1.77401175320846e-94,NA,"Myeloid","Uridine diphosphate-N-acetylglucosamine",FALSE
"861","HMDB0000291",1.67287001535163e-39,16865621,0.19592436191169,0.108537556725369,7.1296126844748e-39,0.852102460601824,"Oligo","Vanillylmandelic acid",FALSE
"862","HMDB0000291",5.61718374195932e-15,19873159.5,0.139998941186745,0.10927876441954,2.91442286901657e-14,0.357402839360016,"pDC","Vanillylmandelic acid",FALSE
"863","HMDB0000291",0,137814285.5,0.184349197990756,0.0973486465392218,0,0.921208313941437,"Epi","Vanillylmandelic acid",FALSE
"864","HMDB0000291",0.119865419067095,42264745,0.111301955521173,0.109841448818754,0.144484242511851,0.0190563803493981,"Endo","Vanillylmandelic acid",FALSE
"865","HMDB0000291",0,77339317.5,0.0396179942810995,0.121784102171445,0,-1.62009806592049,"T","Vanillylmandelic acid",FALSE
"866","HMDB0000291",6.51636391853608e-54,57213172,0.0736181468253987,0.113239748429004,2.84494912540965e-53,-0.62124711067594,"Mast","Vanillylmandelic acid",FALSE
"867","HMDB0000291",0,152171568.5,0.222035363879628,0.0909859644712036,0,1.28707355799861,"Myeloid","Vanillylmandelic acid",FALSE
"868","HMDB0000291",0,71911407,0.0267561855534861,0.123955604573541,0,-2.21187914285543,"B","Vanillylmandelic acid",FALSE
"869","HMDB0000291",8.67426457005156e-268,80535322,0.0488005486987808,0.120233780642206,1.82669806828145e-266,-1.30087301548659,"NK","Vanillylmandelic acid",FALSE
"870","HMDB0000291",4.64464243296746e-129,98024164,0.157194952336192,0.104271255519189,2.55812614000361e-128,0.592213387579231,"Fibro","Vanillylmandelic acid",FALSE
"871","HMDB0000292",2.7713116377444e-14,77880763,0.0458035953070889,0.0681905640247315,4.38995383324113e-14,-0.574111272230964,"Fibro","Xanthine",TRUE
"872","HMDB0000292",0.0232018702095475,67463268.5,0.0844729238684453,0.0640931657782201,0.0278733877014027,0.398318456812912,"Mast","Xanthine",TRUE
"873","HMDB0000292",3.71691882944925e-08,103060378.5,0.0351534234283681,0.0709776812558369,4.58847221014769e-08,-1.01370025078908,"Epi","Xanthine",TRUE
"874","HMDB0000292",3.35618406827467e-13,11723598,0.0268760256106572,0.0664266707498266,7.65295475440976e-13,-1.30544279938763,"Oligo","Xanthine",TRUE
"875","HMDB0000292",5.26287212963921e-28,99530324.5,0.0608689557448422,0.0666360414927989,9.0582126077444e-28,-0.130596084646553,"NK","Xanthine",TRUE
"876","HMDB0000292",0,135233474,0.12376602606806,0.056016917683375,0,1.14368084048657,"Myeloid","Xanthine",TRUE
"877","HMDB0000292",4.10015575017846e-08,103071559.5,0.0664900444883737,0.0656870141850948,5.45671285711483e-08,0.0175301539037455,"T","Xanthine",TRUE
"878","HMDB0000292",0.00843581625772181,16822167,0.052359382006282,0.0660875666625545,0.015100111101322,-0.335930807487848,"pDC","Xanthine",TRUE
"879","HMDB0000292",6.50817115048638e-74,94871070.5,0.0420955697873578,0.0698056153502165,1.66423233705294e-73,-0.729674685858617,"B","Xanthine",TRUE
"880","HMDB0000292",2.82679782611327e-12,44356158.5,0.0963920115632676,0.0641684818715309,6.70194451489106e-12,0.587048737162194,"Endo","Xanthine",TRUE
"881","HMDB0000294",0.434324324088992,82001590.5,0.00784193073738781,0.00943061792588878,0.445524664824811,-0.266143404706521,"Fibro","Urea",TRUE
"882","HMDB0000294",1.44012134033956e-251,116120344.5,0.0232604497037391,0.00689764266244792,7.5818152917877e-251,1.75370369334248,"Epi","Urea",TRUE
"883","HMDB0000294",0.888076407819854,13403178.5,0.00780864353331131,0.00928445714957782,0.907030247682303,-0.249745605531492,"Oligo","Urea",TRUE
"884","HMDB0000294",9.87908462281875e-21,103993838.5,0.00325550371438622,0.0102751449399007,1.54441584933149e-20,-1.65820605484685,"Myeloid","Urea",TRUE
"885","HMDB0000294",0.372964816591421,106363993.5,0.0108066825310477,0.00900025403720589,0.388143617266654,0.263886080030636,"T","Urea",TRUE
"886","HMDB0000294",2.56620310120164e-06,16976618.5,0.00187838518830196,0.00941745540510315,7.12171093201696e-06,-2.32584435906008,"pDC","Urea",TRUE
"887","HMDB0000294",0.000379145751240278,65520814.5,0.0095483023986632,0.00923489052902971,0.000499022716705954,0.0481493983766338,"Mast","Urea",TRUE
"888","HMDB0000294",3.32530215873565e-31,103353762,0.00414753891886176,0.0101245396377775,5.95229086413681e-31,-1.28752888619398,"NK","Urea",TRUE
"889","HMDB0000294",1.2183500274071e-07,105129363.5,0.00790086179391277,0.00949085352009208,1.51447677017966e-07,-0.264527810618522,"B","Urea",TRUE
"890","HMDB0000294",0.0254856056681823,41149258,0.00651037731438433,0.00940817524686417,0.0352272078347848,-0.531173775208772,"Endo","Urea",TRUE
"891","HMDB0000300",3.60423705636232e-271,77907279,0.10252829489552,0.216803819514113,3.48734288156138e-270,-1.08036806590617,"B","Uracil",TRUE
"892","HMDB0000300",3.83147296438093e-11,77458433.5,0.15998961049388,0.205109139074533,5.78762582805221e-11,-0.358413554085143,"Fibro","Uracil",TRUE
"893","HMDB0000300",2.72257726221102e-64,8494057,0.0549230037064371,0.202626258832227,1.8743897305222e-63,-1.88333871574199,"Oligo","Uracil",TRUE
"894","HMDB0000300",0.0102272652259534,16662258.5,0.161127540240023,0.201126265337144,0.0182157261238375,-0.319898393913679,"pDC","Uracil",TRUE
"895","HMDB0000300",1.56901951906178e-170,83901647,0.121225394661897,0.213647125310774,1.2766113359639e-169,-0.817537954648523,"T","Uracil",TRUE
"896","HMDB0000300",6.72865136905583e-51,118857517.5,0.217702883629944,0.197358506541899,1.17505228786438e-50,0.141541813597042,"Epi","Uracil",TRUE
"897","HMDB0000300",1.47446264864997e-124,87245998.5,0.133199314793024,0.211625528125036,7.43461448192518e-124,-0.667927007579836,"NK","Uracil",TRUE
"898","HMDB0000300",0,190261045.5,0.532273087172218,0.144248561658854,0,1.88360968902059,"Myeloid","Uracil",TRUE
"899","HMDB0000300",1.75943921157527e-100,52614883,0.117920899499289,0.207841420453332,1.18845139196971e-99,-0.817663761312607,"Mast","Uracil",TRUE
"900","HMDB0000300",0.067576303139433,40609642.5,0.1822289357061,0.201262649685093,0.0864011304425608,-0.143327402310506,"Endo","Uracil",TRUE
"901","HMDB0000301",0.0610572052397639,82066186,0.000298257799609785,0.00109122921141394,0.066439147342965,-1.87132239907476,"Fibro","Urocanic acid",FALSE
"902","HMDB0000301",0.878012267901418,13393417.5,0.00136194539735817,0.00100096718426119,0.907030247682303,0.44427418689011,"Oligo","Urocanic acid",FALSE
"903","HMDB0000301",0.000329559202463535,106334452.5,0.000421102418865174,0.00110552088232958,0.000378148059237005,-1.39248320900327,"B","Urocanic acid",FALSE
"904","HMDB0000301",0.00121404951721324,66108707.5,0,0.00109885201244106,0.00156341628475661,-Inf,"Mast","Urocanic acid",FALSE
"905","HMDB0000301",0.369953675307859,17483161,0.000471771962728231,0.00101798116796988,0.464713739509521,-1.10954928539582,"pDC","Urocanic acid",FALSE
"906","HMDB0000301",3.02803005039313e-46,107725481,0.00387497832975072,0.000522391402186824,5.13760548834475e-46,2.89098518484716,"Epi","Urocanic acid",FALSE
"907","HMDB0000301",0.000300973171773756,106895383,0.00215551593776918,0.000812694017750142,0.000365248798288151,1.40724905004727,"Myeloid","Urocanic acid",FALSE
"908","HMDB0000301",0.000113458522696094,106313514,8.09139272765443e-05,0.00116295604889866,0.000135393837084006,-3.84526471713736,"T","Urocanic acid",FALSE
"909","HMDB0000301",1.11741349974402e-05,106272000,0,0.00117661701923067,1.36997956475465e-05,-Inf,"NK","Urocanic acid",FALSE
"910","HMDB0000301",0.0134559597397072,41420459.5,0,0.00106045029619892,0.0190404489597438,-Inf,"Endo","Urocanic acid",FALSE
"911","HMDB0000302",2.8483057704215e-26,115332044.5,0.0283078729392803,0.00984449296047909,5.0479874545094e-26,1.52381454154214,"T","Uridine diphosphategalactose",FALSE
"912","HMDB0000302",1.62305384993452e-86,67963171.5,-0.0275588445562408,0.0172950983574791,6.18141785400594e-86,NA,"Fibro","Uridine diphosphategalactose",FALSE
"913","HMDB0000302",5.15224122020521e-36,13336740.5,-0.0466698250403072,0.0137641307821347,7.09423983397487e-35,NA,"pDC","Uridine diphosphategalactose",FALSE
"914","HMDB0000302",0.00187685527609214,104057951.5,0.00942465700473224,0.0130326097821147,0.00211293770075781,-0.467613992861587,"NK","Uridine diphosphategalactose",FALSE
"915","HMDB0000302",4.73111164180779e-98,7266380,-0.113765106279011,0.0145345736144104,5.29293114927246e-97,NA,"Oligo","Uridine diphosphategalactose",FALSE
"916","HMDB0000302",1.28657408506367e-06,39055836.5,0.00181823722068411,0.0130828485871828,2.2915100619542e-06,-2.84706435789134,"Endo","Uridine diphosphategalactose",FALSE
"917","HMDB0000302",0.00692557687968916,108834081,0.00395233328806818,0.0139565205902633,0.00758213003953737,-1.82016280223348,"B","Uridine diphosphategalactose",FALSE
"918","HMDB0000302",1.84837257875948e-30,73744555.5,0.0253732512690761,0.0113335360626615,4.69303108649571e-30,1.16271034264579,"Mast","Uridine diphosphategalactose",FALSE
"919","HMDB0000302",4.2701528355385e-57,119706174,0.0690493546228136,0.002965971656489,7.8395626416553e-57,4.54105121399903,"Epi","Uridine diphosphategalactose",FALSE
"920","HMDB0000302",0.0209520147511867,104715827,-2.94566340477676e-05,0.0146287795674904,0.0235874883047951,NA,"Myeloid","Uridine diphosphategalactose",FALSE
"921","HMDB0000363",0.805801901092446,17520489,0,9.10182244597361e-06,0.856015075937969,-Inf,"pDC","17a-Hydroxypregnenolone",FALSE
"922","HMDB0000363",0.980926257967475,41541913,-0.000332833957937316,2.7174456164155e-05,0.983673950566824,NA,"Endo","17a-Hydroxypregnenolone",FALSE
"923","HMDB0000363",0.275285269179222,66385415,0.000309937387316556,-1.86554795459842e-05,0.297740563039763,NA,"Mast","17a-Hydroxypregnenolone",FALSE
"924","HMDB0000363",0.48745646790857,106677000,0,1.04179985265029e-05,0.50290897841864,-Inf,"Myeloid","17a-Hydroxypregnenolone",FALSE
"925","HMDB0000363",4.91590992625833e-20,82924415,0.00300678892032145,-0.000348977042292475,8.75570026666907e-20,NA,"Fibro","17a-Hydroxypregnenolone",FALSE
"926","HMDB0000363",0.0179047623121307,13313057,-0.00171149011645315,3.64763069713982e-05,0.0235658268667014,NA,"Oligo","17a-Hydroxypregnenolone",FALSE
"927","HMDB0000363",0.48745646790857,106677000,0,1.04179985265029e-05,0.495765384975193,-Inf,"B","17a-Hydroxypregnenolone",FALSE
"928","HMDB0000363",0.641632306764105,106656228,-0.000130607272191632,3.24688633233341e-05,0.65072058306388,NA,"NK","17a-Hydroxypregnenolone",FALSE
"929","HMDB0000363",8.30445114013905e-26,105660994,-0.00185701705321779,0.000323944429932512,1.17046988510621e-25,NA,"Epi","17a-Hydroxypregnenolone",FALSE
"930","HMDB0000363",0.641450816722235,106656251,-4.69864586800138e-05,1.83508802891256e-05,0.656112549675886,NA,"T","17a-Hydroxypregnenolone",FALSE
"931","HMDB0000374",9.11990495388271e-29,63677323.5,0.00143804718697932,0.0224604004806295,2.25167308516552e-28,-3.96520073081426,"Mast","17-Hydroxyprogesterone",FALSE
"932","HMDB0000374",7.53513633361473e-26,103463541.5,0.00503862674558049,0.0233402401221941,1.23177114494706e-25,-2.21171691088391,"Myeloid","17-Hydroxyprogesterone",FALSE
"933","HMDB0000374",1.11095987147517e-07,16866831.5,0.00115041335851984,0.0211103746105743,3.48880380691325e-07,-4.19772794143838,"pDC","17-Hydroxyprogesterone",FALSE
"934","HMDB0000374",6.92836828088398e-06,12911723,0.00289710567320078,0.0209818166406592,1.137777910347e-05,-2.85645538064903,"Oligo","17-Hydroxyprogesterone",FALSE
"935","HMDB0000374",0.298407778949634,41346043,0.0199596693951503,0.0207360247145757,0.338069572354332,-0.0550515182496288,"Endo","17-Hydroxyprogesterone",FALSE
"936","HMDB0000374",3.19353607917444e-34,102958615,0.00560728515457525,0.0232442316114741,6.42295458620478e-34,-2.05149839119686,"T","17-Hydroxyprogesterone",FALSE
"937","HMDB0000374",0,94089702,0.0898356839130464,0.0124427383367797,0,2.85198459456598,"Fibro","17-Hydroxyprogesterone",FALSE
"938","HMDB0000374",7.26218432156326e-56,101895162.5,0.000311990244889419,0.0241382540510631,1.54753689709503e-55,-6.27367659724371,"B","17-Hydroxyprogesterone",FALSE
"939","HMDB0000374",1.58399738388755e-168,114906165.5,0.0571851241170111,0.0145361716819728,4.72559219526454e-168,1.9759925355746,"Epi","17-Hydroxyprogesterone",FALSE
"940","HMDB0000374",8.28223050093715e-56,101897654.5,0.000485374774841041,0.0241089809580441,1.95068323640493e-55,-5.63432772907084,"NK","17-Hydroxyprogesterone",FALSE
"941","HMDB0000405",2.09746187216662e-06,43705406,0.53433574756962,0.457406867946572,3.68083995213554e-06,0.224268510136611,"Endo","2-Methoxyestradiol",FALSE
"942","HMDB0000405",3.04311598163121e-232,130402641.5,0.688653895543179,0.422925664271242,1.41485132652464e-231,0.703374984106643,"Epi","2-Methoxyestradiol",FALSE
"943","HMDB0000405",1.27375191259619e-26,20675650.5,0.678389558888923,0.456714168201369,1.14000796177359e-25,0.570822419773994,"pDC","2-Methoxyestradiol",FALSE
"944","HMDB0000405",1.26114292374614e-59,56918046,0.297146242075047,0.476343546540323,6.01985555601491e-59,-0.680829307823304,"Mast","2-Methoxyestradiol",FALSE
"945","HMDB0000405",3.24499814247536e-204,84320957.5,0.236818549866407,0.499210544513817,3.22697037501716e-203,-1.07586631677214,"NK","2-Methoxyestradiol",FALSE
"946","HMDB0000405",2.59904912568232e-45,17049204.5,0.887130758453101,0.454486827858613,1.27460217396476e-44,0.964908283744345,"Oligo","2-Methoxyestradiol",FALSE
"947","HMDB0000405",0,149002279.5,0.926740012878963,0.38272878476157,0,1.27584225359619,"Myeloid","2-Methoxyestradiol",FALSE
"948","HMDB0000405",0,75454776.5,0.128518122337896,0.517495269742335,0,-2.0095738672984,"B","2-Methoxyestradiol",FALSE
"949","HMDB0000405",4.16296894787156e-270,80942655,0.189541820921777,0.50719243358095,6.20976201390841e-269,-1.42001702025832,"T","2-Methoxyestradiol",FALSE
"950","HMDB0000405",5.11548448611698e-96,95541145,0.63513704065243,0.440557252884559,2.20643788678299e-95,0.527738391632042,"Fibro","2-Methoxyestradiol",FALSE
"951","HMDB0000491",0.43245964870643,17698199.5,0.044051659818581,0.0394298541879985,0.528397796030382,0.159908003993556,"pDC","3-Methyl-2-oxovaleric acid",FALSE
"952","HMDB0000491",2.25265680944467e-92,118580404,0.0670876330313751,0.0348722736147437,4.82904872922869e-92,0.943966415273219,"Epi","3-Methyl-2-oxovaleric acid",FALSE
"953","HMDB0000491",3.61343582122254e-71,96143231,0.00727984546091438,0.0449698234324814,1.1248782817371e-70,-2.62697748965356,"T","3-Methyl-2-oxovaleric acid",FALSE
"954","HMDB0000491",0,135889422.5,0.149514124940253,0.0209559319114046,0,2.83485120081867,"Myeloid","3-Methyl-2-oxovaleric acid",FALSE
"955","HMDB0000491",0.00725832357099752,40556824.5,0.0314008276549838,0.0399598060926672,0.0106060401568045,-0.347746996578994,"Endo","3-Methyl-2-oxovaleric acid",FALSE
"956","HMDB0000491",6.01177785298604e-127,92544647.5,-0.00874422550279423,0.0476752211977539,3.16502422260148e-126,NA,"NK","3-Methyl-2-oxovaleric acid",FALSE
"957","HMDB0000491",5.08655177357553e-46,59714650,0.0047446904962901,0.042710992865988,1.78527993621573e-45,-3.17022154933434,"Mast","3-Methyl-2-oxovaleric acid",FALSE
"958","HMDB0000491",4.70319370942286e-13,14893949,0.091135841297529,0.0386987912300744,1.05233959248336e-12,1.23573003513103,"Oligo","3-Methyl-2-oxovaleric acid",FALSE
"959","HMDB0000491",1.1025794095092e-83,95236819,0.00411647726845747,0.0455039055179883,3.13272562384361e-83,-3.4665082099981,"B","3-Methyl-2-oxovaleric acid",FALSE
"960","HMDB0000491",0.27691860686793,82754615,0.0329513050378053,0.0403105092322824,0.286522720400922,-0.290820404137162,"Fibro","3-Methyl-2-oxovaleric acid",FALSE
"961","HMDB0000510",0.000758341538311313,17037680.5,0.010363721354949,0.0201263384140683,0.00166555994303957,-0.957542594525643,"pDC","Aminoadipic acid",FALSE
"962","HMDB0000510",8.01814731500723e-260,92689320.5,0.0723233848425903,0.0136684714051685,7.36024804813484e-259,2.40361028948351,"Fibro","Aminoadipic acid",FALSE
"963","HMDB0000510",2.18801023193522e-64,100732728,0.000400656974537267,0.0232201668610627,5.88953130099857e-64,-5.85686693829033,"NK","Aminoadipic acid",FALSE
"964","HMDB0000510",1.33710327996078e-22,43660281,0.0552063906035537,0.0180386590944683,5.14712875511785e-22,1.61374318104409,"Endo","Aminoadipic acid",FALSE
"965","HMDB0000510",1.597284817254e-56,101114740.5,0.00209466806266472,0.0229341612746829,3.46562402773897e-56,-3.45270460106514,"B","Aminoadipic acid",FALSE
"966","HMDB0000510",2.25640384365388e-131,115080088.5,0.0400766119672092,0.0165215420100291,5.72902536190135e-131,1.27841220530295,"Epi","Aminoadipic acid",FALSE
"967","HMDB0000510",2.30357481578277e-55,101173297.5,0.00178733561616445,0.022986049244715,6.01956046751995e-55,-3.68487605603087,"T","Aminoadipic acid",FALSE
"968","HMDB0000510",0.000139547080739484,105291783.5,0.0126888894449609,0.0211455032665289,0.000170504624248243,-0.736785089789779,"Myeloid","Aminoadipic acid",FALSE
"969","HMDB0000510",1.65574677755735e-33,63004987,0.00120906911571683,0.0216379424982891,4.42356228630993e-33,-4.16159470030402,"Mast","Aminoadipic acid",FALSE
"970","HMDB0000510",9.26162453108541e-12,14227855,0.0541435565697756,0.0193757356897113,1.99738649525818e-11,1.48253856805478,"Oligo","Aminoadipic acid",FALSE
"971","HMDB0000517",1.54807570776741e-06,103204045,0.011852225553368,0.0403078456492789,1.87961199029523e-06,-1.76590269007759,"B","L-Arginine",TRUE
"972","HMDB0000517",9.76858888842684e-06,39581567,0.0505500248753174,0.0354306172704722,1.67327981916594e-05,0.512715201831461,"Endo","L-Arginine",TRUE
"973","HMDB0000517",0.0331491133438134,105102190.5,0.0219831582323843,0.0385974062302317,0.0359617653851067,-0.812105233343198,"NK","L-Arginine",TRUE
"974","HMDB0000517",1.66655524464802e-33,74677775.5,0.0143986415647644,0.0387999242716496,3.50956927990582e-33,-1.43012112912747,"Fibro","L-Arginine",TRUE
"975","HMDB0000517",0.0331249313558029,16898659.5,0.0127520079090682,0.0366938096023447,0.0523324845054733,-1.52481226573625,"pDC","L-Arginine",TRUE
"976","HMDB0000517",4.37143770528061e-129,123768438,0.0936629346500558,0.0264954686280586,1.10209485809187e-128,1.82173259661078,"Epi","L-Arginine",TRUE
"977","HMDB0000517",1.70722350137385e-08,102611894,0.00482063954838174,0.0414950119509818,2.2976917800445e-08,-3.10564145795824,"T","L-Arginine",TRUE
"978","HMDB0000517",1.31225709256458e-206,5675083.5,-0.152274082408597,0.0392171097028572,3.914900326151e-205,NA,"Oligo","L-Arginine",TRUE
"979","HMDB0000517",0.0315888008048626,67510415.5,0.0603801699894689,0.033982831303471,0.0374463267819233,0.829268761823894,"Mast","L-Arginine",TRUE
"980","HMDB0000517",4.28061005601156e-32,114982693.5,0.0696166820515945,0.0305552782850671,7.47540682952263e-32,1.18801143592972,"Myeloid","L-Arginine",TRUE
"981","HMDB0000574",1.60608357967107e-65,50402747,0.105637348452522,0.0330737467251761,1.47430236287754e-64,1.67536160062876,"Endo","L-Cysteine",TRUE
"982","HMDB0000574",1.9144849401406e-73,91558895.5,0.000950156630919039,0.0427994783196682,5.71154673808613e-73,-5.49328404390391,"NK","L-Cysteine",TRUE
"983","HMDB0000574",2.28428460211688e-105,88508791.5,-0.00610513336200927,0.0439906466453356,7.30155256748074e-105,NA,"B","L-Cysteine",TRUE
"984","HMDB0000574",1.2987708673092e-07,86043678.5,0.0476435819177002,0.0354545578423647,1.86730911846061e-07,0.426310777007017,"Fibro","L-Cysteine",TRUE
"985","HMDB0000574",7.56347701223044e-05,18843569.5,0.0519209919965136,0.0364334839393486,0.000185460600710856,0.511052988672852,"pDC","L-Cysteine",TRUE
"986","HMDB0000574",0,144569425.5,0.126795237356148,0.021552630316084,0,2.55656470253713,"Myeloid","L-Cysteine",TRUE
"987","HMDB0000574",4.429852749838e-98,89158297,-0.00558811313942607,0.0439033563832078,1.70525514456129e-97,NA,"T","L-Cysteine",TRUE
"988","HMDB0000574",1.78731343204739e-10,11511910.5,-0.00416778969177577,0.0374101387510211,3.67734602685612e-10,NA,"Oligo","L-Cysteine",TRUE
"989","HMDB0000574",6.88380884155204e-17,113547743.5,0.0525029481560745,0.0340956472331993,9.19553569132698e-17,0.622810863926989,"Epi","L-Cysteine",TRUE
"990","HMDB0000574",8.17211965540467e-23,59867703.5,0.0114103855133096,0.0390755947440674,1.79485818198458e-22,-1.77592029610889,"Mast","L-Cysteine",TRUE
"991","HMDB0000595",0.25079971397271,17170827.5,0.0213462462947212,0.0411628746261602,0.328887537004507,-0.94736134054953,"pDC","Hydrogen carbonate",FALSE
"992","HMDB0000595",1.03461814309429e-23,113960485,0.00759685214065621,0.0463498299393364,1.67598776121157e-23,-2.60909039840254,"NK","Hydrogen carbonate",FALSE
"993","HMDB0000595",3.78694515797235e-13,11505515,0.30629364967544,0.036497787067746,8.5265809217239e-13,3.06903455780775,"Oligo","Hydrogen carbonate",FALSE
"994","HMDB0000595",0.57521911677123,81834124,0.108704546065956,0.0326398682266867,0.58836698229743,1.73570513768732,"Fibro","Hydrogen carbonate",FALSE
"995","HMDB0000595",4.31995578390896e-35,73440815.5,0.0223037397815927,0.0424416691480099,1.18056806919039e-34,-0.928195761298073,"Mast","Hydrogen carbonate",FALSE
"996","HMDB0000595",2.06613249538988e-32,115288880.5,0.00894516868609446,0.0461221891246414,3.57331127222018e-32,-2.36628039641613,"B","Hydrogen carbonate",FALSE
"997","HMDB0000595",8.81284626333613e-41,116400263.5,0.0216017035248832,0.0439853438032183,2.02243523222714e-40,-1.02587779986468,"T","Hydrogen carbonate",FALSE
"998","HMDB0000595",4.32573796520716e-36,97434221,0.0832576441463411,0.0335757640933656,6.53423709512306e-36,1.31016250478297,"Epi","Hydrogen carbonate",FALSE
"999","HMDB0000595",4.85488281491308e-54,95286189.5,0.017276628331201,0.0447155607867878,9.8194804956999e-54,-1.37195527751131,"Myeloid","Hydrogen carbonate",FALSE
"1000","HMDB0000595",4.26937019605709e-103,31691440.5,0.0391088075200828,0.0408399257382075,5.45869475067299e-102,-0.062486695837839,"Endo","Hydrogen carbonate",FALSE
"1001","HMDB0000601",1.01300726198689e-97,95329541.5,-0.0116640216265509,0.125383816097339,3.8995333310893e-97,NA,"NK","Coprocholic acid",FALSE
"1002","HMDB0000601",4.79715857796714e-119,94136288,-0.0244599359795875,0.127544193330673,1.63560263896403e-118,NA,"B","Coprocholic acid",FALSE
"1003","HMDB0000601",0,146200525,0.546171359425614,0.0312025935661618,0,4.12961580657977,"Myeloid","Coprocholic acid",FALSE
"1004","HMDB0000601",2.09201584512577e-48,98750094,0.0198857390351561,0.120057163951179,3.60068111805301e-48,-2.59391540875172,"Epi","Coprocholic acid",FALSE
"1005","HMDB0000601",4.86088427577852e-131,93512628.5,-0.0323085524940949,0.128869301639724,2.71905714176361e-130,NA,"T","Coprocholic acid",FALSE
"1006","HMDB0000601",2.97739734691327e-62,59244140,-0.0234765780340485,0.117407873259838,1.48042812527076e-61,NA,"Mast","Coprocholic acid",FALSE
"1007","HMDB0000601",0.232409077076598,41139611.5,0.0887740068121477,0.106486244182363,0.264975954119179,-0.262457856330592,"Endo","Coprocholic acid",FALSE
"1008","HMDB0000601",6.42014410764831e-107,92567261.5,0.217901104949606,0.0921796925671335,3.02422577702381e-106,1.2411526510063,"Fibro","Coprocholic acid",FALSE
"1009","HMDB0000601",4.58099359391034e-101,17457395,0.532273061314347,0.0987517322981935,6.0740581726663e-100,2.4302885911776,"Oligo","Coprocholic acid",FALSE
"1010","HMDB0000601",3.66757083841934e-17,15675277,-0.0220828239807932,0.10829016982952,2.18118897866065e-16,NA,"pDC","Coprocholic acid",FALSE
"1011","HMDB0000618",2.18696171762958e-14,38215366,0.032941079153972,0.0976762273735956,6.02255611470299e-14,-1.56811966033375,"Endo","D-Ribulose 5-phosphate",FALSE
"1012","HMDB0000618",0.1977810300927,65599081,0.110568119079059,0.0929111576053175,0.218535829546872,0.251011698748119,"Mast","D-Ribulose 5-phosphate",FALSE
"1013","HMDB0000618",1.32149662312321e-278,131485430,0.216004779012974,0.0738603607762908,5.03293394763947e-278,1.5481910171281,"Myeloid","D-Ribulose 5-phosphate",FALSE
"1014","HMDB0000618",1.27175689183368e-08,11983095.5,0.00855260630207326,0.0957678305950593,2.42174982593861e-08,-3.48510508538357,"Oligo","D-Ribulose 5-phosphate",FALSE
"1015","HMDB0000618",8.53474068304138e-23,76176668,0.0288460447045952,0.102217586431613,1.57496761058186e-22,-1.82519801292895,"Fibro","D-Ribulose 5-phosphate",FALSE
"1016","HMDB0000618",4.68415216857078e-16,100952012.5,0.0771212799850168,0.0973085287702056,7.22813136357043e-16,-0.335437261754588,"T","D-Ribulose 5-phosphate",FALSE
"1017","HMDB0000618",1.47860014032545e-19,100305645.5,0.072143735016892,0.0981489044190533,2.20557854265212e-19,-0.444098047693519,"B","D-Ribulose 5-phosphate",FALSE
"1018","HMDB0000618",0.00249739271563737,108722514,0.0836987851871335,0.0961980264568312,0.00284734583502604,-0.200800613298605,"Epi","D-Ribulose 5-phosphate",FALSE
"1019","HMDB0000618",6.90372599323458e-14,101391149,0.0842166497076671,0.0961105936490423,9.80767422848404e-14,-0.190589975104121,"NK","D-Ribulose 5-phosphate",FALSE
"1020","HMDB0000618",3.41468575545952e-09,19181800.5,0.155215003426725,0.0931051468248705,1.21035396084605e-08,0.737335191515517,"pDC","D-Ribulose 5-phosphate",FALSE
"1021","HMDB0000619",7.50452910350923e-11,63793960,0.0160360544187703,0.0470162611200864,1.21018982840374e-10,-1.55184059750433,"Mast","Cholic acid",FALSE
"1022","HMDB0000619",7.31537853491183e-09,14392535.5,0.135967186797443,0.0429502953966132,1.41562460297213e-08,1.66251856647988,"Oligo","Cholic acid",FALSE
"1023","HMDB0000619",9.717475494785e-07,104216569.5,0.0440715732738883,0.0444753783107865,1.21638329620036e-06,-0.01315847812611,"NK","Cholic acid",FALSE
"1024","HMDB0000619",0.127383688094312,17208984.5,0.0292806370653242,0.0447374389836718,0.182413441351055,-0.6115357279857,"pDC","Cholic acid",FALSE
"1025","HMDB0000619",0.00366929977092178,40652773,0.0321502466700461,0.0450725283233566,0.00547337215829166,-0.487418573106205,"Endo","Cholic acid",FALSE
"1026","HMDB0000619",7.01701665006748e-17,102527903.5,0.0169233437845327,0.0490589051534938,1.09698338896251e-16,-1.53550038736227,"T","Cholic acid",FALSE
"1027","HMDB0000619",2.59484814689831e-11,103349770,0.0289102944866564,0.0470351079726525,3.45336667877173e-11,-0.702154711655494,"B","Cholic acid",FALSE
"1028","HMDB0000619",0.0586616012888764,81381515.5,0.035545744844698,0.0454761179365649,0.0640269916506639,-0.355432237789371,"Fibro","Cholic acid",FALSE
"1029","HMDB0000619",2.99119212572365e-61,114697506,0.0821359710157542,0.0380488380876115,5.60652764926212e-61,1.11016178283323,"Epi","Cholic acid",FALSE
"1030","HMDB0000619",3.86475209287302e-26,111791244.5,0.0695642222960481,0.0401713686835436,6.37595045736654e-26,0.792177885202376,"Myeloid","Cholic acid",FALSE
"1031","HMDB0000637",0.000483889450485965,106398000,0,0.00156087053253863,0.000562442932707713,-Inf,"NK","Chenodeoxycholic acid glycine conjugate",FALSE
"1032","HMDB0000637",3.51029126712841e-62,107644077,0.00755417515805098,0.00028547374745489,6.75636706253748e-62,4.72584425117169,"Epi","Chenodeoxycholic acid glycine conjugate",FALSE
"1033","HMDB0000637",0.0496316105328195,41464706.5,0,0.00140676668066642,0.0653239579806962,-Inf,"Endo","Chenodeoxycholic acid glycine conjugate",FALSE
"1034","HMDB0000637",0.0300812028960908,82076333,0.000691706878386957,0.00141225491845703,0.0339718316618313,-1.02976781727493,"Fibro","Chenodeoxycholic acid glycine conjugate",FALSE
"1035","HMDB0000637",0.0101681823991597,66181892.5,0,0.00145770943119748,0.0124239225218402,-Inf,"Mast","Chenodeoxycholic acid glycine conjugate",FALSE
"1036","HMDB0000637",0.684161042713359,17501243,0.00125126648539058,0.00133718997323884,0.755955720035131,-0.0958153655887207,"pDC","Chenodeoxycholic acid glycine conjugate",FALSE
"1037","HMDB0000637",0.013040783461929,106460324.5,0.000392450572568991,0.0014946117831601,0.0148681543928999,-1.92918793188279,"Myeloid","Chenodeoxycholic acid glycine conjugate",FALSE
"1038","HMDB0000637",0.897131885807857,13386346,0.000458971934085385,0.00134945063641445,0.907030247682303,-1.55589436192102,"Oligo","Chenodeoxycholic acid glycine conjugate",FALSE
"1039","HMDB0000637",0.0699908951589172,106501839.5,0.000558039011606081,0.00146665493037653,0.0766261176357564,-1.39409159134078,"T","Chenodeoxycholic acid glycine conjugate",FALSE
"1040","HMDB0000637",0.000483889450485965,106398000,0,0.00156087053253863,0.000549944200869763,-Inf,"B","Chenodeoxycholic acid glycine conjugate",FALSE
"1041","HMDB0000638",0.41745862708402,13375755,0,0.000581137928150121,0.474445042844695,-Inf,"Oligo","Dodecanoic acid",FALSE
"1042","HMDB0000638",0.0525409453818307,66235910,0,0.000624357131279043,0.0608726810572666,-Inf,"Mast","Dodecanoic acid",FALSE
"1043","HMDB0000638",1.31596663235182e-13,82498020,0.00258694464224987,0.000331424413910599,2.05727534664607e-13,2.96449739660124,"Fibro","Dodecanoic acid",FALSE
"1044","HMDB0000638",0.0287145679914928,106511788,0.000235391579144537,0.000628800507673313,0.031245639334208,-1.41753967179262,"NK","Dodecanoic acid",FALSE
"1045","HMDB0000638",0.351336554784638,17493798,0,0.000584080977372014,0.444446949162192,-Inf,"pDC","Dodecanoic acid",FALSE
"1046","HMDB0000638",0.00848194482194799,106491000,0,0.000668542459242541,0.0097013937580108,-Inf,"T","Dodecanoic acid",FALSE
"1047","HMDB0000638",7.50319599904296e-06,106823289,0.00140796416198791,0.000430831136941694,9.45825411146964e-06,1.70841618746835,"Myeloid","Dodecanoic acid",FALSE
"1048","HMDB0000638",0.138648052658346,41497365,0,0.000602537645927352,0.166501184066946,-Inf,"Endo","Dodecanoic acid",FALSE
"1049","HMDB0000638",0.681741256861147,106594837,0.000406393784099969,0.000599929630591525,0.685571263922165,-0.56191495225911,"Epi","Dodecanoic acid",FALSE
"1050","HMDB0000638",0.00848194482194799,106491000,0,0.000668542459242541,0.00922959345366985,-Inf,"B","Dodecanoic acid",FALSE
"1051","HMDB0000641",1.87952245811769e-11,37992845.5,0.218684297563168,0.331315859670263,4.28579006373334e-11,-0.599357632419445,"Endo","L-Glutamine",TRUE
"1052","HMDB0000641",0,105840960.5,0.912112809383584,0.271888427638345,0,1.74619751941949,"Mast","L-Glutamine",TRUE
"1053","HMDB0000641",0,71941485.5,0.0404326099720014,0.373748883386564,0,-3.20847802974554,"T","L-Glutamine",TRUE
"1054","HMDB0000641",4.53305853825015e-73,11309418,0.0348762213727044,0.331756399218768,1.35236246391129e-71,-3.24980864744931,"pDC","L-Glutamine",TRUE
"1055","HMDB0000641",3.68404618941798e-05,85260825.5,0.304068045425876,0.328173494566862,4.95822757823923e-05,-0.110064510877281,"Fibro","L-Glutamine",TRUE
"1056","HMDB0000641",0,174351175,0.900602845915075,0.228523451013937,0,1.97854881476935,"Myeloid","L-Glutamine",TRUE
"1057","HMDB0000641",0,61462426,-0.00688669003772709,0.38173795986972,0,NA,"B","L-Glutamine",TRUE
"1058","HMDB0000641",1.05110069905671e-166,21643179,1.0148034404886,0.314560752002145,2.50862700174867e-165,1.68978973481724,"Oligo","L-Glutamine",TRUE
"1059","HMDB0000641",1.22634687208847e-244,78341939,0.0984147982677622,0.363959555631075,1.90883556612032e-243,-1.88683097268368,"NK","L-Glutamine",TRUE
"1060","HMDB0000641",0.378428547192747,105868508,0.274712502649186,0.334194621580523,0.391553236690761,-0.282765943824647,"Epi","L-Glutamine",TRUE
"1061","HMDB0000646",9.12649496524162e-71,94872911,0.110894104996465,0.176266384267586,2.79255145090299e-70,-0.668574689239467,"T","L-Arabinose",FALSE
"1062","HMDB0000646",1.14966320751366e-28,14539646.5,0.0503675831847238,0.169288612851445,1.1759412236854e-27,-1.74891752189649,"pDC","L-Arabinose",FALSE
"1063","HMDB0000646",0.160216383286588,42119242,0.175737170280695,0.166347320034969,0.189298565071283,0.0792207453281262,"Endo","L-Arabinose",FALSE
"1064","HMDB0000646",4.18782448823174e-16,62073235.5,0.1395156934045,0.169324552665114,7.93249294596276e-16,-0.279363771792649,"Mast","L-Arabinose",FALSE
"1065","HMDB0000646",2.31919990145207e-43,90197068,0.197511218329854,0.16316009207931,5.42662460601204e-43,0.275646372022818,"Fibro","L-Arabinose",FALSE
"1066","HMDB0000646",0,132691297,0.279619250138523,0.147779950848363,0,0.920013131358858,"Myeloid","L-Arabinose",FALSE
"1067","HMDB0000646",1.76729415192605e-31,98908657,0.144140181102817,0.170653337482789,3.21163099690115e-31,-0.243596066517611,"NK","L-Arabinose",FALSE
"1068","HMDB0000646",5.12151189816129e-76,94433716.5,0.107989677646589,0.176756748500218,1.35814908114203e-75,-0.710871880756475,"B","L-Arabinose",FALSE
"1069","HMDB0000646",2.68984311382449e-07,14592574.5,0.225480696788183,0.165883852400362,4.76714769677805e-07,0.442830473719063,"Oligo","L-Arabinose",FALSE
"1070","HMDB0000646",6.8065243444425e-06,109584414,0.191856443126373,0.162597240568463,8.14961777695792e-06,0.23872444216943,"Epi","L-Arabinose",FALSE
"1071","HMDB0000653",4.39662746047325e-52,102166156.5,0.00360910802235635,0.0177180716981067,9.83745394280889e-52,-2.29550737078266,"NK","Cholesterol sulfate",FALSE
"1072","HMDB0000653",1.77614896799784e-13,40194093.5,0.00425313249566033,0.0162906882902563,4.57454194635415e-13,-1.93744985546821,"Endo","Cholesterol sulfate",FALSE
"1073","HMDB0000653",0,123833639,0.0686046919386716,0.006744648784665,0,3.34649202250923,"Epi","Cholesterol sulfate",FALSE
"1074","HMDB0000653",0.000986997782604369,13047254,0.00535156895747735,0.0158455642314484,0.00140774982538791,-1.56604520856494,"Oligo","Cholesterol sulfate",FALSE
"1075","HMDB0000653",8.21436318572275e-13,84034952.5,0.0213822483398734,0.014999356472885,1.26756121572791e-12,0.511512955011006,"Fibro","Cholesterol sulfate",FALSE
"1076","HMDB0000653",7.97713565617164e-08,16874283.5,0.00221044305247552,0.0159651962699627,2.54983443295486e-07,-2.8525228171439,"pDC","Cholesterol sulfate",FALSE
"1077","HMDB0000653",7.53348138171453e-44,102546378,0.00335815203719274,0.0177604414406635,1.77433311490382e-43,-2.40292798718136,"T","Cholesterol sulfate",FALSE
"1078","HMDB0000653",6.86001020189261e-06,105296556,0.00939755090760127,0.0167407894281008,8.67803410698783e-06,-0.833010830525883,"Myeloid","Cholesterol sulfate",FALSE
"1079","HMDB0000653",4.05591632972215e-54,102077050,0.00251989500280099,0.0179019671935576,8.34493129908351e-54,-2.82868260274193,"B","Cholesterol sulfate",FALSE
"1080","HMDB0000653",1.33332596169395e-24,63942399,0.00496123765864903,0.016661749846295,3.00207983827946e-24,-1.74776794947352,"Mast","Cholesterol sulfate",FALSE
"1081","HMDB0000660",0.031607171998601,42642352.5,0.069590195829078,0.0613780689923502,0.043024211313685,0.181160809135291,"Endo","D-Fructose",TRUE
"1082","HMDB0000660",6.89526230484948e-36,21673893.5,0.117609832050968,0.0606131994899659,9.14260705605968e-35,0.956304770058644,"pDC","D-Fructose",TRUE
"1083","HMDB0000660",3.39268775472778e-58,93406677,0.0385356664710243,0.0657215144978075,8.4935819314164e-58,-0.770171383920216,"NK","D-Fructose",TRUE
"1084","HMDB0000660",3.12620871617086e-231,105605216.5,0.124669872864956,0.0542884996296613,2.7297139521687e-230,1.19939435459568,"Fibro","D-Fructose",TRUE
"1085","HMDB0000660",0.540489292556553,107116654,0.05317717797595,0.0632495388933966,0.553821870247051,-0.250247744390149,"Myeloid","D-Fructose",TRUE
"1086","HMDB0000660",9.72029302481918e-117,87751897.5,0.0310636920642658,0.0669830330537349,3.22209713230117e-116,-1.10856639315943,"B","D-Fructose",TRUE
"1087","HMDB0000660",9.27542239392943e-12,61892128,0.0446276741312102,0.063366823554042,1.55168281169474e-11,-0.50578907872449,"Mast","D-Fructose",TRUE
"1088","HMDB0000660",2.67397276747089e-125,126166954,0.0966324934434762,0.0559128319091781,6.64779340801791e-125,0.78932897094179,"Epi","D-Fructose",TRUE
"1089","HMDB0000660",1.20984671964619e-111,88175315,0.0278221820864835,0.0675303080795297,5.62500163160178e-111,-1.27929956472356,"T","D-Fructose",TRUE
"1090","HMDB0000660",1.81643422055512e-100,19581674,0.195014228481303,0.0596602710513899,2.32244089628118e-99,1.70873695132276,"Oligo","D-Fructose",TRUE
"1091","HMDB0000663",3.4951957777254e-144,50822609,0.0674509654287552,0.161285614934215,3.05190265469681e-143,-1.25770677245062,"Mast","Glucaric acid",FALSE
"1092","HMDB0000663",4.7477932140141e-222,131042659.5,0.21267934411251,0.143406833669194,2.02346425073458e-221,0.56856614892229,"Epi","Glucaric acid",FALSE
"1093","HMDB0000663",0,74396068.5,0.0514481513864959,0.170628037911304,0,-1.72966358757696,"B","Glucaric acid",FALSE
"1094","HMDB0000663",0,155276089.5,0.326643131823153,0.124165944303899,0,1.39544577348284,"Myeloid","Glucaric acid",FALSE
"1095","HMDB0000663",0,73815036,0.049343705359135,0.17098333860814,0,-1.7929177883222,"T","Glucaric acid",FALSE
"1096","HMDB0000663",0,74090254,0.0529405273945527,0.170376075053283,0,-1.68627828812437,"NK","Glucaric acid",FALSE
"1097","HMDB0000663",0.567257738209087,17333390,0.126989492587131,0.153972273434456,0.648812365108157,-0.277961451006037,"pDC","Glucaric acid",FALSE
"1098","HMDB0000663",0.000690388299844777,14312690.5,0.170376167016284,0.15314120123805,0.000998069888645727,0.153861060061443,"Oligo","Glucaric acid",FALSE
"1099","HMDB0000663",3.63471345432381e-120,52713900,0.25837293640981,0.147804426532307,7.65427892145837e-119,0.805765484288672,"Endo","Glucaric acid",FALSE
"1100","HMDB0000663",0,110210065,0.273983346525493,0.139019130497546,0,0.978804778156139,"Fibro","Glucaric acid",FALSE
"1101","HMDB0000669",0.170369269830411,13350865,0,0.00247537441711609,0.204671807380158,-Inf,"Oligo","ortho-Hydroxyphenylacetic acid",FALSE
"1102","HMDB0000669",5.51420631096006e-105,83701027,0.0175156134419901,0.000636158368732909,2.56374786925156e-104,4.78311174311204,"Fibro","ortho-Hydroxyphenylacetic acid",FALSE
"1103","HMDB0000669",0.442916622536588,106553489,0.00184280402268332,0.00253654983845059,0.455644111689939,-0.460964854663452,"Epi","ortho-Hydroxyphenylacetic acid",FALSE
"1104","HMDB0000669",0.981745047837892,106615805,0.00203650866381784,0.00250384603275508,0.981745047837892,-0.298047898425159,"Myeloid","ortho-Hydroxyphenylacetic acid",FALSE
"1105","HMDB0000669",0.115054053564911,17461080,0,0.00248791042345692,0.166086093452572,-Inf,"pDC","ortho-Hydroxyphenylacetic acid",FALSE
"1106","HMDB0000669",8.55915671181515e-06,106263000,0,0.00284767663613476,1.0529821659209e-05,-Inf,"NK","ortho-Hydroxyphenylacetic acid",FALSE
"1107","HMDB0000669",0.0122844237692218,41417299,0,0.00256652715617045,0.0176619426079575,-Inf,"Endo","ortho-Hydroxyphenylacetic acid",FALSE
"1108","HMDB0000669",8.55915671181515e-06,106263000,0,0.00284767663613476,1.0179993697109e-05,-Inf,"B","ortho-Hydroxyphenylacetic acid",FALSE
"1109","HMDB0000669",2.81417109903409e-05,106283717,5.51147713223065e-05,0.00283837142402564,3.52263375333638e-05,-5.68648055228319,"T","ortho-Hydroxyphenylacetic acid",FALSE
"1110","HMDB0000669",0.00104555026940072,66103480,0,0.00265946790778538,0.00135618476972991,-Inf,"Mast","ortho-Hydroxyphenylacetic acid",FALSE
"1111","HMDB0000673",7.13796155809556e-71,92638777.5,0.028140327547166,0.037450614090913,2.07755303886033e-70,-0.412350253934619,"NK","Linoleic acid",TRUE
"1112","HMDB0000673",4.41374394645146e-41,21782815.5,0.0527105428288263,0.0357543110718647,8.7784462934979e-40,0.559974344281579,"pDC","Linoleic acid",TRUE
"1113","HMDB0000673",3.88131198922644e-30,47130831.5,0.0484305086433607,0.0354472066935736,1.90343793444256e-29,0.450244210115085,"Endo","Linoleic acid",TRUE
"1114","HMDB0000673",1.48848847648088e-62,93701823,0.0459083891681759,0.0349355320909465,4.51592266593351e-62,0.394062698085295,"Fibro","Linoleic acid",TRUE
"1115","HMDB0000673",0,76322964,0.015799992045629,0.0395340744153325,0,-1.32317281610772,"T","Linoleic acid",TRUE
"1116","HMDB0000673",0,147663288,0.0595493801106575,0.0321477181659608,0,0.889370151002799,"Epi","Linoleic acid",TRUE
"1117","HMDB0000673",1.82612648322917e-303,23749624.5,0.150900691592193,0.0342666129161993,9.33933258565774e-302,2.13872391708113,"Oligo","Linoleic acid",TRUE
"1118","HMDB0000673",0.0104545931315773,67892747,0.0351773069758809,0.0361908121313672,0.0127304229289274,-0.040978442053412,"Mast","Linoleic acid",TRUE
"1119","HMDB0000673",0,61734899.5,0.00396539769352299,0.0415321487614588,0,-3.38869104728557,"B","Linoleic acid",TRUE
"1120","HMDB0000673",4.65010638583368e-79,121394991.5,0.0471329022596629,0.0342440338591897,1.08806410858069e-78,0.460881862085098,"Myeloid","Linoleic acid",TRUE
"1121","HMDB0000675",0.737402082952245,82202544,0.000718257504161521,0.000241886801540768,0.745734309878259,1.57016910935517,"Fibro","Iodine",FALSE
"1122","HMDB0000675",0.241099718806537,66281215,0,0.000319496916800525,0.263151522355916,-Inf,"Mast","Iodine",FALSE
"1123","HMDB0000675",0.573078215558095,17504991,0,0.000298886746195894,0.651307940221581,-Inf,"pDC","Iodine",FALSE
"1124","HMDB0000675",0.623951983104007,13384270,0,0.000297380724873673,0.68730710754226,-Inf,"Oligo","Iodine",FALSE
"1125","HMDB0000675",0.111467030147306,106569000,0,0.000342107495498069,0.116681861967064,-Inf,"B","Iodine",FALSE
"1126","HMDB0000675",0.111467030147306,106569000,0,0.000342107495498069,0.120196375881734,-Inf,"T","Iodine",FALSE
"1127","HMDB0000675",0.370571799772672,41524756,0,0.0003083314188078,0.409458963946348,-Inf,"Endo","Iodine",FALSE
"1128","HMDB0000675",8.74411349099381e-09,106776665,0.000746176766793383,0.000216127963707864,1.0907291392947e-08,1.78763169331021,"Epi","Iodine",FALSE
"1129","HMDB0000675",0.111467030147306,106569000,0,0.000342107495498069,0.120196375881734,-Inf,"Myeloid","Iodine",FALSE
"1130","HMDB0000675",0.540123250163403,106631321,0.000749812471802422,0.000215514135409867,0.552468924452852,1.79874732480318,"NK","Iodine",FALSE
"1131","HMDB0000684",1.3267938878187e-45,116137485.5,0.0721362698972566,-0.00997573039454264,2.2405293011278e-45,NA,"Epi","L-Kynurenine",FALSE
"1132","HMDB0000684",9.52846744000343e-21,14967797,-0.0544816777333379,0.00307812368539192,7.41563335548093e-20,NA,"pDC","L-Kynurenine",FALSE
"1133","HMDB0000684",4.81141744472008e-14,44701575,0.0741713753299108,-0.00197760582277495,1.30491473121954e-13,NA,"Endo","L-Kynurenine",FALSE
"1134","HMDB0000684",2.591294960426e-06,84967471.5,0.0271540827063377,-0.00113162859132243,3.59567285206399e-06,NA,"Fibro","L-Kynurenine",FALSE
"1135","HMDB0000684",3.41781986515847e-07,103188118.5,-0.0267789070537107,0.00672445143070931,4.17603928916974e-07,NA,"B","L-Kynurenine",FALSE
"1136","HMDB0000684",3.33237736847774e-23,113280716.5,-0.0199990164362286,0.00557977970734578,5.76324201891319e-23,NA,"T","L-Kynurenine",FALSE
"1137","HMDB0000684",6.75252181903435e-59,117486664,-0.0139448090947143,0.0045576275308281,1.70239634592556e-58,NA,"NK","L-Kynurenine",FALSE
"1138","HMDB0000684",8.47472522141437e-25,71755686.5,-0.0122136038773827,0.0031762153347952,1.92022255016857e-24,NA,"Mast","L-Kynurenine",FALSE
"1139","HMDB0000684",0,70520073,-0.0720293294995664,0.0143642323602814,0,NA,"Myeloid","L-Kynurenine",FALSE
"1140","HMDB0000684",3.82864694133637e-52,17007174.5,0.3891546955358,-0.00431955123042991,2.2844260083307e-51,NA,"Oligo","L-Kynurenine",FALSE
"1141","HMDB0000695",2.65222260685259e-05,84209266.5,0.0513527479141256,0.0453030621607554,3.59657459565616e-05,0.180832908661084,"Fibro","Ketoleucine",FALSE
"1142","HMDB0000695",8.27634947335673e-189,122622656,0.106621182116274,0.0357046432332501,2.87663408879777e-188,1.57831047477663,"Epi","Ketoleucine",FALSE
"1143","HMDB0000695",0.214855308200628,17786025,0.0580665149772434,0.0456917529445505,0.289166166676033,0.345772657313326,"pDC","Ketoleucine",FALSE
"1144","HMDB0000695",1.46904278702775e-22,15280982,0.147703050212118,0.0443180100783199,4.38264431463278e-22,1.73673460992475,"Oligo","Ketoleucine",FALSE
"1145","HMDB0000695",3.19767725965553e-77,96454034.5,0.00620066394191212,0.0526589768774106,1.05997079533026e-76,-3.08618488441505,"T","Ketoleucine",FALSE
"1146","HMDB0000695",8.21022573944519e-115,94173959,-0.00612447433999876,0.0547398714041556,3.54127809002576e-114,NA,"NK","Ketoleucine",FALSE
"1147","HMDB0000695",7.80921998446165e-250,125054243.5,0.118408497961591,0.0337145510763504,2.82394015599724e-249,1.81232933146428,"Myeloid","Ketoleucine",FALSE
"1148","HMDB0000695",1.97924435660533e-40,60573050.5,0.00972649353579404,0.0492655473667949,6.05614939884366e-40,-2.34058738348553,"Mast","Ketoleucine",FALSE
"1149","HMDB0000695",2.7002974373059e-76,96516701.5,0.00721721040010881,0.0524873499217805,7.26846979365048e-76,-2.86245653920394,"B","Ketoleucine",FALSE
"1150","HMDB0000695",0.560020974670532,41341843.5,0.0505600156266727,0.0457018272677713,0.598470175916569,0.145745060595187,"Endo","Ketoleucine",FALSE
"1151","HMDB0000699",4.64048217923356e-73,115721301,0.263952900001555,0.194180534532672,9.33310460767198e-73,0.442881930486062,"Epi","1-Methylnicotinamide",FALSE
"1152","HMDB0000699",7.50721896062941e-169,92661656,0.014577282837251,0.236283458247732,5.97240975090073e-168,-4.01872489681672,"T","1-Methylnicotinamide",FALSE
"1153","HMDB0000699",1.46370630544891e-182,92099548,0.0121339051760381,0.236695981911621,1.19092467579707e-181,-4.2859193681945,"NK","1-Methylnicotinamide",FALSE
"1154","HMDB0000699",0,55701566,0.826318474298445,0.171019051276523,0,2.27254087475683,"Endo","1-Methylnicotinamide",FALSE
"1155","HMDB0000699",1.15624202092631e-97,96048991,0.0340734804144535,0.232991849674846,2.93570669142992e-97,-2.77355826535554,"Myeloid","1-Methylnicotinamide",FALSE
"1156","HMDB0000699",6.13736005743022e-24,15451580,0.00801767765011754,0.208412666021945,5.23136881085719e-23,-4.7001147328088,"pDC","1-Methylnicotinamide",FALSE
"1157","HMDB0000699",1.40864848406052e-193,91663138,0.0052658842501592,0.237855532971199,8.13380898860754e-193,-5.49726596555812,"B","1-Methylnicotinamide",FALSE
"1158","HMDB0000699",1.05716898171334e-100,57844247,0.0102506411541414,0.222026693080946,7.42091167555639e-100,-4.43694707956737,"Mast","1-Methylnicotinamide",FALSE
"1159","HMDB0000699",0,124767378.5,1.06201018818585,0.101859440082141,0,3.38214600938234,"Fibro","1-Methylnicotinamide",FALSE
"1160","HMDB0000699",7.26859456643473e-14,12053356.5,0.0245796278864178,0.207137577476355,1.72328268528718e-13,-3.07505432124899,"Oligo","1-Methylnicotinamide",FALSE
"1161","HMDB0000742",3.99404076043309e-158,87574518.5,0.0408217779322332,0.113840985905293,1.83316229773724e-157,-1.47960913800405,"B","Homocysteine",FALSE
"1162","HMDB0000742",0.000691400369788102,14243655,0.130435028467554,0.102858808821502,0.000998069888645727,0.34266600745029,"Oligo","Homocysteine",FALSE
"1163","HMDB0000742",5.33221423971046e-191,85665019,0.0328497445679503,0.115186931095954,5.02350709951669e-190,-1.81002298281605,"T","Homocysteine",FALSE
"1164","HMDB0000742",0,146182219.5,0.253548631791749,0.0779255960927801,0,1.70209329838418,"Epi","Homocysteine",FALSE
"1165","HMDB0000742",1.06266143865216e-15,19821087,0.155333886865859,0.10219212695391,5.59459992702166e-15,0.604088542206668,"pDC","Homocysteine",FALSE
"1166","HMDB0000742",3.26348576228644e-08,39089003,0.0774015020085146,0.104677199664319,6.38430548031991e-08,-0.435513767027698,"Endo","Homocysteine",FALSE
"1167","HMDB0000742",4.80958187414979e-240,83102216,0.0272075390595238,0.116139523618059,6.8873212437825e-239,-2.09378064665797,"NK","Homocysteine",FALSE
"1168","HMDB0000742",1.98264548542746e-56,57436640,0.0555738417788321,0.107663963054069,8.87233854728787e-56,-0.95405755499981,"Mast","Homocysteine",FALSE
"1169","HMDB0000742",1.88454374145015e-105,122112668.5,0.132625862429299,0.0983413937227734,5.07268164991845e-105,0.431491425908459,"Myeloid","Homocysteine",FALSE
"1170","HMDB0000742",8.77521420264647e-156,98785735.5,0.178860737345882,0.0942723552402031,5.23587780757906e-155,0.923930051604494,"Fibro","Homocysteine",FALSE
"1171","HMDB0000751",0,138443469.5,0.657614138386752,0.305171078046858,0,1.10762307636622,"Epi","L-Xylulose",FALSE
"1172","HMDB0000751",8.47019819622771e-15,86887458,0.386899084290206,0.352400874704757,1.35978966558274e-14,0.134739809006275,"Fibro","L-Xylulose",FALSE
"1173","HMDB0000751",4.88216144696801e-10,62927162.5,0.337036577695056,0.357824143396906,7.73368937174579e-10,-0.0863455615384606,"Mast","L-Xylulose",FALSE
"1174","HMDB0000751",9.4805557801528e-47,35367449,0.172926382023573,0.3658669248821,6.52699801787443e-46,-1.0811610125379,"Endo","L-Xylulose",FALSE
"1175","HMDB0000751",0.073543061223215,18010966.5,0.362928314414384,0.355935130988985,0.109246539078469,0.0280702806430648,"pDC","L-Xylulose",FALSE
"1176","HMDB0000751",3.22042048389325e-17,112426088.5,0.344945224541263,0.357960021799262,4.86460140604973e-17,-0.0534311835515092,"Myeloid","L-Xylulose",FALSE
"1177","HMDB0000751",0.791530506918933,13453701.5,0.364011647774787,0.355953011585678,0.850954719150084,0.0322978076247079,"Oligo","L-Xylulose",FALSE
"1178","HMDB0000751",2.86922552836722e-36,97952093,0.294933595430799,0.366403653254684,6.04225140679686e-36,-0.313043721077916,"T","L-Xylulose",FALSE
"1179","HMDB0000751",2.31144597184873e-48,96548722.5,0.304028869924819,0.364868067488346,4.92558129715385e-48,-0.263166569330851,"NK","L-Xylulose",FALSE
"1180","HMDB0000751",5.77628116943145e-100,91995651,0.229653903441353,0.377425043089133,1.83000766252784e-99,-0.716728847171424,"B","L-Xylulose",FALSE
"1181","HMDB0000763",0,73671760.5,0.0428291592115818,0.145245925885872,0,-1.76183243617654,"NK","5-Hydroxyindoleacetic acid",FALSE
"1182","HMDB0000763",0,73990488.5,0.0418526624628986,0.145410791114419,0,-1.79674302935966,"B","5-Hydroxyindoleacetic acid",FALSE
"1183","HMDB0000763",0.401700025092584,17250048,0.105824577155943,0.130973515954234,0.501075292624199,-0.307600391008431,"pDC","5-Hydroxyindoleacetic acid",FALSE
"1184","HMDB0000763",1.21574273473137e-209,130379831,0.177526762744069,0.122504476699229,4.89029100038012e-209,0.535202061231204,"Epi","5-Hydroxyindoleacetic acid",FALSE
"1185","HMDB0000763",6.4377423150135e-114,52431170,0.215310780341509,0.125917802115647,1.28039541598602e-112,0.773938291189474,"Endo","5-Hydroxyindoleacetic acid",FALSE
"1186","HMDB0000763",0,73405716.5,0.0395705145517297,0.145796093817639,0,-1.88145433686017,"T","5-Hydroxyindoleacetic acid",FALSE
"1187","HMDB0000763",0,113649827,0.257513140080186,0.115283536133621,0,1.15945955672308,"Fibro","5-Hydroxyindoleacetic acid",FALSE
"1188","HMDB0000763",5.13568858534547e-148,50591282,0.056209137857296,0.137251618110765,5.10715698209355e-147,-1.28794656584295,"Mast","5-Hydroxyindoleacetic acid",FALSE
"1189","HMDB0000763",0,154379603.5,0.272214366977845,0.106518050186689,0,1.35364528629981,"Myeloid","5-Hydroxyindoleacetic acid",FALSE
"1190","HMDB0000763",0.00134587382665945,14263035,0.142468767349845,0.130259707623889,0.0018969402753704,0.129254786210755,"Oligo","5-Hydroxyindoleacetic acid",FALSE
"1191","HMDB0000806",0.000317484984949563,16951791,0.0195564744864894,0.0327819927590799,0.000723946653579259,-0.745257241881264,"pDC","Myristic acid",TRUE
"1192","HMDB0000806",0.0161564058292298,83004225,0.0318506037019679,0.0325863174947247,0.0188403690125871,-0.0329456077807969,"Fibro","Myristic acid",TRUE
"1193","HMDB0000806",3.99136945476256e-09,40131802.5,0.0191277541832797,0.0332228212809665,8.21212795864942e-09,-0.796507097362764,"Endo","Myristic acid",TRUE
"1194","HMDB0000806",1.98952292146836e-29,14920032,0.104932712359129,0.0313475116160441,7.26784903964972e-29,1.74304167181996,"Oligo","Myristic acid",TRUE
"1195","HMDB0000806",1.46977271248833e-45,62022460.5,0.00762142119560281,0.0347870231289855,5.05940991414251e-45,-2.19041727400564,"Mast","Myristic acid",TRUE
"1196","HMDB0000806",2.24256164257602e-58,100436195,0.0114243526104314,0.036067452539011,6.08209900031982e-58,-1.65858511483053,"T","Myristic acid",TRUE
"1197","HMDB0000806",4.98502020463801e-22,102913538.5,0.0156329544853379,0.0353569001373722,7.89662492593101e-22,-1.17740133390683,"Myeloid","Myristic acid",TRUE
"1198","HMDB0000806",7.57829610074306e-81,99310721.5,0.00958465788910827,0.0363780543828947,2.42234821791609e-80,-1.92426954205887,"NK","Myristic acid",TRUE
"1199","HMDB0000806",0,135748191,0.135319726348531,0.0151497801199498,0,3.15900340469072,"Epi","Myristic acid",TRUE
"1200","HMDB0000806",1.39951825369838e-97,98573805,0.00416850658914179,0.0372924814131102,4.24599605783067e-97,-3.16128227529054,"B","Myristic acid",TRUE
"1201","HMDB0000819",3.77342682781649e-146,126345456,0.559027689131071,0.342274053175229,1.04719907314597e-145,0.707767812911667,"Epi","Normetanephrine",FALSE
"1202","HMDB0000819",0,37023801,-0.204430401142115,0.426519364688933,0,NA,"Mast","Normetanephrine",FALSE
"1203","HMDB0000819",1.12529501260846e-81,91942461,0.234437098853557,0.397075773634036,3.62932986048493e-81,-0.760213452627955,"NK","Normetanephrine",FALSE
"1204","HMDB0000819",1.10835008484115e-52,92474450.5,0.499628478988792,0.358535821779868,2.93918022498615e-52,0.478738445720183,"Fibro","Normetanephrine",FALSE
"1205","HMDB0000819",0.0127885222796663,40349468.5,0.3314947381778,0.375832264542798,0.0181678213338117,-0.181102954327222,"Endo","Normetanephrine",FALSE
"1206","HMDB0000819",9.61288546713197e-196,83737736.5,0.12778789108926,0.415081717879232,5.64166065120204e-195,-1.69964425434563,"B","Normetanephrine",FALSE
"1207","HMDB0000819",4.90794652801031e-120,88759009,0.186106007041809,0.405235674328236,2.47471106623619e-119,-1.12263656249386,"T","Normetanephrine",FALSE
"1208","HMDB0000819",4.39030989223695e-40,21627891,0.677300077643775,0.367154560800364,7.4844330543849e-39,0.883407639876945,"pDC","Normetanephrine",FALSE
"1209","HMDB0000819",3.03223734917498e-51,17479330,0.860535735013636,0.365781633688667,1.67006303231483e-50,1.23425246599717,"Oligo","Normetanephrine",FALSE
"1210","HMDB0000819",0,154273158.5,0.921261569877933,0.281116889449606,0,1.71244069957546,"Myeloid","Normetanephrine",FALSE
"1211","HMDB0000827",9.11695365305135e-63,97512065,0.0252974901420944,0.0392963524068801,2.43572343865103e-62,-0.63540114697571,"NK","Stearic acid",TRUE
"1212","HMDB0000827",0.0336674353716336,107770155,0.025745530892293,0.0392207081809476,0.0369722143038185,-0.607293565598916,"Epi","Stearic acid",TRUE
"1213","HMDB0000827",4.30467823782504e-13,39078721,0.0225015827043973,0.0380636524036953,1.07767469170725e-12,-0.758387521751123,"Endo","Stearic acid",TRUE
"1214","HMDB0000827",0,130098448.5,0.0789190608562431,0.0302432423757897,0,1.383760968886,"Myeloid","Stearic acid",TRUE
"1215","HMDB0000827",0.000226133195394496,80431656.5,0.0257349026763419,0.038651856576266,0.000291207496227444,-0.586811386615682,"Fibro","Stearic acid",TRUE
"1216","HMDB0000827",2.75016527059171e-39,15918763,0.0861434757024336,0.0364913224592906,1.14483624054864e-38,1.2391880986881,"Oligo","Stearic acid",TRUE
"1217","HMDB0000827",2.2274162869812e-270,81388183.5,0.112834730699444,0.0303542342575016,3.06698088745873e-269,1.89424151571945,"Mast","Stearic acid",TRUE
"1218","HMDB0000827",0.560159527225607,17639972.5,0.0362346199933384,0.0372962781147579,0.648812365108157,-0.0416629033640076,"pDC","Stearic acid",TRUE
"1219","HMDB0000827",4.2522001995731e-211,89735902,0.00551400684011649,0.0426364643943827,3.10670953356565e-210,-2.95091484623295,"B","Stearic acid",TRUE
"1220","HMDB0000827",8.15341201934681e-111,94438895,0.0155291176337516,0.0409455795735765,3.6486518786577e-110,-1.39873185101623,"T","Stearic acid",TRUE
"1221","HMDB0000828",8.17332608492823e-26,84462633.5,0.0391367928064964,0.020799928580021,1.62558374355795e-25,0.911946959763668,"Fibro","Ureidosuccinic acid",FALSE
"1222","HMDB0000828",0.031220874545157,107143784.5,0.0207703267193234,0.0230907136463577,0.0346039414463351,-0.152788851932709,"Myeloid","Ureidosuccinic acid",FALSE
"1223","HMDB0000828",5.67306005551318e-82,111330310,0.0385515051090362,0.0200886575278851,1.18769327477995e-81,0.940406030455393,"Epi","Ureidosuccinic acid",FALSE
"1224","HMDB0000828",0.83763106991932,17491023.5,0.0251996313030297,0.0227038095072963,0.869193979800338,0.150468235883249,"pDC","Ureidosuccinic acid",FALSE
"1225","HMDB0000828",0.684379196375386,13424609.5,0.0303342600149816,0.0226341218005133,0.746974854580452,0.42244878678329,"Oligo","Ureidosuccinic acid",FALSE
"1226","HMDB0000828",1.24191367960882e-12,64930225,0.0130315693631683,0.0236460915735831,2.1375245062498e-12,-0.859590907455034,"Mast","Ureidosuccinic acid",FALSE
"1227","HMDB0000828",9.89196144792103e-22,104258519.5,0.0139567762165258,0.0242410682813057,1.57392097704699e-21,-0.796487537001168,"NK","Ureidosuccinic acid",FALSE
"1228","HMDB0000828",0.588831465984611,41457582,0.023079643117722,0.02273822459058,0.621833819535371,0.021501303214923,"Endo","Ureidosuccinic acid",FALSE
"1229","HMDB0000828",1.90703216730452e-16,104590577,0.0150860656120857,0.0240504065565784,2.7091964916469e-16,-0.672844676430736,"B","Ureidosuccinic acid",FALSE
"1230","HMDB0000828",6.24078751003896e-12,104923497.5,0.0176743429440316,0.0236134189942036,9.23223937435515e-12,-0.417950362107581,"T","Ureidosuccinic acid",FALSE
"1231","HMDB0000854",0.00123591660240013,81850689,0.00139278168666076,0.00326975930085918,0.00154166600578135,-1.2312152988966,"Fibro","Formiminoglutamic acid",FALSE
"1232","HMDB0000854",0.113738714154622,17433816,0.00132394726360815,0.00310653028527725,0.165208582473856,-1.23045846219565,"pDC","Formiminoglutamic acid",FALSE
"1233","HMDB0000854",1.87461413051917e-05,106095721.5,0.0017698470298105,0.00328901932661732,2.22222469776776e-05,-0.894032813942583,"B","Formiminoglutamic acid",FALSE
"1234","HMDB0000854",9.44491196039783e-11,107398271.5,0.00356792650936742,0.0029854435238895,1.20330195082648e-10,0.257140622265324,"Epi","Formiminoglutamic acid",FALSE
"1235","HMDB0000854",8.46228847250619e-05,106137918,0.00237049202211419,0.00318761041351523,0.000101661049434806,-0.427288777704754,"NK","Formiminoglutamic acid",FALSE
"1236","HMDB0000854",8.07268910627523e-05,106136547.5,0.00155874466622509,0.00332466044827618,9.73071616177284e-05,-1.09282238049946,"T","Formiminoglutamic acid",FALSE
"1237","HMDB0000854",0.0270941505289074,41373472,0.00151232931741599,0.00315279280607629,0.0371636240971221,-1.05985803473931,"Endo","Formiminoglutamic acid",FALSE
"1238","HMDB0000854",0.040833500810754,106861701,0.00323631668394136,0.0030414303254134,0.0451184978094134,0.089602832382119,"Myeloid","Formiminoglutamic acid",FALSE
"1239","HMDB0000854",0.17834520524943,66178804.5,0.00318485493365412,0.00305902377117192,0.197670537087603,0.058156343052513,"Mast","Formiminoglutamic acid",FALSE
"1240","HMDB0000854",5.88655349037952e-160,14545821,0.047158245432037,0.00236322188318385,1.17077008308659e-158,4.31868304686422,"Oligo","Formiminoglutamic acid",FALSE
"1241","HMDB0000868",2.51542425313934e-08,78481841.5,0.099202116924827,0.123451553745147,3.64583758147321e-08,-0.315502181704178,"Fibro","Xylulose 5-phosphate",FALSE
"1242","HMDB0000868",1.62912685697371e-120,52339181.5,0.0611780130414474,0.126331702070861,1.29606092177019e-119,-1.04613156247488,"Mast","Xylulose 5-phosphate",FALSE
"1243","HMDB0000868",0.0127555088321919,14058871,0.13689884739218,0.120608489819975,0.0169128598589803,0.182778835633106,"Oligo","Xylulose 5-phosphate",FALSE
"1244","HMDB0000868",2.38610245618181e-05,16212102.5,0.0904899828403822,0.121508315734355,6.19003390806585e-05,-0.425225050652972,"pDC","Xylulose 5-phosphate",FALSE
"1245","HMDB0000868",8.69532343697959e-228,82164843.5,0.0624639406898261,0.13072547667885,1.03764193014623e-226,-1.06544483758129,"NK","Xylulose 5-phosphate",FALSE
"1246","HMDB0000868",8.38580170704638e-124,88658069.5,0.0761582388993581,0.128413422279131,4.48077165839195e-123,-0.753723983605149,"T","Xylulose 5-phosphate",FALSE
"1247","HMDB0000868",5.6053708678373e-27,36446583.5,0.0802401309564829,0.123036181644559,2.41773827793464e-26,-0.616686770290658,"Endo","Xylulose 5-phosphate",FALSE
"1248","HMDB0000868",0,150276103,0.237010842031549,0.101256136590765,0,1.22694371189163,"Epi","Xylulose 5-phosphate",FALSE
"1249","HMDB0000868",0,150019557.5,0.228295399587585,0.102727594035297,0,1.15207802659451,"Myeloid","Xylulose 5-phosphate",FALSE
"1250","HMDB0000868",1.01454058072507e-172,85355608.5,0.0679362962471363,0.129801560494938,5.04452122082742e-172,-0.93405325516397,"B","Xylulose 5-phosphate",FALSE
"1251","HMDB0000879",5.6171983061201e-109,57466164.5,0.00504591769751309,0.080452480924994,4.18949373664791e-108,-3.99494832999184,"Mast","Tetrahydrodeoxycorticosterone",FALSE
"1252","HMDB0000879",6.56962030003618e-222,90539489.5,0.00192457157361763,0.0863159392867614,5.11287840741946e-221,-5.48701776498184,"B","Tetrahydrodeoxycorticosterone",FALSE
"1253","HMDB0000879",1.36773730262875e-11,16126287.5,0.0189100061469816,0.0752946816265231,5.76058769813051e-11,-1.9933981327458,"pDC","Tetrahydrodeoxycorticosterone",FALSE
"1254","HMDB0000879",9.05307061032523e-262,124085491.5,0.203103260441744,0.0523502649885804,4.91060496741884e-261,1.95594465460544,"Epi","Tetrahydrodeoxycorticosterone",FALSE
"1255","HMDB0000879",3.5256399789635e-17,44199780,0.0956731137576061,0.0729745638996565,1.09754705432081e-16,0.390719868611605,"Endo","Tetrahydrodeoxycorticosterone",FALSE
"1256","HMDB0000879",9.98798231361726e-144,93710424,0.023304122117214,0.0827063579017206,6.16499597978444e-143,-1.8274130716758,"T","Tetrahydrodeoxycorticosterone",FALSE
"1257","HMDB0000879",8.41408299762897e-25,111811965.5,0.0600844011957754,0.0764966197490005,1.35686563655458e-24,-0.348405504602873,"Myeloid","Tetrahydrodeoxycorticosterone",FALSE
"1258","HMDB0000879",1.23715627216041e-13,12061281,0.0209980220379503,0.0749771194721467,2.87598665865862e-13,-1.83619696417235,"Oligo","Tetrahydrodeoxycorticosterone",FALSE
"1259","HMDB0000879",7.23361922812219e-08,103891772,0.0645797323973247,0.0757376578713119,9.21578535113076e-08,-0.229929344892532,"NK","Tetrahydrodeoxycorticosterone",FALSE
"1260","HMDB0000879",0,100120106.5,0.16069148078331,0.0637916357643788,0,1.33285426701979,"Fibro","Tetrahydrodeoxycorticosterone",FALSE
"1261","HMDB0000898",1.21773995363958e-156,30264775.5,-0.163744297709909,0.113762325304198,4.84389892669968e-155,NA,"Endo","1-Methylhistamine",FALSE
"1262","HMDB0000898",1.2975735758317e-28,99096210,0.0079996408983676,0.115165602127436,2.35802710734897e-28,-3.84763082482365,"T","1-Methylhistamine",FALSE
"1263","HMDB0000898",0,27507500,-0.484421427954031,0.153180082784927,0,NA,"Mast","1-Methylhistamine",FALSE
"1264","HMDB0000898",0.0314271739064265,108071644,0.113289234801125,0.0973892060607882,0.0346182407953867,0.218176988943116,"Epi","1-Methylhistamine",FALSE
"1265","HMDB0000898",2.26824788191927e-26,99415627.5,0.0123245759728368,0.114435408800665,3.84849640628957e-26,-3.21492360573823,"NK","1-Methylhistamine",FALSE
"1266","HMDB0000898",5.6266947924095e-43,90368957.5,0.191010643094108,0.088783439282315,1.30802385433935e-42,1.10529052551831,"Fibro","1-Methylhistamine",FALSE
"1267","HMDB0000898",0.00470584429972704,16735398,0.0246077415535448,0.101275063262223,0.00915593619186022,-2.04109482472889,"pDC","1-Methylhistamine",FALSE
"1268","HMDB0000898",1.16626495602877e-29,98951660,0.00432350219094647,0.115786256982649,1.95104137503878e-29,-4.74311979508104,"B","1-Methylhistamine",FALSE
"1269","HMDB0000898",0,170079295,0.736028313178801,-0.00774992586183145,0,NA,"Myeloid","1-Methylhistamine",FALSE
"1270","HMDB0000898",0.580983929971657,13521694.5,0.095900624202524,0.0997465475856074,0.647950925015119,-0.0567267022722578,"Oligo","1-Methylhistamine",FALSE
"1271","HMDB0000902",1.77610354201872e-128,85896778,0.311711392409513,0.34121379628354,9.63401618246518e-128,-0.130465096805617,"T","NAD",FALSE
"1272","HMDB0000902",6.62139377738259e-07,15780206,0.325963341573853,0.337184890962619,1.99198232966636e-06,-0.0488301660055684,"pDC","NAD",FALSE
"1273","HMDB0000902",1.376938805956e-59,94474765,0.364662924099191,0.333644160100844,3.9122547026369e-59,0.128253273829012,"Fibro","NAD",FALSE
"1274","HMDB0000902",9.43827977469602e-37,117493481,0.340837605823378,0.33629631976592,1.44397613647059e-36,0.0193515310890011,"Epi","NAD",FALSE
"1275","HMDB0000902",0.000302172240008413,43478356,0.343977239087122,0.336576911669117,0.000476553576753357,0.0313768904053632,"Endo","NAD",FALSE
"1276","HMDB0000902",1.35277459810465e-37,57624765,0.308531865640012,0.339555112475392,3.9055911783989e-37,-0.138226253463287,"Mast","NAD",FALSE
"1277","HMDB0000902",4.79056418013311e-26,16602906,0.389161865455058,0.33611582381206,1.54506484368257e-25,0.211411881139819,"Oligo","NAD",FALSE
"1278","HMDB0000902",0.528380633902784,106072334.5,0.339590949926123,0.336506796871653,0.535864778858914,0.0131623665417196,"B","NAD",FALSE
"1279","HMDB0000902",4.60620430968465e-55,93186474,0.32461137500375,0.339035848859222,1.07779159664517e-54,-0.0627242730663966,"NK","NAD",FALSE
"1280","HMDB0000902",4.87480311403769e-85,123402696.5,0.357468416760894,0.33348848405133,1.15574802306324e-84,0.100178838312244,"Myeloid","NAD",FALSE
"1281","HMDB0000935",4.72659630205884e-197,130411864,0.349480186626887,0.0522400063998231,1.7266545674868e-196,2.74198368726133,"Epi","Uridine diphosphate glucuronic acid",FALSE
"1282","HMDB0000935",6.81449404939832e-16,37535741,0.0473030325813442,0.0977332296302236,2.01618914849967e-15,-1.04691648960057,"Endo","Uridine diphosphate glucuronic acid",FALSE
"1283","HMDB0000935",2.64550438939386e-15,100331035,0.0235339543260552,0.10727060445838,4.03017264426809e-15,-2.1884391292152,"T","Uridine diphosphate glucuronic acid",FALSE
"1284","HMDB0000935",1.35958797828477e-11,15333665.5,0.00942019017184189,0.0969903307387537,5.76058769813051e-11,-3.36401283789005,"pDC","Uridine diphosphate glucuronic acid",FALSE
"1285","HMDB0000935",1.28191669873158e-17,113404529.5,0.0163619412425348,0.108481479535794,1.8505087828464e-17,-2.72903292972737,"B","Uridine diphosphate glucuronic acid",FALSE
"1286","HMDB0000935",1.28601594583442e-10,101505342,0.0150852665504474,0.108697024815565,1.71788697242061e-10,-2.84910035874338,"NK","Uridine diphosphate glucuronic acid",FALSE
"1287","HMDB0000935",0.136587989339582,81155561.5,0.229734566777105,0.0791113058201914,0.14553125054634,1.53801215616429,"Fibro","Uridine diphosphate glucuronic acid",FALSE
"1288","HMDB0000935",2.42330534416303e-14,100554076.5,0.0360805271907134,0.105152324386683,3.52659883418847e-14,-1.54318841731917,"Myeloid","Uridine diphosphate glucuronic acid",FALSE
"1289","HMDB0000935",0.13801095742839,67236877,0.0579502902183872,0.0985843351585199,0.153918762490229,-0.766542537286672,"Mast","Uridine diphosphate glucuronic acid",FALSE
"1290","HMDB0000935",1.64530392299975e-130,6544070,-0.0264487847970875,0.0971237536687702,2.45424501847463e-129,NA,"Oligo","Uridine diphosphate glucuronic acid",FALSE
"1291","HMDB0000951",0.105303220701164,41474188,0,0.00127972362661568,0.12779170512209,-Inf,"Endo","Taurochenodesoxycholic acid",FALSE
"1292","HMDB0000951",0.0339708626596747,66197575,0,0.00132606581139681,0.0401371908652263,-Inf,"Mast","Taurochenodesoxycholic acid",FALSE
"1293","HMDB0000951",0.811796293965262,17505113,0.00125126648539058,0.00121403844622665,0.857295201296648,0.0435749669898613,"pDC","Taurochenodesoxycholic acid",FALSE
"1294","HMDB0000951",0.00398915595562912,106425000,0,0.00141991058363112,0.00438072954636572,-Inf,"B","Taurochenodesoxycholic acid",FALSE
"1295","HMDB0000951",7.55367507782451e-44,107525669,0.00678179256775523,0.000274917747609642,1.24618234002819e-43,4.62459470815161,"Epi","Taurochenodesoxycholic acid",FALSE
"1296","HMDB0000951",0.194431739294327,106528817,0.000558039011606081,0.00132569498146903,0.205936575938961,-1.2483109883214,"T","Taurochenodesoxycholic acid",FALSE
"1297","HMDB0000951",0.0247285434186527,106466581,0.000352558821002068,0.00136038689276466,0.0275788739684662,-1.94808112864886,"Myeloid","Taurochenodesoxycholic acid",FALSE
"1298","HMDB0000951",0.00398915595562912,106425000,0,0.00141991058363112,0.0044489652090817,-Inf,"NK","Taurochenodesoxycholic acid",FALSE
"1299","HMDB0000951",0.996364549517713,13389289,0.000458971934085385,0.00122691964151987,0.996364549517713,-1.41856291982675,"Oligo","Taurochenodesoxycholic acid",FALSE
"1300","HMDB0000951",0.039482360962539,82075530,0.00066105482125403,0.00128091811638804,0.0433579301367759,-0.954336428851058,"Fibro","Taurochenodesoxycholic acid",FALSE
"1301","HMDB0000960",0,139467881.5,0.35979606889645,0.238170033603662,0,0.59518751821987,"Myeloid","dGDP",FALSE
"1302","HMDB0000960",0.905759508023152,17552628.5,0.257130837442754,0.25570896124462,0.918588962811015,0.00799992122811119,"pDC","dGDP",FALSE
"1303","HMDB0000960",8.13044662391605e-45,118669197,0.295273604147151,0.249063578217759,1.36652577059246e-44,0.245538328484776,"Epi","dGDP",FALSE
"1304","HMDB0000960",3.1689262229902e-32,47871548.5,0.317517150165601,0.252437281128724,1.69324714601566e-31,0.330909528718749,"Endo","dGDP",FALSE
"1305","HMDB0000960",7.81921267747262e-29,97051183,0.22667244927764,0.260645741795255,1.43552725053087e-28,-0.201481240108102,"T","dGDP",FALSE
"1306","HMDB0000960",8.23344153405051e-06,110440976.5,0.271557366476982,0.253067670345088,1.01640416178968e-05,0.101733786017768,"NK","dGDP",FALSE
"1307","HMDB0000960",0.000155628790298647,79344245,0.240629404659705,0.25754216893778,0.000201866329445347,-0.0979957237258037,"Fibro","dGDP",FALSE
"1308","HMDB0000960",6.76331340447996e-07,14900206,0.29941236281066,0.255038719515315,1.18110546283113e-06,0.231417500808392,"Oligo","dGDP",FALSE
"1309","HMDB0000960",0,72358464,0.143873867086797,0.27462490475167,0,-0.932657896161444,"B","dGDP",FALSE
"1310","HMDB0000960",6.26781368396469e-49,56356432,0.197222750517904,0.261097463591063,2.41277128909609e-48,-0.404762460202572,"Mast","dGDP",FALSE
"1311","HMDB0000961",4.48991887962286e-09,62494104,0.102204702758711,0.135236170800879,6.86919213207257e-09,-0.404019491427987,"Mast","Farnesyl pyrophosphate",FALSE
"1312","HMDB0000961",4.66925192877989e-30,97223518.5,0.0875763834093341,0.14004353357375,7.84785065963945e-30,-0.677261591370932,"B","Farnesyl pyrophosphate",FALSE
"1313","HMDB0000961",2.96180050031483e-115,125426582.5,0.211824035226992,0.119066384862344,6.93022600727261e-115,0.831100132989401,"Epi","Farnesyl pyrophosphate",FALSE
"1314","HMDB0000961",1.7598045477606e-11,101070028,0.108463536269792,0.136517085344735,2.56101637438331e-11,-0.331871405315877,"T","Farnesyl pyrophosphate",FALSE
"1315","HMDB0000961",1.38118140316522e-15,11055670,0.0498516008069884,0.133788435243778,3.50682937824928e-15,-1.42424167640125,"Oligo","Farnesyl pyrophosphate",FALSE
"1316","HMDB0000961",1.05762723950883e-33,96638593,0.0593377676627653,0.144811153993566,1.88373408827941e-33,-1.28715017189541,"Myeloid","Farnesyl pyrophosphate",FALSE
"1317","HMDB0000961",1.12829821557775e-10,86862251,0.146888763623075,0.130742917261769,1.69718807217157e-10,0.16799124652327,"Fibro","Farnesyl pyrophosphate",FALSE
"1318","HMDB0000961",2.09937495899597e-10,101375714.5,0.12414189701592,0.133870054997592,2.78361568637244e-10,-0.108843187436663,"NK","Farnesyl pyrophosphate",FALSE
"1319","HMDB0000961",2.17707699355242e-05,16092801.5,0.0781194482420621,0.13361517692218,5.68900411453845e-05,-0.774330223638826,"pDC","Farnesyl pyrophosphate",FALSE
"1320","HMDB0000961",2.2547036766099e-168,55773499,0.402206655748362,0.118051177320843,1.00897989528293e-166,1.76852452608278,"Endo","Farnesyl pyrophosphate",FALSE
"1321","HMDB0000962",0.00213687259387745,16878713,0.0948888110399197,0.133476541364461,0.00437143079204644,-0.492276324312603,"pDC","Lipoamide",FALSE
"1322","HMDB0000962",1.70444306464613e-42,99667261.5,0.115905386557581,0.135508250887558,3.4474046166289e-42,-0.225433082374202,"NK","Lipoamide",FALSE
"1323","HMDB0000962",4.22255870091041e-06,84247927.5,0.140339041620723,0.131761953891553,5.81413851894588e-06,0.0909825613630713,"Fibro","Lipoamide",FALSE
"1324","HMDB0000962",5.92646733161735e-35,100342554,0.105108269701822,0.137331164420525,1.2335321539064e-34,-0.385782869910947,"T","Lipoamide",FALSE
"1325","HMDB0000962",0.00175453844495537,12825389,0.089763804888887,0.133364216109026,0.00245361235661728,-0.571165883787825,"Oligo","Lipoamide",FALSE
"1326","HMDB0000962",0.32440340372808,41853325,0.156601465507396,0.131398271704077,0.365208863316518,0.253151413858372,"Endo","Lipoamide",FALSE
"1327","HMDB0000962",0.0342374680402387,65458357.5,0.164895846633876,0.129725974663456,0.0403191235473864,0.346087685653419,"Mast","Lipoamide",FALSE
"1328","HMDB0000962",1.75948067208403e-74,115897884,0.162847174634284,0.127582911013052,3.57894363980729e-74,0.352083588026756,"Epi","Lipoamide",FALSE
"1329","HMDB0000962",3.18406823027355e-163,120457394.5,0.191062217159604,0.12281927053942,9.49913688698276e-163,0.637505571788441,"Myeloid","Lipoamide",FALSE
"1330","HMDB0000962",4.96166345598678e-90,96383956,0.0657947374728748,0.143968600218084,1.45596353872399e-89,-1.12971009073152,"B","Lipoamide",FALSE
"1331","HMDB0000963",0.00984637276994315,67194239,0.0377321116773566,0.00872470842283309,0.0121801920005121,2.11261402002459,"Mast","5-Methylthioribose 1-phosphate",FALSE
"1332","HMDB0000963",0.000116477372566783,108292893,0.0174896626303852,0.0100894750134319,0.000137167432167461,0.793651351918331,"Epi","5-Methylthioribose 1-phosphate",FALSE
"1333","HMDB0000963",1.55515584087954e-09,103983077.5,-0.00843002868063516,0.014465583625794,2.03936187192262e-09,NA,"NK","5-Methylthioribose 1-phosphate",FALSE
"1334","HMDB0000963",1.83412366684522e-07,104341706,-0.00371309174921,0.013669207307809,2.40518781219995e-07,NA,"T","5-Methylthioribose 1-phosphate",FALSE
"1335","HMDB0000963",0.148362472845159,82747137,0.0203703217452201,0.0100586723476967,0.15714131739221,1.01802887234442,"Fibro","5-Methylthioribose 1-phosphate",FALSE
"1336","HMDB0000963",0.00836911754745441,17045853.5,-0.00735395986004085,0.0115502494837169,0.0150822700125883,NA,"pDC","5-Methylthioribose 1-phosphate",FALSE
"1337","HMDB0000963",0.0708809776514624,13110299.5,-0.0175974676432263,0.0116191101464171,0.0890364561376264,NA,"Oligo","5-Methylthioribose 1-phosphate",FALSE
"1338","HMDB0000963",0.000479197341518401,40590840,-0.0183691203342605,0.0127362094634664,0.0007491382020244,NA,"Endo","5-Methylthioribose 1-phosphate",FALSE
"1339","HMDB0000963",3.54403579030556e-33,111842353,0.0421377740737435,0.0059280515045077,6.28101392539302e-33,2.82948421852549,"Myeloid","5-Methylthioribose 1-phosphate",FALSE
"1340","HMDB0000963",5.92455209927326e-05,104864363.5,0.00223612398785617,0.0126647812167966,6.97693964322312e-05,-2.50175006522604,"B","5-Methylthioribose 1-phosphate",FALSE
"1341","HMDB0000965",5.42294144201677e-55,99144012,0.028495432876206,0.0403982468980561,1.26065781574156e-54,-0.503561978937302,"NK","Hypotaurine",FALSE
"1342","HMDB0000965",1.70967738819479e-54,99179112.5,0.0248837888188474,0.0410080129047011,3.55851456380079e-54,-0.720699670036595,"B","Hypotaurine",FALSE
"1343","HMDB0000965",0.0457890260623899,17124300,0.0303657640416137,0.0388548952154909,0.0700532962834855,-0.355650701340844,"pDC","Hypotaurine",FALSE
"1344","HMDB0000965",3.18550294225033e-115,117526166.5,0.0534434036141806,0.0361861971364531,7.40526008652999e-115,0.562572390070177,"Epi","Hypotaurine",FALSE
"1345","HMDB0000965",1.19645603805816e-09,43355893,0.0602020591946288,0.0375288416930149,2.53450450665575e-09,0.681813071884192,"Endo","Hypotaurine",FALSE
"1346","HMDB0000965",8.90118892881767e-20,102260983,0.0348998959378159,0.0393169598709398,1.46175487913611e-19,-0.171929036900822,"T","Hypotaurine",FALSE
"1347","HMDB0000965",2.06630688213405e-60,89079244,0.058328243297675,0.036333172839055,6.05512430788256e-60,0.682907268026581,"Fibro","Hypotaurine",FALSE
"1348","HMDB0000965",3.03593264797043e-61,60079603,0.0133853264662527,0.0409953915009451,1.48885464105947e-60,-1.61480941166881,"Mast","Hypotaurine",FALSE
"1349","HMDB0000965",2.18419109551316e-15,110406874.5,0.0364644863331446,0.0390528048151693,3.21786177857494e-15,-0.0989340967078219,"Myeloid","Hypotaurine",FALSE
"1350","HMDB0000965",5.21183419176892e-48,15856573.5,0.121360012110967,0.0373542716431688,2.70411107341054e-47,1.69994799789344,"Oligo","Hypotaurine",FALSE
"1351","HMDB0000972",3.77958117325767e-16,112776763,0.0477064816164806,0.0356675708473952,4.99295225101936e-16,0.419572326672635,"Epi","10-Formyltetrahydrofolate",FALSE
"1352","HMDB0000972",1.16609262103131e-72,92973852,0.00196664090165714,0.0433899819084831,2.91930879950497e-72,-4.46355652641345,"B","10-Formyltetrahydrofolate",FALSE
"1353","HMDB0000972",0.80087456710898,17588786,0.035111862696788,0.0374551148976493,0.853312782812544,-0.0932042138852006,"pDC","10-Formyltetrahydrofolate",FALSE
"1354","HMDB0000972",0.0028358425150479,68088414.5,0.0554414779290872,0.0357548543318726,0.00358739088476024,0.632826590906164,"Mast","10-Formyltetrahydrofolate",FALSE
"1355","HMDB0000972",0.00301997359659835,80224056.5,0.0240353104142822,0.0390028187274535,0.00370257036843222,-0.69842295518439,"Fibro","10-Formyltetrahydrofolate",FALSE
"1356","HMDB0000972",3.11766284771813e-22,99277642,0.0251534241148406,0.0394752793568736,4.9826933012638e-22,-0.650194669437487,"NK","10-Formyltetrahydrofolate",FALSE
"1357","HMDB0000972",0.632478869896484,41766418,0.0429576677196016,0.0371099190126655,0.662068524628483,0.211110815334136,"Endo","10-Formyltetrahydrofolate",FALSE
"1358","HMDB0000972",2.9514015266392e-06,12135935.5,0.00449171832776416,0.0379338832025275,4.96057157998514e-06,-3.07814769911431,"Oligo","10-Formyltetrahydrofolate",FALSE
"1359","HMDB0000972",2.32120497455255e-37,96950070.5,0.0147442451476591,0.0412326960320688,4.97599629275338e-37,-1.48363683256216,"T","10-Formyltetrahydrofolate",FALSE
"1360","HMDB0000972",2.75152211270644e-251,132230824,0.0988321834833053,0.0270358467435923,1.01551022304011e-250,1.87010737287411,"Myeloid","10-Formyltetrahydrofolate",FALSE
"1361","HMDB0000978",1.87647125540831e-41,88695062.5,0.0546039975532927,0.0396638322886803,4.25175132554541e-41,0.461182498197729,"Fibro","4-(2-Aminophenyl)-2,4-dioxobutanoic acid",FALSE
"1362","HMDB0000978",2.98113848073026e-54,98099499.5,0.0302964722314705,0.043107725936761,6.16906113353429e-54,-0.508796644171462,"B","4-(2-Aminophenyl)-2,4-dioxobutanoic acid",FALSE
"1363","HMDB0000978",2.4287162291178e-35,60936346,0.0283099673001832,0.0424429338472209,6.68831084633979e-35,-0.584214302454806,"Mast","4-(2-Aminophenyl)-2,4-dioxobutanoic acid",FALSE
"1364","HMDB0000978",0.050211899772668,17947117,0.0474511067889341,0.0411260858663166,0.0761688988076913,0.206387966924859,"pDC","4-(2-Aminophenyl)-2,4-dioxobutanoic acid",FALSE
"1365","HMDB0000978",2.72380799934231e-17,101970834,0.0398934677407728,0.0414874329248916,4.29569719720064e-17,-0.0565218566360872,"T","4-(2-Aminophenyl)-2,4-dioxobutanoic acid",FALSE
"1366","HMDB0000978",2.88950616264785e-137,120304352,0.0546223750607281,0.0390007019912506,7.66254226835504e-137,0.485991954028454,"Epi","4-(2-Aminophenyl)-2,4-dioxobutanoic acid",FALSE
"1367","HMDB0000978",6.51503633183488e-26,112392866.5,0.0411348307533467,0.0412778494346714,1.06990046183343e-25,-0.00500730103575344,"Myeloid","4-(2-Aminophenyl)-2,4-dioxobutanoic acid",FALSE
"1368","HMDB0000978",5.71703623185084e-79,96285115,0.0287171231831424,0.0433743727455281,1.81123802743593e-78,-0.594931663988174,"NK","4-(2-Aminophenyl)-2,4-dioxobutanoic acid",FALSE
"1369","HMDB0000978",1.44829458639161e-20,15197835,0.0869770048651447,0.0405246987633678,4.01929815448213e-20,1.1018325674572,"Oligo","4-(2-Aminophenyl)-2,4-dioxobutanoic acid",FALSE
"1370","HMDB0000978",0.0605291373037869,42183734.5,0.0509607487320856,0.0407386802300456,0.0787979314718389,0.322987230776099,"Endo","4-(2-Aminophenyl)-2,4-dioxobutanoic acid",FALSE
"1371","HMDB0000988",8.63964637163629e-35,96764403.5,-0.0213450221094156,0.13296508814159,1.5464967005229e-34,NA,"Myeloid","S-Adenosylmethioninamine",FALSE
"1372","HMDB0000988",0.387514433788724,41108752,0.0839825617870161,0.112101948011313,0.42686205321958,-0.416649646642302,"Endo","S-Adenosylmethioninamine",FALSE
"1373","HMDB0000988",7.24213479112297e-87,18993584,0.760775937444327,0.100260130878196,6.82285330321585e-86,2.92372359346042,"Oligo","S-Adenosylmethioninamine",FALSE
"1374","HMDB0000988",4.28428001423526e-25,72840138.5,0.247292659938093,0.098163830705465,9.83187336600144e-25,1.33295596439163,"Mast","S-Adenosylmethioninamine",FALSE
"1375","HMDB0000988",4.34870782762981e-14,76887259.5,0.0359674890541242,0.1195943514393,6.85831454753952e-14,-1.73338389988121,"Fibro","S-Adenosylmethioninamine",FALSE
"1376","HMDB0000988",0.00178552257424612,16497977.5,0.0220124509176289,0.112552313333806,0.00371637838127971,-2.3542040170827,"pDC","S-Adenosylmethioninamine",FALSE
"1377","HMDB0000988",2.48027503544489e-33,96983831.5,-0.00959687318049828,0.130981608666844,3.68439196136626e-33,NA,"Epi","S-Adenosylmethioninamine",FALSE
"1378","HMDB0000988",1.99027414988228e-09,111416070.5,0.167894881652449,0.101015079064793,2.76169823898394e-09,0.732987581857727,"T","S-Adenosylmethioninamine",FALSE
"1379","HMDB0000988",0.0831147363578813,105226763.5,0.0800114976266794,0.115852726207419,0.0877730844133378,-0.534012758790384,"B","S-Adenosylmethioninamine",FALSE
"1380","HMDB0000988",1.3346598953494e-40,117293981.5,0.263348858739775,0.0848992632472471,2.62532001392905e-40,1.63315126808898,"NK","S-Adenosylmethioninamine",FALSE
"1381","HMDB0000990",8.96631587858472e-08,111043529.5,0.0316080523554796,0.0205452729412038,1.18448010499385e-07,0.621485644462191,"T","Acetaldehyde",FALSE
"1382","HMDB0000990",0.000928767421354621,18623267.5,0.0364481179934571,0.0218404600714166,0.00197915914788663,0.738841075512205,"pDC","Acetaldehyde",FALSE
"1383","HMDB0000990",6.58574494937351e-57,33319139,-0.0347593851996503,0.0251838464287754,5.12542759103416e-56,NA,"Endo","Acetaldehyde",FALSE
"1384","HMDB0000990",6.53692584396708e-48,75808874.5,0.0582142504878058,0.0188397645643544,2.43772859597939e-47,1.62759142309522,"Mast","Acetaldehyde",FALSE
"1385","HMDB0000990",2.48229360359994e-297,109003803,0.116465439124626,0.0108829451491669,2.77706596902743e-296,3.41976096411457,"Fibro","Acetaldehyde",FALSE
"1386","HMDB0000990",0,68938965.5,-0.0641184812671183,0.0367071053947912,0,NA,"Myeloid","Acetaldehyde",FALSE
"1387","HMDB0000990",1.04941553788088e-17,113712816,0.0374739076212832,0.0195549208787686,1.56537817733898e-17,0.938354724885346,"NK","Acetaldehyde",FALSE
"1388","HMDB0000990",1.21564830849755e-11,112229779,0.0338935485889012,0.0201594049294832,1.62388841209748e-11,0.749557638484751,"B","Acetaldehyde",FALSE
"1389","HMDB0000990",0.337275241458467,13670911,0.0259032198150059,0.0220830079724715,0.390759017612075,0.230194740551226,"Oligo","Acetaldehyde",FALSE
"1390","HMDB0000990",3.23816568579964e-27,97661677,-0.00121415201692061,0.0260867560363246,4.61857894627996e-27,NA,"Epi","Acetaldehyde",FALSE
"1391","HMDB0000994",0.00115068530272244,109213576.5,0.151356176978276,0.161366543321049,0.00135955557219351,-0.0923939366921719,"Myeloid","Dolichyl phosphate D-mannose",FALSE
"1392","HMDB0000994",0.533532380242341,13212739.5,0.151710045597602,0.160052129211327,0.598760476886389,-0.0772252516125117,"Oligo","Dolichyl phosphate D-mannose",FALSE
"1393","HMDB0000994",1.05903146785052e-216,131739955,0.258841016913439,0.143219516487491,4.40852634291264e-216,0.853838148596913,"Epi","Dolichyl phosphate D-mannose",FALSE
"1394","HMDB0000994",1.91919250873286e-31,97285733,0.133463554304545,0.164387414952609,3.47005514205234e-31,-0.300654024208584,"NK","Dolichyl phosphate D-mannose",FALSE
"1395","HMDB0000994",5.47408148027681e-75,91962134,0.103251273214137,0.169488255926847,1.43045340871467e-74,-0.715025738567578,"B","Dolichyl phosphate D-mannose",FALSE
"1396","HMDB0000994",2.26370722915976e-07,44124329,0.196977661255,0.157940436360955,4.26530098967996e-07,0.318651445126336,"Endo","Dolichyl phosphate D-mannose",FALSE
"1397","HMDB0000994",2.30344998712144e-08,62783639.5,0.143109894840227,0.161460155438334,3.43597956412282e-08,-0.174054760013765,"Mast","Dolichyl phosphate D-mannose",FALSE
"1398","HMDB0000994",3.22310619551813e-24,89322807,0.192161389662768,0.156071637442251,6.20361299997575e-24,0.300110106083975,"Fibro","Dolichyl phosphate D-mannose",FALSE
"1399","HMDB0000994",4.31152019309776e-27,97994167.5,0.132205782182211,0.164599768847989,7.75640316145225e-27,-0.316177033479892,"T","Dolichyl phosphate D-mannose",FALSE
"1400","HMDB0000994",0.000446962798785752,16373681,0.120394314753176,0.160757228247182,0.000987732604724069,-0.417116341062307,"pDC","Dolichyl phosphate D-mannose",FALSE
"1401","HMDB0000998",1.96675118698879e-121,86651803,0.0119340822554352,0.0700582450812223,9.38795899922651e-121,-2.55346722412304,"NK","dCTP",FALSE
"1402","HMDB0000998",0.000476286437518378,14443911.5,0.0851715382934414,0.0612857923745049,0.000707512633326056,0.474818747907266,"Oligo","dCTP",FALSE
"1403","HMDB0000998",0.955375177256842,17492128.5,0.0538991806295798,0.0618267623646538,0.955375177256842,-0.197968117629037,"pDC","dCTP",FALSE
"1404","HMDB0000998",0.00294076070657803,43121912.5,0.0736375549982311,0.0610225477124044,0.00442349719728965,0.27109931121543,"Endo","dCTP",FALSE
"1405","HMDB0000998",8.15261517064616e-17,99518680.5,0.03808460713928,0.0656431640608197,1.21609842962139e-16,-0.785436766051884,"Myeloid","dCTP",FALSE
"1406","HMDB0000998",7.95632167700168e-208,105205175.5,0.139344483570884,0.0523886586453076,6.32969591192578e-207,1.41132946058961,"Fibro","dCTP",FALSE
"1407","HMDB0000998",0,146264901,0.170487372997023,0.0432891600328367,0,1.97758717881605,"Epi","dCTP",FALSE
"1408","HMDB0000998",1.87797360156977e-97,88767129,0.0155971433510029,0.0694397981631795,5.64970209547882e-97,-2.15448093367912,"B","dCTP",FALSE
"1409","HMDB0000998",7.91933081265105e-35,58036688,0.0251569690257448,0.0650057123005905,2.1478185082796e-34,-1.36960838564574,"Mast","dCTP",FALSE
"1410","HMDB0000998",8.16687112991482e-46,94510432.5,0.0303996988355598,0.0669406329623426,1.97549990845237e-45,-1.13882516138867,"T","dCTP",FALSE
"1411","HMDB0001008",3.64560462907366e-39,13258039.5,0.110745110008037,0.257457863211074,5.93239298731077e-38,-1.21709333578003,"pDC","Biliverdin",FALSE
"1412","HMDB0001008",0.000185933367964295,14450897.5,0.283644175175379,0.253948538679009,0.000289409329266163,0.159546065459445,"Oligo","Biliverdin",FALSE
"1413","HMDB0001008",3.24574507305834e-42,91777424.5,0.280553028027631,0.251296624107777,7.44856882150568e-42,0.158882193659852,"Fibro","Biliverdin",FALSE
"1414","HMDB0001008",6.91897618376885e-196,82679270,0.143223441296385,0.273189948612063,6.51840387839276e-195,-0.931636767024105,"NK","Biliverdin",FALSE
"1415","HMDB0001008",4.36065750390968e-263,78837324.5,0.126205299977133,0.276063178617001,6.24446154559866e-262,-1.12922597628906,"T","Biliverdin",FALSE
"1416","HMDB0001008",8.08562196461397e-22,36737523.5,0.179400802392071,0.25842528850178,3.01526319097063e-21,-0.526560910608913,"Endo","Biliverdin",FALSE
"1417","HMDB0001008",0,168044874,0.581825232720546,0.199139333818181,0,1.54680765589754,"Myeloid","Biliverdin",FALSE
"1418","HMDB0001008",0,62518093,0.0632342802854812,0.286694787546877,0,-2.18073689192343,"B","Biliverdin",FALSE
"1419","HMDB0001008",0,142585817.5,0.403416060295257,0.229260754116221,0,0.815279110814047,"Epi","Biliverdin",FALSE
"1420","HMDB0001008",4.74630482653268e-07,63123498,0.217662345723296,0.257782875639453,7.0213930904905e-07,-0.244064577977271,"Mast","Biliverdin",FALSE
"1421","HMDB0001018",7.43639716680917e-12,110837746,0.173323306003609,0.0945502249709986,1.09107794496626e-11,0.874312864227558,"T","UDP-D-Xylose",FALSE
"1422","HMDB0001018",0.000381775166547195,12612830.5,0.0450265618336776,0.106904418292198,0.000574266847159226,-1.24747325517755,"Oligo","UDP-D-Xylose",FALSE
"1423","HMDB0001018",4.8075078723305e-09,39287202.5,0.0740433669403902,0.107632480964155,9.77890805849045e-09,-0.539671110375537,"Endo","UDP-D-Xylose",FALSE
"1424","HMDB0001018",4.1723297264606e-123,121165921.5,0.185477749148315,0.0924981494780548,1.02307811100883e-122,1.00374971579951,"Epi","UDP-D-Xylose",FALSE
"1425","HMDB0001018",3.46685281173473e-35,98980968,0.0513344168100922,0.115146019195803,6.43074252124887e-35,-1.16546623504556,"NK","UDP-D-Xylose",FALSE
"1426","HMDB0001018",2.96830658083601e-23,100487901,0.0457042543326796,0.116096578452499,4.68129407902771e-23,-1.34492508594928,"B","UDP-D-Xylose",FALSE
"1427","HMDB0001018",2.36883944745709e-16,15461554.5,0.0113221213574892,0.107931199069553,1.32506956592131e-15,-3.25289575925445,"pDC","UDP-D-Xylose",FALSE
"1428","HMDB0001018",9.27182547272391e-10,78879559,0.0992991795235717,0.106720124117484,1.36037439312916e-09,-0.103978547115811,"Fibro","UDP-D-Xylose",FALSE
"1429","HMDB0001018",6.31030830503932e-06,109398818,0.0948000212495804,0.107807575089862,8.01095877022722e-06,-0.185499264874557,"Myeloid","UDP-D-Xylose",FALSE
"1430","HMDB0001018",0.222801798587569,66900261,0.132304666241797,0.103513099340087,0.244671913786348,0.354050595846929,"Mast","UDP-D-Xylose",FALSE
"1431","HMDB0001022",5.55645888927394e-71,95274711.5,0.0826939956358428,0.0181885680686319,1.80837480214552e-70,2.18475061152017,"Fibro","Succinyl-CoA",FALSE
"1432","HMDB0001022",0.000280706364570779,16280273,-0.00781077293985638,0.0257639663706466,0.000648341151718315,NA,"pDC","Succinyl-CoA",FALSE
"1433","HMDB0001022",0.00711295860461305,108864910,0.0316946658134362,0.0239492315177263,0.00776353408674229,0.4042606928425,"B","Succinyl-CoA",FALSE
"1434","HMDB0001022",2.25691219682274e-22,114750786.5,0.0439896221193294,0.0218734327154482,3.13168436613388e-22,1.0079835601825,"Epi","Succinyl-CoA",FALSE
"1435","HMDB0001022",0.841699923600144,106781026,0.0284632551384942,0.024494801444274,0.846428574856324,0.216625064860368,"T","Succinyl-CoA",FALSE
"1436","HMDB0001022",1.58080747966477e-45,94770551.5,-0.0166251574413402,0.0321072297035741,3.01026105170206e-45,NA,"Myeloid","Succinyl-CoA",FALSE
"1437","HMDB0001022",4.1604487839676e-21,98728953.5,0.00558741802504356,0.028357005920629,6.56141261964934e-21,-2.34345154813109,"NK","Succinyl-CoA",FALSE
"1438","HMDB0001022",0.0853134630405271,12879234,0.0163045240085531,0.0252084318991261,0.105682421344321,-0.628634053636956,"Oligo","Succinyl-CoA",FALSE
"1439","HMDB0001022",0.478418608157419,41170521.5,0.0237908002422027,0.0251362777623508,0.519011702182897,-0.0793672280151696,"Endo","Succinyl-CoA",FALSE
"1440","HMDB0001022",0.00647955640878651,64511794.5,0.0178481945843059,0.0257292414903232,0.00805444859147768,-0.527630779088686,"Mast","Succinyl-CoA",FALSE
"1441","HMDB0001023",2.86463492813016e-37,62156654.5,0.0173629592664118,0.042549117881775,8.13920082754443e-37,-1.29311636727348,"Mast","4,4-Dimethylcholesta-8,14,24-trienol",FALSE
"1442","HMDB0001023",0,137590393,0.144737201122247,0.0228265037161672,0,2.66465397138687,"Epi","4,4-Dimethylcholesta-8,14,24-trienol",FALSE
"1443","HMDB0001023",3.25074406475618e-59,99919003,0.019078552624717,0.0440418757400621,7.13967101339088e-59,-1.20692418759959,"B","4,4-Dimethylcholesta-8,14,24-trienol",FALSE
"1444","HMDB0001023",4.6446419866458e-46,100735695,0.0141722193801867,0.0448702284742391,8.89188145037003e-46,-1.66269282700285,"Myeloid","4,4-Dimethylcholesta-8,14,24-trienol",FALSE
"1445","HMDB0001023",1.35585730890797e-42,100970268,0.022167037452589,0.0435204364647165,3.17252886659512e-42,-0.973277053474743,"T","4,4-Dimethylcholesta-8,14,24-trienol",FALSE
"1446","HMDB0001023",2.15340071285214e-67,99457742.5,0.0193934355385944,0.043988712999242,6.02279261875832e-67,-1.18156499330494,"NK","4,4-Dimethylcholesta-8,14,24-trienol",FALSE
"1447","HMDB0001023",0.000192247417621098,18134980,0.0581680865885023,0.0400606921170669,0.000449833826851982,0.538040501786673,"pDC","4,4-Dimethylcholesta-8,14,24-trienol",FALSE
"1448","HMDB0001023",2.62339193376409e-85,16250999.5,0.184587437412337,0.0381265250664958,2.40813926227575e-84,2.2754374180478,"Oligo","4,4-Dimethylcholesta-8,14,24-trienol",FALSE
"1449","HMDB0001023",8.658731824272e-16,39468787.5,0.0188187362872388,0.041591144491426,2.54084097794211e-15,-1.14410663344472,"Endo","4,4-Dimethylcholesta-8,14,24-trienol",FALSE
"1450","HMDB0001023",2.54746552186014e-15,79328239,0.0205851771174239,0.0428058413595031,4.16435003116864e-15,-1.05620182089281,"Fibro","4,4-Dimethylcholesta-8,14,24-trienol",FALSE
"1451","HMDB0001024",1.25602661254657e-62,100279761.5,0.00886733097982839,0.0532164028198072,2.6450442781863e-62,-2.58529916288277,"Myeloid","Phosphohydroxypyruvic acid",FALSE
"1452","HMDB0001024",6.26186338289555e-67,100059435.5,0.0110605115962218,0.0528461207640258,1.46519417717425e-66,-2.25637945468514,"B","Phosphohydroxypyruvic acid",FALSE
"1453","HMDB0001024",1.59607446142448e-174,117295017.5,0.0901267579150265,0.0394971006190309,5.24215281825656e-174,1.19020874164671,"Epi","Phosphohydroxypyruvic acid",FALSE
"1454","HMDB0001024",6.67230891248576e-25,39101067.5,0.00666585308844303,0.0489554806327998,2.77754254729059e-24,-2.87660895380241,"Endo","Phosphohydroxypyruvic acid",FALSE
"1455","HMDB0001024",0,22408592.5,0.821874616923871,0.0343927949319801,0,4.57874005043485,"Oligo","Phosphohydroxypyruvic acid",FALSE
"1456","HMDB0001024",2.31553845913475e-09,16593266.5,0.00969535808016196,0.0475959585510795,8.63502883719e-09,-2.29547298948369,"pDC","Phosphohydroxypyruvic acid",FALSE
"1457","HMDB0001024",7.8214867781907e-280,94096895.5,0.108419470243734,0.0394553804060994,7.77803407386742e-279,1.45832990824554,"Fibro","Phosphohydroxypyruvic acid",FALSE
"1458","HMDB0001024",9.10590504825246e-35,101949535.5,0.0218640227142853,0.0510221276662605,1.87351379728413e-34,-1.22256419803501,"T","Phosphohydroxypyruvic acid",FALSE
"1459","HMDB0001024",3.51925180113812e-43,62187029,0.00873497586868338,0.0502974041044574,1.1453564952795e-42,-2.52560832046795,"Mast","Phosphohydroxypyruvic acid",FALSE
"1460","HMDB0001024",2.83928500293259e-67,100042161,0.0135727660209166,0.0524219684046311,7.87956613216951e-67,-1.94945676636957,"NK","Phosphohydroxypyruvic acid",FALSE
"1461","HMDB0001031",0.117805158014985,17290417.5,0.0465969815088524,0.0538610822173093,0.169374484214316,-0.209006715822903,"pDC","Deoxyribose 5-phosphate",FALSE
"1462","HMDB0001031",1.68160961458364e-169,116290758.5,0.100043506618832,0.0458879566300755,5.10183255949951e-169,1.124440060597,"Myeloid","Deoxyribose 5-phosphate",FALSE
"1463","HMDB0001031",8.48560796579008e-19,43467588.5,0.108454689653246,0.0507852504712846,2.86589401108759e-18,1.09461097553672,"Endo","Deoxyribose 5-phosphate",FALSE
"1464","HMDB0001031",2.34235268867615e-06,12805754.5,0.0158182440122645,0.0543175963751334,3.99315363117171e-06,-1.7798301851323,"Oligo","Deoxyribose 5-phosphate",FALSE
"1465","HMDB0001031",5.87653440487782e-19,103512578,0.0508273754926983,0.0541972814867585,9.02918161779511e-19,-0.0926147502710565,"NK","Deoxyribose 5-phosphate",FALSE
"1466","HMDB0001031",0.00206473923276189,83137451.5,0.0547399652798883,0.0535876144293065,0.00256658557405818,0.0306949269087091,"Fibro","Deoxyribose 5-phosphate",FALSE
"1467","HMDB0001031",0.00185676895325743,107699224,0.0426367333047999,0.0555801351399576,0.00213052335021205,-0.382472434893963,"Epi","Deoxyribose 5-phosphate",FALSE
"1468","HMDB0001031",6.04671717354641e-07,64935217.5,0.050987067777823,0.0539599324948598,8.87182273823613e-07,-0.081757171234143,"Mast","Deoxyribose 5-phosphate",FALSE
"1469","HMDB0001031",7.11892424846192e-27,102871421,0.0350501365780761,0.0568610057674646,1.27428744047468e-26,-0.698019551961706,"T","Deoxyribose 5-phosphate",FALSE
"1470","HMDB0001031",6.25902200221201e-40,102002351,0.0267496285106692,0.0582624084464122,1.16099993616161e-39,-1.12304648469696,"B","Deoxyribose 5-phosphate",FALSE
"1471","HMDB0001051",9.77238171185972e-12,15144242.5,0.163664364295596,0.223054345414624,4.3191514232664e-11,-0.446655025478727,"pDC","Glyceraldehyde",FALSE
"1472","HMDB0001051",6.52162467146721e-14,113044480,0.245600792039113,0.217808877085218,9.30175949157474e-14,0.173252459095955,"NK","Glyceraldehyde",FALSE
"1473","HMDB0001051",5.57561669685744e-112,29501142.5,0.0664162625967828,0.230127502746513,1.05056356709209e-110,-1.79282496534889,"Endo","Glyceraldehyde",FALSE
"1474","HMDB0001051",7.21180643466418e-22,72808223.5,0.266283459209546,0.217751524735077,1.5647434567332e-21,0.290279994246486,"Mast","Glyceraldehyde",FALSE
"1475","HMDB0001051",2.27959151377831e-84,67536686.5,0.133692177013357,0.232344515520103,8.50097668679829e-84,-0.7973505417906,"Fibro","Glyceraldehyde",FALSE
"1476","HMDB0001051",7.00241087628415e-62,120851944.5,0.282055928308603,0.211654033885912,1.32638258926441e-61,0.414273275067777,"Epi","Glyceraldehyde",FALSE
"1477","HMDB0001051",1.12870458099373e-15,99741940.5,0.200659612325484,0.225396447524798,1.58461270586571e-15,-0.16771450924666,"B","Glyceraldehyde",FALSE
"1478","HMDB0001051",0.00724730956963641,104310791,0.217375696915351,0.222574214772836,0.00839655930721629,-0.0340958132331752,"Myeloid","Glyceraldehyde",FALSE
"1479","HMDB0001051",1.47882631309621e-24,115387161,0.256327399592546,0.215997867874779,2.58253570774851e-24,0.246970629257024,"T","Glyceraldehyde",FALSE
"1480","HMDB0001051",4.13093522542504e-14,15686150,0.306674455783545,0.22046388125996,9.85916540468111e-14,0.476165685937111,"Oligo","Glyceraldehyde",FALSE
"1481","HMDB0001052",0.570241082860338,65948924.5,0.142487855679637,0.135686999914963,0.594412735873178,0.0705564591195566,"Mast","(S)-3-Hydroxyisobutyryl-CoA",FALSE
"1482","HMDB0001052",9.79253159039759e-08,102346416.5,0.127966309624476,0.137657429429364,1.28886996667733e-07,-0.105318440725171,"T","(S)-3-Hydroxyisobutyryl-CoA",FALSE
"1483","HMDB0001052",5.010535205422e-20,99277539,0.101105974002595,0.142192350182679,7.56865655502563e-20,-0.49197560775861,"B","(S)-3-Hydroxyisobutyryl-CoA",FALSE
"1484","HMDB0001052",0.452413118919181,107215564,0.129297429548833,0.137432691978013,0.464079932874117,-0.0880316334627015,"Epi","(S)-3-Hydroxyisobutyryl-CoA",FALSE
"1485","HMDB0001052",0.321846005743814,41045484,0.087435313813758,0.138866409134996,0.363472776202793,-0.667409677682379,"Endo","(S)-3-Hydroxyisobutyryl-CoA",FALSE
"1486","HMDB0001052",0.0492452171726019,16873403.5,0.0942088537875276,0.137147620564362,0.0750203733948574,-0.541795036033072,"pDC","(S)-3-Hydroxyisobutyryl-CoA",FALSE
"1487","HMDB0001052",2.12137710236699e-38,96240053,0.0921816765075331,0.143699069327548,4.10515136566153e-38,-0.640498806845723,"NK","(S)-3-Hydroxyisobutyryl-CoA",FALSE
"1488","HMDB0001052",8.7236494246051e-98,123415584,0.2281112188888,0.120749627763937,2.23076178143473e-97,0.917718660876643,"Myeloid","(S)-3-Hydroxyisobutyryl-CoA",FALSE
"1489","HMDB0001052",1.89192951285676e-15,87781436,0.167197997262869,0.132563879943223,3.10693011744367e-15,0.334869832799688,"Fibro","(S)-3-Hydroxyisobutyryl-CoA",FALSE
"1490","HMDB0001052",0.09123229442241,13868357.5,0.130220762045022,0.136354303394274,0.112624694493872,-0.066400746756501,"Oligo","(S)-3-Hydroxyisobutyryl-CoA",FALSE
"1491","HMDB0001056",0.000988766770906642,104786751,0.0129539283689763,0.012347215664521,0.0011309217379699,0.0692039253066038,"NK","Dihydrofolic acid",FALSE
"1492","HMDB0001056",0.0589470309676268,13017886,0.0109206956234059,0.0124591117302124,0.0745690356410262,-0.190136459815861,"Oligo","Dihydrofolic acid",FALSE
"1493","HMDB0001056",0.0103551855614054,108036285.5,0.0115681226567407,0.0125811859012652,0.0115487739282964,-0.121113162539837,"Epi","Dihydrofolic acid",FALSE
"1494","HMDB0001056",3.30199268985818e-16,102086103,0.00319716480932196,0.0139944828533872,4.65398969672925e-16,-2.12999315507509,"B","Dihydrofolic acid",FALSE
"1495","HMDB0001056",0.367271900899344,41852774,0.0155960943920111,0.0122659316176521,0.408333355658277,0.346527978361658,"Endo","Dihydrofolic acid",FALSE
"1496","HMDB0001056",1.80749396064511e-09,103277487,0.00642863383099186,0.0134489030759653,2.52766733558965e-09,-1.06490442437395,"T","Dihydrofolic acid",FALSE
"1497","HMDB0001056",1.09158413604547e-12,85661678.5,0.0205784507345563,0.0114626599047516,1.67719794293682e-12,0.844192512209856,"Fibro","Dihydrofolic acid",FALSE
"1498","HMDB0001056",0.010411179551252,18087450,0.0202649208560325,0.0122691158060467,0.0184514964324169,0.723953258436021,"pDC","Dihydrofolic acid",FALSE
"1499","HMDB0001056",0.406563754271406,66670466,0.0190972394852988,0.0118246929517604,0.430620781151371,0.691561389080522,"Mast","Dihydrofolic acid",FALSE
"1500","HMDB0001056",1.55628540231391e-12,110535881,0.0160755471281214,0.0118201822761798,2.21972180887801e-12,0.443615557094862,"Myeloid","Dihydrofolic acid",FALSE
"1501","HMDB0001057",1.26984450055146e-40,99339019,0.0422101786246575,0.0577410937196437,2.89556898851862e-40,-0.452007500565983,"T","3-Methylglutaconyl-CoA",FALSE
"1502","HMDB0001057",4.83506107071529e-47,98761226,0.0475714659326974,0.0568359295616089,1.02423187178466e-46,-0.256706753113315,"NK","3-Methylglutaconyl-CoA",FALSE
"1503","HMDB0001057",0.000956205874184169,14027316.5,0.0758032519287644,0.0551723926899519,0.00137478595565435,0.458313192819509,"Oligo","3-Methylglutaconyl-CoA",FALSE
"1504","HMDB0001057",0.335014829763999,41212498,0.0573660399142604,0.0553978802023103,0.374797840798473,0.0503661568102726,"Endo","3-Methylglutaconyl-CoA",FALSE
"1505","HMDB0001057",8.47084957477124e-22,86786559.5,0.0668006368956636,0.0541483571981474,1.54722660600413e-21,0.30294428910653,"Fibro","3-Methylglutaconyl-CoA",FALSE
"1506","HMDB0001057",4.35154212252646e-37,60836994,0.0366369807118426,0.0572250330480086,1.22665518099565e-36,-0.643345776477733,"Mast","3-Methylglutaconyl-CoA",FALSE
"1507","HMDB0001057",0.00517245973953841,18129216,0.0675667674333605,0.055242251729393,0.00995559455244489,0.29054170807085,"pDC","3-Methylglutaconyl-CoA",FALSE
"1508","HMDB0001057",1.37594448048294e-34,99927042,0.0460952149769701,0.057085169972841,2.41464766672987e-34,-0.308499003732853,"B","3-Methylglutaconyl-CoA",FALSE
"1509","HMDB0001057",5.26298546383557e-278,126036460,0.092766762924229,0.049205455647793,3.03894967105344e-277,0.914789716782647,"Epi","3-Methylglutaconyl-CoA",FALSE
"1510","HMDB0001057",1.73263488569659e-05,108956431,0.0468498772506578,0.056957757804398,2.17643259326097e-05,-0.281847086431222,"Myeloid","3-Methylglutaconyl-CoA",FALSE
"1511","HMDB0001058",1.11720742852048e-32,47898654,0.148947527030468,0.078491258419864,6.06000393045956e-32,0.924200275824172,"Endo","Fructose 1,6-bisphosphate",FALSE
"1512","HMDB0001058",6.56591483237505e-21,59977764.5,0.0545352170063823,0.0845863931605816,1.38270441764133e-20,-0.633237430744077,"Mast","Fructose 1,6-bisphosphate",FALSE
"1513","HMDB0001058",4.50677783287458e-11,19795345,0.139833397233394,0.080842360429454,1.83343916382852e-10,0.790525618064694,"pDC","Fructose 1,6-bisphosphate",FALSE
"1514","HMDB0001058",3.40438979122001e-18,99172668.5,0.082486301039834,0.0819940189084318,4.99496534941296e-18,0.00863586732528497,"B","Fructose 1,6-bisphosphate",FALSE
"1515","HMDB0001058",0,69820696.5,-0.053863669780115,0.105014442818604,0,NA,"Myeloid","Fructose 1,6-bisphosphate",FALSE
"1516","HMDB0001058",1.54941240267324e-68,121583349,0.122852009135096,0.075178940722502,3.06458364727635e-68,0.708520958940128,"Epi","Fructose 1,6-bisphosphate",FALSE
"1517","HMDB0001058",4.57202887423065e-32,16963039,0.162361725653753,0.0807786688820206,1.74126206061125e-31,1.00716530106434,"Oligo","Fructose 1,6-bisphosphate",FALSE
"1518","HMDB0001058",1.04219026266639e-08,111511266,0.0975486705187523,0.0794509884375694,1.41864682142421e-08,0.296057042585983,"T","Fructose 1,6-bisphosphate",FALSE
"1519","HMDB0001058",2.20497192475345e-102,98334128,0.143919060015049,0.0746809263323323,9.99215125394602e-102,0.946445941208382,"Fibro","Fructose 1,6-bisphosphate",FALSE
"1520","HMDB0001058",0.00619917511446756,108955851.5,0.0910814654695305,0.0805428684053597,0.00689225059310369,0.177400651655899,"NK","Fructose 1,6-bisphosphate",FALSE
"1521","HMDB0001059",0.040727861905633,16980017,-0.00078297756227862,0.00784605720809749,0.0628473041474855,NA,"pDC","myo-Inositol 1,3,4,5-tetrakisphosphate",FALSE
"1522","HMDB0001059",3.65184503249025e-05,109259544.5,0.0121453416988007,0.00691113386177768,4.34339043731399e-05,0.813408751426429,"Epi","myo-Inositol 1,3,4,5-tetrakisphosphate",FALSE
"1523","HMDB0001059",7.75913238787456e-160,19506637,0.225734398170123,0.00417346805692412,1.4619838920311e-158,5.75723573901854,"Oligo","myo-Inositol 1,3,4,5-tetrakisphosphate",FALSE
"1524","HMDB0001059",2.46462580516972e-104,120514061,0.0344128857264985,0.00315162955185065,6.5845973003788e-104,3.44877900283583,"Myeloid","myo-Inositol 1,3,4,5-tetrakisphosphate",FALSE
"1525","HMDB0001059",1.63543142898489e-18,61870328.5,-0.0136300169303077,0.0096176525996579,3.27086285796977e-18,NA,"Mast","myo-Inositol 1,3,4,5-tetrakisphosphate",FALSE
"1526","HMDB0001059",9.80439628553265e-09,102939574,-0.00145843913381541,0.00920790590847971,1.27635413462571e-08,NA,"NK","myo-Inositol 1,3,4,5-tetrakisphosphate",FALSE
"1527","HMDB0001059",7.45791829027278e-46,74196464,-0.0178969816866165,0.0107190782107462,1.81628214144058e-45,NA,"Fibro","myo-Inositol 1,3,4,5-tetrakisphosphate",FALSE
"1528","HMDB0001059",1.14468507755911e-08,102956435,-0.000348158981663487,0.00902045357821601,1.43788511496898e-08,NA,"B","myo-Inositol 1,3,4,5-tetrakisphosphate",FALSE
"1529","HMDB0001059",0.8705186770727,106718451.5,0.010840122396944,0.00713149842396859,0.872957104739571,0.604103903091619,"T","myo-Inositol 1,3,4,5-tetrakisphosphate",FALSE
"1530","HMDB0001059",6.6860467265205e-10,39071249.5,-0.0168335235474143,0.00897639318016437,1.43329624436787e-09,NA,"Endo","myo-Inositol 1,3,4,5-tetrakisphosphate",FALSE
"1531","HMDB0001062",0.146430177319134,17921881,0.0370385648453073,0.032183306635322,0.207201594783596,0.20271563709009,"pDC","N-Acetyl-D-Glucosamine 6-Phosphate",FALSE
"1532","HMDB0001062",3.8500744920284e-20,100203945,0.0119705499735221,0.0357135254796463,6.38114198215818e-20,-1.5769811205482,"T","N-Acetyl-D-Glucosamine 6-Phosphate",FALSE
"1533","HMDB0001062",0.0269030924998006,80839269.5,0.0265532420719149,0.0329680852096103,0.0308695740863097,-0.312182076979153,"Fibro","N-Acetyl-D-Glucosamine 6-Phosphate",FALSE
"1534","HMDB0001062",0.365480640366832,13612822.5,0.0412183483575085,0.032140805473244,0.418025780355674,0.358880611919876,"Oligo","N-Acetyl-D-Glucosamine 6-Phosphate",FALSE
"1535","HMDB0001062",2.55318753351664e-102,121590767,0.0741673704660894,0.0252126272030014,6.77067508888116e-102,1.5566381629783,"Myeloid","N-Acetyl-D-Glucosamine 6-Phosphate",FALSE
"1536","HMDB0001062",0.20521489945556,42091991.5,0.044464743155085,0.0316330642009849,0.236228083617654,0.491228539920148,"Endo","N-Acetyl-D-Glucosamine 6-Phosphate",FALSE
"1537","HMDB0001062",0.00493844632084233,108574235,0.0356718137406849,0.0317119614466963,0.00557717281659796,0.169757458089882,"Epi","N-Acetyl-D-Glucosamine 6-Phosphate",FALSE
"1538","HMDB0001062",6.87319286393744e-27,99127149,0.00737799963116548,0.0364889011916768,1.17171573585219e-26,-2.306156084964,"NK","N-Acetyl-D-Glucosamine 6-Phosphate",FALSE
"1539","HMDB0001062",7.07464610472753e-05,103842941.5,0.027401189908929,0.0331083186696839,8.30401083768018e-05,-0.272955204400172,"B","N-Acetyl-D-Glucosamine 6-Phosphate",FALSE
"1540","HMDB0001062",0.856292868155371,66207760,0.0376673536017593,0.0317909190086109,0.86352914591443,0.244699954947886,"Mast","N-Acetyl-D-Glucosamine 6-Phosphate",FALSE
"1541","HMDB0001085",3.97665284148925e-173,125046864.5,0.420716896627222,0.297374872122058,1.28256010563347e-172,0.500567013827299,"Epi","Leukotriene B4",TRUE
"1542","HMDB0001085",0.888869009212222,17548664,0.289773761945956,0.315729143648784,0.909186015137073,-0.123760466445042,"pDC","Leukotriene B4",TRUE
"1543","HMDB0001085",1.78700932971078e-30,10717200,0.0683477079841113,0.319145900166511,6.73420357933116e-30,-2.22325125117276,"Oligo","Leukotriene B4",TRUE
"1544","HMDB0001085",2.15168770355274e-148,52862373,0.0866285059740318,0.336123544580389,2.2008691367768e-147,-1.95607786183806,"Mast","Leukotriene B4",TRUE
"1545","HMDB0001085",0,151961966.5,0.857001827670721,0.223715420654306,0,1.9376335766071,"Myeloid","Leukotriene B4",TRUE
"1546","HMDB0001085",1.98856851377563e-14,38402034,0.209316630043024,0.320848556864812,5.51866300722229e-14,-0.616205557040488,"Endo","Leukotriene B4",TRUE
"1547","HMDB0001085",3.43837214132419e-195,87028434.5,0.132773911079814,0.345989254284376,3.15624929895912e-194,-1.3817555339249,"NK","Leukotriene B4",TRUE
"1548","HMDB0001085",9.24826043812528e-117,91519345.5,0.165691369831832,0.34043168907215,4.41450298246513e-116,-1.03886687590768,"T","Leukotriene B4",TRUE
"1549","HMDB0001085",8.5228329974998e-18,77236504,0.197289039102193,0.329266442330881,1.44605412943362e-17,-0.73894467938835,"Fibro","Leukotriene B4",TRUE
"1550","HMDB0001085",6.6789354923635e-14,101689376,0.287353611695263,0.319891043814099,9.12617903155013e-14,-0.154753418741683,"B","Leukotriene B4",TRUE
"1551","HMDB0001086",3.76783553775254e-15,15249459.5,0.235643357780372,0.0525266000335614,9.49919100362966e-15,2.16548490663712,"Oligo","Uroporphyrinogen III",FALSE
"1552","HMDB0001086",0.606021849094214,17651006.5,0.0579632949445121,0.0553601541797825,0.684403223898197,0.0662916468168425,"pDC","Uroporphyrinogen III",FALSE
"1553","HMDB0001086",3.56607926255683e-05,64130702.5,0.020340268984423,0.0586262725963136,4.85420675283401e-05,-1.5272085765916,"Mast","Uroporphyrinogen III",FALSE
"1554","HMDB0001086",0.347684981434148,107240987,0.0740758361633738,0.0522633904985647,0.363950945477851,0.503202286248429,"T","Uroporphyrinogen III",FALSE
"1555","HMDB0001086",8.17466633485457e-08,110194782,0.0738536952732841,0.052300895291759,1.00223648899929e-07,0.497834465237372,"Epi","Uroporphyrinogen III",FALSE
"1556","HMDB0001086",0.462883876769296,106123870.5,0.0549027453986015,0.0555004478621933,0.472115179155009,-0.0156211207185295,"B","Uroporphyrinogen III",FALSE
"1557","HMDB0001086",1.73017400244854e-14,38344366.5,-0.047463520159018,0.0609113901623922,4.83908041309827e-14,NA,"Endo","Uroporphyrinogen III",FALSE
"1558","HMDB0001086",3.99620255470856e-05,79786180.5,0.0101491537845566,0.0608179001092123,5.35820417447815e-05,-2.58313656106063,"Fibro","Uroporphyrinogen III",FALSE
"1559","HMDB0001086",0.693322437834816,106350710,0.0441338076510531,0.0573186038215971,0.70314286896562,-0.377119247143587,"Myeloid","Uroporphyrinogen III",FALSE
"1560","HMDB0001086",0.000492349894141393,108940697,0.0999835222676239,0.0478893087656169,0.000570424796448604,1.0619867400107,"NK","Uroporphyrinogen III",FALSE
"1561","HMDB0001090",3.13858568204593e-32,114582503,0.208574118184995,0.156901880397365,5.50791016751197e-32,0.410697503504896,"Myeloid","(R)-5-Diphosphomevalonic acid",FALSE
"1562","HMDB0001090",1.14722230200265e-59,91838648,0.276225882743382,0.151011724536982,3.28564467293559e-59,0.871187943815572,"Fibro","(R)-5-Diphosphomevalonic acid",FALSE
"1563","HMDB0001090",0.025879311737819,16902622,0.132040772452998,0.165049945413612,0.042304993617074,-0.321919177801106,"pDC","(R)-5-Diphosphomevalonic acid",FALSE
"1564","HMDB0001090",6.67596556839879e-20,100456225,0.133370337070232,0.169598787558392,1.10138049469436e-19,-0.346688024244796,"T","(R)-5-Diphosphomevalonic acid",FALSE
"1565","HMDB0001090",1.6085118516989e-22,15722177.5,0.411209819171773,0.160410960622117,4.75906812320831e-22,1.35810199249568,"Oligo","(R)-5-Diphosphomevalonic acid",FALSE
"1566","HMDB0001090",6.53456471297651e-209,127411231,0.33422877747566,0.135687181884674,2.59930463027288e-208,1.3005515179407,"Epi","(R)-5-Diphosphomevalonic acid",FALSE
"1567","HMDB0001090",6.91681174307183e-07,39451484,0.126603796143987,0.166383544322897,1.2764013422782e-06,-0.394192091188856,"Endo","(R)-5-Diphosphomevalonic acid",FALSE
"1568","HMDB0001090",1.07955218647704e-164,88173270.5,-0.0275680496929416,0.196770556385536,8.05166005747456e-164,NA,"NK","(R)-5-Diphosphomevalonic acid",FALSE
"1569","HMDB0001090",4.92230085552337e-07,63633094,0.161244048133636,0.164651623444296,7.25178479949533e-07,-0.0301708282688238,"Mast","(R)-5-Diphosphomevalonic acid",FALSE
"1570","HMDB0001090",1.84786574660967e-57,95841507,0.083398788838337,0.178035652024354,4.03375571516013e-57,-1.09406783557591,"B","(R)-5-Diphosphomevalonic acid",FALSE
"1571","HMDB0001096",4.7942109898721e-19,13721890,0.016247055271028,0.00123940536979697,1.29047183035655e-18,3.71245822867058,"Oligo","Carbamoyl phosphate",FALSE
"1572","HMDB0001096",0.00557627491353697,106322173,0.000509213334690562,0.00163929177015559,0.00643969812595559,-1.68673055160344,"T","Carbamoyl phosphate",FALSE
"1573","HMDB0001096",0.773260522956418,17499154,0.00120474581548289,0.00148179916878831,0.82794290348455,-0.298621139456132,"pDC","Carbamoyl phosphate",FALSE
"1574","HMDB0001096",3.10518775467967e-46,40602346,-0.0111062892454389,0.00214839548517848,2.09746644561382e-45,NA,"Endo","Carbamoyl phosphate",FALSE
"1575","HMDB0001096",3.90779746578778e-42,83451658,0.00687636764356171,0.000831360414868881,8.91077383918487e-42,3.04810071931659,"Fibro","Carbamoyl phosphate",FALSE
"1576","HMDB0001096",0.0733824854112382,106425488,0.000510399057114244,0.00163909158065303,0.0803392347927317,-1.68319889506071,"Myeloid","Carbamoyl phosphate",FALSE
"1577","HMDB0001096",0.0174905198889929,106363812,0.000845132964385831,0.00158257732988963,0.0192664803700291,-0.905025753240018,"NK","Carbamoyl phosphate",FALSE
"1578","HMDB0001096",0.377979412266875,66380557,0.00289955257081978,0.00134568865074044,0.401533025494188,1.10748564040453,"Mast","Carbamoyl phosphate",FALSE
"1579","HMDB0001096",0.000854348443944521,106965088,0.00325565963811165,0.00117560000864604,0.000993041373156294,1.46955260668694,"Epi","Carbamoyl phosphate",FALSE
"1580","HMDB0001096",0.00154232476674339,106280596,0.000290765948386568,0.00167617297669012,0.00172547583279416,-2.52724080891387,"B","Carbamoyl phosphate",FALSE
"1581","HMDB0001121",5.87715970388018e-27,21055967.5,0.194397977764469,0.139240417158405,5.68654911888947e-26,0.481435169874082,"pDC","N-Acetyl-D-mannosamine 6-phosphate",FALSE
"1582","HMDB0001121",2.97407018858353e-76,18716927,0.267462886929572,0.138347746414617,2.36603806113979e-75,0.951039573794211,"Oligo","N-Acetyl-D-mannosamine 6-phosphate",FALSE
"1583","HMDB0001121",5.45827137020088e-179,102570728,0.20011413511375,0.133253031396296,3.83149245202337e-178,0.58665472250346,"Fibro","N-Acetyl-D-mannosamine 6-phosphate",FALSE
"1584","HMDB0001121",8.17007107749988e-192,82580728.5,0.0888170367419786,0.149089900589673,7.31221361436239e-191,-0.747274188495252,"NK","N-Acetyl-D-mannosamine 6-phosphate",FALSE
"1585","HMDB0001121",0.0050488509859355,42964380.5,0.150769921472216,0.139828735844024,0.00746896137588805,0.108687764605121,"Endo","N-Acetyl-D-mannosamine 6-phosphate",FALSE
"1586","HMDB0001121",0,71465753,0.0643659136874694,0.153218065886737,0,-1.25121762852263,"B","N-Acetyl-D-mannosamine 6-phosphate",FALSE
"1587","HMDB0001121",1.43517997137577e-248,134007411.5,0.195411198855612,0.131093249886713,5.08707356190621e-248,0.575919747582158,"Myeloid","N-Acetyl-D-mannosamine 6-phosphate",FALSE
"1588","HMDB0001121",0,140451117.5,0.21438117159861,0.127890485621476,0,0.745269264844568,"Epi","N-Acetyl-D-mannosamine 6-phosphate",FALSE
"1589","HMDB0001121",5.99889072584334e-218,80978824.5,0.0849239599158778,0.149747181836693,7.15867626617306e-217,-0.818285303213808,"T","N-Acetyl-D-mannosamine 6-phosphate",FALSE
"1590","HMDB0001121",2.30197466743354e-28,59220924,0.113951428958515,0.142804466866929,5.64456802014525e-28,-0.325622090791286,"Mast","N-Acetyl-D-mannosamine 6-phosphate",FALSE
"1591","HMDB0001123",3.30350377682913e-206,90848543.5,0.00562205976888902,0.0824275778863886,3.4783951532495e-205,-3.87395640585521,"T","2-Aminobenzoic acid",FALSE
"1592","HMDB0001123",1.93702081807392e-52,16167721,0.225775084024511,0.0688589619524926,1.17534483537366e-51,1.71316994508205,"Oligo","2-Aminobenzoic acid",FALSE
"1593","HMDB0001123",0.0108764774129026,18042457,0.0883437566634155,0.0709732686051727,0.0191811769153652,0.315852431966527,"pDC","2-Aminobenzoic acid",FALSE
"1594","HMDB0001123",0.000110208213170288,40298688.5,0.0675599154285976,0.0715349567531069,0.000178527331741914,-0.0824808890867234,"Endo","2-Aminobenzoic acid",FALSE
"1595","HMDB0001123",4.34187624295215e-38,113252382,0.0781781430379473,0.0701776904528147,6.758224760769e-38,0.155752847321207,"Epi","2-Aminobenzoic acid",FALSE
"1596","HMDB0001123",5.81582733821595e-18,78292905,0.0422373991594393,0.074806832576897,9.96203917263785e-18,-0.824649045510879,"Fibro","2-Aminobenzoic acid",FALSE
"1597","HMDB0001123",0,142274961.5,0.211771705719957,0.0476226401941603,0,2.15279033658423,"Myeloid","2-Aminobenzoic acid",FALSE
"1598","HMDB0001123",1.04971766206185e-94,57930147,0.0144080527870864,0.0765466995395058,6.71069505389539e-94,-2.40946480245217,"Mast","2-Aminobenzoic acid",FALSE
"1599","HMDB0001123",0.362094971183331,106145101,0.0897663079084882,0.0682212216244269,0.37143266384995,0.395953468923966,"B","2-Aminobenzoic acid",FALSE
"1600","HMDB0001123",1.64463733352465e-208,90759855.5,0.00789919739291653,0.0820431210867891,1.7317063688289e-207,-3.37660439675688,"NK","2-Aminobenzoic acid",FALSE
"1601","HMDB0001134",6.42716321392688e-13,15528656.5,0.183051863933189,0.0529501003054313,1.42914560905952e-12,1.7895471417332,"Oligo","Phosphoadenosine phosphosulfate",FALSE
"1602","HMDB0001134",0,71745743,-0.0258324066668357,0.0686491181739041,0,NA,"NK","Phosphoadenosine phosphosulfate",FALSE
"1603","HMDB0001134",1.3092238601732e-18,88684772.5,0.107968460892678,0.0486783884851952,2.27525311622332e-18,1.14925662936027,"Fibro","Phosphoadenosine phosphosulfate",FALSE
"1604","HMDB0001134",1.64095206146115e-193,131526904.5,0.14303258741976,0.0401390735872764,5.38954897250544e-193,1.83326465205249,"Myeloid","Phosphoadenosine phosphosulfate",FALSE
"1605","HMDB0001134",4.87289431634833e-154,48802369,-0.00127360481570341,0.0601554787913151,5.28635201591728e-153,NA,"Mast","Phosphoadenosine phosphosulfate",FALSE
"1606","HMDB0001134",0.0153216997441711,108649621.5,0.00265783539868959,0.063839014836824,0.0172489575736266,-4.58611472253315,"T","Phosphoadenosine phosphosulfate",FALSE
"1607","HMDB0001134",0.0477497079913606,40503159,0.164305783834576,0.0491609554696491,0.0637850576899519,1.74079840577581,"Endo","Phosphoadenosine phosphosulfate",FALSE
"1608","HMDB0001134",7.58153516499901e-65,120890121.5,0.0199692389827342,0.0609162723779274,1.73986512119849e-64,-1.60904830886194,"B","Phosphoadenosine phosphosulfate",FALSE
"1609","HMDB0001134",5.92158085227602e-22,14234557.5,-0.0121141687718823,0.0564222587943009,4.81801351162458e-21,NA,"pDC","Phosphoadenosine phosphosulfate",FALSE
"1610","HMDB0001134",3.9920119792117e-16,113446857,0.0860286106303602,0.0497632466059156,5.25419223734481e-16,0.789735926841825,"Epi","Phosphoadenosine phosphosulfate",FALSE
"1611","HMDB0001138",3.12006060395075e-12,105417458.5,0.00661156749545946,0.00990041317889275,4.34623228098976e-12,-0.58249638327294,"NK","N-Acetyl-L-glutamic acid",FALSE
"1612","HMDB0001138",2.84452214652405e-174,111443941.5,0.0307823203537047,0.00581958372452077,9.25762662232373e-174,2.40311411949413,"Epi","N-Acetyl-L-glutamic acid",FALSE
"1613","HMDB0001138",0.044358638230476,41325165.5,0.00632338638364144,0.00959110632278955,0.059477125417642,-0.600999861496132,"Endo","N-Acetyl-L-glutamic acid",FALSE
"1614","HMDB0001138",0.00354119012438525,82633676,0.0113172731160921,0.00919949252506088,0.00432677837723522,0.298900199767237,"Fibro","N-Acetyl-L-glutamic acid",FALSE
"1615","HMDB0001138",9.00993984651128e-10,65478246,0.00266566695176074,0.010044423283246,1.41471862502239e-09,-1.91382628520476,"Mast","N-Acetyl-L-glutamic acid",FALSE
"1616","HMDB0001138",0.00418235974845408,17312245.5,0.00227540651056437,0.00957669354963865,0.00818188409806864,-2.07340332523288,"pDC","N-Acetyl-L-glutamic acid",FALSE
"1617","HMDB0001138",0.34614816005931,106452322.5,0.00856415791867235,0.00957075077416324,0.359191424061545,-0.160320702329094,"Myeloid","N-Acetyl-L-glutamic acid",FALSE
"1618","HMDB0001138",0.00256487704912547,13205782.5,0,0.00957635908627663,0.00357286374936544,-Inf,"Oligo","N-Acetyl-L-glutamic acid",FALSE
"1619","HMDB0001138",3.49770698065920e-09,105600376.5,0.00465690352426259,0.0102304256676986,4.81607345798458e-09,-1.13542327432791,"T","N-Acetyl-L-glutamic acid",FALSE
"1620","HMDB0001138",1.05043636815017e-17,105143547.5,0.00218545390409168,0.0106476888147813,1.52249481699498e-17,-2.28453545930784,"B","N-Acetyl-L-glutamic acid",FALSE
"1621","HMDB0001157",5.00843743564508e-111,88150348,0.135813897061046,0.194250539560619,2.26964633159612e-110,-0.516287496058487,"T","2-Methylacetoacetyl-CoA",FALSE
"1622","HMDB0001157",3.81352293270594e-111,125087669,0.232689994939641,0.177894622309463,8.75154621736362e-111,0.3873862808572,"Epi","2-Methylacetoacetyl-CoA",FALSE
"1623","HMDB0001157",2.08039187114401e-60,94065560,0.226858285924169,0.180909153029737,6.05512430788256e-60,0.326525952199978,"Fibro","2-Methylacetoacetyl-CoA",FALSE
"1624","HMDB0001157",5.3348759143744e-29,97397405,0.163845947155202,0.189517794314264,9.27128921041764e-29,-0.209993325867541,"NK","2-Methylacetoacetyl-CoA",FALSE
"1625","HMDB0001157",0.0441810423912901,18184022,0.193529643548644,0.185646189103822,0.0678833183522826,0.0599988652338614,"pDC","2-Methylacetoacetyl-CoA",FALSE
"1626","HMDB0001157",5.51409223658333e-08,44337718,0.207334033563337,0.18465943670091,1.06705136253883e-07,0.167089961201766,"Endo","2-Methylacetoacetyl-CoA",FALSE
"1627","HMDB0001157",2.0907706458209e-58,55828606,0.137395040862251,0.190243537693916,9.84863014741951e-58,-0.469517515785619,"Mast","2-Methylacetoacetyl-CoA",FALSE
"1628","HMDB0001157",4.35592732533445e-256,78424621.5,0.108942624438181,0.198787306844573,3.89855495617433e-255,-0.867657112140416,"B","2-Methylacetoacetyl-CoA",FALSE
"1629","HMDB0001157",1.38844247218895e-49,17715468.5,0.320465337377568,0.183652233478199,7.53124856126733e-49,0.803191877027367,"Oligo","2-Methylacetoacetyl-CoA",FALSE
"1630","HMDB0001157",2.06676643128153e-256,134821344,0.262202287310411,0.172911962783755,7.70731648332071e-256,0.600642586701349,"Myeloid","2-Methylacetoacetyl-CoA",FALSE
"1631","HMDB0001161",0,73984351.5,0.0489016662795912,0.170101526458992,0,-1.79844055788954,"T","4-Trimethylammoniobutanoic acid",FALSE
"1632","HMDB0001161",3.83976987064022e-142,50932008.5,0.0674509654287552,0.160392385106509,3.27294669925999e-141,-1.24969465129386,"Mast","4-Trimethylammoniobutanoic acid",FALSE
"1633","HMDB0001161",0,74269435.5,0.0527844393639809,0.169445984827321,0,-1.68264085449285,"NK","4-Trimethylammoniobutanoic acid",FALSE
"1634","HMDB0001161",0,110252793,0.273683410301305,0.138138960260387,0,0.986387716421398,"Fibro","4-Trimethylammoniobutanoic acid",FALSE
"1635","HMDB0001161",4.18419904807779e-121,52759756,0.25837293640981,0.146942412517099,1.15226404554758e-119,0.814204094823823,"Endo","4-Trimethylammoniobutanoic acid",FALSE
"1636","HMDB0001161",0,74588940,0.0514481513864959,0.169671594818455,0,-1.72155391476158,"B","4-Trimethylammoniobutanoic acid",FALSE
"1637","HMDB0001161",0.000548607058195446,14329820,0.170376167016284,0.152309802499365,0.000808235912896995,0.161714743858382,"Oligo","4-Trimethylammoniobutanoic acid",FALSE
"1638","HMDB0001161",0.622180666369903,17358060,0.126989492587131,0.153136664253994,0.698246641255251,-0.270110606906223,"pDC","4-Trimethylammoniobutanoic acid",FALSE
"1639","HMDB0001161",1.92632529354735e-207,130220774,0.208238388011769,0.143200172122984,7.57829071527418e-207,0.540202822206409,"Epi","4-Trimethylammoniobutanoic acid",FALSE
"1640","HMDB0001161",0,155316823.5,0.326238655507258,0.123277790307099,0,1.40401482724537,"Myeloid","4-Trimethylammoniobutanoic acid",FALSE
"1641","HMDB0001166",0.133313137414663,105412840.5,0.0339385310887638,0.0323730882384551,0.142465979684923,0.0681291258479054,"T","3-Hydroxybutyryl-CoA",FALSE
"1642","HMDB0001166",4.01689265232439e-15,100329287.5,0.0286441377758077,0.0332669584584375,5.75219027812853e-15,-0.215850057583064,"NK","3-Hydroxybutyryl-CoA",FALSE
"1643","HMDB0001166",0.00284318862394614,109001815,0.0331442152193324,0.0325071952567619,0.00331550986114892,0.0279980088116991,"Myeloid","3-Hydroxybutyryl-CoA",FALSE
"1644","HMDB0001166",0.000456205828552818,14383121,0.0404612203664264,0.0324732504221997,0.000680507027591287,0.317288035278529,"Oligo","3-Hydroxybutyryl-CoA",FALSE
"1645","HMDB0001166",1.80556789447838e-06,102794034.5,0.0297037095095243,0.0330880674009132,2.18376116967317e-06,-0.155667918170884,"B","3-Hydroxybutyryl-CoA",FALSE
"1646","HMDB0001166",5.02122579140382e-20,46117398.5,0.0509154358611507,0.0316204806622037,1.81575639729552e-19,0.687243801371083,"Endo","3-Hydroxybutyryl-CoA",FALSE
"1647","HMDB0001166",6.02719429223112e-18,88258774.5,0.0402508270298504,0.0316857505823155,1.0274931221994e-17,0.345184235483652,"Fibro","3-Hydroxybutyryl-CoA",FALSE
"1648","HMDB0001166",0.0206976170033432,67767199.5,0.0368891414371101,0.0322063263985092,0.0249486427178346,0.19585210225948,"Mast","3-Hydroxybutyryl-CoA",FALSE
"1649","HMDB0001166",3.75964145688298e-05,16174820,0.00839589758081327,0.0331115158082877,9.61394029688647e-05,-1.97957658439752,"pDC","3-Hydroxybutyryl-CoA",FALSE
"1650","HMDB0001166",0.000385249670156144,103773471,0.025607137103855,0.0337797054906767,0.000450716934365684,-0.399610782397149,"Epi","3-Hydroxybutyryl-CoA",FALSE
"1651","HMDB0001167",1.41863634489097e-222,80569616.5,0.0778168106214838,0.142261982547008,1.63829616603538e-221,-0.870396417299073,"NK","Pyruvaldehyde",FALSE
"1652","HMDB0001167",1.90113515785387e-62,50053983.5,0.193416766066245,0.129722250852956,1.62049139645639e-61,0.576286896475625,"Endo","Pyruvaldehyde",FALSE
"1653","HMDB0001167",5.96867862051908e-200,85764415,0.21160694341183,0.125749796381212,7.63138195052083e-199,0.750830903095132,"Mast","Pyruvaldehyde",FALSE
"1654","HMDB0001167",4.01011893318189e-276,107688844.5,0.217322672033607,0.122880989608052,3.77795415283978e-275,0.822576950708704,"Fibro","Pyruvaldehyde",FALSE
"1655","HMDB0001167",2.33751251923913e-119,125609948.5,0.170393791473007,0.126631899674896,5.65425325599736e-119,0.42823189203207,"Epi","Pyruvaldehyde",FALSE
"1656","HMDB0001167",2.73150898635144e-17,14708384,0.0845831797443834,0.133976966878692,1.68600037433417e-16,-0.663542294125024,"pDC","Pyruvaldehyde",FALSE
"1657","HMDB0001167",1.86083789439095e-247,79139102.5,0.0739364282947396,0.14291712053903,1.54925573533014e-246,-0.95082149532807,"B","Pyruvaldehyde",FALSE
"1658","HMDB0001167",7.08445230379971e-289,76909989,0.0700552820494759,0.143572387505983,1.20773044036205e-287,-1.03521257354334,"T","Pyruvaldehyde",FALSE
"1659","HMDB0001167",3.16013900480279e-29,115791583.5,0.140117540989096,0.131743540816869,5.3617524346891e-29,0.0889053442336025,"Myeloid","Pyruvaldehyde",FALSE
"1660","HMDB0001167",8.79491038364283e-52,17776895,0.226172824667282,0.131459628680073,5.16160314318711e-51,0.782805780530117,"Oligo","Pyruvaldehyde",FALSE
"1661","HMDB0001187",0.40480147568458,17372349.5,0.0756835966042712,0.0769468938291501,0.503190723246804,-0.0238824399583844,"pDC","D-myo-Inositol 1,3,4,6-tetrakisphosphate",FALSE
"1662","HMDB0001187",4.17719342078275e-05,40486834.5,0.0577127146796829,0.077947089526883,7.05393983320861e-05,-0.433605961194036,"Endo","D-myo-Inositol 1,3,4,6-tetrakisphosphate",FALSE
"1663","HMDB0001187",0,128792817,0.205435659616167,0.0552230969460188,0,1.89534292450798,"Myeloid","D-myo-Inositol 1,3,4,6-tetrakisphosphate",FALSE
"1664","HMDB0001187",3.48856639474235e-37,101364778.5,0.0607567936029998,0.0796497162290117,6.57319352272506e-37,-0.390623487182721,"NK","D-myo-Inositol 1,3,4,6-tetrakisphosphate",FALSE
"1665","HMDB0001187",1.98140838267493e-73,99146259,0.0300179608402156,0.0848394566920852,5.03080993615336e-73,-1.49890940584159,"B","D-myo-Inositol 1,3,4,6-tetrakisphosphate",FALSE
"1666","HMDB0001187",3.85261596297704e-58,99991525.5,0.0380238984089261,0.083487787340623,1.03701993589908e-57,-1.13465872224211,"T","D-myo-Inositol 1,3,4,6-tetrakisphosphate",FALSE
"1667","HMDB0001187",9.98431318425199e-19,78998139.5,0.0392357451023568,0.0814195867780849,1.74360200973766e-18,-1.05320730169691,"Fibro","D-myo-Inositol 1,3,4,6-tetrakisphosphate",FALSE
"1668","HMDB0001187",3.98015125242991e-251,18330892,0.592208285035785,0.0686651163140224,1.42489414836991e-249,3.10845541084081,"Oligo","D-myo-Inositol 1,3,4,6-tetrakisphosphate",FALSE
"1669","HMDB0001187",2.1456032131249e-40,61984264.5,0.0306636839558936,0.0811570556428751,6.50954195168402e-40,-1.40418549166365,"Mast","D-myo-Inositol 1,3,4,6-tetrakisphosphate",FALSE
"1670","HMDB0001187",0.0238497658936689,107544902,0.0557314199267048,0.0804981669594346,0.0263525191047329,-0.53046502078169,"Epi","D-myo-Inositol 1,3,4,6-tetrakisphosphate",FALSE
"1671","HMDB0001188",1.24981893057296e-18,11930276,-0.0811444307969426,0.0561252109318996,3.33906848615761e-18,NA,"Oligo","(S)-2,3-Epoxysqualene",FALSE
"1672","HMDB0001188",1.97958198645571e-09,103810584.5,0.0371150556729512,0.0568047459710492,2.75755000447916e-09,-0.61400693737294,"T","(S)-2,3-Epoxysqualene",FALSE
"1673","HMDB0001188",0.739709873562913,66184919.5,0.0712062647936534,0.0523812462499927,0.752318564589554,0.442953791862208,"Mast","(S)-2,3-Epoxysqualene",FALSE
"1674","HMDB0001188",0.0368328697097801,17116101.5,0.0275187511537703,0.0545203370851699,0.0573311624178317,-0.986379482332101,"pDC","(S)-2,3-Epoxysqualene",FALSE
"1675","HMDB0001188",0.00144132062849084,40611201,0.0285809918437717,0.0553168128260005,0.00219571397872221,-0.952662052481006,"Endo","(S)-2,3-Epoxysqualene",FALSE
"1676","HMDB0001188",1.3638822440073e-197,120627183,0.155251661057222,0.0368593457711047,5.0337097253053e-197,2.07450633467547,"Epi","(S)-2,3-Epoxysqualene",FALSE
"1677","HMDB0001188",0.000856583405083968,105056177,0.0533342366590723,0.0540664071248359,0.000964329745346102,-0.0196705536723149,"B","(S)-2,3-Epoxysqualene",FALSE
"1678","HMDB0001188",0.000655656862392995,105021763,0.0352397818164493,0.0571213547599234,0.000787668311196954,-0.696825204507841,"Myeloid","(S)-2,3-Epoxysqualene",FALSE
"1679","HMDB0001188",3.84859417724045e-19,102435969.5,0.0237971440052176,0.0590532537657028,5.93877894591414e-19,-1.31122811257737,"NK","(S)-2,3-Epoxysqualene",FALSE
"1680","HMDB0001188",0.0174102787192272,81218587,0.0302645814671032,0.0567895144027591,0.0202366226671537,-0.907994175615961,"Fibro","(S)-2,3-Epoxysqualene",FALSE
"1681","HMDB0001195",4.4890979856085e-97,94077197.5,0.0721397145055523,0.115478170943204,1.70967774345515e-96,-0.678754543291912,"NK","Dyspropterin",FALSE
"1682","HMDB0001195",2.27433969524533e-17,44714008.5,0.167415596907212,0.106108312326074,7.20543018493653e-17,0.657896260969428,"Endo","Dyspropterin",FALSE
"1683","HMDB0001195",2.79398715649551e-52,59112473,0.0659466837308794,0.113181019452101,1.1907707166969e-51,-0.779260019909034,"Mast","Dyspropterin",FALSE
"1684","HMDB0001195",3.53308551710722e-46,89705262.5,0.146076686132297,0.104817877720353,8.66331928167387e-46,0.478841138406643,"Fibro","Dyspropterin",FALSE
"1685","HMDB0001195",0,136703975.5,0.231567392223506,0.0885614602023715,0,1.38668120233005,"Epi","Dyspropterin",FALSE
"1686","HMDB0001195",0.0115775294357258,16897911,0.0831432636281761,0.109770021782065,0.0203174291077933,-0.400812823397184,"pDC","Dyspropterin",FALSE
"1687","HMDB0001195",3.21580134174512e-167,90087927,0.0432424833832149,0.120356987610829,1.55575254100642e-166,-1.47679861987894,"B","Dyspropterin",FALSE
"1688","HMDB0001195",2.26435871277865e-155,90691631.5,0.0444579202800432,0.12015178131388,1.62128083834951e-154,-1.43434567086397,"T","Dyspropterin",FALSE
"1689","HMDB0001195",9.36000673584341e-60,116389513,0.123781888270939,0.106759249152661,1.93692624938262e-59,0.213439171260151,"Myeloid","Dyspropterin",FALSE
"1690","HMDB0001195",4.61261006544503e-26,15632862.5,0.220290395416545,0.107438576352398,1.50119491220847e-25,1.03589450228133,"Oligo","Dyspropterin",FALSE
"1691","HMDB0001198",0.000880844746968907,16712882,0.00167796195963988,0.149295784268908,0.00188827796056808,-6.47531960838003,"pDC","Leukotriene C4",FALSE
"1692","HMDB0001198",0,113581381.5,1.4748185427291,0.0245606580438525,0,5.90804443550196,"Mast","Leukotriene C4",FALSE
"1693","HMDB0001198",7.94467737651639e-11,12024220,-0.0167614464914561,0.14884739596912,1.64404306404212e-10,NA,"Oligo","Leukotriene C4",FALSE
"1694","HMDB0001198",2.38186913305338e-13,44249427,0.230622155635997,0.141726774873287,6.0907796402365e-13,0.702418781458758,"Endo","Leukotriene C4",FALSE
"1695","HMDB0001198",0,59918027.5,-0.0439993782967074,0.168946496383746,0,NA,"Fibro","Leukotriene C4",FALSE
"1696","HMDB0001198",2.84299963951902e-92,94544080.5,0.0186032652725016,0.167784617882791,6.05829685087982e-92,-3.17298268616799,"Epi","Leukotriene C4",FALSE
"1697","HMDB0001198",3.37303489802663e-15,101947965,0.00380216675040767,0.170283537099758,4.84958431121901e-15,-5.48497334753887,"NK","Leukotriene C4",FALSE
"1698","HMDB0001198",0.0521469363069506,107764426,0.0755272973649964,0.158173942196062,0.0572656539812525,-1.06644187955254,"Myeloid","Leukotriene C4",FALSE
"1699","HMDB0001198",4.28247162516243e-19,101324060,0.0107065563920009,0.169117845787653,6.90596775589256e-19,-3.98146246704236,"T","Leukotriene C4",FALSE
"1700","HMDB0001198",3.29769957410402e-15,101946292.5,0.000216898666217013,0.170888849962191,4.61162674816109e-15,-9.62182137135651,"B","Leukotriene C4",FALSE
"1701","HMDB0001201",4.09778251789097e-18,114066820,0.0231701715360098,0.0114970148673384,6.5491345598436e-18,1.0110094025016,"T","Guanosine diphosphate",FALSE
"1702","HMDB0001201",9.9082938938734e-05,68944520.5,0.0198859745715005,0.0125692934115537,0.000133352226090477,0.661847717158041,"Mast","Guanosine diphosphate",FALSE
"1703","HMDB0001201",3.71140716794978e-118,126465370,0.0387697409415432,0.00886328712708292,1.70344072580259e-117,2.12901733965859,"NK","Guanosine diphosphate",FALSE
"1704","HMDB0001201",1.30803500820479e-76,68222142.5,-0.0111238731912279,0.0160849601651577,4.45977650416491e-76,NA,"Fibro","Guanosine diphosphate",FALSE
"1705","HMDB0001201",1.02692722654703e-06,38920459.5,0.00225739836848834,0.013766975354648,1.88533306207096e-06,-2.60847868795027,"Endo","Guanosine diphosphate",FALSE
"1706","HMDB0001201",6.96295930865901e-09,101638764,0.00852835797804798,0.0139690414683788,8.77725152288706e-09,-0.711893127246497,"B","Guanosine diphosphate",FALSE
"1707","HMDB0001201",1.069309798158e-11,15458259.5,0.0400951042019144,0.0127519910554333,2.29229286072195e-11,1.65270356518327,"Oligo","Guanosine diphosphate",FALSE
"1708","HMDB0001201",0.110700937445376,16956148.5,0.0109514154194141,0.0132303949380588,0.162421867235429,-0.272738784391897,"pDC","Guanosine diphosphate",FALSE
"1709","HMDB0001201",1.24436153040819e-197,80850450.5,-0.0242847694851777,0.0195089920784118,4.64043154048054e-197,NA,"Epi","Guanosine diphosphate",FALSE
"1710","HMDB0001201",2.90930689400775e-76,122489827,0.0350048790522797,0.00949892141532595,6.71956043906306e-76,1.88172040933924,"Myeloid","Guanosine diphosphate",FALSE
"1711","HMDB0001202",0.186497175286116,42238448.5,0.0321427169724302,0.0336425884402142,0.218189505726894,-0.0657968270684883,"Endo","dCMP",FALSE
"1712","HMDB0001202",1.2665420265258e-58,70197689.5,-0.0447004468618809,0.0429101161217292,3.51489957749019e-58,NA,"Fibro","dCMP",FALSE
"1713","HMDB0001202",3.59212199459248e-05,103116655,0.031013147200197,0.0339976004909059,4.37408052402758e-05,-0.132552988881317,"NK","dCMP",FALSE
"1714","HMDB0001202",7.62765820216963e-35,117035860,0.0459221554669396,0.0314804625090145,1.37221187757625e-34,0.544733622980666,"Myeloid","dCMP",FALSE
"1715","HMDB0001202",0.000331005363967636,14465856,0.0417771196268556,0.0334349630920286,0.000499999663714826,0.321355502743506,"Oligo","dCMP",FALSE
"1716","HMDB0001202",0.175022818074395,107761856,0.0481729254442762,0.03110045744784,0.185929284482591,0.631286737829933,"T","dCMP",FALSE
"1717","HMDB0001202",0.00375359054600218,104161138,0.00283422399978806,0.0387551428174987,0.00426598544593264,-3.77336207940015,"Epi","dCMP",FALSE
"1718","HMDB0001202",9.87045999505202e-11,112088981,0.0938736015637793,0.0233846586770308,1.30874988082542e-10,2.00515713963745,"B","dCMP",FALSE
"1719","HMDB0001202",1.41593114977549e-74,23778454,0.272814920490126,0.0285023960199867,5.06903351619626e-73,3.25876744086315,"pDC","dCMP",FALSE
"1720","HMDB0001202",1.05599676891362e-26,59167824,-0.0196757812233148,0.0384425855257206,2.50362147861639e-26,NA,"Mast","dCMP",FALSE
"1721","HMDB0001217",2.96289926481241e-14,104028290.5,0.0468216274604796,0.0558558513655434,4.07968437231863e-14,-0.254533341370145,"B","4alpha-Methylzymosterol",FALSE
"1722","HMDB0001217",0.00173229527772541,13766888.5,0.0918107909832024,0.0539539403296617,0.00243200670363018,0.766935405253808,"Oligo","4alpha-Methylzymosterol",FALSE
"1723","HMDB0001217",0.00486846245529914,83035337,0.0535791404855316,0.0546669025072937,0.00586838235352556,-0.0289961953015065,"Fibro","4alpha-Methylzymosterol",FALSE
"1724","HMDB0001217",3.68276571031455e-110,114201135,0.0790286107207682,0.0504182381188291,8.39764410377457e-110,0.648429342965322,"Epi","4alpha-Methylzymosterol",FALSE
"1725","HMDB0001217",1.07572633793761e-18,63938956.5,0.0287930814221157,0.0569098657618449,2.16353948866104e-18,-0.982956582754086,"Mast","4alpha-Methylzymosterol",FALSE
"1726","HMDB0001217",0.304625926453205,17652999,0.0662471525639912,0.0543033215879726,0.392288063562041,0.286817999458136,"pDC","4alpha-Methylzymosterol",FALSE
"1727","HMDB0001217",0.610094919753342,41432261,0.0615974272943524,0.0541743610682549,0.640510209007908,0.18525986264154,"Endo","4alpha-Methylzymosterol",FALSE
"1728","HMDB0001217",1.34294364116653e-09,104551478.5,0.0517457186760988,0.0550245004934145,1.90029179263881e-09,-0.0886346413233679,"T","4alpha-Methylzymosterol",FALSE
"1729","HMDB0001217",0.909741058903702,106575429.5,0.0380632082767622,0.0573345647175132,0.912289353186346,-0.591007975624098,"Myeloid","4alpha-Methylzymosterol",FALSE
"1730","HMDB0001217",1.57489572228826e-07,104829986.5,0.0645533154865222,0.0528621508715298,1.99227091370742e-07,0.288256067888405,"NK","4alpha-Methylzymosterol",FALSE
"1731","HMDB0001220",1.63359546512052e-258,23573294.5,0.693828634473834,0.238531934294025,6.49807973903497e-257,1.54039695723505,"Oligo","Prostaglandin E2",TRUE
"1732","HMDB0001220",1.32720493062387e-223,105646393,0.354806446022833,0.232687460101375,1.10497526782173e-222,0.608638756651493,"Fibro","Prostaglandin E2",TRUE
"1733","HMDB0001220",7.5857164419205e-25,98001707,0.21408669491241,0.251050668463293,1.33121886578801e-24,-0.229783428709873,"T","Prostaglandin E2",TRUE
"1734","HMDB0001220",1.49730770885092e-09,111671694,0.254210151997395,0.244276490329748,2.06167753757166e-09,0.0575066238146462,"Myeloid","Prostaglandin E2",TRUE
"1735","HMDB0001220",1.60847476845435e-53,56144696.5,0.185825108804297,0.251195919405566,6.93775863983922e-53,-0.434867575574046,"Mast","Prostaglandin E2",TRUE
"1736","HMDB0001220",3.71655105302514e-17,14655666,0.180072843249168,0.24710072294627,2.18118897866065e-16,-0.456518606500133,"pDC","Prostaglandin E2",TRUE
"1737","HMDB0001220",1.04240713847363e-229,133689333.5,0.333719349165877,0.230852685303836,4.72381969080456e-229,0.531662822841608,"Epi","Prostaglandin E2",TRUE
"1738","HMDB0001220",8.63407532993706e-141,85477800,0.172494351115906,0.258072843677965,5.32930856571977e-140,-0.581229221479048,"NK","Prostaglandin E2",TRUE
"1739","HMDB0001220",7.3642372279642e-157,84287542,0.171267943158538,0.258279902255944,3.33721130077365e-156,-0.592680243988665,"B","Prostaglandin E2",TRUE
"1740","HMDB0001220",0.19561135445093,40864635.5,0.238630445913712,0.246089738423646,0.227736934076272,-0.0444063782870759,"Endo","Prostaglandin E2",TRUE
"1741","HMDB0001228",2.75897374369206e-246,117639264,0.0909361054754816,0.0359222618213547,1.43146753658226e-245,1.3399750277687,"Epi","L-Glutamic acid 5-phosphate",FALSE
"1742","HMDB0001228",1.0309346181859e-18,64016237.5,0.0253252080902346,0.0455670675969233,2.08516719384493e-18,-0.847417407683203,"Mast","L-Glutamic acid 5-phosphate",FALSE
"1743","HMDB0001228",3.23838142233242e-90,88011495,0.091135000494638,0.0382260946768607,1.27400060351099e-89,1.25344741253529,"Fibro","L-Glutamic acid 5-phosphate",FALSE
"1744","HMDB0001228",0.166475759876192,41256456.5,0.0422684359491772,0.0439543095258876,0.196047111959463,-0.0564238925906215,"Endo","L-Glutamic acid 5-phosphate",FALSE
"1745","HMDB0001228",0.0226768530383393,13123531,0.0265039473531751,0.0441470021266507,0.0296288809771003,-0.736108229868889,"Oligo","L-Glutamic acid 5-phosphate",FALSE
"1746","HMDB0001228",0.00838371992319852,17159998.5,0.0306846118853791,0.044147860526265,0.0150822700125883,-0.524828188682282,"pDC","L-Glutamic acid 5-phosphate",FALSE
"1747","HMDB0001228",1.82585011501052e-14,104093482.5,0.022515332923609,0.047473970845814,2.67891123431871e-14,-1.07622891527343,"Myeloid","L-Glutamic acid 5-phosphate",FALSE
"1748","HMDB0001228",8.76827161623659e-36,102506346.5,0.0231038049019087,0.0473746171435854,1.56952061930635e-35,-1.03598381956309,"B","L-Glutamic acid 5-phosphate",FALSE
"1749","HMDB0001228",3.15586929077841e-32,102726523,0.030573988789225,0.0461134008870742,5.79385233896755e-32,-0.592881285644899,"NK","L-Glutamic acid 5-phosphate",FALSE
"1750","HMDB0001228",1.58727275177798e-21,103479427.5,0.0324368412730957,0.0457988892402954,2.66781054054702e-21,-0.497679273549561,"T","L-Glutamic acid 5-phosphate",FALSE
"1751","HMDB0001229",0.0149473189618775,106631769,0.000139821522921282,0,0.0169339879378233,Inf,"Myeloid","Dopaquinone",FALSE
"1752","HMDB0001229",0.681200942543817,106611000,0,2.36065377209661e-05,0.686957570227286,-Inf,"NK","Dopaquinone",FALSE
"1753","HMDB0001229",0.899429435550887,13388855,0,2.05202440507716e-05,0.907030247682303,-Inf,"Oligo","Dopaquinone",FALSE
"1754","HMDB0001229",0.817275449751553,41539505,0,2.12758777998959e-05,0.833574390344888,-Inf,"Endo","Dopaquinone",FALSE
"1755","HMDB0001229",0.762240709999885,66305610,0,2.2046333732628e-05,0.770853599378414,-Inf,"Mast","Dopaquinone",FALSE
"1756","HMDB0001229",0.729765153700155,82192005,0,2.26077702254957e-05,0.740101770608089,-Inf,"Fibro","Dopaquinone",FALSE
"1757","HMDB0001229",0.681200942543817,106611000,0,2.36065377209661e-05,0.683109068433295,-Inf,"B","Dopaquinone",FALSE
"1758","HMDB0001229",0.681200942543817,106611000,0,2.36065377209661e-05,0.685571263922165,-Inf,"Epi","Dopaquinone",FALSE
"1759","HMDB0001229",0.884459009595049,17511018,0,2.06241644547949e-05,0.907267408123288,-Inf,"pDC","Dopaquinone",FALSE
"1760","HMDB0001229",0.681200942543817,106611000,0,2.36065377209661e-05,0.692812322246268,-Inf,"T","Dopaquinone",FALSE
"1761","HMDB0001232",1.83724491431509e-86,48776924,0.085813604665829,0.0458578249107904,1.87923908378515e-85,0.904038459117257,"Endo","4-Nitrophenol",FALSE
"1762","HMDB0001232",0,168385967,0.207514430107668,0.0209337210434541,0,3.30931097818021,"Epi","4-Nitrophenol",FALSE
"1763","HMDB0001232",7.46762916063827e-258,86436888,0.00596801505992659,0.0549614797886409,6.85490061412436e-257,-3.20309776668695,"B","4-Nitrophenol",FALSE
"1764","HMDB0001232",7.06058574357423e-215,88210202.5,0.00970600403354945,0.054330382545078,8.15383772967605e-214,-2.48480984043027,"T","4-Nitrophenol",FALSE
"1765","HMDB0001232",8.48697808017423e-05,84224129,0.0378792323343043,0.0490790169194597,0.000110485023734632,-0.373699258042617,"Fibro","4-Nitrophenol",FALSE
"1766","HMDB0001232",1.31165621412313e-27,100209225,0.0197148555879296,0.0526405544926755,2.17394872525964e-27,-1.4168915431863,"Myeloid","4-Nitrophenol",FALSE
"1767","HMDB0001232",5.75149082534182e-14,15720225,0.0154946656731475,0.0485701564014971,2.82059413078407e-13,-1.64829850564003,"pDC","4-Nitrophenol",FALSE
"1768","HMDB0001232",3.79035573835094e-85,57236188.5,0.0131990193892037,0.0510611667021497,2.08761131435329e-84,-1.95179575274924,"Mast","4-Nitrophenol",FALSE
"1769","HMDB0001232",9.74445148216608e-235,87370429,0.0082170737445453,0.0545817636507684,1.29204208541313e-233,-2.73172239237976,"NK","4-Nitrophenol",FALSE
"1770","HMDB0001232",3.22644173388063e-84,17442584,0.113516234959911,0.0468330608123068,2.88766535182316e-83,1.27729941011519,"Oligo","4-Nitrophenol",FALSE
"1771","HMDB0001235",0.00476649670044627,18110670.5,0.0931996081407247,0.0730299893716788,0.00922381523653926,0.351834868445489,"pDC","5-Aminoimidazole ribonucleotide",FALSE
"1772","HMDB0001235",1.00346380596339e-87,96212938.5,0.0434702279125305,0.0785093244641162,3.66571471974381e-87,-0.852836351823185,"NK","5-Aminoimidazole ribonucleotide",FALSE
"1773","HMDB0001235",0.583004700348795,13287262.5,0.0700015026505368,0.0735032839088335,0.648185350077232,-0.0704228154802995,"Oligo","5-Aminoimidazole ribonucleotide",FALSE
"1774","HMDB0001235",3.51665774986807e-07,84537030,0.0805192282168182,0.0726039010262056,5.0157907348716e-07,0.149286277301457,"Fibro","5-Aminoimidazole ribonucleotide",FALSE
"1775","HMDB0001235",2.58725333025458e-43,60606592,0.0425381637029988,0.0762788805028773,8.49758433239578e-43,-0.842525914219552,"Mast","5-Aminoimidazole ribonucleotide",FALSE
"1776","HMDB0001235",4.74074138638666e-35,100143201,0.0605959783175467,0.0756179264555029,8.3605192922484e-35,-0.319506242308674,"B","5-Aminoimidazole ribonucleotide",FALSE
"1777","HMDB0001235",1.28719432726181e-40,99623731.5,0.0540123239328032,0.0767294669560505,2.91655423518816e-40,-0.50649210946777,"T","5-Aminoimidazole ribonucleotide",FALSE
"1778","HMDB0001235",0,129051082.5,0.145952147099135,0.0612069575577165,0,1.2537278721184,"Epi","5-Aminoimidazole ribonucleotide",FALSE
"1779","HMDB0001235",1.69403617550785e-19,111345207,0.073566154000232,0.0734281280961098,2.62538939754031e-19,0.00270934818790847,"Myeloid","5-Aminoimidazole ribonucleotide",FALSE
"1780","HMDB0001235",0.17306072739575,41095046.5,0.0732146295001113,0.0734605390663237,0.203133575107143,-0.00483753109069348,"Endo","5-Aminoimidazole ribonucleotide",FALSE
"1781","HMDB0001245",5.91590923188168e-05,39416211.5,0.0187466632678221,0.0344530464145326,9.94317138504057e-05,-0.877997722731797,"Endo","dCDP",FALSE
"1782","HMDB0001245",3.14437832407932e-27,115772934,0.0670829111737885,0.0280128264290057,5.38606430631768e-27,1.25985774306702,"NK","dCDP",FALSE
"1783","HMDB0001245",2.93973080714606e-55,119882374,0.0728285458954125,0.0270427716051624,6.15452414595492e-55,1.42926101983251,"B","dCDP",FALSE
"1784","HMDB0001245",0.175574405269025,17046266,0.020244533075576,0.0339402303438962,0.242685857476105,-0.745463987367936,"pDC","dCDP",FALSE
"1785","HMDB0001245",0.866481038193577,106471526.5,0.0240171790601851,0.0352837587460078,0.871348909194664,-0.5549375489181,"Myeloid","dCDP",FALSE
"1786","HMDB0001245",1.04099138338867e-77,68310042.5,-0.0220199321329601,0.0403030503402433,3.6536756397367e-77,NA,"Fibro","dCDP",FALSE
"1787","HMDB0001245",1.47001838009852e-30,73986372.5,0.0768280975300853,0.0297025562448267,3.78609050413863e-30,1.3710469323123,"Mast","dCDP",FALSE
"1788","HMDB0001245",8.41132512691334e-204,80800902,-0.0441557946999249,0.0467936310674851,3.20346212280317e-203,NA,"Epi","dCDP",FALSE
"1789","HMDB0001245",2.76984244358576e-73,121958447,0.0800638926038148,0.0258212036989658,8.85360352503306e-73,1.63259550353833,"T","dCDP",FALSE
"1790","HMDB0001245",8.17061830260835e-24,10367686,-0.0429473199230935,0.0348836383637786,2.54354900202938e-23,NA,"Oligo","dCDP",FALSE
"1791","HMDB0001248",1.06937599059921e-09,15210621.5,0.153909281059939,0.0618909653671665,2.16291867025151e-09,1.31427950169444,"Oligo","FAD",FALSE
"1792","HMDB0001248",2.26372500315312e-17,113760155,0.0769561299783448,0.0610434502878626,3.58590066871158e-17,0.334199741464031,"T","FAD",FALSE
"1793","HMDB0001248",4.05894656988777e-61,69989031,0.0060202012191436,0.0701851197800831,1.20091146447919e-60,-3.54328157804149,"Fibro","FAD",FALSE
"1794","HMDB0001248",1.43548292275177e-09,111713964,0.0884558199220839,0.0591019189787728,1.88934884685711e-09,0.581752093698935,"NK","FAD",FALSE
"1795","HMDB0001248",7.65889100180495e-102,52066988.5,-0.0194732751120346,0.0709264257736728,5.48376595729234e-101,NA,"Mast","FAD",FALSE
"1796","HMDB0001248",1.62407025997653e-09,38367597,0.0359686396459075,0.0648046712603333,3.40010031036022e-09,-0.849358212454303,"Endo","FAD",FALSE
"1797","HMDB0001248",7.84481412783648e-21,14313898.5,-0.00938968207405288,0.0648814669829606,6.24098546170102e-20,NA,"pDC","FAD",FALSE
"1798","HMDB0001248",4.1443965441253e-09,101659940,0.0255381702046883,0.0697245172764927,5.26132610920871e-09,-1.44901088061486,"B","FAD",FALSE
"1799","HMDB0001248",4.77313217910837e-18,99316758.5,0.033070930220775,0.0684527360818133,6.42398992526615e-18,-1.04954458140556,"Epi","FAD",FALSE
"1800","HMDB0001248",3.40757125881548e-296,137613808,0.193275916674497,0.0414047896942187,1.34056100072081e-295,2.22279230734963,"Myeloid","FAD",FALSE
"1801","HMDB0001253",4.79838687631011e-202,21744706.5,0.909422135210809,0.302814785767435,1.22701607265644e-200,1.58651446890093,"Oligo","5,6-Dihydroxyindole-2-carboxylic acid",FALSE
"1802","HMDB0001253",5.68944222695325e-267,133751555,0.471456686013506,0.285522771934607,3.18253174570197e-266,0.72351942008429,"Epi","5,6-Dihydroxyindole-2-carboxylic acid",FALSE
"1803","HMDB0001253",1.97384234831625e-10,86537824,0.33530136361623,0.309643832711901,2.95663414517664e-10,0.114848638687047,"Fibro","5,6-Dihydroxyindole-2-carboxylic acid",FALSE
"1804","HMDB0001253",1.27266963456021e-05,103220798.5,0.295347116033412,0.315255942621775,1.60428073652308e-05,-0.0941120412365579,"T","5,6-Dihydroxyindole-2-carboxylic acid",FALSE
"1805","HMDB0001253",6.57418016483536e-50,95066516,0.248145835896931,0.323225093413009,1.3222227522534e-49,-0.38135096016125,"B","5,6-Dihydroxyindole-2-carboxylic acid",FALSE
"1806","HMDB0001253",1.67395422010113e-75,92319874,0.237033647259467,0.325101201573986,5.16616905858796e-75,-0.455797021989243,"NK","5,6-Dihydroxyindole-2-carboxylic acid",FALSE
"1807","HMDB0001253",3.14501333556651e-18,113382210,0.331851629290011,0.309092762939756,4.81160159885817e-18,0.102498481933669,"Myeloid","5,6-Dihydroxyindole-2-carboxylic acid",FALSE
"1808","HMDB0001253",6.78501923733952e-99,53366562,0.184367448343765,0.324103955735818,4.49821645734731e-98,-0.813872671012857,"Mast","5,6-Dihydroxyindole-2-carboxylic acid",FALSE
"1809","HMDB0001253",0.00275322348376768,16568127,0.259696856049538,0.313495326401516,0.00550644696753536,-0.271615386922448,"pDC","5,6-Dihydroxyindole-2-carboxylic acid",FALSE
"1810","HMDB0001253",6.78801412297193e-13,38054589,0.249389087903886,0.31574612809413,1.63094567518386e-12,-0.340366701774104,"Endo","5,6-Dihydroxyindole-2-carboxylic acid",FALSE
"1811","HMDB0001256",1.9161182946308e-22,10843111.5,0.053560956420231,0.221407006122117,5.62270778260512e-22,-2.04744724722302,"Oligo","Spermine",TRUE
"1812","HMDB0001256",2.70215561412687e-45,96202209,0.173217734930632,0.226449396369013,6.46341373950017e-45,-0.386602045465482,"T","Spermine",TRUE
"1813","HMDB0001256",8.99230085456069e-53,92090519.5,0.286020754399461,0.210730654191984,2.43882098934297e-52,0.440719643637193,"Fibro","Spermine",TRUE
"1814","HMDB0001256",9.56094500423707e-90,91806357,0.1544091946196,0.22962490545411,3.56543574116341e-89,-0.57252046385233,"NK","Spermine",TRUE
"1815","HMDB0001256",1.04024834490426e-46,57963944,0.151138203940717,0.224953312932288,3.68721690570024e-46,-0.573757230270141,"Mast","Spermine",TRUE
"1816","HMDB0001256",1.14760240386053e-17,37602580,0.138767130858462,0.223034736958915,3.70127622146007e-17,-0.684602539117402,"Endo","Spermine",TRUE
"1817","HMDB0001256",0.691779737046169,17393007.5,0.199801178418305,0.219161596064793,0.757361302331891,-0.133429923250713,"pDC","Spermine",TRUE
"1818","HMDB0001256",8.73970857887965e-75,93125980,0.15581461237109,0.229387624050853,2.26725773278182e-74,-0.557957020598538,"B","Spermine",TRUE
"1819","HMDB0001256",2.68086962109992e-80,120602722.5,0.287470612860894,0.207159698930171,5.57994956019635e-80,0.472671114925312,"Epi","Spermine",TRUE
"1820","HMDB0001256",0,136382331,0.361351660089544,0.194686113377469,0,0.892253539418538,"Myeloid","Spermine",TRUE
"1821","HMDB0001259",9.83317244183699e-280,103047314.5,0.167215394334541,0.057427093121088,9.51425874102066e-279,1.54190423074066,"Fibro","Succinic acid semialdehyde",FALSE
"1822","HMDB0001259",0.0742373142438504,17992226,0.0391787400169601,0.0697700389233412,0.109822142559085,-0.832536637021808,"pDC","Succinic acid semialdehyde",FALSE
"1823","HMDB0001259",2.47987020115382e-60,95726179.5,0.038215371589593,0.074356366112381,5.51424554045383e-60,-0.960303207129351,"B","Succinic acid semialdehyde",FALSE
"1824","HMDB0001259",5.58623206020011e-27,113761333.5,0.0681655270613742,0.0692997806874643,7.93599633949064e-27,-0.0238084684201041,"Epi","Succinic acid semialdehyde",FALSE
"1825","HMDB0001259",1.43441955358678e-21,100274663,0.0731889142738233,0.0684516653384099,2.27222212470825e-21,0.0965395031845181,"NK","Succinic acid semialdehyde",FALSE
"1826","HMDB0001259",5.84119576602392e-61,95667907.5,0.0432257450047302,0.0735104479264723,1.59629624750883e-60,-0.766058483309019,"T","Succinic acid semialdehyde",FALSE
"1827","HMDB0001259",0.959958669741784,41519732.5,0.0743498503137369,0.0688573364568058,0.965351695976288,0.110719462167191,"Endo","Succinic acid semialdehyde",FALSE
"1828","HMDB0001259",3.46059114040645e-38,115199906.5,0.0850595485787626,0.0664475062458995,6.32087565441585e-38,0.356258141803846,"Myeloid","Succinic acid semialdehyde",FALSE
"1829","HMDB0001259",6.12856709792586e-92,55649664,0.00042838505483753,0.0754283721788885,3.78280520871976e-91,-7.46005533185565,"Mast","Succinic acid semialdehyde",FALSE
"1830","HMDB0001259",3.50286391390111e-14,15173835,0.140447298940275,0.0679934395135747,8.4162770548765e-14,1.04656142225192,"Oligo","Succinic acid semialdehyde",FALSE
"1831","HMDB0001261",1.2034425265515e-08,43542967,0.194710325844707,0.117765939754999,2.406885053103e-08,0.725407051361159,"Endo","Coproporphyrinogen III",FALSE
"1832","HMDB0001261",8.67363714994302e-58,115633458,0.165782091677794,0.114221140102633,1.6005990204534e-57,0.537458480533201,"Epi","Coproporphyrinogen III",FALSE
"1833","HMDB0001261",8.32384540071982e-49,98349587,0.0795261431756744,0.128784021835221,1.78439320566329e-48,-0.695452499614098,"NK","Coproporphyrinogen III",FALSE
"1834","HMDB0001261",1.39071718076758e-92,92280760.5,0.222540227636327,0.109626771009087,5.78926454319527e-92,1.02146599996111,"Fibro","Coproporphyrinogen III",FALSE
"1835","HMDB0001261",9.10111418191215e-21,62158700,0.0851370486797525,0.125014606269813,1.90537946030675e-20,-0.554237679860911,"Mast","Coproporphyrinogen III",FALSE
"1836","HMDB0001261",2.95660216859079e-52,98051804,0.0710245370473779,0.130219376575775,6.01399759292899e-52,-0.874554708977953,"B","Coproporphyrinogen III",FALSE
"1837","HMDB0001261",1.114117380348e-49,98273194.5,0.0629331511942666,0.131585472448324,2.82875193024529e-49,-1.06410813009655,"T","Coproporphyrinogen III",FALSE
"1838","HMDB0001261",1.85890857307724e-05,12535213.5,0.0477797827980248,0.12285271798306,3.02495122346206e-05,-1.36245757553665,"Oligo","Coproporphyrinogen III",FALSE
"1839","HMDB0001261",2.21956727751484e-56,115519293,0.156535966158473,0.115782194554654,4.54060048771607e-56,0.435080766033024,"Myeloid","Coproporphyrinogen III",FALSE
"1840","HMDB0001261",0.493138491519893,17667784.5,0.133525963004945,0.121417940676227,0.594422828162026,0.137138679650005,"pDC","Coproporphyrinogen III",FALSE
"1841","HMDB0001266",0.0916841211019851,17283585,0.039829696473392,0.043822382653988,0.135073725738727,-0.137823441285158,"pDC","L-Sorbose",FALSE
"1842","HMDB0001266",0.0154491378718051,82903051,0.0443859500361015,0.043662462790232,0.0181337421577253,0.0237095688674366,"Fibro","L-Sorbose",FALSE
"1843","HMDB0001266",9.0699961438982e-66,100903992.5,0.0107884126263402,0.0493028857032421,2.47867070192027e-65,-2.19218948341579,"NK","L-Sorbose",FALSE
"1844","HMDB0001266",3.38875260967258e-13,40026117,0.0207123737554739,0.0449700858810853,8.54347488917453e-13,-1.11847273511362,"Endo","L-Sorbose",FALSE
"1845","HMDB0001266",3.43639419694464e-35,102487662,0.0259248966167523,0.0467473422302703,6.09024318072367e-35,-0.850546108587363,"B","L-Sorbose",FALSE
"1846","HMDB0001266",0,120208795,0.115959392839396,0.0315465155845428,0,1.87806711586388,"Epi","L-Sorbose",FALSE
"1847","HMDB0001266",3.57018548864387e-36,102427502,0.0209379945750187,0.0475892976653089,7.47442342066962e-36,-1.18451389433657,"T","L-Sorbose",FALSE
"1848","HMDB0001266",4.46043802326806e-17,109414259,0.0526386695210158,0.0422371661532378,6.70939837113431e-17,0.317609982184337,"Myeloid","L-Sorbose",FALSE
"1849","HMDB0001266",7.47956660337031e-18,64044511,0.0294299332808879,0.0450501434944936,1.48760269111476e-17,-0.61424742972213,"Mast","L-Sorbose",FALSE
"1850","HMDB0001266",5.18387443912951e-15,14313287.5,0.125546281677134,0.0424289708040343,1.28876878417248e-14,1.5650977118951,"Oligo","L-Sorbose",FALSE
"1851","HMDB0001269",4.88805685213405e-77,16909393.5,0.354791789621724,0.0122161154730196,3.97710080241816e-76,4.86011511452247,"Oligo","Methylmalonyl-CoA",FALSE
"1852","HMDB0001269",0.442610454512518,106203459.5,0.00253537418162218,0.0201645513533671,0.457961106114109,-2.9915507198781,"T","Methylmalonyl-CoA",FALSE
"1853","HMDB0001269",0.0129434240062213,16972870.5,-0.0055963943535287,0.0181094615292199,0.021857291482204,NA,"pDC","Methylmalonyl-CoA",FALSE
"1854","HMDB0001269",0.408500433527363,41816427.5,0.0383413823463573,0.0165107346626237,0.447226774320477,1.21549803642684,"Endo","Methylmalonyl-CoA",FALSE
"1855","HMDB0001269",0.00386949109466832,80838050,0.034827484928836,0.0155636065767745,0.00469585698946189,1.16204987543631,"Fibro","Methylmalonyl-CoA",FALSE
"1856","HMDB0001269",1.08141372446351e-09,103353973.5,0.00231825547483254,0.0202012082344728,1.49477263844763e-09,-3.12333011603517,"Myeloid","Methylmalonyl-CoA",FALSE
"1857","HMDB0001269",0.82360317300815,106733192.5,-0.00139154572945039,0.0208275464421857,0.82360317300815,NA,"NK","Methylmalonyl-CoA",FALSE
"1858","HMDB0001269",0.119113244991626,65650157.5,-0.00206209612952227,0.0194204524241736,0.134944752237348,NA,"Mast","Methylmalonyl-CoA",FALSE
"1859","HMDB0001269",2.61102409956026e-09,109797803.5,0.048180043650313,0.0124582083736792,3.27981272857044e-09,1.95133909264648,"Epi","Methylmalonyl-CoA",FALSE
"1860","HMDB0001269",0.101139530595812,105737434,-0.00558124447819786,0.0215349073654927,0.106181677282407,NA,"B","Methylmalonyl-CoA",FALSE
"1861","HMDB0001270",0.000825422384267382,79671737,0.898752560690762,0.922273326220814,0.00104417389953259,-0.0372703971274108,"Fibro","Glyceric acid 1,3-biphosphate",FALSE
"1862","HMDB0001270",0,72363766.5,0.683344681722174,0.959680464374163,0,-0.489940662307567,"B","Glyceric acid 1,3-biphosphate",FALSE
"1863","HMDB0001270",2.3369676047708e-98,52046791,0.746246592071273,0.935656139066399,1.52115345910535e-97,-0.326325987572971,"Mast","Glyceric acid 1,3-biphosphate",FALSE
"1864","HMDB0001270",5.63660244972415e-49,12390250.5,0.693079199027928,0.924563051427072,1.34526911800083e-47,-0.415751488547368,"pDC","Glyceric acid 1,3-biphosphate",FALSE
"1865","HMDB0001270",3.33086834748901e-06,102619906,0.891878555770942,0.924472989437684,4.27401744946618e-06,-0.0517838922733203,"T","Glyceric acid 1,3-biphosphate",FALSE
"1866","HMDB0001270",1.34468843016987e-186,131642074.5,1.10796544353559,0.887990313806307,4.58474721905537e-186,0.31929704083973,"Epi","Glyceric acid 1,3-biphosphate",FALSE
"1867","HMDB0001270",0,145178064,1.17581285867663,0.876535406640842,0,0.423774187108979,"Myeloid","Glyceric acid 1,3-biphosphate",FALSE
"1868","HMDB0001270",0.000279643693774233,103492576.5,0.896766278884488,0.923647778714478,0.000332599476316198,-0.0426107737003277,"NK","Glyceric acid 1,3-biphosphate",FALSE
"1869","HMDB0001270",6.41795169753473e-21,16245716,1.09121734789067,0.917017955394508,1.80915488796648e-20,0.250916597782762,"Oligo","Glyceric acid 1,3-biphosphate",FALSE
"1870","HMDB0001270",3.07225844376351e-09,38361880,0.843357262108785,0.923847700590876,6.39458443527522e-09,-0.131511124505196,"Endo","Glyceric acid 1,3-biphosphate",FALSE
"1871","HMDB0001273",6.52540949828048e-48,94120165,-0.000501991846746925,0.0351878070921118,1.29066110518476e-47,NA,"B","Guanosine triphosphate",FALSE
"1872","HMDB0001273",0.959212783421415,13373611.5,0.031127074567252,0.0300150209993747,0.961899653963212,0.0524853162707799,"Oligo","Guanosine triphosphate",FALSE
"1873","HMDB0001273",2.66550465235451e-177,103610430,0.0910789868974689,0.0227447565323703,1.83509743373637e-176,2.00158425236388,"Fibro","Guanosine triphosphate",FALSE
"1874","HMDB0001273",0,140529708.5,0.109208898788509,0.0166649486360496,0,2.71220164179197,"Epi","Guanosine triphosphate",FALSE
"1875","HMDB0001273",8.84312307922348e-07,62976731,0.0168024098775872,0.0312442104153574,1.25131939223795e-06,-0.894920715961536,"Mast","Guanosine triphosphate",FALSE
"1876","HMDB0001273",4.42473718600012e-05,18933483,0.0425727862808718,0.029767120691574,0.000111553233280848,0.516211834349128,"pDC","Guanosine triphosphate",FALSE
"1877","HMDB0001273",1.77770078830931e-10,44961684.5,0.0543880976280945,0.028731115509538,3.90439805039714e-10,0.920676956698916,"Endo","Guanosine triphosphate",FALSE
"1878","HMDB0001273",2.70813424839393e-45,94479769.5,0.00442009335694403,0.0343567949017199,6.46341373950017e-45,-2.95844670944904,"T","Guanosine triphosphate",FALSE
"1879","HMDB0001273",2.19670622060623e-12,100581705.5,0.00948343481892132,0.0335019339424126,3.12071756736917e-12,-1.82076278872621,"Myeloid","Guanosine triphosphate",FALSE
"1880","HMDB0001273",9.02195216131823e-204,80445473.5,-0.0203076180429555,0.03853165753888,8.72934830743764e-203,NA,"NK","Guanosine triphosphate",FALSE
"1881","HMDB0001280",0.361094288302824,13372152.5,0,0.00073618019427312,0.414332548757727,-Inf,"Oligo","2-Aminomuconic acid semialdehyde",FALSE
"1882","HMDB0001280",0.0953296781983319,41485776.5,0,0.000763289160367932,0.118435866369981,-Inf,"Endo","2-Aminomuconic acid semialdehyde",FALSE
"1883","HMDB0001280",0.0749904193473403,106520313.5,0.000218958746611776,0.000809935910934698,0.0818492991656946,-1.88714867272489,"T","2-Aminomuconic acid semialdehyde",FALSE
"1884","HMDB0001280",0.0101659547067432,106478766.5,5.8410787419431e-05,0.000837041762562647,0.0117022886977944,-3.84099286643047,"Myeloid","2-Aminomuconic acid semialdehyde",FALSE
"1885","HMDB0001280",0.293833208437451,17489062.5,0,0.000739908422019027,0.379755554587031,-Inf,"pDC","2-Aminomuconic acid semialdehyde",FALSE
"1886","HMDB0001280",0.0289917280606573,66216742.5,0,0.000790929884173861,0.0347125038318238,-Inf,"Mast","2-Aminomuconic acid semialdehyde",FALSE
"1887","HMDB0001280",0.251920897109412,82141288.5,0.000123696325773631,0.000796304844219326,0.261413568594694,-2.68651818638639,"Fibro","2-Aminomuconic acid semialdehyde",FALSE
"1888","HMDB0001280",1.49597261802172e-49,107392659.5,0.00464751049251725,6.22486332197768e-05,2.58723766788297e-49,6.22227215146872,"Epi","2-Aminomuconic acid semialdehyde",FALSE
"1889","HMDB0001280",0.0030287519887412,106458000,0,0.00084690345214891,0.00335694492869768,-Inf,"B","2-Aminomuconic acid semialdehyde",FALSE
"1890","HMDB0001280",0.0030287519887412,106458000,0,0.00084690345214891,0.00338841628740422,-Inf,"NK","2-Aminomuconic acid semialdehyde",FALSE
"1891","HMDB0001285",0.000160682713570221,64080899.5,0.0545398069436392,0.0550848600560189,0.00021464332633634,-0.0143462584387894,"Mast","Geranyl-PP",FALSE
"1892","HMDB0001285",4.50583024799782e-19,99938357.5,0.0439038146809472,0.0569191434190046,6.63821904849062e-19,-0.374567653802363,"B","Geranyl-PP",FALSE
"1893","HMDB0001285",3.72564563979266e-179,127964069.5,0.0946563202795125,0.0483504272956608,1.23498253615349e-178,0.969170199527852,"Epi","Geranyl-PP",FALSE
"1894","HMDB0001285",0.000301162571347067,16415673,0.0345467443507338,0.0554728878733507,0.000691129490655449,-0.683233074007958,"pDC","Geranyl-PP",FALSE
"1895","HMDB0001285",5.89439097673917e-05,103608994,0.0516921603815999,0.0556042108340556,7.12902692456967e-05,-0.105248642082798,"T","Geranyl-PP",FALSE
"1896","HMDB0001285",1.77369637897668e-307,78574357.5,-0.0166656563156612,0.0671452908099565,7.05537004081834e-307,NA,"Myeloid","Geranyl-PP",FALSE
"1897","HMDB0001285",9.00426758093664e-15,15444410,0.0985905326918268,0.0543413792529198,2.20789574929816e-14,0.859397932785844,"Oligo","Geranyl-PP",FALSE
"1898","HMDB0001285",0.00175530373901218,104273442,0.0552021265987586,0.0550116114389588,0.0019886036030581,0.00498768220571619,"NK","Geranyl-PP",FALSE
"1899","HMDB0001285",2.22697419182577e-196,55500504,0.156439663733322,0.0496207815024767,1.13893822953375e-194,1.6565899778705,"Endo","Geranyl-PP",FALSE
"1900","HMDB0001285",5.10148919715383e-20,88212055,0.0676008281434552,0.0535394992517722,9.04125313158946e-20,0.33643727464501,"Fibro","Geranyl-PP",FALSE
"1901","HMDB0001294",2.01993573088759e-69,120642232.5,0.0599254978391625,0.0449457146842726,4.46380859047999e-69,0.41498641969658,"Myeloid","2,3-Diphosphoglyceric acid",FALSE
"1902","HMDB0001294",0.655474007161429,17367413,0.0466430645109751,0.0471193577928733,0.73102708586851,-0.0146572976559203,"pDC","2,3-Diphosphoglyceric acid",FALSE
"1903","HMDB0001294",5.40313945622898e-135,86917238.5,0.0282972438439965,0.0502856191237739,2.07991819927954e-134,-0.829484330321686,"B","2,3-Diphosphoglyceric acid",FALSE
"1904","HMDB0001294",5.07315985323794e-23,89104449,0.0549887664783712,0.0461688466095039,9.45932930968325e-23,0.252217232651074,"Fibro","2,3-Diphosphoglyceric acid",FALSE
"1905","HMDB0001294",0.995137744241516,41543589,0.0448362857529458,0.0472309538536481,0.995137744241516,-0.0750659018165245,"Endo","2,3-Diphosphoglyceric acid",FALSE
"1906","HMDB0001294",2.37052016458832e-07,14847918,0.0646659965113036,0.046828206534984,4.24323109461308e-07,0.46562950994608,"Oligo","2,3-Diphosphoglyceric acid",FALSE
"1907","HMDB0001294",3.14975752302353e-30,115714296,0.0618378347550473,0.0446228484144963,5.55730495164784e-30,0.470707196129463,"NK","2,3-Diphosphoglyceric acid",FALSE
"1908","HMDB0001294",1.04878034709136e-54,56522337,0.0242821019208031,0.0492000806845888,4.63535017603341e-54,-1.01876737111338,"Mast","2,3-Diphosphoglyceric acid",FALSE
"1909","HMDB0001294",0.00200163386938268,109075332.5,0.0479304895312592,0.0469708722577832,0.00228940870683386,0.0291772898352359,"Epi","2,3-Diphosphoglyceric acid",FALSE
"1910","HMDB0001294",5.22356531590927e-08,102277956.5,0.0439463464390613,0.0476435285286253,6.92606067813155e-08,-0.116537035405588,"T","2,3-Diphosphoglyceric acid",FALSE
"1911","HMDB0001295",1.32518827640524e-100,117973953,0.129763675596477,0.0522242862669529,3.46290075148232e-100,1.31309381435623,"Myeloid","2-Hydroxyphytanoyl-CoA",FALSE
"1912","HMDB0001295",0.281651993039121,13185630,0.0698330327764228,0.0633218722321082,0.330594798386903,0.141205716696542,"Oligo","2-Hydroxyphytanoyl-CoA",FALSE
"1913","HMDB0001295",3.78971607867929e-24,86942792.5,0.114262745821695,0.0573554159465271,7.14062292719572e-24,0.994353476198342,"Fibro","2-Hydroxyphytanoyl-CoA",FALSE
"1914","HMDB0001295",0.000346697560374202,40349119.5,0.0470396350380696,0.0643000742539784,0.000544375993920897,-0.450943536666819,"Endo","2-Hydroxyphytanoyl-CoA",FALSE
"1915","HMDB0001295",0.443468180183772,66629790.5,0.104057387824267,0.0597032754938182,0.468323328925636,0.801497407404322,"Mast","2-Hydroxyphytanoyl-CoA",FALSE
"1916","HMDB0001295",1.59369194572883e-71,97073076,-0.0110712478093322,0.0760019197982393,3.96209525396472e-71,NA,"B","2-Hydroxyphytanoyl-CoA",FALSE
"1917","HMDB0001295",2.18860856496566e-103,118133003,0.146630682298948,0.0493765728274001,4.89701166411067e-103,1.57028840809016,"Epi","2-Hydroxyphytanoyl-CoA",FALSE
"1918","HMDB0001295",0.948155187236251,17525508.5,0.0770939865419356,0.0631352070339806,0.950811084119265,0.288173590620478,"pDC","2-Hydroxyphytanoyl-CoA",FALSE
"1919","HMDB0001295",2.96902537296506e-66,97441034,-0.00762800216820205,0.0754205850622727,8.17623910401147e-66,NA,"NK","2-Hydroxyphytanoyl-CoA",FALSE
"1920","HMDB0001295",4.55838795104805e-49,98758855,0.00138384349373879,0.0738990848660983,1.14119082970294e-48,-5.7388038035629,"T","2-Hydroxyphytanoyl-CoA",FALSE
"1921","HMDB0001301",2.27923131452596e-70,92012753.5,0.0801090146015351,0.052061154763919,7.35103432973237e-70,0.621757284666096,"Fibro","1-Pyrroline-5-carboxylic acid",FALSE
"1922","HMDB0001301",0,136104471.5,0.123668437710855,0.0434677708199443,0,1.50845933082064,"Epi","1-Pyrroline-5-carboxylic acid",FALSE
"1923","HMDB0001301",0.495186833505674,17685754,0.0492563300975646,0.0551751251432088,0.594888880520239,-0.163708854596039,"pDC","1-Pyrroline-5-carboxylic acid",FALSE
"1924","HMDB0001301",8.23902471054883e-49,59005743,0.0228076835479497,0.0580055051769822,3.13784132593243e-48,-1.34666990238069,"Mast","1-Pyrroline-5-carboxylic acid",FALSE
"1925","HMDB0001301",1.1831689584625e-32,99110449,0.0456775805439291,0.0566352293995367,2.27728218886867e-32,-0.310213510991852,"T","1-Pyrroline-5-carboxylic acid",FALSE
"1926","HMDB0001301",0.000212792659956954,40082953,0.0398238995304223,0.0558661791319953,0.000338576765620397,-0.488340657365115,"Endo","1-Pyrroline-5-carboxylic acid",FALSE
"1927","HMDB0001301",3.04706059828642e-19,100959865,0.0232013021555371,0.0604299750332344,4.68174976045725e-19,-1.38105856819212,"Myeloid","1-Pyrroline-5-carboxylic acid",FALSE
"1928","HMDB0001301",4.85854676711596e-42,98047450.5,0.0436631583451309,0.056975331070784,9.15452496119744e-42,-0.383920912213458,"B","1-Pyrroline-5-carboxylic acid",FALSE
"1929","HMDB0001301",2.49560041911634e-86,94196845.5,0.0355849819261602,0.0583391967501645,8.75906813768284e-86,-0.713197019248962,"NK","1-Pyrroline-5-carboxylic acid",FALSE
"1930","HMDB0001301",8.5105216756607e-53,16806477,0.14551012702386,0.0536031879378637,5.2530461377354e-52,1.44072885380637,"Oligo","1-Pyrroline-5-carboxylic acid",FALSE
"1931","HMDB0001311",1.64720926389713e-143,123669074.5,0.195307834481069,0.131609882285872,4.46743118541796e-143,0.569482000114413,"Epi","D-Lactic acid",TRUE
"1932","HMDB0001311",2.55550862662119e-07,39389598,0.108856666641175,0.142518272601475,4.78990622162505e-07,-0.388717138138437,"Endo","D-Lactic acid",TRUE
"1933","HMDB0001311",8.92862832889858e-41,97673561,0.112748668009937,0.145548623881538,1.67353347735376e-40,-0.368390809404888,"B","D-Lactic acid",TRUE
"1934","HMDB0001311",3.18086291638213e-57,17166964.5,0.378603014796374,0.137001052488078,2.07045258920873e-56,1.46649892269791,"Oligo","D-Lactic acid",TRUE
"1935","HMDB0001311",1.67241593071983e-20,112819945.5,0.137579565332031,0.141356340018277,2.60315175303347e-20,-0.0390703886769788,"Myeloid","D-Lactic acid",TRUE
"1936","HMDB0001311",0.880132397473599,82105685,0.123260529779573,0.142905973284419,0.882597754329267,-0.213355323472597,"Fibro","D-Lactic acid",TRUE
"1937","HMDB0001311",2.14269516342516e-32,98690350.5,0.12738533933939,0.143077465460223,3.95404571394953e-32,-0.167597218397875,"NK","D-Lactic acid",TRUE
"1938","HMDB0001311",1.03321727439437e-14,62228543,0.12528821573869,0.142232401432539,1.86814032441002e-14,-0.182999432215105,"Mast","D-Lactic acid",TRUE
"1939","HMDB0001311",0.000347222534954484,18480836.5,0.169979758654952,0.14019338769722,0.00078129687520536,0.277944653745395,"pDC","D-Lactic acid",TRUE
"1940","HMDB0001311",5.30266708522035e-13,101788203.5,0.134083073051306,0.141946664563394,7.90981173545369e-13,-0.0822218296069356,"T","D-Lactic acid",TRUE
"1941","HMDB0001313",0.154826431671403,82990528.5,0.0279540905058367,0.00383476260768872,0.163504019287204,2.86585023217606,"Fibro","D-myo-Inositol 4-phosphate",FALSE
"1942","HMDB0001313",2.85321366678629e-41,16428888,0.336060599433365,0.00112558518597253,1.3440138061967e-40,8.22190235099495,"Oligo","D-myo-Inositol 4-phosphate",FALSE
"1943","HMDB0001313",4.4842913180122e-47,97428171,-0.0202582084294928,0.0109090619158063,8.77254804288726e-47,NA,"Myeloid","D-myo-Inositol 4-phosphate",FALSE
"1944","HMDB0001313",5.72216915788381e-16,111774353.5,0.00159391654907764,0.00721969420036309,8.26022805855808e-16,-2.17936163344172,"NK","D-myo-Inositol 4-phosphate",FALSE
"1945","HMDB0001313",3.86561512319527e-87,49413973,0.241601175403593,-0.00616055095707442,4.19360670940577e-86,NA,"Endo","D-myo-Inositol 4-phosphate",FALSE
"1946","HMDB0001313",2.86029004219124e-189,87908245.5,-0.0615604358537618,0.0178822558081361,1.01384538129155e-188,NA,"Epi","D-myo-Inositol 4-phosphate",FALSE
"1947","HMDB0001313",1.13319551818087e-06,16254056,-0.0579100311021517,0.00776845707810119,3.35276029346075e-06,NA,"pDC","D-myo-Inositol 4-phosphate",FALSE
"1948","HMDB0001313",9.11171183663352e-11,110745423.5,-0.00964028200908077,0.00911640170638342,1.30479713500592e-10,NA,"T","D-myo-Inositol 4-phosphate",FALSE
"1949","HMDB0001313",1.97077158063629e-16,111856431.5,-0.0066211338785349,0.00860666877872077,2.78868073465531e-16,NA,"B","D-myo-Inositol 4-phosphate",FALSE
"1950","HMDB0001313",7.50709149329997e-09,69212691.5,0.0120242181209744,0.00589263899391305,1.13878760788195e-08,1.0289572964165,"Mast","D-myo-Inositol 4-phosphate",FALSE
"1951","HMDB0001316",4.9465527890639e-12,112083226,0.0852794334915056,0.01326888952004,7.34799128002023e-12,2.68415021845776,"T","6-Phosphogluconic acid",FALSE
"1952","HMDB0001316",2.87808677067566e-287,77933513.5,-0.215008355119836,0.0639674862803543,1.10790867086224e-286,NA,"Myeloid","6-Phosphogluconic acid",FALSE
"1953","HMDB0001316",4.24315443546284e-05,14537942.5,0.0888916650438974,0.0226255988090028,6.87352618957329e-05,1.97409217556141,"Oligo","6-Phosphogluconic acid",FALSE
"1954","HMDB0001316",0.0805613404689693,65216149,0.00163569775839363,0.0256885394062022,0.0924389739996507,-3.97314676496241,"Mast","6-Phosphogluconic acid",FALSE
"1955","HMDB0001316",2.57724986178184e-07,110693489,0.075679979088737,0.0148895976751588,3.15977894012979e-07,2.34560691798381,"B","6-Phosphogluconic acid",FALSE
"1956","HMDB0001316",2.49823708601686e-33,90557511,0.0947861120375023,0.0151806597064267,5.23022734967273e-33,2.64244120507031,"Fibro","6-Phosphogluconic acid",FALSE
"1957","HMDB0001316",0.729234457921547,106339913.5,0.0154466785302046,0.0250589882810228,0.729234457921547,-0.698031517674825,"Epi","6-Phosphogluconic acid",FALSE
"1958","HMDB0001316",9.70405935948878e-42,48230476,0.147955189402175,0.017029363004789,6.09483026438067e-41,3.11906392259504,"Endo","6-Phosphogluconic acid",FALSE
"1959","HMDB0001316",5.45467229047656e-05,16216497.5,-0.0909564080396943,0.0260968081233717,0.000134673977930387,NA,"pDC","6-Phosphogluconic acid",FALSE
"1960","HMDB0001316",1.66882700620636e-12,112204044,0.082930823400409,0.0136654132565075,2.34290222832109e-12,2.6013793274409,"NK","6-Phosphogluconic acid",FALSE
"1961","HMDB0001318",0.000696280090817356,106410000,0,0.00147209624706638,0.000833673152216099,-Inf,"Myeloid","4-Methylpentanal",FALSE
"1962","HMDB0001318",0.229878325530448,17482174.5,0,0.00128611639079197,0.308226369063298,-Inf,"pDC","4-Methylpentanal",FALSE
"1963","HMDB0001318",0.296214211040107,13366912.5,0,0.00127963594717229,0.346551266510975,-Inf,"Oligo","4-Methylpentanal",FALSE
"1964","HMDB0001318",0.104901128455338,66230421.5,0.000619874774633111,0.00131803255561056,0.11922096503813,-1.0883373047464,"Mast","4-Methylpentanal",FALSE
"1965","HMDB0001318",0.000696280090817356,106410000,0,0.00147209624706638,0.000788823647191815,-Inf,"B","4-Methylpentanal",FALSE
"1966","HMDB0001318",0.00155236419038224,106804384.5,0.00172127005218994,0.00118148843815367,0.00178696585259435,0.54286794993649,"Epi","4-Methylpentanal",FALSE
"1967","HMDB0001318",0.0564271222786595,41468920.5,0,0.00132675702945005,0.0737259480867157,-Inf,"Endo","4-Methylpentanal",FALSE
"1968","HMDB0001318",4.37593330830731e-55,83019948.5,0.00899040011862502,0.000336528077577235,1.19586574379696e-54,4.73958654097617,"Fibro","4-Methylpentanal",FALSE
"1969","HMDB0001318",0.000696280090817356,106410000,0,0.00147209624706638,0.000814602197753639,-Inf,"T","4-Methylpentanal",FALSE
"1970","HMDB0001318",0.000696280090817356,106410000,0,0.00147209624706638,0.000801505699397471,-Inf,"NK","4-Methylpentanal",FALSE
"1971","HMDB0001322",6.81025542625873e-15,38363140,0.00530940043419556,0.0607399252234577,1.93497733539732e-14,-3.51602427388937,"Endo","Oleoyl-CoA",FALSE
"1972","HMDB0001322",1.24663857445526e-26,14682041,-0.0308489305181574,0.0598073561810641,1.14000796177359e-25,NA,"pDC","Oleoyl-CoA",FALSE
"1973","HMDB0001322",0,24325529.5,1.30566878561833,0.0379377698217109,0,5.10501028650653,"Oligo","Oleoyl-CoA",FALSE
"1974","HMDB0001322",7.79696877275191e-29,99331147.5,-0.0011904029548308,0.0679094297914906,1.29227537992833e-28,NA,"B","Oleoyl-CoA",FALSE
"1975","HMDB0001322",2.19335606956719e-41,97806507,-0.00264847433577866,0.0681556008840025,5.0988407331497e-41,NA,"T","Oleoyl-CoA",FALSE
"1976","HMDB0001322",0,136002835.5,0.189577793664676,0.0357013938942246,0,2.40873767518114,"Epi","Oleoyl-CoA",FALSE
"1977","HMDB0001322",8.90981745901238e-147,123477141,0.123807632118617,0.0468055913526171,2.59326394335482e-146,1.40334746396565,"Myeloid","Oleoyl-CoA",FALSE
"1978","HMDB0001322",1.27189397524315e-07,79162397.5,0.0238366814729975,0.0619981243741412,1.83604049652035e-07,-1.37904117165354,"Fibro","Oleoyl-CoA",FALSE
"1979","HMDB0001322",0,42979294.5,-0.12371981238694,0.0745640670740676,0,NA,"Mast","Oleoyl-CoA",FALSE
"1980","HMDB0001322",1.05764348186878e-40,97882728.5,0.00577860372821527,0.0667328289670696,2.09191362712167e-40,-3.52960381990345,"NK","Oleoyl-CoA",FALSE
"1981","HMDB0001330",2.36437156748368e-61,110967821,0.0468316449880973,0.0251761325018535,4.94997088397169e-61,0.895427037743337,"Myeloid","2-Amino-3-carboxymuconic acid semialdehyde",FALSE
"1982","HMDB0001330",0.021559161740059,17266089,0.015159399317319,0.0285824181716263,0.0355676493223093,-0.91491538993608,"pDC","2-Amino-3-carboxymuconic acid semialdehyde",FALSE
"1983","HMDB0001330",6.99575508442707e-29,103676046,0.00858768564134709,0.0316329887143725,1.16487456754646e-28,-1.88108858312693,"B","2-Amino-3-carboxymuconic acid semialdehyde",FALSE
"1984","HMDB0001330",1.37660508407671e-292,90650401.5,0.109395216460051,0.0186234358591524,1.44948417676313e-291,2.55435848754539,"Fibro","2-Amino-3-carboxymuconic acid semialdehyde",FALSE
"1985","HMDB0001330",8.1835182312559e-12,40416533.5,0.00546724050606786,0.0295244805110996,1.89012872696104e-11,-2.43302692857926,"Endo","2-Amino-3-carboxymuconic acid semialdehyde",FALSE
"1986","HMDB0001330",0.00021698429495988,13043903,0.00559122991883487,0.0286680774694278,0.000334829213774297,-2.35820758136737,"Oligo","2-Amino-3-carboxymuconic acid semialdehyde",FALSE
"1987","HMDB0001330",2.56349200984907e-43,102978575,0.00111530633422939,0.0328945756309887,5.24417222586267e-43,-4.88233777508668,"NK","2-Amino-3-carboxymuconic acid semialdehyde",FALSE
"1988","HMDB0001330",2.12666698099447e-25,68471098,0.0847482154931659,0.0231348838668639,4.94381025451961e-25,1.87311313351742,"Mast","2-Amino-3-carboxymuconic acid semialdehyde",FALSE
"1989","HMDB0001330",1.1752345630609e-28,103688229,0.00463752256186857,0.0322999080254444,1.71030070559268e-28,-2.80010385115109,"Epi","2-Amino-3-carboxymuconic acid semialdehyde",FALSE
"1990","HMDB0001330",3.26138885690415e-46,102854066,7.73325931930918e-05,0.0330698202268078,7.94270211409311e-46,-8.74022289573813,"T","2-Amino-3-carboxymuconic acid semialdehyde",FALSE
"1991","HMDB0001335",8.69267882279254e-07,12911687.5,0,0.0445926292392403,1.50337150655059e-06,-Inf,"Oligo","Prostaglandin I2",FALSE
"1992","HMDB0001335",5.39563772305889e-30,63849584.5,0.00128672529671852,0.0477911392933224,1.3414154894827e-29,-5.21496717016612,"Mast","Prostaglandin I2",FALSE
"1993","HMDB0001335",0,103492400.5,0.320555084064166,0.0108607696125797,0,4.88337404661814,"Fibro","Prostaglandin I2",FALSE
"1994","HMDB0001335",8.06847841619537e-46,102722025,0.00539746804173377,0.0503881944098559,1.67936934476625e-45,-3.22273105905795,"NK","Prostaglandin I2",FALSE
"1995","HMDB0001335",1.25966248520438e-07,16924800.5,0.00216106820394682,0.0447727163130089,3.92138408437537e-07,-4.37280333776057,"pDC","Prostaglandin I2",FALSE
"1996","HMDB0001335",1.00510945251467e-52,102428039.5,0.00198210945856902,0.0509648208800846,2.58869916546945e-52,-4.68439321172706,"T","Prostaglandin I2",FALSE
"1997","HMDB0001335",2.3645068887089e-52,102443335.5,0.00122452093684875,0.0510927270968194,4.75558127054936e-52,-5.38282859586303,"Myeloid","Prostaglandin I2",FALSE
"1998","HMDB0001335",4.86665309065376e-65,44452413.5,0.156837914639171,0.0378540482118924,4.35565451613511e-64,2.05075486542536,"Endo","Prostaglandin I2",FALSE
"1999","HMDB0001335",7.66115495464215e-52,102464446.5,0.00147194125362521,0.0510509542930416,1.35776904641678e-51,-5.11614593106244,"Epi","Prostaglandin I2",FALSE
"2000","HMDB0001335",2.75497062615145e-55,102324029,0.00096046618525846,0.0511373083481431,5.80164402448365e-55,-5.73449759257258,"B","Prostaglandin I2",FALSE
"2001","HMDB0001338",2.99715488248702e-17,15538868.5,-0.0199611164784784,0.0495386495372996,1.81861262361077e-16,NA,"pDC","Palmityl-CoA",FALSE
"2002","HMDB0001338",9.86421601660384e-58,35779786,-0.0527495127088406,0.0534868593040576,7.84753185320928e-57,NA,"Endo","Palmityl-CoA",FALSE
"2003","HMDB0001338",6.66965102646133e-294,127726858,0.223656688755776,0.0184579040296616,2.59536420377517e-293,3.59897526124734,"Myeloid","Palmityl-CoA",FALSE
"2004","HMDB0001338",8.32095775793295e-52,97887686,-0.0221035716473526,0.0599504349098116,1.85025023437267e-51,NA,"NK","Palmityl-CoA",FALSE
"2005","HMDB0001338",1.63072858142946e-21,101124704,0.00108911191764615,0.0560347361819711,2.49487535107583e-21,-5.68509731875519,"B","Palmityl-CoA",FALSE
"2006","HMDB0001338",4.51598472073427e-34,99601560.5,-0.0103249585892742,0.0579618120737355,9.03196944146855e-34,NA,"T","Palmityl-CoA",FALSE
"2007","HMDB0001338",8.28447278565696e-23,77220249,0.00533616569878009,0.0532030266221616,1.53670531464518e-22,-3.31763294938271,"Fibro","Palmityl-CoA",FALSE
"2008","HMDB0001338",2.99226475102384e-22,15370121.5,0.215665019825962,0.045413412370784,8.56984624693229e-22,2.24760184469317,"Oligo","Palmityl-CoA",FALSE
"2009","HMDB0001338",1.45841657992535e-16,62553810,-0.00560231208516566,0.0530160876555743,2.79204885354693e-16,NA,"Mast","Palmityl-CoA",FALSE
"2010","HMDB0001338",1.54313375569493e-141,121209118.5,0.137824583911783,0.0329492268127096,4.15369837999086e-141,2.06451672955405,"Epi","Palmityl-CoA",FALSE
"2011","HMDB0001341",6.53995901809088e-21,16245292.5,0.0396919615985207,0.00870805652238517,1.82914478787229e-20,2.18842418594416,"Oligo","ADP",TRUE
"2012","HMDB0001341",1.99645696209957e-207,80209400,-0.0229203472386329,0.0146190498363302,7.7688216568657e-207,NA,"Epi","ADP",TRUE
"2013","HMDB0001341",2.99016686621382e-29,116259845,0.0201310738130445,0.00735053370401927,5.60460595866255e-29,1.45350321983788,"T","ADP",TRUE
"2014","HMDB0001341",9.55752113254205e-17,37084018,-0.00718635017660734,0.0100720587728897,2.92443809012825e-16,NA,"Endo","ADP",TRUE
"2015","HMDB0001341",1.50228522315652e-44,75794651,0.0270015201740792,0.00756601087549045,5.12207723704793e-44,1.83543587742705,"Mast","ADP",TRUE
"2016","HMDB0001341",6.97887070184377e-69,68962222.5,-0.00986456740292457,0.0114721823662461,2.21100505421245e-68,NA,"Fibro","ADP",TRUE
"2017","HMDB0001341",9.27651875773343e-05,16150460.5,0.000240488580495809,0.00938620470988266,0.000225917939814188,-5.28650163045322,"pDC","ADP",TRUE
"2018","HMDB0001341",2.44180062482986e-126,127155366,0.0305714135938695,0.00558785604391037,1.24880660527013e-125,2.45181650347132,"NK","ADP",TRUE
"2019","HMDB0001341",5.05096429643085e-05,110096279.5,0.0142020397698055,0.00835155245182259,5.96780600040344e-05,0.765981844819577,"B","ADP",TRUE
"2020","HMDB0001341",0.515438732916986,106055227,0.0114401183531247,0.00881785692872294,0.530250190759428,0.375602003241072,"Myeloid","ADP",TRUE
"2021","HMDB0001346",2.0790774431389e-25,99958115.5,0.122467219867618,0.14861487403991,3.66655036770308e-25,-0.27918287187064,"T","GDP-4-Dehydro-6-deoxy-D-mannose",FALSE
"2022","HMDB0001346",0.0539119113671782,18010599,0.14692447784372,0.144793783647087,0.0814365580989443,0.0210751058206924,"pDC","GDP-4-Dehydro-6-deoxy-D-mannose",FALSE
"2023","HMDB0001346",2.40176946643482e-43,97793635,0.122319401639103,0.148639830688317,4.94157166082566e-43,-0.28116750903194,"NK","GDP-4-Dehydro-6-deoxy-D-mannose",FALSE
"2024","HMDB0001346",0,137352068,0.303979336297186,0.117969573275167,0,1.36555844894194,"Epi","GDP-4-Dehydro-6-deoxy-D-mannose",FALSE
"2025","HMDB0001346",1.25447509370009e-09,12014017,0.0762183815693292,0.145937325365265,2.52304541317209e-09,-0.937138039213255,"Oligo","GDP-4-Dehydro-6-deoxy-D-mannose",FALSE
"2026","HMDB0001346",0.000867819044495643,108741865,0.114156099790527,0.150018068380124,0.00103559739309813,-0.394128321084158,"Myeloid","GDP-4-Dehydro-6-deoxy-D-mannose",FALSE
"2027","HMDB0001346",3.80860373430564e-15,44675892.5,0.201666391529165,0.14180131434364,1.09958075554953e-14,0.508099768519555,"Endo","GDP-4-Dehydro-6-deoxy-D-mannose",FALSE
"2028","HMDB0001346",0.00076143636791483,84082899,0.140706369142986,0.145331181888881,0.000966646169196841,-0.0466566428096643,"Fibro","GDP-4-Dehydro-6-deoxy-D-mannose",FALSE
"2029","HMDB0001346",6.07270863778039e-63,57869078.5,0.0810959768040537,0.150675616473705,3.06201365116251e-62,-0.893743718649018,"Mast","GDP-4-Dehydro-6-deoxy-D-mannose",FALSE
"2030","HMDB0001346",2.10167557274379e-93,93514592.5,0.0885769284167602,0.154336685866832,6.26999879201898e-93,-0.801078156776082,"B","GDP-4-Dehydro-6-deoxy-D-mannose",FALSE
"2031","HMDB0001351",9.07510966366648e-150,120478533.5,0.0797091626559884,0.0241241537936653,2.66302398327262e-149,1.72426723547977,"Myeloid","Deoxyribose 1-phosphate",FALSE
"2032","HMDB0001351",3.38858806738208e-21,101587363,0.0136099026955383,0.0352839140436146,5.14031579713044e-21,-1.37435385561225,"B","Deoxyribose 1-phosphate",FALSE
"2033","HMDB0001351",0.00034346817776946,108518324,0.0286480057358327,0.032744980557156,0.000403152811939235,-0.192839061803453,"Epi","Deoxyribose 1-phosphate",FALSE
"2034","HMDB0001351",1.14078599001113e-13,44005366,0.0710299059737264,0.0300758068922565,2.95943032191292e-13,1.23982313211485,"Endo","Deoxyribose 1-phosphate",FALSE
"2035","HMDB0001351",0.032503955505073,12986135,0.0154134672386694,0.0324213813177575,0.0418576117655256,-1.07275412773736,"Oligo","Deoxyribose 1-phosphate",FALSE
"2036","HMDB0001351",0.811435131890208,17460017,0.0320461867798983,0.0321554536135338,0.857295201296648,-0.00491074278656595,"pDC","Deoxyribose 1-phosphate",FALSE
"2037","HMDB0001351",3.06185195290085e-25,77346342.5,0.002801558378507,0.035657223505401,6.02276373153023e-25,-3.66989290938618,"Fibro","Deoxyribose 1-phosphate",FALSE
"2038","HMDB0001351",6.03869808702285e-06,104207047,0.0298715356448293,0.0325384078897583,7.69343030303979e-06,-0.123372255352668,"T","Deoxyribose 1-phosphate",FALSE
"2039","HMDB0001351",0.0624856136132007,65525915,0.036799667646723,0.0317276512155777,0.0719287770852922,0.213952013642378,"Mast","Deoxyribose 1-phosphate",FALSE
"2040","HMDB0001351",7.54624440988519e-19,101897719,0.016090361325166,0.0348651298751818,1.15451089689696e-18,-1.11558813219418,"NK","Deoxyribose 1-phosphate",FALSE
"2041","HMDB0001352",1.58889774038683e-23,60782062.5,-0.103947006486234,0.0127238322674162,3.53307696309617e-23,NA,"Mast","Hydroxypyruvic acid",FALSE
"2042","HMDB0001352",1.65297536616585e-08,110570539.5,0.0543460221133097,-0.0057445962353649,2.06910902478103e-08,NA,"B","Hydroxypyruvic acid",FALSE
"2043","HMDB0001352",0.0337937973945056,18114379.5,0.00907110306123016,0.00280538023776929,0.0528304780228516,1.69308167035011,"pDC","Hydroxypyruvic acid",FALSE
"2044","HMDB0001352",9.57182364883854e-86,120368886.5,0.073773502684277,-0.00902460308509769,2.28447524418947e-85,NA,"Myeloid","Hydroxypyruvic acid",FALSE
"2045","HMDB0001352",1.09756655598909e-33,74749536,-0.0999784712724398,0.0152212272125787,2.32502264523133e-33,NA,"Fibro","Hydroxypyruvic acid",FALSE
"2046","HMDB0001352",1.19605780870143e-92,92304002,-0.0958852980552339,0.0196194625471007,2.5794499729826e-92,NA,"Epi","Hydroxypyruvic acid",FALSE
"2047","HMDB0001352",0.0962844309045535,42268202.5,-0.00441388263340136,0.00332795826573095,0.118453011215911,NA,"Endo","Hydroxypyruvic acid",FALSE
"2048","HMDB0001352",0.166531620663792,107583660.5,0.0305891254175937,-0.00173363950807872,0.177435476778683,NA,"T","Hydroxypyruvic acid",FALSE
"2049","HMDB0001352",1.91998481111984e-75,17954412.5,0.317737602053963,-0.00210829581189945,1.49424904865413e-74,NA,"Oligo","Hydroxypyruvic acid",FALSE
"2050","HMDB0001352",0.000115002287958436,109317080.5,0.0572527009461215,-0.00623534059342867,0.0001372360636304,NA,"NK","Hydroxypyruvic acid",FALSE
"2051","HMDB0001361",0.689631636611633,17385021.5,0.218069583153594,0.239579973298292,0.757325539591916,-0.135718763420321,"pDC","Carbon monoxide",FALSE
"2052","HMDB0001361",6.63999617375218e-68,93012570.5,0.176922961226002,0.249637422409642,1.99757868084309e-67,-0.496712926090445,"T","Carbon monoxide",FALSE
"2053","HMDB0001361",5.86953228396838e-104,97044299,0.320001392523148,0.229480066726106,2.69396481751369e-103,0.479709340584783,"Fibro","Carbon monoxide",FALSE
"2054","HMDB0001361",1.7172870661921e-25,16277765.5,0.388797788272629,0.236736294636678,5.48918544372118e-25,0.715739105772326,"Oligo","Carbon monoxide",FALSE
"2055","HMDB0001361",0,142001090,0.412129321152858,0.209926742023545,0,0.973211149033076,"Myeloid","Carbon monoxide",FALSE
"2056","HMDB0001361",0.0755554388523376,40674074,0.224094927112982,0.239937725990282,0.0959178975501308,-0.0985500232974343,"Endo","Carbon monoxide",FALSE
"2057","HMDB0001361",1.2897632118497e-220,131380503,0.340274595443141,0.222058216902781,5.43217917461404e-220,0.615761488298203,"Epi","Carbon monoxide",FALSE
"2058","HMDB0001361",4.6744859989483e-122,88261895,0.160488986764391,0.252412025560345,2.29241916112807e-121,-0.653306346989315,"NK","Carbon monoxide",FALSE
"2059","HMDB0001361",0,74126018.5,0.0934871887257629,0.26372416434789,0,-1.496189187619,"B","Carbon monoxide",FALSE
"2060","HMDB0001361",6.1551523415468e-91,53849525,0.143799002111488,0.247865160765021,3.67257423045626e-90,-0.785501840210912,"Mast","Carbon monoxide",FALSE
"2061","HMDB0001368",0,147163776.5,0.36433745925668,0.179250881656301,0,1.0232951180769,"T","3-Mercaptopyruvic acid",FALSE
"2062","HMDB0001368",7.80352535167113e-46,9072950.5,-0.0281378168091163,0.209736879824173,3.93473531816657e-45,NA,"Oligo","3-Mercaptopyruvic acid",FALSE
"2063","HMDB0001368",0.000820930990367187,109481359.5,0.21133392434419,0.20508298277271,0.000941965687664914,0.0433165883725528,"NK","3-Mercaptopyruvic acid",FALSE
"2064","HMDB0001368",4.65191252726651e-76,31667003,0.0765746706957586,0.212901010795713,4.50103968854436e-75,-1.47524363659071,"Endo","3-Mercaptopyruvic acid",FALSE
"2065","HMDB0001368",0.0402062157005675,83738103,0.209572494162187,0.205557735224297,0.0440178141308965,0.0279057172299041,"Fibro","3-Mercaptopyruvic acid",FALSE
"2066","HMDB0001368",2.91312963944409e-06,102605733.5,0.197717362298001,0.207381912714663,3.7514403270539e-06,-0.068850506652764,"Myeloid","3-Mercaptopyruvic acid",FALSE
"2067","HMDB0001368",0.137725636701598,67310587.5,0.208871112634378,0.205721671361283,0.153918762490229,0.0219191982324594,"Mast","3-Mercaptopyruvic acid",FALSE
"2068","HMDB0001368",6.70175949981153e-152,84114503.5,0.15224555627151,0.215059070578329,2.99903737616566e-151,-0.498332861825018,"B","3-Mercaptopyruvic acid",FALSE
"2069","HMDB0001368",0.000120483317406534,18847026.5,0.252260084092969,0.205006432515615,0.000289483406923082,0.299242764110607,"pDC","3-Mercaptopyruvic acid",FALSE
"2070","HMDB0001368",1.3233452980256e-14,100011718.5,0.164334384100015,0.213018073139783,1.72904239669038e-14,-0.374341467925853,"Epi","3-Mercaptopyruvic acid",FALSE
"2071","HMDB0001369",2.12741716335175e-19,100944297.5,0.0357740006000618,0.0832668406802181,3.28282476068934e-19,-1.21883062242055,"Myeloid","Pyrroline hydroxycarboxylic acid",FALSE
"2072","HMDB0001369",2.5529540726117e-87,94144782.5,0.0482859948119819,0.0811543986386985,9.13957557994987e-87,-0.749064491252506,"NK","Pyrroline hydroxycarboxylic acid",FALSE
"2073","HMDB0001369",4.91209829023294e-53,16808831.5,0.200380179456892,0.0744204674351123,3.08514243491823e-52,1.42896845468392,"Oligo","Pyrroline hydroxycarboxylic acid",FALSE
"2074","HMDB0001369",0.000263306065576065,40106713,0.0588857679735751,0.0773429198999172,0.000417095449009873,-0.393350237950401,"Endo","Pyrroline hydroxycarboxylic acid",FALSE
"2075","HMDB0001369",1.42517675709748e-49,58958933.5,0.0353387475730815,0.0801678041784293,5.60673933011975e-49,-1.18177204810363,"Mast","Pyrroline hydroxycarboxylic acid",FALSE
"2076","HMDB0001369",3.94107965025769e-72,92121877.5,0.111340344532389,0.0722362633775865,1.30639492110394e-71,0.624181280177163,"Fibro","Pyrroline hydroxycarboxylic acid",FALSE
"2077","HMDB0001369",1.40291249497254e-42,98004475.5,0.0589699114501388,0.0793505970789894,2.70022942580735e-42,-0.428262050963836,"B","Pyrroline hydroxycarboxylic acid",FALSE
"2078","HMDB0001369",0,136188223.5,0.16877317825699,0.0608121424433569,0,1.47265432409049,"Epi","Pyrroline hydroxycarboxylic acid",FALSE
"2079","HMDB0001369",0.498959916684159,17683948,0.0699995306823983,0.0765423062609439,0.597416890210465,-0.128912121417834,"pDC","Pyrroline hydroxycarboxylic acid",FALSE
"2080","HMDB0001369",2.97919503392094e-33,99050679.5,0.0618297148043537,0.0788677668655478,5.79647729425922e-33,-0.351135442421041,"T","Pyrroline hydroxycarboxylic acid",FALSE
"2081","HMDB0001373",2.94729853689665e-17,102477670,0.0471456478028569,0.059247755335679,4.62777577284649e-17,-0.329635900721323,"T","Dephospho-CoA",FALSE
"2082","HMDB0001373",0.870923703794303,41490902,0.0657047046550845,0.0570612158765498,0.880764649599888,0.203486186961948,"Endo","Dephospho-CoA",FALSE
"2083","HMDB0001373",1.59661583839243e-214,121918795.5,0.108554278592035,0.0488799297761351,6.4953235243692e-214,1.15110247229612,"Epi","Dephospho-CoA",FALSE
"2084","HMDB0001373",0.0128304653536127,13820926.5,0.0804111069884824,0.057132581778711,0.0169494708361378,0.493081065380099,"Oligo","Dephospho-CoA",FALSE
"2085","HMDB0001373",4.98300447514182e-28,111987710.5,0.0640486870877794,0.0563939583941084,8.29728187023615e-28,0.18362838567169,"Myeloid","Dephospho-CoA",FALSE
"2086","HMDB0001373",2.35286245415673e-19,102209961.5,0.0475715323534573,0.059175851815402,3.48068082061203e-19,-0.314910070680431,"B","Dephospho-CoA",FALSE
"2087","HMDB0001373",1.68422659189352e-167,55656722.5,-0.0195962828142633,0.0645603148646416,2.07914868930304e-166,NA,"Mast","Dephospho-CoA",FALSE
"2088","HMDB0001373",2.26184038025418e-11,85069240,0.06900011860471,0.0561267136606024,3.4310968480127e-11,0.297911252864337,"Fibro","Dephospho-CoA",FALSE
"2089","HMDB0001373",3.24726061773497e-26,101428329.5,0.0486852555121066,0.0589878181907778,5.4578370945968e-26,-0.276932134963221,"NK","Dephospho-CoA",FALSE
"2090","HMDB0001373",0.0262258936749963,17952504,0.0742179329270737,0.0571457820312779,0.0425119654814529,0.377120804451035,"pDC","Dephospho-CoA",FALSE
"2091","HMDB0001377",5.41152452791378e-31,116559868.5,0.193618903858735,0.169828056472849,7.97253407816104e-31,0.189144996844037,"Epi","Oxygen",FALSE
"2092","HMDB0001377",4.05513420304909e-05,39339511,0.15032023138125,0.174490582703056,6.880275093325e-05,-0.215109983403635,"Endo","Oxygen",FALSE
"2093","HMDB0001377",0,74221679.5,0.0813154436015148,0.188788627173038,0,-1.21517057470172,"B","Oxygen",FALSE
"2094","HMDB0001377",7.23907855825418e-23,16386437,0.229102858554861,0.172369946474845,2.21503429389316e-22,0.410487203935514,"Oligo","Oxygen",FALSE
"2095","HMDB0001377",0,141844999,0.255816968179299,0.159326948196542,0,0.683121658802412,"Myeloid","Oxygen",FALSE
"2096","HMDB0001377",0,128234318.5,0.401319196894156,0.146039098087835,0,1.45839550425384,"Fibro","Oxygen",FALSE
"2097","HMDB0001377",6.54364944027149e-184,81767258,0.0991667027699678,0.185774739081116,5.44796860376091e-183,-0.905626650118315,"NK","Oxygen",FALSE
"2098","HMDB0001377",2.85971273388337e-266,42687445.5,0.0689185900603451,0.182820844814448,3.79176725455647e-265,-1.40746548030551,"Mast","Oxygen",FALSE
"2099","HMDB0001377",2.08106293064697e-06,15859162,0.13444951244287,0.174086138699294,5.86630337930407e-06,-0.372736811978066,"pDC","Oxygen",FALSE
"2100","HMDB0001377",1.96288567772612e-28,97112083,0.136163554156492,0.179528436297641,3.54905592235329e-28,-0.398871776935702,"T","Oxygen",FALSE
"2101","HMDB0001383",0.176116428745596,66967410,-0.00620740315700123,0.00330034320779853,0.195806464257526,NA,"Mast","Sphinganine 1-phosphate",FALSE
"2102","HMDB0001383",1.54884228250585e-06,109586685.5,0.00457798255358243,0.0021522670032842,1.87961199029523e-06,1.08885489980132,"B","Sphinganine 1-phosphate",FALSE
"2103","HMDB0001383",5.41430923782049e-281,84452698,-0.0679533219855179,0.0143979709605863,3.1775782084258e-280,NA,"Epi","Sphinganine 1-phosphate",FALSE
"2104","HMDB0001383",0.00048641959845828,108772058.5,0.000622222404130853,0.00282013128649398,0.000572823079763369,-2.18026007893712,"T","Sphinganine 1-phosphate",FALSE
"2105","HMDB0001383",0.897288484730324,13417485.5,0.00496539985188957,0.00246319553802854,0.907030247682303,1.01137874012777,"Oligo","Sphinganine 1-phosphate",FALSE
"2106","HMDB0001383",1.04453751804039e-28,99736455.5,-0.0130304080398777,0.00512515077729402,1.75560765942939e-28,NA,"Myeloid","Sphinganine 1-phosphate",FALSE
"2107","HMDB0001383",2.03666269619159e-59,91024798,0.0480936156739223,-0.00294005490328952,5.74114366328023e-59,NA,"Fibro","Sphinganine 1-phosphate",FALSE
"2108","HMDB0001383",1.71260276704524e-07,109848558.5,0.0063669966475516,0.00185022174007819,2.15884433310633e-07,1.78291482350404,"NK","Sphinganine 1-phosphate",FALSE
"2109","HMDB0001383",2.35727238859163e-29,20331891,0.0818962992998194,0.000822146332990725,2.63719848473688e-28,6.63825925054827,"pDC","Sphinganine 1-phosphate",FALSE
"2110","HMDB0001383",2.7376909035238e-103,49874721.5,0.121152046782883,-0.00383739196285475,3.62997534615378e-102,NA,"Endo","Sphinganine 1-phosphate",FALSE
"2111","HMDB0001388",1.67089060214844e-75,121044312,0.0484438051474576,0.0387879840916483,3.81005627751047e-75,0.320702392444882,"Myeloid","alpha-Linolenic acid",TRUE
"2112","HMDB0001388",0,60980775.5,0.00657668073269132,0.0458565514417692,0,-2.80169632281122,"B","alpha-Linolenic acid",TRUE
"2113","HMDB0001388",0.0182242900198921,67768658,0.0406254881309949,0.0401421802064811,0.0220415399564911,0.0172661730337373,"Mast","alpha-Linolenic acid",TRUE
"2114","HMDB0001388",1.41724301003316e-78,91885759,0.028140327547166,0.0422158884644816,4.45064032975327e-78,-0.585146955687207,"NK","alpha-Linolenic acid",TRUE
"2115","HMDB0001388",3.3263099478601e-28,46935427.5,0.0487490184970233,0.0397249886525961,1.48852370166739e-27,0.295326364752161,"Endo","alpha-Linolenic acid",TRUE
"2116","HMDB0001388",0,75598466.5,0.0163897251960831,0.0441997821587384,0,-1.43124759402395,"T","alpha-Linolenic acid",TRUE
"2117","HMDB0001388",2.65446876084618e-302,23725176,0.150900691592193,0.0384088803791517,1.18787477047866e-300,1.97408760292852,"Oligo","alpha-Linolenic acid",TRUE
"2118","HMDB0001388",1.80114611166995e-41,21802051,0.0572228232046516,0.0398220458429712,3.79300181163437e-40,0.523023336828371,"pDC","alpha-Linolenic acid",TRUE
"2119","HMDB0001388",0,150001235.5,0.0751574501229558,0.0342778296132593,0,1.13264035658928,"Epi","alpha-Linolenic acid",TRUE
"2120","HMDB0001388",9.16715775146215e-69,94270901,0.0515709853665426,0.0388231848754975,2.87880918861706e-68,0.409641136395926,"Fibro","alpha-Linolenic acid",TRUE
"2121","HMDB0001403",0,25014394.5,2.00393153164026,0.263804037277311,0,2.92529466780424,"Oligo","Prostaglandin D2",TRUE
"2122","HMDB0001403",1.01048010956993e-100,93201953.5,0.160785442194443,0.313269259836401,3.97529537611026e-100,-0.962266421155442,"NK","Prostaglandin D2",TRUE
"2123","HMDB0001403",0,80447781.5,0.0129136941179836,0.338234944130924,0,-4.71105205175616,"B","Prostaglandin D2",TRUE
"2124","HMDB0001403",5.37952290433461e-19,38041703,0.145886006094588,0.299010773107235,1.85179730745364e-18,-1.03535596300652,"Endo","Prostaglandin D2",TRUE
"2125","HMDB0001403",0,80739831.5,0.0160218289263519,0.337710187283318,0,-4.39767495097695,"T","Prostaglandin D2",TRUE
"2126","HMDB0001403",0,112396188.5,0.830972410745794,0.226810063318659,0,1.87331592610293,"Fibro","Prostaglandin D2",TRUE
"2127","HMDB0001403",2.69818577409904e-88,22593749,0.847248978749337,0.279474745889065,1.37992929589637e-86,1.60006806968081,"pDC","Prostaglandin D2",TRUE
"2128","HMDB0001403",0,81975405,0.0168830823729899,0.337564778968842,0,-4.32151415465337,"Epi","Prostaglandin D2",TRUE
"2129","HMDB0001403",1.03717859169196e-09,102771719.5,0.107962491936281,0.322187536091366,1.43918579777412e-09,-1.57737050222348,"Myeloid","Prostaglandin D2",TRUE
"2130","HMDB0001403",0,116830036,1.19932001537207,0.208079398619321,0,2.5270106255081,"Mast","Prostaglandin D2",TRUE
"2131","HMDB0001405",3.71129353753954e-14,110492103,0.0648650614708169,0.0687625994820189,5.35743180015789e-14,-0.0841824822916905,"Myeloid","3-Sulfinylpyruvic acid",FALSE
"2132","HMDB0001405",1.06643993698984e-69,97574155,0.041822195923662,0.0726530039302977,2.56231877478095e-69,-0.79675363482286,"B","3-Sulfinylpyruvic acid",FALSE
"2133","HMDB0001405",7.5033150181082e-38,15723776,0.181482801064336,0.0663846683100494,3.01818738930645e-37,1.45091084053789,"Oligo","3-Sulfinylpyruvic acid",FALSE
"2134","HMDB0001405",4.69770367919565e-47,99234187.5,0.0491784957735202,0.0714110150986485,1.1598468394152e-46,-0.538119018326984,"T","3-Sulfinylpyruvic acid",FALSE
"2135","HMDB0001405",0.000122011518773467,42769054,0.0916022018457731,0.0669490956335839,0.000195000552325451,0.452317709489128,"Endo","3-Sulfinylpyruvic acid",FALSE
"2136","HMDB0001405",6.117625679656e-74,97295834.5,0.0452307112010407,0.0720775328383884,1.85602541806513e-73,-0.67224694872093,"NK","3-Sulfinylpyruvic acid",FALSE
"2137","HMDB0001405",3.14181719182159e-17,85990844,0.0802688024318437,0.0667587807061502,5.2559371713651e-17,0.265881768205926,"Fibro","3-Sulfinylpyruvic acid",FALSE
"2138","HMDB0001405",7.47819981979036e-48,60436342,0.0349744737529412,0.0712424667749689,2.73183217906628e-47,-1.02643512082016,"Mast","3-Sulfinylpyruvic acid",FALSE
"2139","HMDB0001405",1.17662094638201e-06,18520307,0.0993716384274651,0.067539805013419,3.42463657564846e-06,0.557096137895893,"pDC","3-Sulfinylpyruvic acid",FALSE
"2140","HMDB0001405",0,125976159,0.125230658754725,0.0585708727752979,0,1.09633250605041,"Epi","3-Sulfinylpyruvic acid",FALSE
"2141","HMDB0001409",0.066570053412582,42483410.5,0.119538022871319,0.119008604459798,0.0854196384290479,0.00640370043730458,"Endo","dUMP",FALSE
"2142","HMDB0001409",2.384477011791e-12,100842425.5,0.101641157710273,0.121972197376963,3.33454207117648e-12,-0.263067620895983,"NK","dUMP",FALSE
"2143","HMDB0001409",0.000149625321025311,103492136.5,0.11647044018453,0.119468519768613,0.000177959684143061,-0.0366666647323437,"T","dUMP",FALSE
"2144","HMDB0001409",0.000177052928126618,12295109,0.044844255726932,0.120224100705501,0.000276790167114975,-1.42273103293687,"Oligo","dUMP",FALSE
"2145","HMDB0001409",2.03974096838639e-21,98789787,0.0987960629117773,0.1224525442955,3.10735007098863e-21,-0.30969729453455,"B","dUMP",FALSE
"2146","HMDB0001409",1.47541104340641e-21,89088512.5,0.147668311769815,0.11561723282052,2.68120382507357e-21,0.353003822075401,"Fibro","dUMP",FALSE
"2147","HMDB0001409",0.50648473194381,66738706,0.128443553748104,0.118173839430058,0.530179924081532,0.120223790653473,"Mast","dUMP",FALSE
"2148","HMDB0001409",0.378047339070808,107339777.5,0.114151762278081,0.11985998995373,0.391553236690761,-0.0703970259983384,"Epi","dUMP",FALSE
"2149","HMDB0001409",7.14990811772431e-23,114720438.5,0.143282488559917,0.114941751513441,1.14270852952915e-22,0.317959361050195,"Myeloid","dUMP",FALSE
"2150","HMDB0001409",0.0331063736933013,18222459,0.134038814324339,0.118717886705286,0.0523324845054733,0.175113514057718,"pDC","dUMP",FALSE
"2151","HMDB0001419",1.25826669365269e-30,42668405.5,0.037723512670661,0.00959667581493047,6.3444996665868e-30,1.97485735710256,"Endo","24-Hydroxycholesterol",FALSE
"2152","HMDB0001419",2.5720241172983e-14,105417472.5,0.00164656053672205,0.0126065226528019,3.88516723203709e-14,-2.93664292214788,"T","24-Hydroxycholesterol",FALSE
"2153","HMDB0001419",0,20453677.5,0.194639355406089,0.00713684588959272,0,4.76937301755028,"pDC","24-Hydroxycholesterol",FALSE
"2154","HMDB0001419",0.00150710273090388,107112405,0.0107032333598038,0.0110774541363268,0.00174046057310836,-0.0495796647709919,"Epi","24-Hydroxycholesterol",FALSE
"2155","HMDB0001419",1.41420742303879e-10,65512848.5,0.000530812070419311,0.0119843398730769,2.25016114421283e-10,-4.4968054564637,"Mast","24-Hydroxycholesterol",FALSE
"2156","HMDB0001419",1.2278329843119e-16,105313472.5,0.000589897468794649,0.0127849226305036,1.82391787711063e-16,-4.43783540105355,"Myeloid","24-Hydroxycholesterol",FALSE
"2157","HMDB0001419",1.32043063112395e-16,105314833,0.00142708303355918,0.0126435777774284,1.92944557527499e-16,-3.14726357916791,"NK","24-Hydroxycholesterol",FALSE
"2158","HMDB0001419",2.78804870043091e-14,105419109,0.0022960301959915,0.0124968705070532,3.85375071333693e-14,-2.44435333665149,"B","24-Hydroxycholesterol",FALSE
"2159","HMDB0001419",2.00540230577243e-30,14027251.5,0.0685038109316588,0.0101024868305988,7.47847943194302e-30,2.76147377793848,"Oligo","24-Hydroxycholesterol",FALSE
"2160","HMDB0001419",2.68097264932626e-05,82773287,0.0144752449794595,0.0106113137327962,3.62184229607095e-05,0.447984484585937,"Fibro","24-Hydroxycholesterol",FALSE
"2161","HMDB0001422",6.98023793794629e-15,83966874.5,0.0403129823263297,0.0271136334709802,1.12564197377692e-14,0.572226056455851,"Fibro","3-Hydroxy-N6,N6,N6-trimethyl-L-lysine",FALSE
"2162","HMDB0001422",5.27586040401409e-16,104512098.5,0.0218164080682349,0.0296533506144793,7.64679362201232e-16,-0.442781537381767,"NK","3-Hydroxy-N6,N6,N6-trimethyl-L-lysine",FALSE
"2163","HMDB0001422",0.44625550219407,17431394,0.0266926006417278,0.0285600435969773,0.541557524696532,-0.0975583085326587,"pDC","3-Hydroxy-N6,N6,N6-trimethyl-L-lysine",FALSE
"2164","HMDB0001422",0.100082705688007,41274356,0.0256532283272483,0.0286745928447481,0.122704139165434,-0.160632608292061,"Endo","3-Hydroxy-N6,N6,N6-trimethyl-L-lysine",FALSE
"2165","HMDB0001422",1.43063299116319e-09,105044506.5,0.0234439560341262,0.0293785662204406,2.01640397967096e-09,-0.325547952033873,"T","3-Hydroxy-N6,N6,N6-trimethyl-L-lysine",FALSE
"2166","HMDB0001422",0.00230794713395009,65684090,0.0303156972910707,0.0283570025356054,0.0029403739286624,0.096359965039183,"Mast","3-Hydroxy-N6,N6,N6-trimethyl-L-lysine",FALSE
"2167","HMDB0001422",0.653485454766257,106497577.5,0.0177061089097504,0.0303473062380627,0.662741622680794,-0.777321261527471,"Epi","3-Hydroxy-N6,N6,N6-trimethyl-L-lysine",FALSE
"2168","HMDB0001422",0.894736654703038,13377022,0.0256055144052128,0.0285680505494059,0.907030247682303,-0.15794804921687,"Oligo","3-Hydroxy-N6,N6,N6-trimethyl-L-lysine",FALSE
"2169","HMDB0001422",1.36580030124839e-71,111253972,0.046439417740592,0.0254961651219321,3.09466144206914e-71,0.865069616096871,"Myeloid","3-Hydroxy-N6,N6,N6-trimethyl-L-lysine",FALSE
"2170","HMDB0001422",2.359070931468e-10,104970871,0.0250403113486797,0.0291090481865805,3.11641104599831e-10,-0.21721516599871,"B","3-Hydroxy-N6,N6,N6-trimethyl-L-lysine",FALSE
"2171","HMDB0001423",0.00140431992568142,43253297.5,0.0297292365756339,0.0266056840631431,0.0021670109198015,0.16014791903248,"Endo","Coenzyme A",FALSE
"2172","HMDB0001423",9.02219196261187e-08,19372648.5,0.0341695985696011,0.0266073753076733,2.85835816160624e-07,0.360887096529612,"pDC","Coenzyme A",FALSE
"2173","HMDB0001423",0.0138493047055721,104499550,0.0254472623536363,0.0269864555021902,0.0153500033578787,-0.0847250426865778,"NK","Coenzyme A",FALSE
"2174","HMDB0001423",7.5629246744251e-07,14895137,0.0345205964250743,0.0266398561529298,1.31433351138067e-06,0.373871098387911,"Oligo","Coenzyme A",FALSE
"2175","HMDB0001423",1.97109404166369e-29,96936564,0.0215724509465814,0.0276406529371142,3.71395614166105e-29,-0.357601598862156,"T","Coenzyme A",FALSE
"2176","HMDB0001423",0.00360572223147621,79998501,0.0249637259968456,0.0269790590598423,0.00439064135669552,-0.112006750946511,"Fibro","Coenzyme A",FALSE
"2177","HMDB0001423",0.0203233449713583,104620536.5,0.0261340966818426,0.0268704949537847,0.0218491216208596,-0.0400896022130614,"B","Coenzyme A",FALSE
"2178","HMDB0001423",0.00380761428801267,109100047.5,0.0281692043704817,0.0265269008817537,0.00431368960477385,0.0866626794465368,"Epi","Coenzyme A",FALSE
"2179","HMDB0001423",4.68316982924238e-48,119127330.5,0.0338379663698429,0.0255698247380156,9.31430443815984e-48,0.404200594419219,"Myeloid","Coenzyme A",FALSE
"2180","HMDB0001423",1.46042783495296e-09,62209149.5,0.0216649993591415,0.0272311173098585,2.28311425726271e-09,-0.32988998434609,"Mast","Coenzyme A",FALSE
"2181","HMDB0001425",0.77475104097018,17504679,0.00104743128295008,0.00124525444854569,0.82794290348455,-0.249584966322495,"pDC","Estrone sulfate",FALSE
"2182","HMDB0001425",2.94657233126517e-43,107418827,0.00595402163339552,0.000445464678308847,4.77318051852005e-43,3.74048151596207,"Epi","Estrone sulfate",FALSE
"2183","HMDB0001425",0.00992633629256233,106463512,0.000167070037539448,0.0014224951689143,0.0112813599769439,-3.08989882510687,"T","Estrone sulfate",FALSE
"2184","HMDB0001425",0.00100318215807123,106422000,0,0.00145070216495337,0.00118920269069371,-Inf,"Myeloid","Estrone sulfate",FALSE
"2185","HMDB0001425",0.889993144393534,41535519,0.00248040200885752,0.0011749346074269,0.897514213219395,1.07799349914182,"Endo","Estrone sulfate",FALSE
"2186","HMDB0001425",0.00100318215807123,106422000,0,0.00145070216495337,0.00114375545410669,-Inf,"NK","Estrone sulfate",FALSE
"2187","HMDB0001425",0.0153997844571626,66195832.5,0,0.0013548223146168,0.0186885519853024,-Inf,"Mast","Estrone sulfate",FALSE
"2188","HMDB0001425",0.310894287365554,13368222.5,0,0.00126103890463305,0.362541221097291,-Inf,"Oligo","Estrone sulfate",FALSE
"2189","HMDB0001425",0.00335326514336437,106442794.5,0.000261364759555622,0.00140657507402722,0.00370515099174212,-2.42805001930119,"B","Estrone sulfate",FALSE
"2190","HMDB0001425",0.378247834968704,82239375.5,0.00160999313496311,0.0011971214818968,0.390238400342352,0.427484974674561,"Fibro","Estrone sulfate",FALSE
"2191","HMDB0001426",2.33127835154325e-170,130016100.5,0.132427628755083,0.0995186188133297,7.45176473082575e-170,0.412165779119232,"Epi","Formaldehyde",FALSE
"2192","HMDB0001426",9.72117462955848e-43,118140098,0.116996781786512,0.102123860577397,1.83167395651681e-42,0.196148864416328,"Myeloid","Formaldehyde",FALSE
"2193","HMDB0001426",1.60656190452688e-106,88174897,0.0809240370947126,0.108214143321243,6.61090990598416e-106,-0.419248868969963,"NK","Formaldehyde",FALSE
"2194","HMDB0001426",5.01687503780507e-05,12180518.5,0.0897999951651198,0.104504059170938,8.09027596186584e-05,-0.218771708486768,"Oligo","Formaldehyde",FALSE
"2195","HMDB0001426",0.036080165312335,40440066,0.0995857214512539,0.104522617555244,0.0485590194805111,-0.069804350198355,"Endo","Formaldehyde",FALSE
"2196","HMDB0001426",1.43907234784688e-221,105661320.5,0.149121775624973,0.0989179956316692,1.17088159211178e-220,0.592186031777105,"Fibro","Formaldehyde",FALSE
"2197","HMDB0001426",9.17983018386733e-51,76247597.5,0.123918744691369,0.102472909433401,3.73452182480057e-50,0.274151877061381,"Mast","Formaldehyde",FALSE
"2198","HMDB0001426",4.18027949884787e-29,21328677,0.140443588169561,0.103506564360809,4.53496988056829e-28,0.440268494984526,"pDC","Formaldehyde",FALSE
"2199","HMDB0001426",1.75117433031921e-264,77390475.5,0.0675520643002511,0.110471778437647,1.64979055330073e-263,-0.709606097882189,"B","Formaldehyde",FALSE
"2200","HMDB0001426",2.98413140494198e-153,84433011.5,0.0769701739477112,0.108881687327152,2.09474322150829e-152,-0.500389916589235,"T","Formaldehyde",FALSE
"2201","HMDB0001439",0.242460117002158,17744302.5,0.13892817870037,0.12079200761746,0.321484155136195,0.201814250012707,"pDC","Phosphoribosyl formamidocarboxamide",FALSE
"2202","HMDB0001439",4.21780521709318e-25,111701159,0.117268818638823,0.121826235125316,6.86351939872436e-25,-0.0550053923653232,"Myeloid","Phosphoribosyl formamidocarboxamide",FALSE
"2203","HMDB0001439",3.44626023964627e-30,38037555,0.0426620281097554,0.125362906405853,1.71355717471301e-29,-1.55508607597583,"Endo","Phosphoribosyl formamidocarboxamide",FALSE
"2204","HMDB0001439",0.0955155480263423,13679565.5,0.151405047920308,0.12068349556854,0.117507100321067,0.327184916783733,"Oligo","Phosphoribosyl formamidocarboxamide",FALSE
"2205","HMDB0001439",4.45979181598767e-56,98858699,0.0895225586029101,0.126510729475462,1.10110722077489e-55,-0.498936571203894,"NK","Phosphoribosyl formamidocarboxamide",FALSE
"2206","HMDB0001439",2.18830789402518e-10,84933795.5,0.134090454231697,0.119625227537728,3.25068143593781e-10,0.164684868001778,"Fibro","Phosphoribosyl formamidocarboxamide",FALSE
"2207","HMDB0001439",2.55373073384504e-149,119406759,0.175222673690896,0.112041690966601,7.31388482173219e-149,0.645153808470416,"Epi","Phosphoribosyl formamidocarboxamide",FALSE
"2208","HMDB0001439",1.52055509600443e-09,63965103,0.12085446712377,0.121196642519383,2.36677706247647e-09,-0.00407893255217444,"Mast","Phosphoribosyl formamidocarboxamide",FALSE
"2209","HMDB0001439",1.09593842534757e-08,103804715.5,0.124860748463196,0.120544464093006,1.48615892528193e-08,0.0507546211410353,"T","Phosphoribosyl formamidocarboxamide",FALSE
"2210","HMDB0001439",6.05882640803609e-22,101881108,0.11132499461544,0.122829750915183,9.43069501772575e-22,-0.141882499972214,"B","Phosphoribosyl formamidocarboxamide",FALSE
"2211","HMDB0001440",2.01381492699947e-64,92083985.5,-0.0282343582786992,0.0133944869437052,5.4617101808016e-64,NA,"NK","dGTP",FALSE
"2212","HMDB0001440",3.32962963046776e-29,96996161,-0.017866977578933,0.0116441272105014,6.14436808096628e-29,NA,"T","dGTP",FALSE
"2213","HMDB0001440",0,138974340.5,0.091196180575883,-0.00676937239355328,0,NA,"Epi","dGTP",FALSE
"2214","HMDB0001440",5.61731605521644e-06,19089073,0.0250274108539056,0.00700785521518276,1.53511385325762e-05,1.83646417470021,"pDC","dGTP",FALSE
"2215","HMDB0001440",1.18666326840802e-19,98837443,-0.0142578371442552,0.0110347838988894,1.7775123434731e-19,NA,"B","dGTP",FALSE
"2216","HMDB0001440",2.35052614202843e-23,46869269.5,0.0462988754268922,0.00530180306887322,9.24712482248548e-23,3.12642216308773,"Endo","dGTP",FALSE
"2217","HMDB0001440",5.93651995419565e-181,82020881.5,-0.0511985176429603,0.0172716031625574,1.88077357840889e-180,NA,"Myeloid","dGTP",FALSE
"2218","HMDB0001440",2.2567226708354e-06,14825996,0.0399416883931487,0.00685970504698015,3.86558237396685e-06,2.54167686892004,"Oligo","dGTP",FALSE
"2219","HMDB0001440",2.53806414976786e-167,102948957.5,0.0751802406853298,-0.000712550902845996,1.65204902839436e-166,NA,"Fibro","dGTP",FALSE
"2220","HMDB0001440",2.72804128642807e-13,61366654.5,-0.014213605640232,0.00935909239716738,4.76409161239634e-13,NA,"Mast","dGTP",FALSE
"2221","HMDB0001449",0,100120106.5,0.16069148078331,0.0637916357643788,0,1.33285426701979,"Fibro","Allopregnanolone",FALSE
"2222","HMDB0001449",1.36773730262875e-11,16126287.5,0.0189100061469816,0.0752946816265231,5.76058769813051e-11,-1.9933981327458,"pDC","Allopregnanolone",FALSE
"2223","HMDB0001449",7.23361922812219e-08,103891772,0.0645797323973247,0.0757376578713119,9.21578535113076e-08,-0.229929344892532,"NK","Allopregnanolone",FALSE
"2224","HMDB0001449",3.5256399789635e-17,44199780,0.0956731137576061,0.0729745638996565,1.09754705432081e-16,0.390719868611605,"Endo","Allopregnanolone",FALSE
"2225","HMDB0001449",5.6171983061201e-109,57466164.5,0.00504591769751309,0.080452480924994,4.18949373664791e-108,-3.99494832999184,"Mast","Allopregnanolone",FALSE
"2226","HMDB0001449",8.41408299762897e-25,111811965.5,0.0600844011957754,0.0764966197490005,1.35686563655458e-24,-0.348405504602873,"Myeloid","Allopregnanolone",FALSE
"2227","HMDB0001449",9.98798231361726e-144,93710424,0.023304122117214,0.0827063579017206,6.16499597978444e-143,-1.8274130716758,"T","Allopregnanolone",FALSE
"2228","HMDB0001449",6.56962030003618e-222,90539489.5,0.00192457157361763,0.0863159392867614,5.11287840741946e-221,-5.48701776498184,"B","Allopregnanolone",FALSE
"2229","HMDB0001449",9.05307061032523e-262,124085491.5,0.203103260441744,0.0523502649885804,4.91060496741884e-261,1.95594465460544,"Epi","Allopregnanolone",FALSE
"2230","HMDB0001449",1.23715627216041e-13,12061281,0.0209980220379503,0.0749771194721467,2.87598665865862e-13,-1.83619696417235,"Oligo","Allopregnanolone",FALSE
"2231","HMDB0001452",9.23170110350421e-72,75290317,0.0159311162082647,0.109249188937996,3.03206329821514e-71,-2.77770331179327,"Fibro","Thromboxane A2",TRUE
"2232","HMDB0001452",2.0292645450082e-84,98068622.5,0.035179665450667,0.110122003354431,7.33814855669632e-84,-1.64628909265014,"T","Thromboxane A2",TRUE
"2233","HMDB0001452",0.247121288794715,17717333.5,0.102505404141391,0.0992289646470495,0.325255225693043,0.0468667657158046,"pDC","Thromboxane A2",TRUE
"2234","HMDB0001452",0,142471158,0.361568302497823,0.055016712615421,0,2.71632636422713,"Myeloid","Thromboxane A2",TRUE
"2235","HMDB0001452",1.94370281459587e-29,101669232,0.035912868684964,0.109998214187742,2.85182626075951e-29,-1.61490729810832,"Epi","Thromboxane A2",TRUE
"2236","HMDB0001452",4.1893467006831e-82,98189325.5,0.0355193658043105,0.110064650601832,1.1809339518461e-81,-1.63167346597191,"B","Thromboxane A2",TRUE
"2237","HMDB0001452",8.91019295793354e-70,98863552.5,0.0507927739401306,0.107485989765124,2.5724589346292e-69,-1.08145345337606,"NK","Thromboxane A2",TRUE
"2238","HMDB0001452",2.63639037186027e-15,39374156,0.0593276825480094,0.101432637285007,7.67339636687787e-15,-0.773744598540011,"Endo","Thromboxane A2",TRUE
"2239","HMDB0001452",1.15001350262611e-27,70080518.5,0.20608734248459,0.0895167098350977,2.74469889293432e-27,1.20302698335703,"Mast","Thromboxane A2",TRUE
"2240","HMDB0001452",1.48580597364686e-12,12288546.5,0.013291719374955,0.100674795678477,3.26330391758022e-12,-2.92110290002321,"Oligo","Thromboxane A2",TRUE
"2241","HMDB0001453",9.112476527465e-105,93057763,0.0809116064647391,0.134975970441505,3.70712113276417e-104,-0.738284017646035,"NK","Thiocyanate",FALSE
"2242","HMDB0001453",3.96303025491925e-81,92640094,0.179044696342172,0.120973312265356,1.43309578915262e-80,0.565630971924765,"Fibro","Thiocyanate",FALSE
"2243","HMDB0001453",0.000117307740093818,43039945.5,0.155433186803963,0.125656157635938,0.000189171941232373,0.306813198338165,"Endo","Thiocyanate",FALSE
"2244","HMDB0001453",1.20068811286065e-278,84369462.5,0.0266503135908279,0.144137086915236,1.26425395412974e-277,-2.43521717893859,"B","Thiocyanate",FALSE
"2245","HMDB0001453",6.01040724345596e-197,87942479,0.0451304331981348,0.141017026201526,5.81547511664117e-196,-1.64369683027795,"T","Thiocyanate",FALSE
"2246","HMDB0001453",1.34685433041669e-45,59336782,0.0833070968666639,0.131183361200387,4.68129951737064e-45,-0.655073437591546,"Mast","Thiocyanate",FALSE
"2247","HMDB0001453",0,144308632,0.307284374993291,0.0967566949850552,0,1.66714101395022,"Epi","Thiocyanate",FALSE
"2248","HMDB0001453",1.01445981102174e-67,117457945,0.144307945290291,0.124272553452555,2.18781091774567e-67,0.215643032457725,"Myeloid","Thiocyanate",FALSE
"2249","HMDB0001453",1.6659075096038e-19,15228303,0.0493199518478716,0.128814347119936,1.217132425384e-18,-1.38504999096845,"pDC","Thiocyanate",FALSE
"2250","HMDB0001453",1.00225250376376e-48,16631356,0.310049152063857,0.12423656487383,5.27656465216801e-48,1.31940709889979,"Oligo","Thiocyanate",FALSE
"2251","HMDB0001480",1.13193411571558e-180,87588429.5,0.0387979798423797,0.0836506419833456,9.00516474280394e-180,-1.1083950771661,"NK","3-Dehydrosphinganine",FALSE
"2252","HMDB0001480",1.69492741641721e-145,89564240,0.0412410061183585,0.0832381776450071,6.81779792221752e-145,-1.01316585090203,"B","3-Dehydrosphinganine",FALSE
"2253","HMDB0001480",5.62407163166915e-48,47570295,0.136475250996919,0.0740029682231723,3.94787773360305e-47,0.882984307589802,"Endo","3-Dehydrosphinganine",FALSE
"2254","HMDB0001480",4.65999987252867e-40,59372464,0.0565551360628405,0.0790599885601507,1.39023329530439e-39,-0.483289697679002,"Mast","3-Dehydrosphinganine",FALSE
"2255","HMDB0001480",3.91185391674463e-136,123098083,0.100824821237233,0.0731784418491478,1.022221680434e-135,0.462360245288009,"Epi","3-Dehydrosphinganine",FALSE
"2256","HMDB0001480",1.79486957419017e-115,95506678.5,0.115910458634146,0.0725471882642327,9.05018743042365e-115,0.676019141536218,"Fibro","3-Dehydrosphinganine",FALSE
"2257","HMDB0001480",0.0393700832602504,16957188.5,0.0635209462630053,0.0774607974807868,0.0610151073903448,-0.2862339501204,"pDC","3-Dehydrosphinganine",FALSE
"2258","HMDB0001480",1.85079694383387e-63,117776518.5,0.0863509578503984,0.0756221128582369,3.94396015412217e-63,0.191404022640232,"Myeloid","3-Dehydrosphinganine",FALSE
"2259","HMDB0001480",8.99602887168567e-35,98449045.5,0.0656226275853018,0.0791217465345997,1.86160597460316e-34,-0.269880910782198,"T","3-Dehydrosphinganine",FALSE
"2260","HMDB0001480",2.53811678421476e-90,18129819.5,0.23773613518345,0.0745993989020682,2.52401613541357e-89,1.67212529442251,"Oligo","3-Dehydrosphinganine",FALSE
"2261","HMDB0001484",0.00863413439167568,104660982,-0.00317405483211127,0.0138871942839501,0.00968971822012506,NA,"Epi","Acetoacetyl-CoA",FALSE
"2262","HMDB0001484",4.14160127268083e-14,45048275.5,0.0304534698004123,0.010405856321191,1.13182691268682e-13,1.54921092239104,"Endo","Acetoacetyl-CoA",FALSE
"2263","HMDB0001484",2.3835481071383e-42,58309055.5,-0.0237272563978618,0.0146419012960056,7.61884127103137e-42,NA,"Mast","Acetoacetyl-CoA",FALSE
"2264","HMDB0001484",0.00082805170756734,18519073,0.0235557268619612,0.0111659488320723,0.00178579826089824,1.0769720000108,"pDC","Acetoacetyl-CoA",FALSE
"2265","HMDB0001484",0.894985465676556,106515837,0.0197926217027314,0.0100096530827273,0.894985465676556,0.983570748667227,"T","Acetoacetyl-CoA",FALSE
"2266","HMDB0001484",9.27324803006236e-47,91570554.5,0.0306793008694371,0.00912389454076603,2.28953296190505e-46,1.7495439302219,"Fibro","Acetoacetyl-CoA",FALSE
"2267","HMDB0001484",7.89236931356109e-10,102042641.5,0.0103506570425716,0.0116037717152041,1.04260819714202e-09,-0.164871467792435,"NK","Acetoacetyl-CoA",FALSE
"2268","HMDB0001484",9.43511927773515e-05,14418221.5,0.0258052673479752,0.0111923374350568,0.00015012323117463,1.20515421358963,"Oligo","Acetoacetyl-CoA",FALSE
"2269","HMDB0001484",2.16404347341438e-24,99034953,0.00587136986050268,0.0123600248271522,3.50555458589297e-24,-1.0739125954842,"B","Acetoacetyl-CoA",FALSE
"2270","HMDB0001484",1.2646210637946e-22,113893168.5,0.0204776687854311,0.00989399428098839,2.01215262594874e-22,1.04942651500253,"Myeloid","Acetoacetyl-CoA",FALSE
"2271","HMDB0001488",1.49194161243958e-41,45546435.5,0.250514501600698,0.110936864255798,9.20888098712704e-41,1.17515526761791,"Endo","Nicotinic acid",FALSE
"2272","HMDB0001488",0.305974888265326,17314273,0.110689355068649,0.118171989444377,0.392612939064468,-0.0943716253508008,"pDC","Nicotinic acid",FALSE
"2273","HMDB0001488",6.82332780020548e-54,99268290,0.0830080981430302,0.123927541237122,1.56586625158562e-53,-0.578172847212489,"NK","Nicotinic acid",FALSE
"2274","HMDB0001488",4.71046850665965e-08,12469288.5,0.0466451784896034,0.119160359010648,8.78306106970914e-08,-1.35310450656203,"Oligo","Nicotinic acid",FALSE
"2275","HMDB0001488",9.20116535178812e-32,101040433.5,0.0947932078677347,0.121937821546981,1.75213680635114e-31,-0.36329008137774,"T","Nicotinic acid",FALSE
"2276","HMDB0001488",9.22573952057566e-23,78096403,0.0603430820369023,0.124902061440109,1.69375115300825e-22,-1.04953699857107,"Fibro","Nicotinic acid",FALSE
"2277","HMDB0001488",8.71282046001588e-82,97510335,0.0539694339017458,0.128830236533641,2.43686697241069e-81,-1.25525677485307,"B","Nicotinic acid",FALSE
"2278","HMDB0001488",1.32419663005959e-09,109496130.5,0.0999327447764654,0.12107009625427,1.66923378014554e-09,-0.276813184331493,"Epi","Nicotinic acid",FALSE
"2279","HMDB0001488",0,128802213.5,0.259461831930808,0.094136264217406,0,1.46269982073728,"Myeloid","Nicotinic acid",FALSE
"2280","HMDB0001488",9.34156994777914e-07,64468959.5,0.124586403071269,0.117415234926015,1.3166464729547e-06,0.085527012258433,"Mast","Nicotinic acid",FALSE
"2281","HMDB0001489",0,141801712.5,0.100413926125932,0.0133280122947796,0,2.91342582471371,"Myeloid","Ribose 1-phosphate",FALSE
"2282","HMDB0001489",4.30830967968621e-06,12178204,0.00389951720681075,0.0262598212928847,7.17383658291937e-06,-2.75148967592431,"Oligo","Ribose 1-phosphate",FALSE
"2283","HMDB0001489",8.81509241730193e-17,45401849.5,0.065898971537727,0.0237702651380253,2.7205199012018e-16,1.47109795430755,"Endo","Ribose 1-phosphate",FALSE
"2284","HMDB0001489",1.13223085997903e-141,65650666,-0.0270039601779198,0.0322238331700887,6.43394679162688e-141,NA,"Fibro","Ribose 1-phosphate",FALSE
"2285","HMDB0001489",1.66096127064298e-14,61807318.5,0.019561991379712,0.0264883430407372,2.98806097934767e-14,-0.437304357944535,"Mast","Ribose 1-phosphate",FALSE
"2286","HMDB0001489",2.40879549096314e-08,15830086.5,0.00844241964786639,0.0262769017963629,7.98471097930373e-08,-1.63806673500632,"pDC","Ribose 1-phosphate",FALSE
"2287","HMDB0001489",6.86125185075096e-68,93668883,0.00521934830248295,0.0294000328626419,1.6267073924297e-67,-2.49387618209966,"B","Ribose 1-phosphate",FALSE
"2288","HMDB0001489",0.27228063596029,107430257,0.0151546832750519,0.0277226168618706,0.285854743911389,-0.871299745478157,"Epi","Ribose 1-phosphate",FALSE
"2289","HMDB0001489",0.0861068354993341,105337893,0.0257774589609354,0.0259291379346574,0.0934128700265503,-0.00846418615867734,"T","Ribose 1-phosphate",FALSE
"2290","HMDB0001489",0.0216003948905779,104905892,0.0165872868689465,0.0274807455814561,0.0237206790516163,-0.728343218078303,"NK","Ribose 1-phosphate",FALSE
"2291","HMDB0001493",0.834997085951159,17441996.5,0.112881195895177,0.126582616671347,0.869193979800338,-0.165274118599754,"pDC","3-Methylcrotonyl-CoA",FALSE
"2292","HMDB0001493",2.12700050829537e-06,102713576.5,0.106645240438652,0.129616758550684,2.58124129481269e-06,-0.281432680927435,"Epi","3-Methylcrotonyl-CoA",FALSE
"2293","HMDB0001493",1.44160557893423e-22,98572049,0.103105386114861,0.130214404055292,2.43440942103045e-22,-0.336769345835321,"T","3-Methylcrotonyl-CoA",FALSE
"2294","HMDB0001493",1.22335120701181e-47,118542689.5,0.164261253610486,0.119889253372255,2.40637215445181e-47,0.454289869291491,"Myeloid","3-Methylcrotonyl-CoA",FALSE
"2295","HMDB0001493",3.04500844354701e-50,94351328.5,0.086803904901777,0.132966637925473,6.60674559266564e-50,-0.615232461514586,"NK","3-Methylcrotonyl-CoA",FALSE
"2296","HMDB0001493",3.93112039018826e-15,15679930.5,0.20430653891585,0.125048822860755,9.84154615166013e-15,0.70824390200199,"Oligo","3-Methylcrotonyl-CoA",FALSE
"2297","HMDB0001493",1.8771861198429e-17,45906235.5,0.170380818995898,0.123943075812984,6.00029134735499e-17,0.45908525379354,"Endo","3-Methylcrotonyl-CoA",FALSE
"2298","HMDB0001493",6.33217148799516e-44,92235146,0.168418134079785,0.121270331843071,1.50126979649157e-43,0.473820840244894,"Fibro","3-Methylcrotonyl-CoA",FALSE
"2299","HMDB0001493",0.000169956565259324,68746842.5,0.149156317823883,0.124205241121328,0.000226187547817242,0.264099034669162,"Mast","3-Methylcrotonyl-CoA",FALSE
"2300","HMDB0001493",1.52532809800791e-16,99822967.5,0.104231852956967,0.130024218871752,2.175567566083e-16,-0.318984142397591,"B","3-Methylcrotonyl-CoA",FALSE
"2301","HMDB0001498",2.33698040336657e-07,11980013.5,-0.0184276481655773,0.00168738673864686,4.20421600203634e-07,NA,"Oligo","myo-Inositol 1,4,5-trisphosphate",FALSE
"2302","HMDB0001498",0.00301662399057444,68106333.5,0.00639904282311684,0.000909643346098451,0.00380264573459736,2.81448321318398,"Mast","myo-Inositol 1,4,5-trisphosphate",FALSE
"2303","HMDB0001498",0.237796034336575,107521919,0.00133885097329797,0.00137549149214527,0.252614184844195,-0.0389518320758142,"Myeloid","myo-Inositol 1,4,5-trisphosphate",FALSE
"2304","HMDB0001498",6.46152179581867e-48,117798908,0.0207242222792548,-0.00189740590882667,1.28512489050171e-47,NA,"B","myo-Inositol 1,4,5-trisphosphate",FALSE
"2305","HMDB0001498",0.000182416780543781,84721285,0.00523131648496917,0.000909253812095322,0.00023575887160532,2.52441907865463,"Fibro","myo-Inositol 1,4,5-trisphosphate",FALSE
"2306","HMDB0001498",0.000169300219382774,18683704,0.0098951243472925,0.00118975392542783,0.000398746569335745,3.05605462256674,"pDC","myo-Inositol 1,4,5-trisphosphate",FALSE
"2307","HMDB0001498",1.72095770369366e-20,99478121,-0.00375408891317487,0.00223534965295447,2.37877551321363e-20,NA,"Epi","myo-Inositol 1,4,5-trisphosphate",FALSE
"2308","HMDB0001498",0.0353864715334866,40530534,-0.00991273684096816,0.00197310387795304,0.0478051200339178,NA,"Endo","myo-Inositol 1,4,5-trisphosphate",FALSE
"2309","HMDB0001498",0.000304905344884729,103836749.5,-0.00516982497754049,0.00247437313165877,0.000361444084333553,NA,"NK","myo-Inositol 1,4,5-trisphosphate",FALSE
"2310","HMDB0001498",8.04647383346615e-12,101355194.5,-0.00715974765683322,0.00281033846667359,1.17577046219628e-11,NA,"T","myo-Inositol 1,4,5-trisphosphate",FALSE
"2311","HMDB0001508",0.0962602231465765,40660335.5,0.0354373362041647,0.0411027172491392,0.118453011215911,-0.213963610069303,"Endo","dADP",FALSE
"2312","HMDB0001508",1.72033760915369e-154,129062860.5,0.0850796337550003,0.0333420538213456,5.08992449650431e-154,1.35147084794835,"Myeloid","dADP",FALSE
"2313","HMDB0001508",8.49059321825097e-44,94847112,0.0163413867388874,0.0449473631267842,1.661001296248e-43,-1.45970606479974,"B","dADP",FALSE
"2314","HMDB0001508",1.23358235542096e-49,119171513,0.0682294042602168,0.0361869347085284,2.14379846233352e-49,0.914924713247191,"Epi","dADP",FALSE
"2315","HMDB0001508",2.67581844318851e-06,102634123,0.0326944240757035,0.0421864248629287,3.44583813907009e-06,-0.367734219982929,"T","dADP",FALSE
"2316","HMDB0001508",2.81102587767427e-08,101906217,0.0321061516206878,0.0422857448789706,3.63302261446711e-08,-0.397321644568911,"NK","dADP",FALSE
"2317","HMDB0001508",1.33730235624181e-11,61784470,0.0231761288717864,0.0424307913203902,2.20624075361553e-11,-0.872471972764116,"Mast","dADP",FALSE
"2318","HMDB0001508",5.72346737464576e-20,16138134,0.10805570146708,0.0397380629301188,1.5641231451322e-19,1.44318174291645,"Oligo","dADP",FALSE
"2319","HMDB0001508",3.77125793995617e-37,13135612.5,-0.0224618127920789,0.0421547147539632,5.62545976043462e-36,NA,"pDC","dADP",FALSE
"2320","HMDB0001508",5.28591532850271e-24,74672384.5,0.018467171192483,0.0434832958620859,9.90763187227209e-24,-1.23549840436456,"Fibro","dADP",FALSE
"2321","HMDB0001509",0.251882472043342,82063124,0.00100999363202356,0.00183376450239759,0.261413568594694,-0.860462178692152,"Fibro","20-Hydroxy-leukotriene B4",FALSE
"2322","HMDB0001509",0.0262434200318466,17394071,0.000324596867058545,0.00177599446965845,0.0425119654814529,-2.45190610875492,"pDC","20-Hydroxy-leukotriene B4",FALSE
"2323","HMDB0001509",1.04235433794384e-07,105920870,0.000451862741756881,0.00196438821808467,1.41349565524203e-07,-2.12012356482043,"Myeloid","20-Hydroxy-leukotriene B4",FALSE
"2324","HMDB0001509",7.95001632250928e-08,13637081,0.00574367543670179,0.00168186037066249,1.46706486776202e-07,1.77191629081541,"Oligo","20-Hydroxy-leukotriene B4",FALSE
"2325","HMDB0001509",1.7962041207159e-70,108926657.5,0.0045517295222497,0.00127219392794575,3.57245041786829e-70,1.83909622500928,"Epi","20-Hydroxy-leukotriene B4",FALSE
"2326","HMDB0001509",0.0747199217492374,106381768,0.00225366286698891,0.00166018424624067,0.0800890179228353,0.440928354167763,"NK","20-Hydroxy-leukotriene B4",FALSE
"2327","HMDB0001509",1.46603424454606e-13,105651000,0,0.00204067772369954,1.98803128616474e-13,-Inf,"B","20-Hydroxy-leukotriene B4",FALSE
"2328","HMDB0001509",0.000104933783109376,66705965.5,0.00394221888246123,0.00154476577771679,0.000140697731659762,1.35161977214822,"Mast","20-Hydroxy-leukotriene B4",FALSE
"2329","HMDB0001509",0.000690792936606869,41264558,0.000213070625019593,0.00182781732996673,0.00107523422306634,-3.10071828146106,"Endo","20-Hydroxy-leukotriene B4",FALSE
"2330","HMDB0001509",2.75728650307892e-05,106067667,0.00104577407385436,0.0018641161714702,3.4635388354465e-05,-0.833920561965082,"T","20-Hydroxy-leukotriene B4",FALSE
"2331","HMDB0001511",1.78714482208287e-42,99941718,0.0166644137242767,0.0441563689825179,3.33228044950868e-42,-1.4058509804423,"Myeloid","Phosphocreatine",FALSE
"2332","HMDB0001511",1.64249640679357e-19,38785640.5,0.0170650115954277,0.0414206980247728,5.76484032972647e-19,-1.27931047144306,"Endo","Phosphocreatine",FALSE
"2333","HMDB0001511",6.78822452236971e-88,58650934.5,0.00527510856146009,0.0433824342340865,3.85743552223549e-87,-3.03983831659301,"Mast","Phosphocreatine",FALSE
"2334","HMDB0001511",0,100173574,0.0996297204205841,0.033088710299213,0,1.59023711436942,"Fibro","Phosphocreatine",FALSE
"2335","HMDB0001511",2.01312713012808e-18,15777858,0.00828794231803301,0.0408604273892017,1.38122843633832e-17,-2.30161842697431,"pDC","Phosphocreatine",FALSE
"2336","HMDB0001511",0,139538390,0.119547341623865,0.0267862984271257,0,2.15801491375025,"Epi","Phosphocreatine",FALSE
"2337","HMDB0001511",6.42455042630195e-163,93326765,0.00441530922233994,0.0462244264706045,4.79164385961687e-162,-3.38806903509069,"T","Phosphocreatine",FALSE
"2338","HMDB0001511",1.78328002530503e-168,93099238,0.00528340717159689,0.0460778625757443,1.35832818948766e-167,-3.12453329353971,"NK","Phosphocreatine",FALSE
"2339","HMDB0001511",0,22467009.5,0.423088741902978,0.0340506420101248,0,3.63520639209654,"Oligo","Phosphocreatine",FALSE
"2340","HMDB0001511",5.28428722074944e-190,92251634.5,0.00229904238003188,0.0465817229153636,3.0028171825846e-189,-4.34065903567887,"B","Phosphocreatine",FALSE
"2341","HMDB0001527",4.51466517069908e-06,14492161.5,0.455564545511918,0.33034092433316,7.48263949588089e-06,0.463699763932798,"Oligo","3-Methylthiopropionic acid",FALSE
"2342","HMDB0001527",1.97595137872426e-80,93724841,0.225431332225779,0.350361156887506,6.86786984061441e-80,-0.636154791500172,"T","3-Methylthiopropionic acid",FALSE
"2343","HMDB0001527",1.30818148669341e-292,103978799,0.626018246093254,0.297252936203238,1.41917870374618e-291,1.07451364625607,"Fibro","3-Methylthiopropionic acid",FALSE
"2344","HMDB0001527",1.00889355577191e-271,82712245.5,0.121485158462268,0.367910738816176,2.25739933103964e-270,-1.59857571308562,"NK","3-Methylthiopropionic acid",FALSE
"2345","HMDB0001527",1.21563907957328e-20,61321722,0.283810176402242,0.336757793657821,2.53022552608857e-20,-0.246785014543807,"Mast","3-Methylthiopropionic acid",FALSE
"2346","HMDB0001527",0.0337318587124924,42440016,0.364169623379652,0.330613410523749,0.0457424447692131,0.139465342049033,"Endo","3-Methylthiopropionic acid",FALSE
"2347","HMDB0001527",2.33943026406836e-20,20054390,0.495235123904996,0.328867058660685,1.78194900965207e-19,0.590609133207547,"pDC","3-Methylthiopropionic acid",FALSE
"2348","HMDB0001527",5.12415412383247e-217,85274668,0.137505642816651,0.365205946590212,3.90307909857878e-216,-1.40921943298359,"B","3-Methylthiopropionic acid",FALSE
"2349","HMDB0001527",0,138831532,0.63136662574079,0.281825736743152,0,1.16367463459647,"Epi","3-Methylthiopropionic acid",FALSE
"2350","HMDB0001527",1.67863340218842e-11,111182387,0.30909222015693,0.336236407954339,2.3566696391508e-11,-0.121438607179127,"Myeloid","3-Methylthiopropionic acid",FALSE
"2351","HMDB0001532",2.86248130867257e-07,14944929,0.049922137979417,0.0135010385284402,5.04811974632897e-07,1.88660933408517,"Oligo","Deoxyadenosine triphosphate",FALSE
"2352","HMDB0001532",3.6898290507972e-50,93875321,-0.0179678847150925,0.0194853190057205,7.95758313364698e-50,NA,"NK","Deoxyadenosine triphosphate",FALSE
"2353","HMDB0001532",4.71081961662788e-168,102946681,0.0826258370353684,0.00589170800010932,3.12309893102367e-167,3.80983514620088,"Fibro","Deoxyadenosine triphosphate",FALSE
"2354","HMDB0001532",1.06729858030765e-169,82862170.5,-0.0429034377907575,0.0236952722516541,3.26575121153963e-169,NA,"Myeloid","Deoxyadenosine triphosphate",FALSE
"2355","HMDB0001532",9.75706308495007e-18,60521652.5,-0.011335189996466,0.0164025200555126,1.92985004663653e-17,NA,"Mast","Deoxyadenosine triphosphate",FALSE
"2356","HMDB0001532",1.27449873747618e-31,96606073,-0.012193574229884,0.0185104227563184,2.41412988368503e-31,NA,"T","Deoxyadenosine triphosphate",FALSE
"2357","HMDB0001532",2.12423261218848e-19,46349518,0.0493607444145463,0.0121898726903525,7.38325509867453e-19,2.01768109339265,"Endo","Deoxyadenosine triphosphate",FALSE
"2358","HMDB0001532",9.98059720528554e-25,97832299,-0.0101512610706317,0.0181656121604629,1.63153141529325e-24,NA,"B","Deoxyadenosine triphosphate",FALSE
"2359","HMDB0001532",1.25852225331973e-06,19191463,0.0349681016722178,0.0136331200185599,3.63347553781018e-06,1.35892370892556,"pDC","Deoxyadenosine triphosphate",FALSE
"2360","HMDB0001532",0,138882655,0.098436660007698,-0.000167651570472428,0,NA,"Epi","Deoxyadenosine triphosphate",FALSE
"2361","HMDB0001533",5.93046344837377e-20,99528822,-0.0209204431926661,0.00937220027531869,8.92061308620928e-20,NA,"B","5,10-Methylene-THF",FALSE
"2362","HMDB0001533",3.45732042101952e-143,20383963,0.299494662299425,0.000278296368225303,5.62600323056812e-142,10.0716924940949,"Oligo","5,10-Methylene-THF",FALSE
"2363","HMDB0001533",3.23930189435626e-16,100289218.5,-0.0212072335965292,0.00942062006324086,5.02021678865602e-16,NA,"T","5,10-Methylene-THF",FALSE
"2364","HMDB0001533",3.58071233157912e-28,115140348.5,0.0260410685224382,0.00144353039264025,5.18985835913086e-28,4.17311525861669,"Epi","5,10-Methylene-THF",FALSE
"2365","HMDB0001533",0.0232419336860182,16798906,-0.00549219766108369,0.00521856027766235,0.0381679461449289,NA,"pDC","5,10-Methylene-THF",FALSE
"2366","HMDB0001533",2.19196621821137e-16,45511273,0.047608507845622,0.00271957262553709,6.65020259423449e-16,4.12976755413991,"Endo","5,10-Methylene-THF",FALSE
"2367","HMDB0001533",1.10769753952526e-18,99778218.5,-0.0221030633127481,0.00957186600553682,1.68747114531933e-18,NA,"NK","5,10-Methylene-THF",FALSE
"2368","HMDB0001533",2.23301814451245e-23,60220910.5,-0.027022961242783,0.00792898363228596,4.93469441812009e-23,NA,"Mast","5,10-Methylene-THF",FALSE
"2369","HMDB0001533",1.65741123659772e-37,96698369.5,-0.0253863006052683,0.010126185994144,3.01194529290348e-37,NA,"Myeloid","5,10-Methylene-THF",FALSE
"2370","HMDB0001533",1.93058085630713e-145,99662732.5,0.0883580360310075,-0.00495525238194149,1.11475475251283e-144,NA,"Fibro","5,10-Methylene-THF",FALSE
"2371","HMDB0001551",3.11340355499508e-14,11914838,-0.0508896976670488,0.0268589476932056,7.58230253529415e-14,NA,"Oligo","Palmitaldehyde",FALSE
"2372","HMDB0001551",5.06549536143431e-31,37579504.5,-0.0457027309617532,0.0294447835638411,2.5906390562764e-30,NA,"Endo","Palmitaldehyde",FALSE
"2373","HMDB0001551",1.19722824431983e-49,59906773,-0.0541048858622207,0.0329355670722215,4.76230790518331e-49,NA,"Mast","Palmitaldehyde",FALSE
"2374","HMDB0001551",1.24782925687648e-08,103494882,0.0411767353816806,0.0230086441071338,1.71158189257386e-08,0.839653484743159,"Myeloid","Palmitaldehyde",FALSE
"2375","HMDB0001551",0.00101042994793754,83775757.5,0.0368520760603519,0.0242936000221528,0.00126924182933909,0.601169599745396,"Fibro","Palmitaldehyde",FALSE
"2376","HMDB0001551",0.000349182960985636,16717465.5,-0.00418703162671559,0.0262641453597858,0.00078129687520536,NA,"pDC","Palmitaldehyde",FALSE
"2377","HMDB0001551",0.327898182194824,107150023,0.0339421841726004,0.0242300777065058,0.34025376587173,0.486280373439983,"NK","Palmitaldehyde",FALSE
"2378","HMDB0001551",0.116153021436727,107474791,0.0190985282036156,0.0267361820402868,0.121232599633668,-0.485331997866267,"B","Palmitaldehyde",FALSE
"2379","HMDB0001551",1.43403138418427e-116,119188509.5,0.091359669415771,0.0145360906656193,3.39988897707264e-116,2.65191810712893,"Epi","Palmitaldehyde",FALSE
"2380","HMDB0001551",0.720239230250848,106810218,0.0183021956914689,0.0268706295351621,0.729745466088415,-0.554013384538934,"T","Palmitaldehyde",FALSE
"2381","HMDB0001553",4.10115020995066e-16,19917423,0.241030425499037,0.159450034150404,2.25878734640359e-15,0.596110864131442,"pDC","2-Oxo-4-methylthiobutanoic acid",FALSE
"2382","HMDB0001553",1.6140118391543e-180,100550527.5,0.285150131239288,0.146336670100803,1.15563247683448e-179,0.962430360968586,"Fibro","2-Oxo-4-methylthiobutanoic acid",FALSE
"2383","HMDB0001553",5.52031964051122e-89,92019870,0.0934496331357925,0.172569599771396,2.08028887505581e-88,-0.884917433298156,"T","2-Oxo-4-methylthiobutanoic acid",FALSE
"2384","HMDB0001553",0.0215039876032621,13983698,0.192453868023814,0.160639359927966,0.0281993683588566,0.260687241415632,"Oligo","2-Oxo-4-methylthiobutanoic acid",FALSE
"2385","HMDB0001553",3.11405040027678e-25,60334951,0.120925415119652,0.164824091761455,7.19245189225218e-25,-0.44680964126809,"Mast","2-Oxo-4-methylthiobutanoic acid",FALSE
"2386","HMDB0001553",8.89810424423549e-119,123522243,0.239162533349996,0.147968401018365,2.450401014951e-118,0.692702279958053,"Myeloid","2-Oxo-4-methylthiobutanoic acid",FALSE
"2387","HMDB0001553",0.847879397329316,41453183.5,0.160000498056755,0.161201977786134,0.86233188705652,-0.0107930483858725,"Endo","2-Oxo-4-methylthiobutanoic acid",FALSE
"2388","HMDB0001553",1.41694767847081e-242,82343112,0.0442170915846953,0.180881695255289,2.11361362038563e-241,-2.03237037951576,"NK","2-Oxo-4-methylthiobutanoic acid",FALSE
"2389","HMDB0001553",1.18724132018343e-203,84394092,0.0514873575476501,0.179654231813966,7.32814470044255e-203,-1.80293278424858,"B","2-Oxo-4-methylthiobutanoic acid",FALSE
"2390","HMDB0001553",0,135493662,0.294705143230658,0.138590955487272,0,1.08843912920252,"Epi","2-Oxo-4-methylthiobutanoic acid",FALSE
"2391","HMDB0001554",4.65222868715046e-101,97955006.5,0.165342638202393,0.0813066320287699,2.08187233749983e-100,1.02401387156103,"Fibro","Xanthylic acid",FALSE
"2392","HMDB0001554",7.55843680334338e-31,58647617,0.0467191054442922,0.0942574384696826,1.97512436174958e-30,-1.01259382492746,"Mast","Xanthylic acid",FALSE
"2393","HMDB0001554",1.50337323148841e-14,113079544.5,0.105508211010881,0.0876961315351148,1.95711860681037e-14,0.266770169971535,"Epi","Xanthylic acid",FALSE
"2394","HMDB0001554",0.000111647764415866,14540821.5,0.125895801828382,0.0896982275851234,0.00017607885313163,0.489078791934551,"Oligo","Xanthylic acid",FALSE
"2395","HMDB0001554",5.36280690295254e-40,95480674,0.0579560449472392,0.0957245235769249,1.04911741598744e-39,-0.723929429315872,"NK","Xanthylic acid",FALSE
"2396","HMDB0001554",1.06872236823967e-43,118273400.5,0.123328602896441,0.0846874548703233,2.0243524223799e-43,0.542287256885168,"Myeloid","Xanthylic acid",FALSE
"2397","HMDB0001554",4.92165189303601e-07,102383949,0.0807737713784025,0.0918721301223979,6.40709591893416e-07,-0.18574037768177,"T","Xanthylic acid",FALSE
"2398","HMDB0001554",0.844895921322396,17444762,0.083210420270242,0.0904184235982868,0.87419867003878,-0.119852559762125,"pDC","Xanthylic acid",FALSE
"2399","HMDB0001554",4.509663932527e-44,94902632.5,0.0509706660904037,0.0969038885704814,8.87065762552015e-44,-0.926887352768182,"B","Xanthylic acid",FALSE
"2400","HMDB0001554",0.652777372213861,41304354.5,0.0896918456856981,0.090299857211342,0.679343893176053,-0.00974687760821556,"Endo","Xanthylic acid",FALSE
"2401","HMDB0001564",7.02298452974305e-76,116550248,0.0286909607483751,0.00294796985415322,1.43670197808458e-75,3.28280260247853,"Epi","CDP-ethanolamine",FALSE
"2402","HMDB0001564",3.41515882562151e-05,68068856,0.0155731681205501,0.00585074044798125,4.66651473119275e-05,1.41237134481097,"Mast","CDP-ethanolamine",FALSE
"2403","HMDB0001564",0.0336937942710513,17047514.5,0.00160125360102813,0.00677365680400871,0.0528304780228516,-2.08073307767364,"pDC","CDP-ethanolamine",FALSE
"2404","HMDB0001564",0.0244823158924969,40783698.5,0.00157020713122081,0.00693876114584123,0.0339715856182709,-2.14372322306336,"Endo","CDP-ethanolamine",FALSE
"2405","HMDB0001564",0.000187700416475328,104600748,0.00363328565709319,0.00717854137049323,0.000228560371082202,-0.98241593012049,"Myeloid","CDP-ethanolamine",FALSE
"2406","HMDB0001564",0.00100011078545368,83751548,0.01136461738153,0.00610556920790584,0.00126070303236767,0.896351407338676,"Fibro","CDP-ethanolamine",FALSE
"2407","HMDB0001564",3.75438819130298e-13,14776765.5,0.0482425732041276,0.00600033832444889,8.50677830687638e-13,3.00719110763277,"Oligo","CDP-ethanolamine",FALSE
"2408","HMDB0001564",0.0126049127568501,105269283.5,0.00274152889256837,0.00732909966266355,0.0142802492625074,-1.41865530447027,"T","CDP-ethanolamine",FALSE
"2409","HMDB0001564",0.412098349380801,106171891.5,0.00513776558168444,0.00692453496755701,0.423940255972203,-0.430576120442588,"NK","CDP-ethanolamine",FALSE
"2410","HMDB0001564",2.86373552693941e-71,96992208.5,-0.0175357108726908,0.0107525742136106,7.07046426651247e-71,NA,"B","CDP-ethanolamine",FALSE
"2411","HMDB0001565",0.095377320869771,40780956.5,0.00482533632396614,0.0142351353029058,0.118435866369981,-1.5607547995019,"Endo","Phosphorylcholine",FALSE
"2412","HMDB0001565",0.488403725561061,66706060.5,0.0212882745249822,0.0130681672153026,0.512752298389619,0.704002199820416,"Mast","Phosphorylcholine",FALSE
"2413","HMDB0001565",7.70153257491788e-08,102692628.5,0.0147614982908207,0.0135883734036398,9.60678976244111e-08,0.119466393636155,"B","Phosphorylcholine",FALSE
"2414","HMDB0001565",8.67748672785689e-18,100345730,0.00241786194681939,0.0156723910203882,1.29980763538609e-17,-2.69642151969352,"NK","Phosphorylcholine",FALSE
"2415","HMDB0001565",3.12799739739659e-168,25687165.5,0.120994604472979,0.0114879723016014,2.79955767066995e-166,3.39674663371995,"pDC","Phosphorylcholine",FALSE
"2416","HMDB0001565",7.77178142877402e-107,90593599.5,-0.0196939259682925,0.0194055985022575,2.10780132689477e-106,NA,"Myeloid","Phosphorylcholine",FALSE
"2417","HMDB0001565",0.0147771698751457,108392847.5,0.0201496118471186,0.0126786800799359,0.0166884126665683,0.668347486769037,"T","Phosphorylcholine",FALSE
"2418","HMDB0001565",4.04881689437678e-30,16337831,0.0639634544466711,0.0129534657706358,1.49430561668751e-29,2.30390970541994,"Oligo","Phosphorylcholine",FALSE
"2419","HMDB0001565",7.11447684003116e-27,114445914,0.022107026190826,0.0123482032364938,1.00671253309532e-26,0.840203835418675,"Epi","Phosphorylcholine",FALSE
"2420","HMDB0001565",8.35424324382139e-20,88030029,0.0231582691764687,0.0126355899351007,1.47330989226013e-19,0.874034408982682,"Fibro","Phosphorylcholine",FALSE
"2421","HMDB0001846",0.475610872347364,65839434.5,-0.000419111097952003,0.0032863380219781,0.500790271471637,NA,"Mast","Tetrahydrofolic acid",FALSE
"2422","HMDB0001846",1.01395361949669e-35,116990180.5,0.0211511849952545,-9.3215470694949e-05,1.80594724268564e-35,NA,"B","Tetrahydrofolic acid",FALSE
"2423","HMDB0001846",0.00102495698631046,109345009.5,0.00981598853176934,0.00182054385118335,0.00118749061844384,2.43076407227693,"Epi","Tetrahydrofolic acid",FALSE
"2424","HMDB0001846",2.25595422469609e-44,118236145,0.0229553371861472,-0.000397816549690844,5.34855372477617e-44,NA,"T","Tetrahydrofolic acid",FALSE
"2425","HMDB0001846",9.31517925039783e-58,93290194.5,-0.0153327545359114,0.00606649068010125,1.91657136301289e-57,NA,"Myeloid","Tetrahydrofolic acid",FALSE
"2426","HMDB0001846",9.56979576404767e-05,18826469,0.0201875503354433,0.00261113006699494,0.00023148560023845,2.95071962816954,"pDC","Tetrahydrofolic acid",FALSE
"2427","HMDB0001846",2.50228530486611e-30,116132661,0.0189188405561051,0.000283678744930476,4.45680666239835e-30,6.0594218068855,"NK","Tetrahydrofolic acid",FALSE
"2428","HMDB0001846",4.32282101096413e-07,38916622.5,-0.0124598376942813,0.0038002408408567,8.01849700479356e-07,NA,"Endo","Tetrahydrofolic acid",FALSE
"2429","HMDB0001846",5.42034463684123e-83,7700765,-0.11143409718037,0.00480844733084929,4.73288629265649e-82,NA,"Oligo","Tetrahydrofolic acid",FALSE
"2430","HMDB0001846",7.56542144546428e-76,68735280.5,-0.0311819026667448,0.00705320274301092,2.55511403535492e-75,NA,"Fibro","Tetrahydrofolic acid",FALSE
"2431","HMDB0001852",2.18502969460336e-246,87861139.5,0.00571591773368555,0.122682127533696,2.69738148506208e-245,-4.42379612809154,"T","all-trans-Retinoic acid",TRUE
"2432","HMDB0001852",0,130087186,0.200647639814683,0.0897711496371918,0,1.16034041014979,"Myeloid","all-trans-Retinoic acid",TRUE
"2433","HMDB0001852",3.8522300324736e-22,11471236,0.0110527458804683,0.107304586408603,1.09452250129012e-21,-3.27923500693264,"Oligo","all-trans-Retinoic acid",TRUE
"2434","HMDB0001852",1.42280838109853e-09,43654087,0.134768092054239,0.104238203056893,2.99626706137221e-09,0.370594842890749,"Endo","all-trans-Retinoic acid",TRUE
"2435","HMDB0001852",9.89495034821178e-256,87505800,0.003999440536975,0.122971926148707,8.63998103575565e-255,-4.94238698089874,"B","all-trans-Retinoic acid",TRUE
"2436","HMDB0001852",6.29704286548667e-32,14845408.5,0.00529752560461201,0.107913852672248,7.5144711528141e-31,-4.34841760657448,"pDC","all-trans-Retinoic acid",TRUE
"2437","HMDB0001852",6.50296944283916e-161,78231914,0.244875049368179,0.0930487322325838,7.76021020178807e-160,1.39598738420295,"Mast","all-trans-Retinoic acid",TRUE
"2438","HMDB0001852",0,108735391.5,0.333116566425598,0.0786479078751002,0,2.08254680943913,"Fibro","all-trans-Retinoic acid",TRUE
"2439","HMDB0001852",1.03815444163439e-237,88197232,0.00880697277547927,0.122160254320495,1.42945880809658e-236,-3.79398495434367,"NK","all-trans-Retinoic acid",TRUE
"2440","HMDB0001852",1.1720735328234e-08,103423367.5,0.0757166841934364,0.110863662826664,1.45191115830719e-08,-0.550103440127698,"Epi","all-trans-Retinoic acid",TRUE
"2441","HMDB0001870",2.01274666434909e-122,90352405,0.0630552138467353,0.11036896091916,1.00078236921802e-121,-0.807646927066593,"NK","Benzoic acid",FALSE
"2442","HMDB0001870",0.113984692377213,17954138.5,0.100055095435575,0.10360832851625,0.165208582473856,-0.0503453379486852,"pDC","Benzoic acid",FALSE
"2443","HMDB0001870",0.576977996844209,41299926.5,0.0995769567694881,0.103746158309761,0.611118706716647,-0.0591740847381066,"Endo","Benzoic acid",FALSE
"2444","HMDB0001870",0,105525066.5,0.207363682173451,0.0911394390481062,0,1.18601584552073,"Fibro","Benzoic acid",FALSE
"2445","HMDB0001870",3.86289289271609e-113,90991606.5,0.0582862342595769,0.111174123773652,1.81962586262152e-112,-0.931593933498436,"T","Benzoic acid",FALSE
"2446","HMDB0001870",9.13952844012389e-25,113715026.5,0.0981023608242935,0.104451833284928,1.28311811041739e-24,-0.0904780537711552,"Epi","Benzoic acid",FALSE
"2447","HMDB0001870",7.4688176444628e-99,18557571,0.271405664045208,0.100845160733701,8.91278905572561e-98,1.42830897423309,"Oligo","Benzoic acid",FALSE
"2448","HMDB0001870",5.4981781719368e-51,58121544,0.0648692560991696,0.10707576429506,2.26246871902687e-50,-0.723025175427294,"Mast","Benzoic acid",FALSE
"2449","HMDB0001870",9.35347880510939e-143,89033109,0.0538892500200549,0.111916481403151,3.72060601358796e-142,-1.05435309682915,"B","Benzoic acid",FALSE
"2450","HMDB0001870",2.38172610259861e-219,128462368.5,0.1737012996591,0.0916882103177138,7.96876583860095e-219,0.921800405904344,"Myeloid","Benzoic acid",FALSE
"2451","HMDB0001903",0.0645389449629158,41357435.5,0.000105241114388301,0.00261001916223893,0.0834113440314941,-4.63229006344004,"Endo","Calcitriol",TRUE
"2452","HMDB0001903",0.895894872288874,17519865.5,0.00663585184635892,0.00239506207868192,0.91116580761198,1.47021862639112,"pDC","Calcitriol",TRUE
"2453","HMDB0001903",0.00877551790612182,107029931.5,0.000855098310721255,0.00275780344279172,0.00981761065747379,-1.68935743375296,"Epi","Calcitriol",TRUE
"2454","HMDB0001903",0.00101286516144858,106092327,-0.00010521258354116,0.00291993595912844,0.00115112929459871,NA,"NK","Calcitriol",TRUE
"2455","HMDB0001903",0.0368087295234459,66046023.5,0.000876212668942,0.00263011608711525,0.0432050005553889,-1.58577349858164,"Mast","Calcitriol",TRUE
"2456","HMDB0001903",0.00389192660454088,82596508,0.00594009697622146,0.00207024843725338,0.00470712744738391,1.52068257751622,"Fibro","Calcitriol",TRUE
"2457","HMDB0001903",0.0640024923142986,106320040.5,0.00146071046257951,0.00265555590744506,0.0707188032361694,-0.862343662804656,"T","Calcitriol",TRUE
"2458","HMDB0001903",7.65668813586904e-11,107646765.5,0.00914086393614643,0.00135888977988016,1.07073998150044e-10,2.74990208280821,"Myeloid","Calcitriol",TRUE
"2459","HMDB0001903",0.0015854711425004,106112699.5,9.22435016152042e-05,0.00288659878452834,0.00176822015269515,-4.96777950800305,"B","Calcitriol",TRUE
"2460","HMDB0001903",0.0813867522057541,13291165.5,-0.00126451202217251,0.0025430047694343,0.101168254477986,NA,"Oligo","Calcitriol",TRUE
"2461","HMDB0001958",7.34788787736117e-05,105344474.5,0.0588565477203675,0.048758963936907,8.85705003399091e-05,0.271535451351365,"NK","Pristanal",FALSE
"2462","HMDB0001958",0.457267756616552,13304830.5,0.0385351942686437,0.0504046864091687,0.516409643119008,-0.387381211409594,"Oligo","Pristanal",FALSE
"2463","HMDB0001958",5.31840673483599e-07,108219652,0.0416080061692186,0.0516710931874809,6.47615513969825e-07,-0.312496249731452,"Epi","Pristanal",FALSE
"2464","HMDB0001958",4.69769882981675e-06,105148149.5,0.0496916465196025,0.050306305014193,5.60592060358133e-06,-0.0177358819169591,"B","Pristanal",FALSE
"2465","HMDB0001958",0.00142667441783864,42177997.5,0.0661754280174839,0.049364807381988,0.00218268992130869,0.42281272308969,"Endo","Pristanal",FALSE
"2466","HMDB0001958",0.0161789037513632,105843954,0.057385114145753,0.0490073910134923,0.0181001485718376,0.227677201801537,"T","Pristanal",FALSE
"2467","HMDB0001958",7.45228319483354e-07,83585695,0.0516693965649343,0.0500441931639902,1.05451279990135e-06,0.0461073580929245,"Fibro","Pristanal",FALSE
"2468","HMDB0001958",0.149304408160905,17324317.5,0.0364031629126177,0.0505099251037255,0.209611678908251,-0.472503097166005,"pDC","Pristanal",FALSE
"2469","HMDB0001958",0.122640465488985,65917510.5,0.0578846018506701,0.0495153472594124,0.137634127413971,0.225303864124739,"Mast","Pristanal",FALSE
"2470","HMDB0001958",0.0965124945415032,107146181,0.035674815467258,0.0526728137179486,0.105019674911423,-0.562152561385278,"Myeloid","Pristanal",FALSE
"2471","HMDB0001967",2.84588361507216e-05,18968721,0.0539584689231352,0.0540840287959054,7.32968585752398e-05,-0.00335321176672253,"pDC","Carbon dioxide",FALSE
"2472","HMDB0001967",0.0077023988417233,84204372,0.024468602459055,0.0576166425617184,0.00919152928445647,-1.23555389093192,"Fibro","Carbon dioxide",FALSE
"2473","HMDB0001967",3.88712166692458e-64,50607914,0.0822986267953669,0.0525736368445138,3.39412087014391e-63,0.646528820043435,"Endo","Carbon dioxide",FALSE
"2474","HMDB0001967",1.17419012749859e-163,21689270,0.129965343741186,0.0528656649688962,2.47270626849702e-162,1.29772403438751,"Oligo","Carbon dioxide",FALSE
"2475","HMDB0001967",8.18433854850627e-12,70938341,0.0583132186661022,0.0536938668179249,1.37558366214331e-11,0.119065650416999,"Mast","Carbon dioxide",FALSE
"2476","HMDB0001967",2.82969796487842e-175,82365320,0.0486183620470077,0.0550037736730209,2.4708094425036e-174,-0.178029311996992,"T","Carbon dioxide",FALSE
"2477","HMDB0001967",9.97402154447479e-166,130184976,0.0706549046672764,0.0512832701072149,3.00058799405208e-165,0.462301452749918,"Myeloid","Carbon dioxide",FALSE
"2478","HMDB0001967",5.47119872913438e-37,95698217,0.0556698577806975,0.0538132459448949,1.02549169896864e-36,0.0489350666651277,"NK","Carbon dioxide",FALSE
"2479","HMDB0001967",2.29012512043039e-127,127239323,0.0510353778899165,0.0545957007635309,5.73332023156698e-127,-0.09728967323908,"Epi","Carbon dioxide",FALSE
"2480","HMDB0001967",0,72116308,0.0456595070447265,0.0555033271091649,0,-0.281658971597486,"B","Carbon dioxide",FALSE
"2481","HMDB0001993",9.00732179989909e-22,63291425.5,0.0230969181715013,0.0310212979795616,1.94254289419511e-21,-0.425558686986308,"Mast","7a-Hydroxy-cholestene-3-one",FALSE
"2482","HMDB0001993",3.37967787398775e-37,111697097,0.0354601002187363,0.0294947833454759,5.23776917267366e-37,0.265736801784084,"Epi","7a-Hydroxy-cholestene-3-one",FALSE
"2483","HMDB0001993",0.315012639284114,13531208,0.0385611427172901,0.0302249997153858,0.366151054752314,0.351405479001777,"Oligo","7a-Hydroxy-cholestene-3-one",FALSE
"2484","HMDB0001993",3.48380492419644e-11,16440567.5,0.00807291196191098,0.0308281199361982,1.45023507309573e-10,-1.9330858450851,"pDC","7a-Hydroxy-cholestene-3-one",FALSE
"2485","HMDB0001993",0.211520561069542,41229485.5,0.0336632783680062,0.0301797490381312,0.242706284816975,0.157594874270595,"Endo","7a-Hydroxy-cholestene-3-one",FALSE
"2486","HMDB0001993",8.96927998203377e-77,88689089.5,0.0609595948543609,0.0267030076166628,3.08750214766163e-76,1.19085106963651,"Fibro","7a-Hydroxy-cholestene-3-one",FALSE
"2487","HMDB0001993",4.02425587279631e-111,97679678.5,0.00267387880554206,0.0350301913166382,1.84703025956549e-110,-3.71159288602262,"T","7a-Hydroxy-cholestene-3-one",FALSE
"2488","HMDB0001993",0,127007814.5,0.0931898168997953,0.0197480812213734,0,2.23845983252456,"Myeloid","7a-Hydroxy-cholestene-3-one",FALSE
"2489","HMDB0001993",1.82631135546879e-119,97344522.5,0.00231990263435278,0.0350899543035012,8.49116188646526e-119,-3.91892190672719,"NK","7a-Hydroxy-cholestene-3-one",FALSE
"2490","HMDB0001993",1.07214827404192e-125,97101873.5,0.00090056704341035,0.0353295855023771,3.99821960528134e-125,-5.29389933028004,"B","7a-Hydroxy-cholestene-3-one",FALSE
"2491","HMDB0001999",3.23922472187383e-110,94484092,0.0194113970421895,0.05101483885216,1.36428523580098e-109,-1.39401299668436,"T","Eicosapentaenoic acid",TRUE
"2492","HMDB0001999",0,130108512.5,0.0982968350298069,0.0376963451855017,0,1.38272031018845,"Myeloid","Eicosapentaenoic acid",TRUE
"2493","HMDB0001999",1.40345114726733e-62,97534786.5,0.0315630147828318,0.0489632403816819,3.61464396202664e-62,-0.633464025738345,"NK","Eicosapentaenoic acid",TRUE
"2494","HMDB0001999",2.20685830486394e-210,89780967.5,0.00689250855014561,0.0531284448781678,1.46306532063202e-209,-2.94638342731625,"B","Eicosapentaenoic acid",TRUE
"2495","HMDB0001999",1.6267519420771e-39,15923997,0.107679344628042,0.0454688685920758,7.01659271401932e-39,1.24379052350187,"Oligo","Eicosapentaenoic acid",TRUE
"2496","HMDB0001999",5.17958889485993e-05,80261697,0.0315218921848649,0.0482319646168548,6.79228140791155e-05,-0.613635437147035,"Fibro","Eicosapentaenoic acid",TRUE
"2497","HMDB0001999",5.83400091475127e-13,39095106,0.0281269783804966,0.0474289310931372,1.41119751856821e-12,-0.753812779316271,"Endo","Eicosapentaenoic acid",TRUE
"2498","HMDB0001999",0.539515036381671,17646668.5,0.045293274991673,0.0464743273991044,0.629815105025332,-0.0371371266738404,"pDC","Eicosapentaenoic acid",TRUE
"2499","HMDB0001999",8.87380779531793e-272,81412976,0.141043413374305,0.0377867035390573,1.27072927628953e-270,1.90018872424382,"Mast","Eicosapentaenoic acid",TRUE
"2500","HMDB0001999",0.0344573985734798,107763959,0.0320803151693412,0.0488759028185366,0.0372681229284162,-0.607435036170164,"Epi","Eicosapentaenoic acid",TRUE
"2501","HMDB0002024",3.4951957777254e-144,50822609,0.0674509654287552,0.161285614934215,3.05190265469681e-143,-1.25770677245062,"Mast","Imidazoleacetic acid",FALSE
"2502","HMDB0002024",4.7477932140141e-222,131042659.5,0.21267934411251,0.143406833669194,2.02346425073458e-221,0.56856614892229,"Epi","Imidazoleacetic acid",FALSE
"2503","HMDB0002024",0,74090254,0.0529405273945527,0.170376075053283,0,-1.68627828812437,"NK","Imidazoleacetic acid",FALSE
"2504","HMDB0002024",0,73815036,0.049343705359135,0.17098333860814,0,-1.7929177883222,"T","Imidazoleacetic acid",FALSE
"2505","HMDB0002024",0,110210065,0.273983346525493,0.139019130497546,0,0.978804778156139,"Fibro","Imidazoleacetic acid",FALSE
"2506","HMDB0002024",0.567257738209087,17333390,0.126989492587131,0.153972273434456,0.648812365108157,-0.277961451006037,"pDC","Imidazoleacetic acid",FALSE
"2507","HMDB0002024",0.000690388299844777,14312690.5,0.170376167016284,0.15314120123805,0.000998069888645727,0.153861060061443,"Oligo","Imidazoleacetic acid",FALSE
"2508","HMDB0002024",3.63471345432381e-120,52713900,0.25837293640981,0.147804426532307,7.65427892145837e-119,0.805765484288672,"Endo","Imidazoleacetic acid",FALSE
"2509","HMDB0002024",0,155276089.5,0.326643131823153,0.124165944303899,0,1.39544577348284,"Myeloid","Imidazoleacetic acid",FALSE
"2510","HMDB0002024",0,74396068.5,0.0514481513864959,0.170628037911304,0,-1.72966358757696,"B","Imidazoleacetic acid",FALSE
"2511","HMDB0002054",3.53699538232226e-22,46477707.5,0.195718521875311,0.15415419227041,1.34706845411848e-21,0.344406167749701,"Endo","Tiglyl-CoA",FALSE
"2512","HMDB0002054",0.265880570063831,17143150.5,0.14617933031921,0.156475956378322,0.347391401762232,-0.0982016646478461,"pDC","Tiglyl-CoA",FALSE
"2513","HMDB0002054",5.45121035813103e-67,94595096,0.195337287198236,0.151597733607784,1.68235630018182e-66,0.365719180807552,"Fibro","Tiglyl-CoA",FALSE
"2514","HMDB0002054",8.91268947498246e-55,93882762.5,0.127837731186924,0.161061581796508,2.3121324869882e-54,-0.333298698151375,"T","Tiglyl-CoA",FALSE
"2515","HMDB0002054",3.38670912438098e-51,118907604.5,0.180991464651213,0.152087458300933,5.9433424829823e-51,0.251020475124532,"Epi","Tiglyl-CoA",FALSE
"2516","HMDB0002054",2.70980595118654e-55,93820777,0.127549700802665,0.161110210934488,5.74029899718805e-55,-0.336988418118823,"B","Tiglyl-CoA",FALSE
"2517","HMDB0002054",0.000195007059193939,63907676.5,0.15092857239643,0.156751026363343,0.000258564915523815,-0.0546089400811634,"Mast","Tiglyl-CoA",FALSE
"2518","HMDB0002054",1.34906093717641e-82,122338969.5,0.188608507126599,0.150801447415337,3.17739352308655e-82,0.322744473900082,"Myeloid","Tiglyl-CoA",FALSE
"2519","HMDB0002054",7.22887221169269e-122,87439491.5,0.11253975753874,0.163644390111244,3.49721115106214e-121,-0.540129385944682,"NK","Tiglyl-CoA",FALSE
"2520","HMDB0002054",3.08044071935311e-13,15499526.5,0.207786758905536,0.155437041164364,7.06921652261805e-13,0.418773378492984,"Oligo","Tiglyl-CoA",FALSE
"2521","HMDB0002064",3.01785908083591e-266,76827675,0.658004563305566,1.00278669174457,6.00218639410698e-265,-0.607845260718285,"NK","N-Acetylputrescine",FALSE
"2522","HMDB0002064",6.51506459340879e-33,35167062.5,0.741404232530445,0.96429007920444,3.58829711452361e-32,-0.379206854214556,"Endo","N-Acetylputrescine",FALSE
"2523","HMDB0002064",4.50031905626332e-190,131740872,1.19176518271126,0.912670092148808,1.61111422214227e-189,0.384934644317999,"Epi","N-Acetylputrescine",FALSE
"2524","HMDB0002064",3.91326423033279e-34,9700660.5,0.629285516777998,0.958170359747629,1.52277021136863e-33,-0.606567446344404,"Oligo","N-Acetylputrescine",FALSE
"2525","HMDB0002064",0.02126232308246,83922261.5,0.962767959758877,0.951816286766198,0.0244756002042466,0.0165049897094046,"Fibro","N-Acetylputrescine",FALSE
"2526","HMDB0002064",6.66808606658925e-08,15641497,0.844653740401001,0.955277281032688,2.15060793859365e-07,-0.177559513647231,"pDC","N-Acetylputrescine",FALSE
"2527","HMDB0002064",3.66676789595486e-288,75616390,0.657289161124093,1.00290747549967,5.96683139432654e-287,-0.60958841450271,"T","N-Acetylputrescine",FALSE
"2528","HMDB0002064",0,178567984.5,1.69295056972592,0.828053278538365,0,1.03174434886838,"Myeloid","N-Acetylputrescine",FALSE
"2529","HMDB0002064",2.03185236012365e-113,87274665.5,0.769961279076655,0.983884663081546,6.61275586294787e-113,-0.35370330872432,"B","N-Acetylputrescine",FALSE
"2530","HMDB0002064",1.21446477407811e-23,59553693.5,0.803043509825716,0.966716269395561,2.71736493199978e-23,-0.267614365014505,"Mast","N-Acetylputrescine",FALSE
"2531","HMDB0002103",3.5779494628152e-128,94318604,0.0136158385897236,0.106526018335068,1.91179986222066e-127,-2.96784809823729,"NK","27-Hydroxycholesterol",TRUE
"2532","HMDB0002103",4.58818669313456e-136,17880633.5,0.414543789906119,0.0879556414338842,7.14161233105293e-135,2.23667648780927,"Oligo","27-Hydroxycholesterol",TRUE
"2533","HMDB0002103",0.757890369680632,41442331.5,0.0849062258268998,0.0935436396062164,0.777434820474688,-0.139769217791852,"Endo","27-Hydroxycholesterol",TRUE
"2534","HMDB0002103",4.03081103059883e-17,102319698,0.0455064337108362,0.101141821961421,5.40460804851828e-17,-1.15223723899034,"Epi","27-Hydroxycholesterol",TRUE
"2535","HMDB0002103",6.31379034834634e-16,15839104.5,0.0116571149280482,0.0948295079572472,3.42475294652726e-15,-3.02412527664437,"pDC","27-Hydroxycholesterol",TRUE
"2536","HMDB0002103",6.65903608063847e-112,57257438,-0.00399161950698572,0.101997936170915,5.18246721058385e-111,NA,"Mast","27-Hydroxycholesterol",TRUE
"2537","HMDB0002103",3.3973910748304e-92,91322685,0.156733331685218,0.0855095400389264,1.39800690205665e-91,0.874154731917292,"Fibro","27-Hydroxycholesterol",TRUE
"2538","HMDB0002103",1.38719255609433e-142,93635383,0.00590043842431559,0.107828635280097,8.27691558469615e-142,-4.19177438894376,"T","27-Hydroxycholesterol",TRUE
"2539","HMDB0002103",1.33039681299868e-148,93360463,0.00443487893844411,0.108076070614535,5.47450642590261e-148,-4.60700859463945,"B","27-Hydroxycholesterol",TRUE
"2540","HMDB0002103",0,146636421.5,0.384965481934595,0.0438298097676409,0,3.13474476951747,"Myeloid","27-Hydroxycholesterol",TRUE
"2541","HMDB0002104",0.0212912103643438,40680894.5,0.124519726924379,0.146668337338063,0.0298911894526866,-0.236183138541509,"Endo","L-Glutamic gamma-semialdehyde",FALSE
"2542","HMDB0002104",2.19393269019673e-38,16134945.5,0.410330487219028,0.141302639363021,9.02790693207392e-38,1.53799793554401,"Oligo","L-Glutamic gamma-semialdehyde",FALSE
"2543","HMDB0002104",6.87006031155820e-09,16107068,0.0599913995687435,0.147355745978763,2.41125646229199e-08,-1.2964757235471,"pDC","L-Glutamic gamma-semialdehyde",FALSE
"2544","HMDB0002104",3.02628484889174e-17,101563031,0.134399877811042,0.147426501416528,4.47690072687291e-17,-0.133464060387465,"NK","L-Glutamic gamma-semialdehyde",FALSE
"2545","HMDB0002104",3.5962303884784e-24,112679561.5,0.174110666902591,0.140721995407487,5.00953493803606e-24,0.30715674734109,"Epi","L-Glutamic gamma-semialdehyde",FALSE
"2546","HMDB0002104",4.58618996534232e-07,109629950,0.131631450386588,0.147893904324591,6.01412456993608e-07,-0.168058360837568,"Myeloid","L-Glutamic gamma-semialdehyde",FALSE
"2547","HMDB0002104",8.80147866153859e-11,63248119,0.119173921547262,0.147959981016336,1.41297280754745e-10,-0.312138450533799,"Mast","L-Glutamic gamma-semialdehyde",FALSE
"2548","HMDB0002104",3.31716241743319e-41,98573351.5,0.088663096018323,0.155148396029515,7.66157513187794e-41,-0.807243136103201,"T","L-Glutamic gamma-semialdehyde",FALSE
"2549","HMDB0002104",1.76914174801226e-66,96313253,0.0589544988742816,0.160164198349968,4.11268016745706e-66,-1.44187788088049,"B","L-Glutamic gamma-semialdehyde",FALSE
"2550","HMDB0002104",6.2333905587915e-227,99082588,0.343336679203353,0.121932219072329,5.31322338106514e-226,1.49354460038038,"Fibro","L-Glutamic gamma-semialdehyde",FALSE
"2551","HMDB0002111",1.54396940097059e-51,17987477,0.0737790914519559,0.0515920248689225,8.91517815399148e-51,0.516063953082624,"Oligo","Water",FALSE
"2552","HMDB0002111",0,154164493,0.0759058729940392,0.0478959654356732,0,0.664307380025118,"Myeloid","Water",FALSE
"2553","HMDB0002111",1.40262807591578e-83,79430749,0.0607439664593294,0.0511357668122468,7.60819471481589e-83,0.248408382217505,"Mast","Water",FALSE
"2554","HMDB0002111",0,57673428,0.0253572414709114,0.0564302608135438,0,-1.154071209484,"T","Water",FALSE
"2555","HMDB0002111",0,47627914,0.0197268851975196,0.0573808527894668,0,-1.54040623166679,"NK","Water",FALSE
"2556","HMDB0002111",0.364905530278573,41054661,0.0488115742967491,0.052109154486925,0.406966292335604,-0.0943135630217042,"Endo","Water",FALSE
"2557","HMDB0002111",0,53081403,0.0231358516613817,0.0568053055222269,0,-1.29589547397146,"B","Water",FALSE
"2558","HMDB0002111",0,164456608,0.0860658269122066,0.0461806262632661,0,0.898152780458107,"Epi","Water",FALSE
"2559","HMDB0002111",0,127776992,0.0882871239231898,0.0476029454197871,0,0.891152203278828,"Fibro","Water",FALSE
"2560","HMDB0002111",8.83918203190376e-84,10759037,0.0260580884623253,0.0524897618666845,3.95553395927693e-82,-1.01030479609302,"pDC","Water",FALSE
"2561","HMDB0002158",2.92259395361491e-136,120034113.5,0.214821767346408,0.140897573332161,7.69329878966278e-136,0.608493420931907,"Epi","Coproporphyrinogen I",FALSE
"2562","HMDB0002158",1.74038781809908e-43,60417123.5,0.0920323336191521,0.157028772567052,5.76906332295805e-43,-0.770816214238723,"Mast","Coproporphyrinogen I",FALSE
"2563","HMDB0002158",1.44881847339586e-82,96216807,0.101459202657747,0.16003695619366,4.84744872407214e-82,-0.65750536701771,"NK","Coproporphyrinogen I",FALSE
"2564","HMDB0002158",2.87895823490051e-123,93392936,0.2592717225071,0.138718735433069,1.53830902700654e-122,0.902302215059229,"Fibro","Coproporphyrinogen I",FALSE
"2565","HMDB0002158",1.39647117612535e-08,43453583,0.226154824517693,0.147590483373437,2.77742600584932e-08,0.615711073538112,"Endo","Coproporphyrinogen I",FALSE
"2566","HMDB0002158",6.48621741539927e-99,95211590.5,0.0809586024409629,0.163498141440458,2.00178089199391e-98,-1.01401794539218,"B","Coproporphyrinogen I",FALSE
"2567","HMDB0002158",6.81833756223992e-72,96928818,0.0908281983784657,0.161831824381957,2.1411972344578e-71,-0.833283174032158,"T","Coproporphyrinogen I",FALSE
"2568","HMDB0002158",0.720572413228144,17433144.5,0.149005547708033,0.151630031432509,0.779350223370621,-0.0251894726081154,"pDC","Coproporphyrinogen I",FALSE
"2569","HMDB0002158",3.15527686840702e-14,14842397,0.295116987692183,0.149275907790974,7.63235891141699e-14,0.983305626198052,"Oligo","Coproporphyrinogen I",FALSE
"2570","HMDB0002158",8.62681047513617e-69,116082249,0.183388651345384,0.14620453196816,1.89472279147163e-68,0.326916331426667,"Myeloid","Coproporphyrinogen I",FALSE
"2571","HMDB0002159",4.72818515933671e-43,17242643.5,0.335407232164857,0.182553928448455,2.28741930681424e-42,0.877591082100633,"Oligo","3a,7a-Dihydroxy-5b-cholestanoyl-CoA",FALSE
"2572","HMDB0002159",1.59723192165094e-32,90436626,0.215991279003809,0.181260176453576,3.32447109273858e-32,0.252911068087545,"Fibro","3a,7a-Dihydroxy-5b-cholestanoyl-CoA",FALSE
"2573","HMDB0002159",1.57075568133216e-30,59147396,0.148208341957196,0.188330431821547,4.01664667083509e-30,-0.345639487591803,"Mast","3a,7a-Dihydroxy-5b-cholestanoyl-CoA",FALSE
"2574","HMDB0002159",0.427758042562178,17765519.5,0.182811898643062,0.18500978314759,0.524443079579657,-0.0172415872808147,"pDC","3a,7a-Dihydroxy-5b-cholestanoyl-CoA",FALSE
"2575","HMDB0002159",1.92322480537912e-216,81790641.5,0.103750069311324,0.198675884347972,1.43440516734526e-215,-0.93730446591331,"B","3a,7a-Dihydroxy-5b-cholestanoyl-CoA",FALSE
"2576","HMDB0002159",2.10590280429987e-64,120008995,0.218378165871572,0.179322837486542,4.14238024142503e-64,0.284269385391179,"Epi","3a,7a-Dihydroxy-5b-cholestanoyl-CoA",FALSE
"2577","HMDB0002159",1.4614608924984e-77,91877125.5,0.139703837999894,0.192605688722686,4.93587735390969e-77,-0.463278659071255,"T","3a,7a-Dihydroxy-5b-cholestanoyl-CoA",FALSE
"2578","HMDB0002159",2.08292170705532e-249,133278172,0.268696734423589,0.170827384413435,7.45685971125803e-249,0.653439523690003,"Myeloid","3a,7a-Dihydroxy-5b-cholestanoyl-CoA",FALSE
"2579","HMDB0002159",1.73167627744926e-24,98540388,0.16791067960834,0.187843432837417,2.83077674578464e-24,-0.161836686242999,"NK","3a,7a-Dihydroxy-5b-cholestanoyl-CoA",FALSE
"2580","HMDB0002159",1.34651550688829e-06,43925255,0.209761201248458,0.183639196134911,2.38639876963369e-06,0.191873830738561,"Endo","3a,7a-Dihydroxy-5b-cholestanoyl-CoA",FALSE
"2581","HMDB0002178",1.02892957507311e-13,14199329.5,0.104537590152166,0.0401233790636321,2.42339992023799e-13,1.38150679175848,"Oligo","3a,7a,12a-Trihydroxy-5b-cholestanoyl-CoA",FALSE
"2582","HMDB0002178",0.595360416672098,17445286.5,0.0395684963728655,0.0411723517572855,0.674490598634845,-0.0573236144368818,"pDC","3a,7a,12a-Trihydroxy-5b-cholestanoyl-CoA",FALSE
"2583","HMDB0002178",4.72694493435605e-15,84308603,0.0506216667508265,0.0400070670502851,7.65722301583469e-15,0.339500142443469,"Fibro","3a,7a,12a-Trihydroxy-5b-cholestanoyl-CoA",FALSE
"2584","HMDB0002178",7.51566375540965e-06,65221682,0.0391844984053276,0.0413181155458328,1.04287117226227e-05,-0.0764914272342353,"Mast","3a,7a,12a-Trihydroxy-5b-cholestanoyl-CoA",FALSE
"2585","HMDB0002178",2.1055361823386e-17,104004939.5,0.0311122543872537,0.042831974266549,3.01512781310888e-17,-0.461205241288508,"B","3a,7a,12a-Trihydroxy-5b-cholestanoyl-CoA",FALSE
"2586","HMDB0002178",2.8719487494691e-05,105328072.5,0.043006161991932,0.0408238858646111,3.5824308442855e-05,0.075129872931655,"T","3a,7a,12a-Trihydroxy-5b-cholestanoyl-CoA",FALSE
"2587","HMDB0002178",3.43892155721471e-55,111423959.5,0.0552952502204201,0.0387490777895667,6.24941074864398e-55,0.512993585118979,"Epi","3a,7a,12a-Trihydroxy-5b-cholestanoyl-CoA",FALSE
"2588","HMDB0002178",1.14035708526677e-20,103748483.5,0.0323313517535052,0.0426261499602428,1.79056068651537e-20,-0.398804928518549,"NK","3a,7a,12a-Trihydroxy-5b-cholestanoyl-CoA",FALSE
"2589","HMDB0002178",0.302530664304331,106930925,0.0316588439530244,0.0427396917128143,0.315760868282654,-0.432967926359838,"Myeloid","3a,7a,12a-Trihydroxy-5b-cholestanoyl-CoA",FALSE
"2590","HMDB0002178",0.468554197819642,41401481,0.0403704301831492,0.0411801813652265,0.509855327718637,-0.028651223772944,"Endo","3a,7a,12a-Trihydroxy-5b-cholestanoyl-CoA",FALSE
"2591","HMDB0002183",1.6267519420771e-39,15923997,0.107679344628042,0.0454688685920758,7.01659271401932e-39,1.24379052350187,"Oligo","Docosahexaenoic acid",TRUE
"2592","HMDB0002183",5.17958889485993e-05,80261697,0.0315218921848649,0.0482319646168548,6.79228140791155e-05,-0.613635437147035,"Fibro","Docosahexaenoic acid",TRUE
"2593","HMDB0002183",3.23922472187383e-110,94484092,0.0194113970421895,0.05101483885216,1.36428523580098e-109,-1.39401299668436,"T","Docosahexaenoic acid",TRUE
"2594","HMDB0002183",0,130108512.5,0.0982968350298069,0.0376963451855017,0,1.38272031018845,"Myeloid","Docosahexaenoic acid",TRUE
"2595","HMDB0002183",8.87380779531793e-272,81412976,0.141043413374305,0.0377867035390573,1.27072927628953e-270,1.90018872424382,"Mast","Docosahexaenoic acid",TRUE
"2596","HMDB0002183",0.539515036381671,17646668.5,0.045293274991673,0.0464743273991044,0.629815105025332,-0.0371371266738404,"pDC","Docosahexaenoic acid",TRUE
"2597","HMDB0002183",0.0344573985734798,107763959,0.0320803151693412,0.0488759028185366,0.0372681229284162,-0.607435036170164,"Epi","Docosahexaenoic acid",TRUE
"2598","HMDB0002183",1.40345114726733e-62,97534786.5,0.0315630147828318,0.0489632403816819,3.61464396202664e-62,-0.633464025738345,"NK","Docosahexaenoic acid",TRUE
"2599","HMDB0002183",2.20685830486394e-210,89780967.5,0.00689250855014561,0.0531284448781678,1.46306532063202e-209,-2.94638342731625,"B","Docosahexaenoic acid",TRUE
"2600","HMDB0002183",5.83400091475127e-13,39095106,0.0281269783804966,0.0474289310931372,1.41119751856821e-12,-0.753812779316271,"Endo","Docosahexaenoic acid",TRUE
"2601","HMDB0002197",0.756429542759253,82199481,6.4234371920884e-05,9.47116467577824e-05,0.760679146932057,-0.56019635330593,"Fibro","7a,12a-Dihydroxy-cholestene-3-one",FALSE
"2602","HMDB0002197",0.287665917006736,106634538,0.000162361811767776,7.94908882010989e-05,0.300246059149888,1.03035094078657,"Epi","7a,12a-Dihydroxy-cholestene-3-one",FALSE
"2603","HMDB0002197",0.700319694321432,17508435,0,9.33972037145637e-05,0.75974075929416,-Inf,"pDC","7a,12a-Dihydroxy-cholestene-3-one",FALSE
"2604","HMDB0002197",0.0069423718252433,13407662,0.00162080626624212,6.69591260697286e-05,0.0092737653486459,4.59728714828719,"Oligo","7a,12a-Dihydroxy-cholestene-3-one",FALSE
"2605","HMDB0002197",0.287665917006736,106634538,0.000156884565686467,8.04156300686167e-05,0.302007033103847,0.964155582145144,"T","7a,12a-Dihydroxy-cholestene-3-one",FALSE
"2606","HMDB0002197",0.276959783296713,106593000,0,0.000106902978656573,0.289071727172663,-Inf,"NK","7a,12a-Dihydroxy-cholestene-3-one",FALSE
"2607","HMDB0002197",0.276959783296713,106593000,0,0.000106902978656573,0.290767162522649,-Inf,"Myeloid","7a,12a-Dihydroxy-cholestene-3-one",FALSE
"2608","HMDB0002197",0.573664702569025,66315924,0.000154219058471662,8.57137318141425e-05,0.594412735873178,0.847382809580597,"Mast","7a,12a-Dihydroxy-cholestene-3-one",FALSE
"2609","HMDB0002197",0.276959783296713,106593000,0,0.000106902978656573,0.284918397759262,-Inf,"B","7a,12a-Dihydroxy-cholestene-3-one",FALSE
"2610","HMDB0002197",0.540805386982072,41533184,0,9.6348508926918e-05,0.581406392010757,-Inf,"Endo","7a,12a-Dihydroxy-cholestene-3-one",FALSE
"2611","HMDB0002212",0.539515036381671,17646668.5,0.045293274991673,0.0464743273991044,0.629815105025332,-0.0371371266738404,"pDC","Arachidic acid",FALSE
"2612","HMDB0002212",8.87380779531793e-272,81412976,0.141043413374305,0.0377867035390573,1.27072927628953e-270,1.90018872424382,"Mast","Arachidic acid",FALSE
"2613","HMDB0002212",1.6267519420771e-39,15923997,0.107679344628042,0.0454688685920758,7.01659271401932e-39,1.24379052350187,"Oligo","Arachidic acid",FALSE
"2614","HMDB0002212",5.83400091475127e-13,39095106,0.0281269783804966,0.0474289310931372,1.41119751856821e-12,-0.753812779316271,"Endo","Arachidic acid",FALSE
"2615","HMDB0002212",5.17958889485993e-05,80261697,0.0315218921848649,0.0482319646168548,6.79228140791155e-05,-0.613635437147035,"Fibro","Arachidic acid",FALSE
"2616","HMDB0002212",0.0344573985734798,107763959,0.0320803151693412,0.0488759028185366,0.0372681229284162,-0.607435036170164,"Epi","Arachidic acid",FALSE
"2617","HMDB0002212",1.40345114726733e-62,97534786.5,0.0315630147828318,0.0489632403816819,3.61464396202664e-62,-0.633464025738345,"NK","Arachidic acid",FALSE
"2618","HMDB0002212",0,130108512.5,0.0982968350298069,0.0376963451855017,0,1.38272031018845,"Myeloid","Arachidic acid",FALSE
"2619","HMDB0002212",3.23922472187383e-110,94484092,0.0194113970421895,0.05101483885216,1.36428523580098e-109,-1.39401299668436,"T","Arachidic acid",FALSE
"2620","HMDB0002212",2.20685830486394e-210,89780967.5,0.00689250855014561,0.0531284448781678,1.46306532063202e-209,-2.94638342731625,"B","Arachidic acid",FALSE
"2621","HMDB0002275",1.48223284514984e-33,103316069,0.00365519883476219,0.0139692470217339,2.57591921632836e-33,-1.93423246502168,"B","7,8-Dihydroneopterin",FALSE
"2622","HMDB0002275",2.74782054937268e-06,12935250,0.000599938953773669,0.0126697486400761,4.64018753148783e-06,-4.40042838425932,"Oligo","7,8-Dihydroneopterin",FALSE
"2623","HMDB0002275",2.44948460060498e-28,63928863,0.00106920058054886,0.0135244035856237,5.96541147630329e-28,-3.66096054271127,"Mast","7,8-Dihydroneopterin",FALSE
"2624","HMDB0002275",5.07269001056615e-08,16908184,0.000463707143770507,0.0127337572047144,1.65093002162062e-07,-4.77930039869463,"pDC","7,8-Dihydroneopterin",FALSE
"2625","HMDB0002275",5.93260840420969e-06,81107915,0.00690281353509202,0.0131451662635145,8.13744754293896e-06,-0.929275971090083,"Fibro","7,8-Dihydroneopterin",FALSE
"2626","HMDB0002275",4.45941876550181e-38,103089715.5,0.00207179862282034,0.0142365778020719,9.8547649262324e-38,-2.78064670585683,"T","7,8-Dihydroneopterin",FALSE
"2627","HMDB0002275",2.59124075592965e-51,102497380.5,0.000953160847253844,0.0144254411779906,5.6911913535142e-51,-3.91975194020767,"NK","7,8-Dihydroneopterin",FALSE
"2628","HMDB0002275",0.0821138985034407,41244093,0.0110013318045234,0.0125584055072106,0.103875532382444,-0.190975117583718,"Endo","7,8-Dihydroneopterin",FALSE
"2629","HMDB0002275",0,126104139.5,0.0685928804462843,0.0030055999490474,0,4.51233393882142,"Epi","7,8-Dihydroneopterin",FALSE
"2630","HMDB0002275",1.66201750174937e-42,102881152.5,0.00140906919981981,0.0143484686383036,3.11519510799096e-42,-3.34808240164373,"Myeloid","7,8-Dihydroneopterin",FALSE
"2631","HMDB0002307",1.38646310799191e-20,46227790.5,0.260739377084947,0.203439279552891,5.06483461899085e-20,0.358010218292875,"Endo","Acrylyl-CoA",FALSE
"2632","HMDB0002307",1.69614248808333e-11,15314614.5,0.272378434742247,0.205287875762832,3.61439887341567e-11,0.407964059257561,"Oligo","Acrylyl-CoA",FALSE
"2633","HMDB0002307",0.892725618291105,17555572,0.201396593867571,0.206450564993683,0.910529263100329,-0.0357570828646052,"pDC","Acrylyl-CoA",FALSE
"2634","HMDB0002307",1.30310668809623e-117,88001267.5,0.147771411776318,0.216235118152685,5.90521764985381e-117,-0.54923365712751,"NK","Acrylyl-CoA",FALSE
"2635","HMDB0002307",6.09473151775487e-29,115627079,0.228073069857434,0.202677519287057,8.90577095247446e-29,0.170310031945122,"Epi","Acrylyl-CoA",FALSE
"2636","HMDB0002307",1.24147320930627e-75,121470978.5,0.246932808263923,0.199493366255402,2.84902185212593e-75,0.307777756816109,"Myeloid","Acrylyl-CoA",FALSE
"2637","HMDB0002307",0.000501298368129976,64091702.5,0.200323521940329,0.206897343852153,0.000654981079527487,-0.0465832919939689,"Mast","Acrylyl-CoA",FALSE
"2638","HMDB0002307",1.9403450844498e-52,94311185,0.168604929889836,0.212717725258287,4.96173957309305e-52,-0.335293534340665,"T","Acrylyl-CoA",FALSE
"2639","HMDB0002307",6.75289749527181e-34,96815953.5,0.178554550297959,0.211037897399411,1.1792864894182e-33,-0.241137195853425,"B","Acrylyl-CoA",FALSE
"2640","HMDB0002307",1.52284880626725e-68,94596619,0.260102888374498,0.199928217744664,4.74069454472762e-68,0.379600312583956,"Fibro","Acrylyl-CoA",FALSE
"2641","HMDB0002369",1.78205407004417e-34,14765616.5,0.00529752560461201,0.108776072525353,2.19991502439936e-33,-4.35989877599281,"pDC","9-cis-Retinoic acid",TRUE
"2642","HMDB0002369",0,108831357,0.334119646301941,0.0794733059863579,0,2.07182255089315,"Fibro","9-cis-Retinoic acid",TRUE
"2643","HMDB0002369",2.31390278013387e-22,11481961.5,0.0122950885249645,0.108142557754458,6.68046125232197e-22,-3.136780356588,"Oligo","9-cis-Retinoic acid",TRUE
"2644","HMDB0002369",0,129860741.5,0.200958916457504,0.0907054975776449,0,1.14763869160275,"Myeloid","9-cis-Retinoic acid",TRUE
"2645","HMDB0002369",0.0208083986574956,105335099,0.0798579064370238,0.111151388177084,0.0230631786977815,-0.477018810651983,"Epi","9-cis-Retinoic acid",TRUE
"2646","HMDB0002369",3.98616749153259e-260,87551170,0.00604153554671892,0.123614054206175,5.28536282210617e-259,-4.35478368975778,"T","9-cis-Retinoic acid",TRUE
"2647","HMDB0002369",1.56597806598972e-08,43493332,0.134768092054239,0.105127668628771,3.08033048145232e-08,0.358336538520991,"Endo","9-cis-Retinoic acid",TRUE
"2648","HMDB0002369",3.66192832594534e-158,77999291.5,0.244929842604542,0.0939653895930029,4.09678231465135e-157,1.38216719484679,"Mast","9-cis-Retinoic acid",TRUE
"2649","HMDB0002369",3.28893730348027e-257,87659229.5,0.00883410818785963,0.123142574780016,5.88719777322969e-256,-3.80110132836485,"NK","9-cis-Retinoic acid",TRUE
"2650","HMDB0002369",2.7534261918213e-274,87034963.5,0.00413155246709952,0.123936523069862,2.73812937964451e-273,-4.90677360138036,"B","9-cis-Retinoic acid",TRUE
"2651","HMDB0002666",2.7307505867318e-09,16240883.5,0.0736704688588279,0.140543201163869,1.00784403097937e-08,-0.931855334961677,"pDC","Thiamine monophosphate",FALSE
"2652","HMDB0002666",3.54445864163846e-16,44223433.5,0.231774635728047,0.134208032004036,1.06631612916518e-15,0.788251677866021,"Endo","Thiamine monophosphate",FALSE
"2653","HMDB0002666",4.35898475683432e-115,94593549.5,0.0703016905472848,0.150782146551478,1.92656363326752e-114,-1.10083432819909,"NK","Thiamine monophosphate",FALSE
"2654","HMDB0002666",5.84520103730739e-41,60735448.5,0.0879934428715919,0.143842769795355,1.83559822048776e-40,-0.709024780779381,"Mast","Thiamine monophosphate",FALSE
"2655","HMDB0002666",6.16163360490028e-243,124161085,0.235671755308435,0.122862162630973,3.15123547222043e-242,0.939738182339175,"Epi","Thiamine monophosphate",FALSE
"2656","HMDB0002666",2.76875304994821e-115,92757828.5,0.240322227234379,0.127079837252933,1.3766855442798e-114,0.91923494094004,"Fibro","Thiamine monophosphate",FALSE
"2657","HMDB0002666",1.34721039181297e-46,114170182.5,0.155849200588023,0.136338872865721,2.59428979672193e-46,0.192953793605828,"Myeloid","Thiamine monophosphate",FALSE
"2658","HMDB0002666",3.93196845868891e-110,94859764,0.0642497139140701,0.151803922110015,1.26814838577534e-109,-1.24044713017361,"B","Thiamine monophosphate",FALSE
"2659","HMDB0002666",1.13629885222146e-27,15425717,0.334016522727036,0.136035155077757,3.76662026940077e-27,1.29593993979586,"Oligo","Thiamine monophosphate",FALSE
"2660","HMDB0002666",1.14890526608719e-76,96844870,0.0803378394458021,0.149087709796706,3.77346867210288e-76,-0.892009764324196,"T","Thiamine monophosphate",FALSE
"2661","HMDB0002704",1.3090004884881e-87,87114991,0.0739106256908231,0.0256474331449612,5.03894811697572e-87,1.52696734219607,"Fibro","Iduronic acid",FALSE
"2662","HMDB0002704",1.01868106617238e-21,64174501.5,0.0106511073823523,0.0326394741998283,2.18375941131564e-21,-1.61561438318782,"Mast","Iduronic acid",FALSE
"2663","HMDB0002704",3.15331282588985e-28,109725889.5,0.0412460950565549,0.0290301212959153,5.27516818536714e-28,0.50670693978309,"Myeloid","Iduronic acid",FALSE
"2664","HMDB0002704",0.0649059094766887,41215106,0.0250776654140114,0.031100159263682,0.0835838690383257,-0.310518920600181,"Endo","Iduronic acid",FALSE
"2665","HMDB0002704",5.13162246422593e-28,103514519,0.0200354448720228,0.0326111866655813,8.87497991397528e-28,-0.702812395173306,"NK","Iduronic acid",FALSE
"2666","HMDB0002704",0.819692416683116,17537542,0.0397779566003734,0.0306045234486477,0.86308789756634,0.378224262890628,"pDC","Iduronic acid",FALSE
"2667","HMDB0002704",8.14978507449806e-44,110535018.5,0.0419905434172318,0.0289044335767397,1.33835920030748e-43,0.538773657833459,"Epi","Iduronic acid",FALSE
"2668","HMDB0002704",7.20897900065911e-43,102737358,0.00788688311356998,0.0346622691843139,1.39503485526268e-42,-2.13583893771421,"B","Iduronic acid",FALSE
"2669","HMDB0002704",1.85816082516697e-15,104368356,0.0249667787410815,0.0317786129919263,2.84282724534091e-15,-0.348046464099022,"T","Iduronic acid",FALSE
"2670","HMDB0002704",0.00275228973041907,13089480.5,0.0164334458820042,0.0310247563510714,0.00381906869569777,-0.916784853797366,"Oligo","Iduronic acid",FALSE
"2671","HMDB0002719",2.87804894368691e-29,15181856.5,0.301469070679337,0.106519042742057,1.02014012063358e-28,1.50089862732711,"Oligo","Desmosterol",FALSE
"2672","HMDB0002719",1.55826923183923e-28,38425169.5,0.0322168325145634,0.113727762410548,7.06152386073982e-28,-1.8196979140048,"Endo","Desmosterol",FALSE
"2673","HMDB0002719",3.60336467496636e-24,78183251.5,0.0490426599797133,0.11682174415243,6.82542091871934e-24,-1.25219969426413,"Fibro","Desmosterol",FALSE
"2674","HMDB0002719",0.0024886158199625,107976403,0.0823081782594033,0.114199763525299,0.00291151785472737,-0.472451972155985,"Myeloid","Desmosterol",FALSE
"2675","HMDB0002719",1.46401155171068e-151,94802704,0.00949644183225292,0.126492813740924,6.31465223508942e-151,-3.73552455571714,"B","Desmosterol",FALSE
"2676","HMDB0002719",0,151102187.5,0.527212630452519,0.0390850493275754,0,3.75369616980909,"Epi","Desmosterol",FALSE
"2677","HMDB0002719",2.05112116635374e-57,60634357.5,0.030532226381671,0.116833770183123,9.29495414626123e-57,-1.93605263938504,"Mast","Desmosterol",FALSE
"2678","HMDB0002719",8.81313540297783e-120,96132425.5,0.0185511177451776,0.124964082369504,4.26365199225144e-119,-2.75193546972837,"T","Desmosterol",FALSE
"2679","HMDB0002719",2.53554766102075e-131,95630954,0.0210191606182653,0.124547394394983,1.39650163483912e-130,-2.56691787705993,"NK","Desmosterol",FALSE
"2680","HMDB0002719",8.73044636931726e-18,15943453,0.0136448225544451,0.111624064545053,5.48333298283435e-17,-3.03222254686275,"pDC","Desmosterol",FALSE
"2681","HMDB0002802",7.33430887080858e-12,40596049.5,0.00049304710331452,0.0129839266735623,1.7049886855516e-11,-4.71885746597587,"Endo","Cortisone",FALSE
"2682","HMDB0002802",1.94414475425151e-05,17129126.5,0.000473805220280504,0.0126017188243296,5.11767516192677e-05,-4.73318262082817,"pDC","Cortisone",FALSE
"2683","HMDB0002802",0.000986330211466261,13647034.5,0.0283468253503028,0.0120940462370049,0.00140774982538791,1.22889017257032,"Oligo","Cortisone",FALSE
"2684","HMDB0002802",5.57775214616514e-36,103848094,0.000249213040011284,0.014393403812028,1.00343480820458e-35,-5.85188443772553,"B","Cortisone",FALSE
"2685","HMDB0002802",5.68926059720271e-33,103972258.5,0.000708584698681043,0.0143158465507297,1.10094880745869e-32,-4.3365288627582,"T","Cortisone",FALSE
"2686","HMDB0002802",5.05542556787282e-34,103928227.5,0.00021695916084482,0.0143988493428682,7.54100980541029e-34,-6.05238621223284,"Epi","Cortisone",FALSE
"2687","HMDB0002802",3.85128360841319e-06,105593776,0.00537751131229307,0.0135275759760864,4.92414118504257e-06,-1.33089278441469,"Myeloid","Cortisone",FALSE
"2688","HMDB0002802",0,96774219,0.10209309172069,0.00163672702892261,0,5.96292770602562,"Fibro","Cortisone",FALSE
"2689","HMDB0002802",2.31522476985715e-20,64696764,7.7109529235831e-05,0.0134743472578386,4.79104316536912e-20,-7.44909051022707,"Mast","Cortisone",FALSE
"2690","HMDB0002802",1.68689280240686e-36,103827212.5,0.000189893910516437,0.0144034188600602,3.14535220448779e-36,-6.24507384450659,"NK","Cortisone",FALSE
"2691","HMDB0002820",1.52675695205185e-13,16196429,0.00540128676120058,0.0222043585108059,7.2877198511275e-13,-2.03946784214954,"pDC","Methylimidazoleacetic acid",FALSE
"2692","HMDB0002820",8.47252165459359e-32,38322185,0.0055435075090611,0.0227277276438298,4.46053345933016e-31,-2.0355824505446,"Endo","Methylimidazoleacetic acid",FALSE
"2693","HMDB0002820",1.94639994358779e-17,63363095,0.0177224247038957,0.0222346345610693,3.80771136505152e-17,-0.327232692804402,"Mast","Methylimidazoleacetic acid",FALSE
"2694","HMDB0002820",0,125539567.5,0.0572377180417537,0.0158824607686117,0,1.84953170019062,"Epi","Methylimidazoleacetic acid",FALSE
"2695","HMDB0002820",0,123898821.5,0.0457813824690883,0.0178166724134987,0,1.36153311631595,"Myeloid","Methylimidazoleacetic acid",FALSE
"2696","HMDB0002820",2.16874052794821e-148,95215102,0.00178926455377918,0.0252440095594229,1.38644483750975e-147,-3.81850245520766,"NK","Methylimidazoleacetic acid",FALSE
"2697","HMDB0002820",3.87302522303119e-41,87376563,0.0374586602880465,0.0199934066500323,8.72039641412054e-41,0.905774990480003,"Fibro","Methylimidazoleacetic acid",FALSE
"2698","HMDB0002820",3.2510992373359e-136,95699480.5,0.00205563316767175,0.0251990376509487,1.87724762413912e-135,-3.61571389791729,"T","Methylimidazoleacetic acid",FALSE
"2699","HMDB0002820",0.354552604355113,13245029,0.0228121771152127,0.0218407461055935,0.409451072126227,0.0627819977807394,"Oligo","Methylimidazoleacetic acid",FALSE
"2700","HMDB0002820",6.71616225873349e-150,95156489.5,0.00128267337485251,0.0253295390510532,2.82868951603128e-149,-4.30359507441743,"B","Methylimidazoleacetic acid",FALSE
"2701","HMDB0002829",1.14729478442244e-169,110060030.5,0.00414122224358736,0.000287725350420068,3.45152548590952e-169,3.84729238638822,"Epi","Androsterone glucuronide",FALSE
"2702","HMDB0002829",0.0127557041171926,17386173,0,0.000862219853105011,0.0216423794974169,-Inf,"pDC","Androsterone glucuronide",FALSE
"2703","HMDB0002829",0.840373301752538,13398042,0.00124234264449619,0.00083797134585543,0.882268744948412,0.568090313743218,"Oligo","Androsterone glucuronide",FALSE
"2704","HMDB0002829",6.78520927844753e-07,65821141,5.47932363631315e-05,0.000916657360419074,9.67770885133153e-07,-4.06431284202718,"Mast","Androsterone glucuronide",FALSE
"2705","HMDB0002829",2.14012809166793e-07,105970253,0.000311276642821681,0.000934347940453105,2.827180283458e-07,-1.58576256730784,"Myeloid","Androsterone glucuronide",FALSE
"2706","HMDB0002829",7.58653640118504e-05,41233990,0,0.000889465571878789,0.000123453637801102,-Inf,"Endo","Androsterone glucuronide",FALSE
"2707","HMDB0002829",6.60580292443222e-12,105761841,2.71354123803661e-05,0.000982320459521367,8.95786911722248e-12,-5.17794500871334,"NK","Androsterone glucuronide",FALSE
"2708","HMDB0002829",5.72556957405503e-05,106114584,0.000325617813033364,0.000931926672478821,6.94831833054814e-05,-1.51703681774727,"T","Androsterone glucuronide",FALSE
"2709","HMDB0002829",0.036908237050585,82421631,0.00100307987634273,0.000825398111257795,0.0406558426587982,0.281274451730647,"Fibro","Androsterone glucuronide",FALSE
"2710","HMDB0002829",5.8175714259783e-10,105845076.5,0.000132111930124518,0.000964596921154973,7.4381806089294e-10,-2.8681654528606,"B","Androsterone glucuronide",FALSE
"2711","HMDB0002916",2.12637089735093e-20,107210281,0.00370369273062203,0.00108956554453198,2.92784915866013e-20,1.76521142662854,"Epi","4-Nitrocatechol",FALSE
"2712","HMDB0002916",0.289645105097976,41583140.5,0.00374265900784881,0.00134557465384525,0.329183960714525,1.47584117548111,"Endo","4-Nitrocatechol",FALSE
"2713","HMDB0002916",0.299257040479098,66254614.5,0.00146370570296327,0.0014674827827105,0.321723785259811,-0.00371806675895138,"Mast","4-Nitrocatechol",FALSE
"2714","HMDB0002916",0.000280938561723032,106380000,0,0.00171487243810315,0.000324438726118856,-Inf,"B","4-Nitrocatechol",FALSE
"2715","HMDB0002916",0.0077083051644506,106442340.5,0.000494292039746131,0.00163141945148385,0.00887322588062159,-1.72269218050755,"T","4-Nitrocatechol",FALSE
"2716","HMDB0002916",0.0140503091888949,82333143.5,0.00316789133210782,0.00126413113355805,0.016546087794817,1.32537671961823,"Fibro","4-Nitrocatechol",FALSE
"2717","HMDB0002916",0.0191398399621939,106463071,0.000457181628328649,0.00163768492698908,0.0216153397680297,-1.84081848895291,"Myeloid","4-Nitrocatechol",FALSE
"2718","HMDB0002916",0.198412428857023,17477869.5,0,0.00149822102675492,0.270082317607658,-Inf,"pDC","4-Nitrocatechol",FALSE
"2719","HMDB0002916",0.0116774901402723,13446754.5,0.00654163170717259,0.00138586620201824,0.0155410463576859,2.23886255850952,"Oligo","4-Nitrocatechol",FALSE
"2720","HMDB0002916",0.00281403009824738,106421547,0.000284469006554785,0.00166684457949184,0.0031580651259328,-2.55077620850928,"NK","4-Nitrocatechol",FALSE
"2721","HMDB0002925",5.83400091475127e-13,39095106,0.0281269783804966,0.0474289310931372,1.41119751856821e-12,-0.753812779316271,"Endo","Dihomo-gamma-linolenic acid",TRUE
"2722","HMDB0002925",8.87380779531793e-272,81412976,0.141043413374305,0.0377867035390573,1.27072927628953e-270,1.90018872424382,"Mast","Dihomo-gamma-linolenic acid",TRUE
"2723","HMDB0002925",2.20685830486394e-210,89780967.5,0.00689250855014561,0.0531284448781678,1.46306532063202e-209,-2.94638342731625,"B","Dihomo-gamma-linolenic acid",TRUE
"2724","HMDB0002925",1.40345114726733e-62,97534786.5,0.0315630147828318,0.0489632403816819,3.61464396202664e-62,-0.633464025738345,"NK","Dihomo-gamma-linolenic acid",TRUE
"2725","HMDB0002925",0.539515036381671,17646668.5,0.045293274991673,0.0464743273991044,0.629815105025332,-0.0371371266738404,"pDC","Dihomo-gamma-linolenic acid",TRUE
"2726","HMDB0002925",0,130108512.5,0.0982968350298069,0.0376963451855017,0,1.38272031018845,"Myeloid","Dihomo-gamma-linolenic acid",TRUE
"2727","HMDB0002925",3.23922472187383e-110,94484092,0.0194113970421895,0.05101483885216,1.36428523580098e-109,-1.39401299668436,"T","Dihomo-gamma-linolenic acid",TRUE
"2728","HMDB0002925",1.6267519420771e-39,15923997,0.107679344628042,0.0454688685920758,7.01659271401932e-39,1.24379052350187,"Oligo","Dihomo-gamma-linolenic acid",TRUE
"2729","HMDB0002925",0.0344573985734798,107763959,0.0320803151693412,0.0488759028185366,0.0372681229284162,-0.607435036170164,"Epi","Dihomo-gamma-linolenic acid",TRUE
"2730","HMDB0002925",5.17958889485993e-05,80261697,0.0315218921848649,0.0482319646168548,6.79228140791155e-05,-0.613635437147035,"Fibro","Dihomo-gamma-linolenic acid",TRUE
"2731","HMDB0003073",3.23922472187383e-110,94484092,0.0194113970421895,0.05101483885216,1.36428523580098e-109,-1.39401299668436,"T","gamma-Linolenic acid",TRUE
"2732","HMDB0003073",1.6267519420771e-39,15923997,0.107679344628042,0.0454688685920758,7.01659271401932e-39,1.24379052350187,"Oligo","gamma-Linolenic acid",TRUE
"2733","HMDB0003073",8.87380779531793e-272,81412976,0.141043413374305,0.0377867035390573,1.27072927628953e-270,1.90018872424382,"Mast","gamma-Linolenic acid",TRUE
"2734","HMDB0003073",1.40345114726733e-62,97534786.5,0.0315630147828318,0.0489632403816819,3.61464396202664e-62,-0.633464025738345,"NK","gamma-Linolenic acid",TRUE
"2735","HMDB0003073",5.83400091475127e-13,39095106,0.0281269783804966,0.0474289310931372,1.41119751856821e-12,-0.753812779316271,"Endo","gamma-Linolenic acid",TRUE
"2736","HMDB0003073",0,130108512.5,0.0982968350298069,0.0376963451855017,0,1.38272031018845,"Myeloid","gamma-Linolenic acid",TRUE
"2737","HMDB0003073",2.20685830486394e-210,89780967.5,0.00689250855014561,0.0531284448781678,1.46306532063202e-209,-2.94638342731625,"B","gamma-Linolenic acid",TRUE
"2738","HMDB0003073",0.539515036381671,17646668.5,0.045293274991673,0.0464743273991044,0.629815105025332,-0.0371371266738404,"pDC","gamma-Linolenic acid",TRUE
"2739","HMDB0003073",0.0344573985734798,107763959,0.0320803151693412,0.0488759028185366,0.0372681229284162,-0.607435036170164,"Epi","gamma-Linolenic acid",TRUE
"2740","HMDB0003073",5.17958889485993e-05,80261697,0.0315218921848649,0.0482319646168548,6.79228140791155e-05,-0.613635437147035,"Fibro","gamma-Linolenic acid",TRUE
"2741","HMDB0003080",9.40982234481918e-13,16227130,0.00670419700560671,0.0274437985245744,4.26419797398135e-12,-2.03334373128164,"pDC","Leukotriene D4",FALSE
"2742","HMDB0003080",8.40780842029983e-31,62267888,0.0144131570495173,0.0281679198456987,2.1811560974401e-30,-0.9666666497961,"Mast","Leukotriene D4",FALSE
"2743","HMDB0003080",1.27010604889757e-234,121132459.5,0.0452499857425559,0.0239350495737128,6.22873925349769e-234,0.918792543492179,"Epi","Leukotriene D4",FALSE
"2744","HMDB0003080",0.798181991915283,13348957.5,0.0272776196573076,0.0270096828836045,0.855536386543926,0.0142410536303971,"Oligo","Leukotriene D4",FALSE
"2745","HMDB0003080",1.00629644332285e-07,43016215,0.0419219828949904,0.0262172932019527,1.93685014359989e-07,0.677188214904921,"Endo","Leukotriene D4",FALSE
"2746","HMDB0003080",2.35111867416103e-65,99035157,0.011972320656449,0.0295534296321472,6.68016258214007e-65,-1.3036227383784,"T","Leukotriene D4",FALSE
"2747","HMDB0003080",5.76766684384505e-48,100154818.5,0.00872840150098617,0.0301011114075081,1.14078714369974e-47,-1.78602738447259,"Myeloid","Leukotriene D4",FALSE
"2748","HMDB0003080",2.23369655857926e-115,96479026.5,0.00546258802101633,0.0306524896752727,7.33636117404932e-115,-2.48834773145933,"B","Leukotriene D4",FALSE
"2749","HMDB0003080",0,105375601,0.109142390132826,0.0172093057539486,0,2.66495073961282,"Fibro","Leukotriene D4",FALSE
"2750","HMDB0003080",1.54580420908891e-104,96975509,0.00798741960280037,0.0302262138721689,6.2179540095936e-104,-1.91999886884065,"NK","Leukotriene D4",FALSE
"2751","HMDB0003141",5.72556957405503e-05,106114584,0.000325617813033364,0.000931926672478821,6.94831833054814e-05,-1.51703681774727,"T","Retinoyl b-glucuronide",FALSE
"2752","HMDB0003141",2.14012809166793e-07,105970253,0.000311276642821681,0.000934347940453105,2.827180283458e-07,-1.58576256730784,"Myeloid","Retinoyl b-glucuronide",FALSE
"2753","HMDB0003141",6.60580292443222e-12,105761841,2.71354123803661e-05,0.000982320459521367,8.95786911722248e-12,-5.17794500871334,"NK","Retinoyl b-glucuronide",FALSE
"2754","HMDB0003141",5.8175714259783e-10,105845076.5,0.000132111930124518,0.000964596921154973,7.4381806089294e-10,-2.8681654528606,"B","Retinoyl b-glucuronide",FALSE
"2755","HMDB0003141",0.840373301752538,13398042,0.00124234264449619,0.00083797134585543,0.882268744948412,0.568090313743218,"Oligo","Retinoyl b-glucuronide",FALSE
"2756","HMDB0003141",0.036908237050585,82421631,0.00100307987634273,0.000825398111257795,0.0406558426587982,0.281274451730647,"Fibro","Retinoyl b-glucuronide",FALSE
"2757","HMDB0003141",7.58653640118504e-05,41233990,0,0.000889465571878789,0.000123453637801102,-Inf,"Endo","Retinoyl b-glucuronide",FALSE
"2758","HMDB0003141",0.0127557041171926,17386173,0,0.000862219853105011,0.0216423794974169,-Inf,"pDC","Retinoyl b-glucuronide",FALSE
"2759","HMDB0003141",6.78520927844753e-07,65821141,5.47932363631315e-05,0.000916657360419074,9.67770885133153e-07,-4.06431284202718,"Mast","Retinoyl b-glucuronide",FALSE
"2760","HMDB0003141",1.14729478442244e-169,110060030.5,0.00414122224358736,0.000287725350420068,3.45152548590952e-169,3.84729238638822,"Epi","Retinoyl b-glucuronide",FALSE
"2761","HMDB0003193",0.840373301752538,13398042,0.00124234264449619,0.00083797134585543,0.882268744948412,0.568090313743218,"Oligo","Testosterone glucuronide",FALSE
"2762","HMDB0003193",0.0127557041171926,17386173,0,0.000862219853105011,0.0216423794974169,-Inf,"pDC","Testosterone glucuronide",FALSE
"2763","HMDB0003193",0.036908237050585,82421631,0.00100307987634273,0.000825398111257795,0.0406558426587982,0.281274451730647,"Fibro","Testosterone glucuronide",FALSE
"2764","HMDB0003193",6.78520927844753e-07,65821141,5.47932363631315e-05,0.000916657360419074,9.67770885133153e-07,-4.06431284202718,"Mast","Testosterone glucuronide",FALSE
"2765","HMDB0003193",5.8175714259783e-10,105845076.5,0.000132111930124518,0.000964596921154973,7.4381806089294e-10,-2.8681654528606,"B","Testosterone glucuronide",FALSE
"2766","HMDB0003193",5.72556957405503e-05,106114584,0.000325617813033364,0.000931926672478821,6.94831833054814e-05,-1.51703681774727,"T","Testosterone glucuronide",FALSE
"2767","HMDB0003193",1.14729478442244e-169,110060030.5,0.00414122224358736,0.000287725350420068,3.45152548590952e-169,3.84729238638822,"Epi","Testosterone glucuronide",FALSE
"2768","HMDB0003193",6.60580292443222e-12,105761841,2.71354123803661e-05,0.000982320459521367,8.95786911722248e-12,-5.17794500871334,"NK","Testosterone glucuronide",FALSE
"2769","HMDB0003193",2.14012809166793e-07,105970253,0.000311276642821681,0.000934347940453105,2.827180283458e-07,-1.58576256730784,"Myeloid","Testosterone glucuronide",FALSE
"2770","HMDB0003193",7.58653640118504e-05,41233990,0,0.000889465571878789,0.000123453637801102,-Inf,"Endo","Testosterone glucuronide",FALSE
"2771","HMDB0003224",0.00348968961625992,41112465.5,0.0171402726913587,0.023789594996741,0.00522723381849813,-0.472940648936762,"Endo","Deoxyribose",FALSE
"2772","HMDB0003224",0.0302104618506856,81747411,0.0160825340144549,0.0243321237790545,0.0340105199451115,-0.597367508443843,"Fibro","Deoxyribose",FALSE
"2773","HMDB0003224",0.574488286626032,66203390.5,0.0318448165223314,0.0226837013979677,0.594412735873178,0.489402489433137,"Mast","Deoxyribose",FALSE
"2774","HMDB0003224",1.75917896675731e-08,105291140,0.0229706725479594,0.0235336270918294,2.28183358731564e-08,-0.0349305939767783,"NK","Deoxyribose",FALSE
"2775","HMDB0003224",0.855705308703244,13374051.5,0.0225439201645807,0.023466864153056,0.892959888187735,-0.057886661541069,"Oligo","Deoxyribose",FALSE
"2776","HMDB0003224",1.55537495941226e-09,105196199,0.0184931769187934,0.0242895777298787,2.18362445282192e-09,-0.393344324451377,"T","Deoxyribose",FALSE
"2777","HMDB0003224",0.00227026643643534,17220993,0.00826348958848402,0.0237738085488483,0.00461792831956735,-1.52454998958694,"pDC","Deoxyribose",FALSE
"2778","HMDB0003224",6.61159513703574e-07,107781493.5,0.0284666215721867,0.0226057275435891,8.63850751481312e-07,0.332582933571853,"Myeloid","Deoxyribose",FALSE
"2779","HMDB0003224",8.22010688740308e-14,104860860.5,0.0150355294741345,0.0248733439707463,1.11893470178339e-13,-0.726224803304207,"B","Deoxyribose",FALSE
"2780","HMDB0003224",7.38731140807628e-86,111224757.5,0.037357595621701,0.0211046345080472,1.55568087299489e-85,0.823841759715058,"Epi","Deoxyribose",FALSE
"2781","HMDB0003288",0.26866050554065,17405804.5,-0.004094182191787,0.00221841438855014,0.349747130849282,NA,"pDC","Selenocysteine",FALSE
"2782","HMDB0003288",3.05138496424593e-15,108473020.5,0.0107613812951239,0.000623137583577631,4.00144987985363e-15,4.1101687256502,"Epi","Selenocysteine",FALSE
"2783","HMDB0003288",0.118363210759805,106245984,-0.000675279884426685,0.00255402753454008,0.127249337693725,NA,"T","Selenocysteine",FALSE
"2784","HMDB0003288",1.75282971100497e-05,105602044,0.000653390022368289,0.0023297037278889,2.19410152636287e-05,-1.83413016743717,"Myeloid","Selenocysteine",FALSE
"2785","HMDB0003288",0.0569249504789122,106165342,-0.00108599817939758,0.00262337048489816,0.0611985954097614,NA,"NK","Selenocysteine",FALSE
"2786","HMDB0003288",0.106080849547168,13254223,-0.00624729514060989,0.00222110240278416,0.129614143815311,NA,"Oligo","Selenocysteine",FALSE
"2787","HMDB0003288",0.0483402952278125,41250135.5,-0.00266885834596986,0.00234172695977489,0.064333924503929,NA,"Endo","Selenocysteine",FALSE
"2788","HMDB0003288",8.7555644200047e-15,83799064.5,0.0200450648813797,-5.62220062678266e-05,1.39932681355432e-14,NA,"Fibro","Selenocysteine",FALSE
"2789","HMDB0003288",0.0824145335630044,65984570.5,-0.00315653336589818,0.00256783617575698,0.0942632684203054,NA,"Mast","Selenocysteine",FALSE
"2790","HMDB0003288",0.000913171067267433,105832573.5,-0.00596106220520874,0.00344644393176819,0.00102481267110264,NA,"B","Selenocysteine",FALSE
"2791","HMDB0003337",3.38133521861516e-09,44709601.5,0.0465406922637289,0.0800411331059656,6.99721392060248e-09,-0.782248920876112,"Endo","Oxidized glutathione",FALSE
"2792","HMDB0003337",3.67144888387651e-22,20880395,0.168012105297306,0.0764438069533158,3.05669465215765e-21,1.13609365073589,"pDC","Oxidized glutathione",FALSE
"2793","HMDB0003337",5.50920688406208e-189,81433915,-0.0360029507373955,0.0976470499894586,4.69594301070054e-188,NA,"NK","Oxidized glutathione",FALSE
"2794","HMDB0003337",5.21520235028457e-89,97276697,0.187415769931382,0.0653204510430361,2.02939395804552e-88,1.52063569440779,"Fibro","Oxidized glutathione",FALSE
"2795","HMDB0003337",6.2437039783402e-176,130898882,0.211564338436008,0.055849432367746,1.94369219499634e-175,1.92148194247032,"Myeloid","Oxidized glutathione",FALSE
"2796","HMDB0003337",1.56869368297933e-147,84400584,-0.00603385493905783,0.0925872668055421,6.38173111939317e-147,NA,"B","Oxidized glutathione",FALSE
"2797","HMDB0003337",1.8479452951129e-146,83760938.5,0.170498452545017,0.0699018750422206,1.78801193419032e-145,1.28635558534834,"Mast","Oxidized glutathione",FALSE
"2798","HMDB0003337",5.46327972582092e-13,112808425.5,0.112031586917538,0.0726538813831893,7.08642805015902e-13,0.624793774476416,"Epi","Oxidized glutathione",FALSE
"2799","HMDB0003337",7.35524178996714e-153,83997474,-0.0287344041733793,0.0964198768400384,4.96825766190233e-152,NA,"T","Oxidized glutathione",FALSE
"2800","HMDB0003337",0.133464271246899,13845849.5,0.106956085347572,0.0778833970647542,0.161419625359425,0.45763085103741,"Oligo","Oxidized glutathione",FALSE
"2801","HMDB0003378",2.74667423143689e-22,104882981,0.000383560219999526,0.00556710325113832,4.4094590800646e-22,-3.859401832942,"NK","Nitric oxide",FALSE
"2802","HMDB0003378",8.53436358245297e-22,104903705,0.00040461860473562,0.00556354789325615,1.31694058729231e-21,-3.78137062493526,"B","Nitric oxide",FALSE
"2803","HMDB0003378",5.48485781719559e-08,105645073.5,0.00134006311790211,0.0054056136516275,7.49457671204588e-08,-2.01215744947642,"Myeloid","Nitric oxide",FALSE
"2804","HMDB0003378",2.08866610697424e-16,108078912.5,0.00519223962573897,0.00475523774282506,2.77971177061999e-16,0.126839494470012,"Epi","Nitric oxide",FALSE
"2805","HMDB0003378",1.22390752376916e-10,105466524,0.00213933099953024,0.00527067056845544,1.74565296218869e-10,-1.3008268073809,"T","Nitric oxide",FALSE
"2806","HMDB0003378",0.337423439040667,66172481,0.00565570057789813,0.00474167503600178,0.361669434660356,0.25430895037604,"Mast","Nitric oxide",FALSE
"2807","HMDB0003378",0,46405485,0.0506128059768019,0.00237132952412643,0,4.41573439835112,"Endo","Nitric oxide",FALSE
"2808","HMDB0003378",0.000248397007423044,81620681,0.00240443676694394,0.00510653826078983,0.000318731643933512,-1.08664662874964,"Fibro","Nitric oxide",FALSE
"2809","HMDB0003378",0.0332433166547958,13523700,0.00844696739261717,0.00476022584000163,0.0426562987900247,0.827403460756939,"Oligo","Nitric oxide",FALSE
"2810","HMDB0003378",0.00607837271959439,17313219,0.00098778632368118,0.00489944176400082,0.0115135313947873,-2.31034648055678,"pDC","Nitric oxide",FALSE
"2811","HMDB0003379",2.83324048442459e-129,91359165,0.0680963811264577,0.141937691487227,1.56046168219078e-128,-1.05960771160337,"T","Triphosphate",FALSE
"2812","HMDB0003379",2.24682342783308e-83,94414569.5,0.0963316377390203,0.137170638201297,7.58832818079473e-83,-0.509890102791599,"NK","Triphosphate",FALSE
"2813","HMDB0003379",0.0280224044966105,16949948,0.101621280019857,0.131899207039229,0.0449866404026304,-0.376233349797657,"pDC","Triphosphate",FALSE
"2814","HMDB0003379",1.42524278025314e-42,16445367,0.306751012345114,0.128460192592172,6.80315887107499e-42,1.25574674060423,"Oligo","Triphosphate",FALSE
"2815","HMDB0003379",1.84517463865198e-10,44049509.5,0.174836594445416,0.128943705773004,4.0034698220449e-10,0.439265830497064,"Endo","Triphosphate",FALSE
"2816","HMDB0003379",0,136862614,0.259529509391755,0.109617392945053,0,1.24342185899535,"Epi","Triphosphate",FALSE
"2817","HMDB0003379",8.87589314340381e-39,59829864,0.0917567281763343,0.134890488769277,2.60456536503161e-38,-0.555902771993021,"Mast","Triphosphate",FALSE
"2818","HMDB0003379",4.51350650367362e-134,91074307,0.0679384250893214,0.141964359735942,1.70087929296332e-133,-1.06322910549717,"B","Triphosphate",FALSE
"2819","HMDB0003379",2.14599730446307e-61,91348399.5,0.178463906971384,0.125637729302269,6.40222529164817e-61,0.506362555194041,"Fibro","Triphosphate",FALSE
"2820","HMDB0003379",9.60977621416669e-16,111679018.5,0.122369733582518,0.132774538953704,1.4216115225916e-15,-0.117731747823726,"Myeloid","Triphosphate",FALSE
"2821","HMDB0003419",4.69769882981675e-06,105148149.5,0.0496916465196025,0.050306305014193,5.60592060358133e-06,-0.0177358819169591,"B","Formyl-CoA",FALSE
"2822","HMDB0003419",0.0161789037513632,105843954,0.057385114145753,0.0490073910134923,0.0181001485718376,0.227677201801537,"T","Formyl-CoA",FALSE
"2823","HMDB0003419",0.0965124945415032,107146181,0.035674815467258,0.0526728137179486,0.105019674911423,-0.562152561385278,"Myeloid","Formyl-CoA",FALSE
"2824","HMDB0003419",7.34788787736117e-05,105344474.5,0.0588565477203675,0.048758963936907,8.85705003399091e-05,0.271535451351365,"NK","Formyl-CoA",FALSE
"2825","HMDB0003419",0.457267756616552,13304830.5,0.0385351942686437,0.0504046864091687,0.516409643119008,-0.387381211409594,"Oligo","Formyl-CoA",FALSE
"2826","HMDB0003419",0.00142667441783864,42177997.5,0.0661754280174839,0.049364807381988,0.00218268992130869,0.42281272308969,"Endo","Formyl-CoA",FALSE
"2827","HMDB0003419",7.45228319483354e-07,83585695,0.0516693965649343,0.0500441931639902,1.05451279990135e-06,0.0461073580929245,"Fibro","Formyl-CoA",FALSE
"2828","HMDB0003419",0.122640465488985,65917510.5,0.0578846018506701,0.0495153472594124,0.137634127413971,0.225303864124739,"Mast","Formyl-CoA",FALSE
"2829","HMDB0003419",0.149304408160905,17324317.5,0.0364031629126177,0.0505099251037255,0.209611678908251,-0.472503097166005,"pDC","Formyl-CoA",FALSE
"2830","HMDB0003419",5.31840673483599e-07,108219652,0.0416080061692186,0.0516710931874809,6.47615513969825e-07,-0.312496249731452,"Epi","Formyl-CoA",FALSE
"2831","HMDB0003450",0.537010669614314,17503699.5,0,0.000138653243669683,0.629815105025332,-Inf,"pDC","(-)-trans-Carveol",FALSE
"2832","HMDB0003450",0.283367892487083,106580775.5,8.20145713889707e-05,0.000144856507524843,0.296624869913379,-0.82067233882491,"Myeloid","(-)-trans-Carveol",FALSE
"2833","HMDB0003450",2.56454099187141e-19,106892295,0.000791594688737679,2.50557110790031e-05,3.50422013393116e-19,4.98155054552348,"Epi","(-)-trans-Carveol",FALSE
"2834","HMDB0003450",0.0812264941151437,106560000,0,0.000158703303302147,0.0868032384872282,-Inf,"NK","(-)-trans-Carveol",FALSE
"2835","HMDB0003450",0.175280926906442,13404059,0.000608156384720288,0.000128211128360441,0.209868133219084,2.24592086480598,"Oligo","(-)-trans-Carveol",FALSE
"2836","HMDB0003450",0.0812264941151437,106560000,0,0.000158703303302147,0.0860327955420753,-Inf,"B","(-)-trans-Carveol",FALSE
"2837","HMDB0003450",0.199079762030198,66275987.5,0,0.000148214279892563,0.219294014790187,-Inf,"Mast","(-)-trans-Carveol",FALSE
"2838","HMDB0003450",0.0812264941151437,106560000,0,0.000158703303302147,0.0883862762711898,-Inf,"T","(-)-trans-Carveol",FALSE
"2839","HMDB0003450",0.142598812971857,82154350,0,0.000151988735387293,0.151484792415207,-Inf,"Fibro","(-)-trans-Carveol",FALSE
"2840","HMDB0003450",0.326639477431,41521595.5,0,0.000143034617249161,0.366573457430401,-Inf,"Endo","(-)-trans-Carveol",FALSE
"2841","HMDB0003474",5.65111650144579e-08,106047810,-0.000468881701589477,0.00393656125067901,7.27733707740141e-08,NA,"NK","3,5-Diiodo-L-tyrosine",FALSE
"2842","HMDB0003474",6.48437616817754e-132,109162571,0.0195255177681081,0.00056083957759145,1.65814762014826e-131,5.121628833605,"Epi","3,5-Diiodo-L-tyrosine",FALSE
"2843","HMDB0003474",5.32317271124144e-05,106192607,0.000537098001039173,0.00376671831591138,6.59410322015375e-05,-2.810050891956,"Myeloid","3,5-Diiodo-L-tyrosine",FALSE
"2844","HMDB0003474",0.120934096491831,13331870,0,0.00335308620984501,0.146760700149409,-Inf,"Oligo","3,5-Diiodo-L-tyrosine",FALSE
"2845","HMDB0003474",0.196448996850289,17456856,0.000745480398432811,0.00335428780131384,0.268430308673296,-2.16976415483931,"pDC","3,5-Diiodo-L-tyrosine",FALSE
"2846","HMDB0003474",0.000551390645603249,66023262,0.000486671017715785,0.00355788439861126,0.000717810367730774,-2.87000086912477,"Mast","3,5-Diiodo-L-tyrosine",FALSE
"2847","HMDB0003474",0.00462131587713275,41356196,0,0.00347655964893342,0.00686485926976567,-Inf,"Endo","3,5-Diiodo-L-tyrosine",FALSE
"2848","HMDB0003474",3.57468693791281e-06,106130693,0.000561850191835942,0.00376253932033536,4.29442256299593e-06,-2.74344924300743,"B","3,5-Diiodo-L-tyrosine",FALSE
"2849","HMDB0003474",0.0156663238151217,81972951,0.00141607955525832,0.003525142586162,0.0183285749209594,-1.31577929509728,"Fibro","3,5-Diiodo-L-tyrosine",FALSE
"2850","HMDB0003474",0.00811543442358728,106337946,0.00125659640185776,0.00364524298232729,0.00931194078091104,-1.53649362983646,"T","3,5-Diiodo-L-tyrosine",FALSE
"2851","HMDB0003529",2.77453980253484e-72,97755585.5,0.0227670846168843,0.0435875921637898,8.79013494962364e-72,-0.93696794698103,"T","myo-Inositol 1,3,4,5,6-pentakisphosphate",FALSE
"2852","HMDB0003529",1.14617933543487e-164,18163917,0.216345407264701,0.0377641590944816,2.56457626303551e-163,2.51824692707739,"Oligo","myo-Inositol 1,3,4,5,6-pentakisphosphate",FALSE
"2853","HMDB0003529",0.0224879566970217,40838770.5,0.0371700089583152,0.0407623734914889,0.0314480019434912,-0.133099022586149,"Endo","myo-Inositol 1,3,4,5,6-pentakisphosphate",FALSE
"2854","HMDB0003529",0.00775630465587645,16979830,0.0321305055877379,0.0407590036803851,0.014095213537075,-0.343175104032605,"pDC","myo-Inositol 1,3,4,5,6-pentakisphosphate",FALSE
"2855","HMDB0003529",5.00393523575725e-47,60711548,0.0203719468457264,0.0424308759693247,1.79140881440109e-46,-1.05853060473949,"Mast","myo-Inositol 1,3,4,5,6-pentakisphosphate",FALSE
"2856","HMDB0003529",0,131582303.5,0.0943091281865025,0.0315089084613387,0,1.58163763914668,"Myeloid","myo-Inositol 1,3,4,5,6-pentakisphosphate",FALSE
"2857","HMDB0003529",5.28618260147234e-90,96703171,0.0191716176808652,0.0441946269326602,1.5385799766887e-89,-1.20489890595521,"B","myo-Inositol 1,3,4,5,6-pentakisphosphate",FALSE
"2858","HMDB0003529",1.21272461061718e-27,111981827,0.0388267260144362,0.0408761889226026,1.74359602650984e-27,-0.0742106333522168,"Epi","myo-Inositol 1,3,4,5,6-pentakisphosphate",FALSE
"2859","HMDB0003529",7.3438832931383e-06,80254744,0.0282625642699945,0.0420506413253744,1.00347718280287e-05,-0.573235435852975,"Fibro","myo-Inositol 1,3,4,5,6-pentakisphosphate",FALSE
"2860","HMDB0003529",2.55406227984083e-53,99041065.5,0.031880634767986,0.0420489208568336,5.82391271454152e-53,-0.39938842085812,"NK","myo-Inositol 1,3,4,5,6-pentakisphosphate",FALSE
"2861","HMDB0003550",0.608956129551445,17451723,0.0107250922056415,0.0161027691263083,0.685554384840934,-0.586318753047133,"pDC","Calcidiol",TRUE
"2862","HMDB0003550",0.480885098001438,41667308.5,0.0163687535648349,0.0159711313529657,0.520111374877688,0.0354779556766067,"Endo","Calcidiol",TRUE
"2863","HMDB0003550",0.593442791526271,66186069.5,0.015576597109447,0.0160292802988851,0.612255099038632,-0.0413295570125164,"Mast","Calcidiol",TRUE
"2864","HMDB0003550",0.690360146337624,106499241,0.0150222780684766,0.0161549039261928,0.692293928260139,-0.10486856248458,"Epi","Calcidiol",TRUE
"2865","HMDB0003550",0.811051453315201,106682870,0.0111071650656657,0.016815905615001,0.817905409258709,-0.598335838993744,"Myeloid","Calcidiol",TRUE
"2866","HMDB0003550",0.82141186872543,106548973,0.0194000434950973,0.0154157910734795,0.82360317300815,0.331650962574408,"NK","Calcidiol",TRUE
"2867","HMDB0003550",0.0293670717379616,81643186,0.00988334298646044,0.0167204763045672,0.0334822028095231,-0.758544931912647,"Fibro","Calcidiol",TRUE
"2868","HMDB0003550",0.268472642896832,106932778,0.0200246876458797,0.015310330301779,0.283519782174235,0.38727433143426,"T","Calcidiol",TRUE
"2869","HMDB0003550",0.710808427701595,13427034,0.0134857914846362,0.0160314421817739,0.773463273912374,-0.249464019359246,"Oligo","Calcidiol",TRUE
"2870","HMDB0003550",0.211950100808532,106973579,0.0200495810933565,0.0153061274573628,0.219300971356804,0.389462775543228,"B","Calcidiol",TRUE
"2871","HMDB0003585",1.05385736307625e-24,83809611.5,0.0285344981226887,0.0115763959418082,2.05043986946356e-24,1.30152101686321,"Fibro","Thiocysteine",FALSE
"2872","HMDB0003585",0.0563442136571105,17372778.5,0.0065333579820377,0.0135299925282001,0.0847530608791831,-1.05026444604864,"pDC","Thiocysteine",FALSE
"2873","HMDB0003585",1.2649533509755e-08,105593685,0.00887633539689695,0.0141461735300453,1.70888037603483e-08,-0.672375777304346,"T","Thiocysteine",FALSE
"2874","HMDB0003585",2.39893135767564e-13,105300770.5,0.00539668037216639,0.0147336553846342,3.24082047565238e-13,-1.44897125515176,"B","Thiocysteine",FALSE
"2875","HMDB0003585",0.000461419625619087,105986074.5,0.0101918320509032,0.0139240738079439,0.000558068330985248,-0.450167957521953,"Myeloid","Thiocysteine",FALSE
"2876","HMDB0003585",8.11204922935647e-09,65492042,0.0045850831468386,0.0141908840965337,1.22536439835849e-08,-1.62994467125419,"Mast","Thiocysteine",FALSE
"2877","HMDB0003585",2.50714046671959e-72,109838787.5,0.0243709174992601,0.0115301711490959,5.01428093343919e-72,1.07974663774008,"Epi","Thiocysteine",FALSE
"2878","HMDB0003585",0.0378097029116247,13521146.5,0.021529931164794,0.013254473066536,0.0483424058655772,0.699864390148922,"Oligo","Thiocysteine",FALSE
"2879","HMDB0003585",3.64969378549272e-07,105702042.5,0.0124268549384948,0.0135467273808645,4.58452763230314e-07,-0.124483150480491,"NK","Thiocysteine",FALSE
"2880","HMDB0003585",0.195930099708077,41395823.5,0.0124797523303669,0.0134333364391481,0.227736934076272,-0.106228368419401,"Endo","Thiocysteine",FALSE
"2881","HMDB0003609",2.60315571260869e-32,103971809,0.0012130027177933,0.0174981050492901,4.48043146689381e-32,-3.85054400639439,"B","2-Aminoacrylic acid",FALSE
"2882","HMDB0003609",2.82583628405037e-34,103888369,0.000706860641377538,0.0175835587174339,5.71553327508493e-34,-4.63665746169195,"T","2-Aminoacrylic acid",FALSE
"2883","HMDB0003609",2.22269720110755e-19,64722353,0.000561629026414511,0.0164814442065376,4.54700341712288e-19,-4.87508135602444,"Mast","2-Aminoacrylic acid",FALSE
"2884","HMDB0003609",4.22014731693506e-05,17140897,0.00127774153197399,0.0154393278287337,0.000107149839678209,-3.59494200911001,"pDC","2-Aminoacrylic acid",FALSE
"2885","HMDB0003609",0,121082524.5,0.0951110832224108,0.00164497648190571,0,5.85347460391349,"Myeloid","2-Aminoacrylic acid",FALSE
"2886","HMDB0003609",0.413161452545619,13324432.5,0.0105025376722963,0.0152201773689082,0.471056687934177,-0.535247210701487,"Oligo","2-Aminoacrylic acid",FALSE
"2887","HMDB0003609",3.27105520513112e-15,80649403.5,0.00247673027462539,0.0166582343007394,5.32289892471337e-15,-2.7497268222467,"Fibro","2-Aminoacrylic acid",FALSE
"2888","HMDB0003609",8.92485991199874e-20,104581946,0.00216940737960188,0.0173366320353092,1.22417618716305e-19,-2.99845075696648,"Epi","2-Aminoacrylic acid",FALSE
"2889","HMDB0003609",8.64743362137734e-11,40636221,0.00147935619978169,0.0158760536135399,1.94703222418433e-10,-3.42381096757487,"Endo","2-Aminoacrylic acid",FALSE
"2890","HMDB0003609",2.53647674616057e-31,104014806.5,0.00164967606006001,0.0174243800210499,4.56310892022856e-31,-3.40085266285616,"NK","2-Aminoacrylic acid",FALSE
"2891","HMDB0003681",0,74396068.5,0.0514481513864959,0.170628037911304,0,-1.72966358757696,"B","4-Acetamidobutanoic acid",FALSE
"2892","HMDB0003681",0,110210065,0.273983346525493,0.139019130497546,0,0.978804778156139,"Fibro","4-Acetamidobutanoic acid",FALSE
"2893","HMDB0003681",0,73815036,0.049343705359135,0.17098333860814,0,-1.7929177883222,"T","4-Acetamidobutanoic acid",FALSE
"2894","HMDB0003681",4.7477932140141e-222,131042659.5,0.21267934411251,0.143406833669194,2.02346425073458e-221,0.56856614892229,"Epi","4-Acetamidobutanoic acid",FALSE
"2895","HMDB0003681",0,155276089.5,0.326643131823153,0.124165944303899,0,1.39544577348284,"Myeloid","4-Acetamidobutanoic acid",FALSE
"2896","HMDB0003681",0.567257738209087,17333390,0.126989492587131,0.153972273434456,0.648812365108157,-0.277961451006037,"pDC","4-Acetamidobutanoic acid",FALSE
"2897","HMDB0003681",0.000690388299844777,14312690.5,0.170376167016284,0.15314120123805,0.000998069888645727,0.153861060061443,"Oligo","4-Acetamidobutanoic acid",FALSE
"2898","HMDB0003681",3.4951957777254e-144,50822609,0.0674509654287552,0.161285614934215,3.05190265469681e-143,-1.25770677245062,"Mast","4-Acetamidobutanoic acid",FALSE
"2899","HMDB0003681",0,74090254,0.0529405273945527,0.170376075053283,0,-1.68627828812437,"NK","4-Acetamidobutanoic acid",FALSE
"2900","HMDB0003681",3.63471345432381e-120,52713900,0.25837293640981,0.147804426532307,7.65427892145837e-119,0.805765484288672,"Endo","4-Acetamidobutanoic acid",FALSE
"2901","HMDB0003712",6.2568838294296e-194,131289205.5,0.161757480971743,0.113214192132401,2.26259031407656e-193,0.514777614950336,"Epi","(2E)-Dodecenoyl-CoA",FALSE
"2902","HMDB0003712",7.51024738638568e-118,87443990.5,0.0882919728733703,0.125617620816915,2.53647977766611e-117,-0.508684664916577,"B","(2E)-Dodecenoyl-CoA",FALSE
"2903","HMDB0003712",2.48178720570871e-68,121123876,0.140106227494791,0.116869646037002,5.41755987587632e-68,0.261620808027344,"Myeloid","(2E)-Dodecenoyl-CoA",FALSE
"2904","HMDB0003712",9.84944243005172e-104,88649515,0.090110446314444,0.12531060183311,3.96191055051519e-103,-0.475742208780142,"T","(2E)-Dodecenoyl-CoA",FALSE
"2905","HMDB0003712",4.07663046946132e-17,15864919,0.163532583009918,0.119532250665564,1.07311302063761e-16,0.452178193507012,"Oligo","(2E)-Dodecenoyl-CoA",FALSE
"2906","HMDB0003712",1.80135258441639e-128,99780689,0.162108662659822,0.115226082522602,9.7709731094101e-128,0.492493865210212,"Fibro","(2E)-Dodecenoyl-CoA",FALSE
"2907","HMDB0003712",0.44179332545295,17770377,0.120677134841823,0.12021653103063,0.53796602215019,0.00551705368948768,"pDC","(2E)-Dodecenoyl-CoA",FALSE
"2908","HMDB0003712",4.73667846242127e-160,84223005,0.0825515986990751,0.126586787484869,3.46067528478942e-159,-0.616758771272611,"NK","(2E)-Dodecenoyl-CoA",FALSE
"2909","HMDB0003712",9.46271712256509e-42,48559212,0.16075692316686,0.118060308100712,6.04937987478268e-41,0.445356858189686,"Endo","(2E)-Dodecenoyl-CoA",FALSE
"2910","HMDB0003712",1.19407783291337e-26,59307973,0.100192659984305,0.122060794833165,2.81236752751965e-26,-0.284823068083653,"Mast","(2E)-Dodecenoyl-CoA",FALSE
"2911","HMDB0003767",3.28239616061847e-09,16044848,-0.00452612385216675,0.0332654549474881,1.17509782550141e-08,NA,"pDC","4-Hydroxyphenylacetaldehyde",FALSE
"2912","HMDB0003767",0,98788430.5,0.233436283008124,0.014078166556617,0,4.05149745194257,"Mast","4-Hydroxyphenylacetaldehyde",FALSE
"2913","HMDB0003767",0,79299287.5,-0.0364207845846596,0.0441152182387928,0,NA,"Myeloid","4-Hydroxyphenylacetaldehyde",FALSE
"2914","HMDB0003767",9.41986334887713e-104,49798112.5,0.102501621108484,0.028740610245408,1.29704272265308e-102,1.83448412699382,"Endo","4-Hydroxyphenylacetaldehyde",FALSE
"2915","HMDB0003767",1.70762918994726e-164,96872492,0.11035147481867,0.023185967576144,1.05401939655365e-163,2.25078207264363,"Fibro","4-Hydroxyphenylacetaldehyde",FALSE
"2916","HMDB0003767",3.07025028756693e-42,98284319.5,-0.00054326984322864,0.0380578968237276,5.81560636480932e-42,NA,"B","4-Hydroxyphenylacetaldehyde",FALSE
"2917","HMDB0003767",2.95874088573613e-09,12103072.5,-0.00889349407323215,0.0331450029811958,5.75668063637791e-09,NA,"Oligo","4-Hydroxyphenylacetaldehyde",FALSE
"2918","HMDB0003767",4.88910519664073e-38,98728214.5,0.000242872031271464,0.0379251698484617,1.05439738578156e-37,-7.2868154701527,"T","4-Hydroxyphenylacetaldehyde",FALSE
"2919","HMDB0003767",0.142269895842661,105716538.5,0.0104493442019016,0.0362019768431214,0.151585186641883,-1.79265607719882,"Epi","4-Hydroxyphenylacetaldehyde",FALSE
"2920","HMDB0003767",2.44120504893981e-41,98377446.5,-0.000293036120061196,0.0380156490230915,4.85528559733584e-41,NA,"NK","4-Hydroxyphenylacetaldehyde",FALSE
"2921","HMDB0003791",1.70762918994726e-164,96872492,0.11035147481867,0.023185967576144,1.05401939655365e-163,2.25078207264363,"Fibro","3,4-Dihydroxyphenylacetaldehyde",FALSE
"2922","HMDB0003791",0,98788430.5,0.233436283008124,0.014078166556617,0,4.05149745194257,"Mast","3,4-Dihydroxyphenylacetaldehyde",FALSE
"2923","HMDB0003791",2.44120504893981e-41,98377446.5,-0.000293036120061196,0.0380156490230915,4.85528559733584e-41,NA,"NK","3,4-Dihydroxyphenylacetaldehyde",FALSE
"2924","HMDB0003791",0,79299287.5,-0.0364207845846596,0.0441152182387928,0,NA,"Myeloid","3,4-Dihydroxyphenylacetaldehyde",FALSE
"2925","HMDB0003791",3.07025028756693e-42,98284319.5,-0.00054326984322864,0.0380578968237276,5.81560636480932e-42,NA,"B","3,4-Dihydroxyphenylacetaldehyde",FALSE
"2926","HMDB0003791",2.95874088573613e-09,12103072.5,-0.00889349407323215,0.0331450029811958,5.75668063637791e-09,NA,"Oligo","3,4-Dihydroxyphenylacetaldehyde",FALSE
"2927","HMDB0003791",9.41986334887713e-104,49798112.5,0.102501621108484,0.028740610245408,1.29704272265308e-102,1.83448412699382,"Endo","3,4-Dihydroxyphenylacetaldehyde",FALSE
"2928","HMDB0003791",3.28239616061847e-09,16044848,-0.00452612385216675,0.0332654549474881,1.17509782550141e-08,NA,"pDC","3,4-Dihydroxyphenylacetaldehyde",FALSE
"2929","HMDB0003791",4.88910519664073e-38,98728214.5,0.000242872031271464,0.0379251698484617,1.05439738578156e-37,-7.2868154701527,"T","3,4-Dihydroxyphenylacetaldehyde",FALSE
"2930","HMDB0003791",0.142269895842661,105716538.5,0.0104493442019016,0.0362019768431214,0.151585186641883,-1.79265607719882,"Epi","3,4-Dihydroxyphenylacetaldehyde",FALSE
"2931","HMDB0003840",0.182635140311829,13194789.5,-0.00298914203843841,0.0152676912625651,0.217944600772115,NA,"Oligo","Phosphoroselenoic acid",FALSE
"2932","HMDB0003840",9.8279799607726e-19,43811042.5,0.0500334999374739,0.0131067066390407,3.2882400242585e-18,1.93258915424874,"Endo","Phosphoroselenoic acid",FALSE
"2933","HMDB0003840",2.0104322166744e-10,84492959.5,0.0213386336765174,0.0142206798174329,2.99889472320599e-10,0.585477368205574,"Fibro","Phosphoroselenoic acid",FALSE
"2934","HMDB0003840",0.0415188829227415,105775018,0.00297858516497804,0.0170060111109912,0.0457346464195121,-2.51334567067139,"Myeloid","Phosphoroselenoic acid",FALSE
"2935","HMDB0003840",1.51013470532261e-21,102689653.5,0.00567668089664793,0.0165504825390395,2.32029280903646e-21,-1.54375372950116,"B","Phosphoroselenoic acid",FALSE
"2936","HMDB0003840",2.54846979040924e-48,112626178,0.0233175129984,0.0135721215561335,4.3653214591699e-48,0.780767665189955,"Epi","Phosphoroselenoic acid",FALSE
"2937","HMDB0003840",1.53435696925083e-08,64470839.5,0.010757098875047,0.0153665320545748,2.29832550205774e-08,-0.514502567695538,"Mast","Phosphoroselenoic acid",FALSE
"2938","HMDB0003840",7.49464168286985e-09,104235142.5,0.0120845855178808,0.0154686144618433,1.02407699330817e-08,-0.356175987239876,"T","Phosphoroselenoic acid",FALSE
"2939","HMDB0003840",3.00512959190028e-18,103028389.5,0.00824162974204902,0.0161174336034661,4.53939406708988e-18,-0.967620483614841,"NK","Phosphoroselenoic acid",FALSE
"2940","HMDB0003840",6.17699163352186e-39,19688749.5,0.0847338383657913,0.0135033384718471,9.6146217600036e-38,2.64962209001543,"pDC","Phosphoroselenoic acid",FALSE
"2941","HMDB0003871",0.00376313474477612,106341174,0.00131090288779464,0.00454395023245861,0.00437403324230472,-1.79338621973716,"Myeloid","13-L-Hydroperoxylinoleic acid",FALSE
"2942","HMDB0003871",1.0346246671473e-07,106113000,0,0.00476527437356863,1.31345968382529e-07,-Inf,"NK","13-L-Hydroperoxylinoleic acid",FALSE
"2943","HMDB0003871",4.11855521111546e-52,108044343,0.0156080700122983,0.00213011144729845,7.44668063423906e-52,2.87329133524207,"Epi","13-L-Hydroperoxylinoleic acid",FALSE
"2944","HMDB0003871",0.769473856458226,17522633,0.00451228037582526,0.00406773477110644,0.827242164000135,0.149631099986352,"pDC","13-L-Hydroperoxylinoleic acid",FALSE
"2945","HMDB0003871",9.05058048724619e-06,106196037,0.000589733150454139,0.00466570774340585,1.14491442206153e-05,-2.98396174152622,"T","13-L-Hydroperoxylinoleic acid",FALSE
"2946","HMDB0003871",0.997141981293522,66307619,0.00544818115511406,0.00395136807511391,0.997141981293522,0.463422433067316,"Mast","13-L-Hydroperoxylinoleic acid",FALSE
"2947","HMDB0003871",0.00828127178634789,41385363,0.000318509853662537,0.00427778195902247,0.0120516069085876,-3.74745303879763,"Endo","13-L-Hydroperoxylinoleic acid",FALSE
"2948","HMDB0003871",0.0018725268139091,106321176,0.00261128303916833,0.00432440268031043,0.0020818776378244,-0.727742029341648,"B","13-L-Hydroperoxylinoleic acid",FALSE
"2949","HMDB0003871",0.00223955802300005,82446927,0.00566259619836676,0.00388765278455097,0.00277426218766097,0.542564280229492,"Fibro","13-L-Hydroperoxylinoleic acid",FALSE
"2950","HMDB0003871",0.101218791029261,13334490,0,0.00414226746295238,0.124097010919436,-Inf,"Oligo","13-L-Hydroperoxylinoleic acid",FALSE
"2951","HMDB0003935",1.48642681214399e-50,93083088,0.231158858442874,0.187595844489023,3.77404821806773e-50,0.301256779935375,"Fibro","3-Oxotetradecanoyl-CoA",FALSE
"2952","HMDB0003935",0.00633985173144752,18428938.5,0.207311061230936,0.191922843781025,0.0116993140198877,0.111270654765929,"pDC","3-Oxotetradecanoyl-CoA",FALSE
"2953","HMDB0003935",7.67215720601471e-173,83370022.5,0.129171385131455,0.202890202864873,3.86849616866657e-172,-0.651412691685187,"B","3-Oxotetradecanoyl-CoA",FALSE
"2954","HMDB0003935",2.90585115524196e-38,117340540.5,0.215485679221508,0.188317470450547,4.54277167500707e-38,0.194425146854838,"Epi","3-Oxotetradecanoyl-CoA",FALSE
"2955","HMDB0003935",7.7217775354509e-68,92180170.5,0.154015209579369,0.198695736471506,2.22935190136405e-67,-0.367488086684347,"T","3-Oxotetradecanoyl-CoA",FALSE
"2956","HMDB0003935",1.08568921026688e-239,134033022,0.266960483649994,0.17962680618776,3.66676167241079e-239,0.571623541976091,"Myeloid","3-Oxotetradecanoyl-CoA",FALSE
"2957","HMDB0003935",6.98509503434876e-56,93552628,0.159656829131314,0.197743242878403,1.6671093481979e-55,-0.308654133141014,"NK","3-Oxotetradecanoyl-CoA",FALSE
"2958","HMDB0003935",5.59224382098279e-28,16612035,0.286456166047099,0.190732371681132,1.87104980178677e-27,0.586764669464245,"Oligo","3-Oxotetradecanoyl-CoA",FALSE
"2959","HMDB0003935",1.14633135208205e-06,44058945.5,0.213151117070743,0.191124519706133,2.05193312022686e-06,0.157363740005625,"Endo","3-Oxotetradecanoyl-CoA",FALSE
"2960","HMDB0003935",3.61050109142295e-14,61353371.5,0.17054119393632,0.194229213973471,6.33607544475203e-14,-0.187639950637159,"Mast","3-Oxotetradecanoyl-CoA",FALSE
"2961","HMDB0003937",3.61050109142295e-14,61353371.5,0.17054119393632,0.194229213973471,6.33607544475203e-14,-0.187639950637159,"Mast","3-Oxododecanoyl-CoA",FALSE
"2962","HMDB0003937",7.67215720601471e-173,83370022.5,0.129171385131455,0.202890202864873,3.86849616866657e-172,-0.651412691685187,"B","3-Oxododecanoyl-CoA",FALSE
"2963","HMDB0003937",2.90585115524196e-38,117340540.5,0.215485679221508,0.188317470450547,4.54277167500707e-38,0.194425146854838,"Epi","3-Oxododecanoyl-CoA",FALSE
"2964","HMDB0003937",7.7217775354509e-68,92180170.5,0.154015209579369,0.198695736471506,2.22935190136405e-67,-0.367488086684347,"T","3-Oxododecanoyl-CoA",FALSE
"2965","HMDB0003937",1.08568921026688e-239,134033022,0.266960483649994,0.17962680618776,3.66676167241079e-239,0.571623541976091,"Myeloid","3-Oxododecanoyl-CoA",FALSE
"2966","HMDB0003937",6.98509503434876e-56,93552628,0.159656829131314,0.197743242878403,1.6671093481979e-55,-0.308654133141014,"NK","3-Oxododecanoyl-CoA",FALSE
"2967","HMDB0003937",5.59224382098279e-28,16612035,0.286456166047099,0.190732371681132,1.87104980178677e-27,0.586764669464245,"Oligo","3-Oxododecanoyl-CoA",FALSE
"2968","HMDB0003937",1.14633135208205e-06,44058945.5,0.213151117070743,0.191124519706133,2.05193312022686e-06,0.157363740005625,"Endo","3-Oxododecanoyl-CoA",FALSE
"2969","HMDB0003937",1.48642681214399e-50,93083088,0.231158858442874,0.187595844489023,3.77404821806773e-50,0.301256779935375,"Fibro","3-Oxododecanoyl-CoA",FALSE
"2970","HMDB0003937",0.00633985173144752,18428938.5,0.207311061230936,0.191922843781025,0.0116993140198877,0.111270654765929,"pDC","3-Oxododecanoyl-CoA",FALSE
"2971","HMDB0003939",3.61050109142295e-14,61353371.5,0.17054119393632,0.194229213973471,6.33607544475203e-14,-0.187639950637159,"Mast","3-Oxodecanoyl-CoA",FALSE
"2972","HMDB0003939",7.67215720601471e-173,83370022.5,0.129171385131455,0.202890202864873,3.86849616866657e-172,-0.651412691685187,"B","3-Oxodecanoyl-CoA",FALSE
"2973","HMDB0003939",2.90585115524196e-38,117340540.5,0.215485679221508,0.188317470450547,4.54277167500707e-38,0.194425146854838,"Epi","3-Oxodecanoyl-CoA",FALSE
"2974","HMDB0003939",7.7217775354509e-68,92180170.5,0.154015209579369,0.198695736471506,2.22935190136405e-67,-0.367488086684347,"T","3-Oxodecanoyl-CoA",FALSE
"2975","HMDB0003939",5.59224382098279e-28,16612035,0.286456166047099,0.190732371681132,1.87104980178677e-27,0.586764669464245,"Oligo","3-Oxodecanoyl-CoA",FALSE
"2976","HMDB0003939",1.08568921026688e-239,134033022,0.266960483649994,0.17962680618776,3.66676167241079e-239,0.571623541976091,"Myeloid","3-Oxodecanoyl-CoA",FALSE
"2977","HMDB0003939",1.48642681214399e-50,93083088,0.231158858442874,0.187595844489023,3.77404821806773e-50,0.301256779935375,"Fibro","3-Oxodecanoyl-CoA",FALSE
"2978","HMDB0003939",6.98509503434876e-56,93552628,0.159656829131314,0.197743242878403,1.6671093481979e-55,-0.308654133141014,"NK","3-Oxodecanoyl-CoA",FALSE
"2979","HMDB0003939",0.00633985173144752,18428938.5,0.207311061230936,0.191922843781025,0.0116993140198877,0.111270654765929,"pDC","3-Oxodecanoyl-CoA",FALSE
"2980","HMDB0003939",1.14633135208205e-06,44058945.5,0.213151117070743,0.191124519706133,2.05193312022686e-06,0.157363740005625,"Endo","3-Oxodecanoyl-CoA",FALSE
"2981","HMDB0003941",1.48642681214399e-50,93083088,0.231158858442874,0.187595844489023,3.77404821806773e-50,0.301256779935375,"Fibro","3-Oxooctanoyl-CoA",FALSE
"2982","HMDB0003941",0.00633985173144752,18428938.5,0.207311061230936,0.191922843781025,0.0116993140198877,0.111270654765929,"pDC","3-Oxooctanoyl-CoA",FALSE
"2983","HMDB0003941",7.67215720601471e-173,83370022.5,0.129171385131455,0.202890202864873,3.86849616866657e-172,-0.651412691685187,"B","3-Oxooctanoyl-CoA",FALSE
"2984","HMDB0003941",2.90585115524196e-38,117340540.5,0.215485679221508,0.188317470450547,4.54277167500707e-38,0.194425146854838,"Epi","3-Oxooctanoyl-CoA",FALSE
"2985","HMDB0003941",6.98509503434876e-56,93552628,0.159656829131314,0.197743242878403,1.6671093481979e-55,-0.308654133141014,"NK","3-Oxooctanoyl-CoA",FALSE
"2986","HMDB0003941",7.7217775354509e-68,92180170.5,0.154015209579369,0.198695736471506,2.22935190136405e-67,-0.367488086684347,"T","3-Oxooctanoyl-CoA",FALSE
"2987","HMDB0003941",1.14633135208205e-06,44058945.5,0.213151117070743,0.191124519706133,2.05193312022686e-06,0.157363740005625,"Endo","3-Oxooctanoyl-CoA",FALSE
"2988","HMDB0003941",1.08568921026688e-239,134033022,0.266960483649994,0.17962680618776,3.66676167241079e-239,0.571623541976091,"Myeloid","3-Oxooctanoyl-CoA",FALSE
"2989","HMDB0003941",3.61050109142295e-14,61353371.5,0.17054119393632,0.194229213973471,6.33607544475203e-14,-0.187639950637159,"Mast","3-Oxooctanoyl-CoA",FALSE
"2990","HMDB0003941",5.59224382098279e-28,16612035,0.286456166047099,0.190732371681132,1.87104980178677e-27,0.586764669464245,"Oligo","3-Oxooctanoyl-CoA",FALSE
"2991","HMDB0003943",1.19734282555722e-67,92028338,0.142657274335987,0.180551034218802,3.37518686259438e-67,-0.339853369988588,"NK","3-Oxohexanoyl-CoA",FALSE
"2992","HMDB0003943",2.93415921723231e-55,119755460.5,0.201101181552638,0.170683752905844,5.35933163147534e-55,0.236595820867587,"Epi","3-Oxohexanoyl-CoA",FALSE
"2993","HMDB0003943",3.79835527896525e-16,45807540.5,0.205686105800695,0.173441852226969,1.13317599155796e-15,0.245992273611153,"Endo","3-Oxohexanoyl-CoA",FALSE
"2994","HMDB0003943",4.83408010829082e-212,132697010,0.234757933102336,0.165001370405472,1.6024080358964e-211,0.508695904543529,"Myeloid","3-Oxohexanoyl-CoA",FALSE
"2995","HMDB0003943",2.34469532993812e-81,96272345,0.219091855500835,0.169822932527083,8.56531559303926e-81,0.367504564209448,"Fibro","3-Oxohexanoyl-CoA",FALSE
"2996","HMDB0003943",2.42653662225179e-39,17292356.5,0.273895717706263,0.173494229997458,1.0220001303131e-38,0.658739027009475,"Oligo","3-Oxohexanoyl-CoA",FALSE
"2997","HMDB0003943",3.16273548341143e-28,59015315,0.145929600159903,0.177746869984664,7.65040069636008e-28,-0.284551607856014,"Mast","3-Oxohexanoyl-CoA",FALSE
"2998","HMDB0003943",0.383926258141148,17807608,0.176725484113165,0.175042546359423,0.480579022428429,0.0138044635429998,"pDC","3-Oxohexanoyl-CoA",FALSE
"2999","HMDB0003943",2.50091981667181e-207,80825468,0.116460220649426,0.184973970853372,1.57075314801492e-206,-0.667485014757762,"B","3-Oxohexanoyl-CoA",FALSE
"3000","HMDB0003943",2.31287743847273e-63,92511320.5,0.143070350662385,0.180481293154071,6.41868312382354e-63,-0.33512458525591,"T","3-Oxohexanoyl-CoA",FALSE
"3001","HMDB0003944",3.82051449610385e-42,117841104.5,0.0889670679890575,0.066901360206305,7.08675745909418e-42,0.411235864180326,"Myeloid","trans-2-Hexenoyl-CoA",FALSE
"3002","HMDB0003944",1.50492205396931e-19,99149533,0.0681835261772428,0.0704103154336922,2.44891861509552e-19,-0.0463635939961866,"T","trans-2-Hexenoyl-CoA",FALSE
"3003","HMDB0003944",5.38439927711467e-17,88265384,0.0585338572863114,0.071468092033191,8.96565088933512e-17,-0.288027920432613,"Fibro","trans-2-Hexenoyl-CoA",FALSE
"3004","HMDB0003944",7.32195904944865e-10,111697083.5,0.0652601750104468,0.0709038746379462,9.26240756078663e-10,-0.119661611277373,"Epi","trans-2-Hexenoyl-CoA",FALSE
"3005","HMDB0003944",0.0680533985068501,18121763,0.0843935262648973,0.0697858770516984,0.101512986106051,0.274197235702457,"pDC","trans-2-Hexenoyl-CoA",FALSE
"3006","HMDB0003944",7.59449078594011e-53,93986337.5,0.0588436209646705,0.0719872030265628,1.70995452916136e-52,-0.29085443917687,"NK","trans-2-Hexenoyl-CoA",FALSE
"3007","HMDB0003944",9.71805784762645e-05,14529112.5,0.0688993197623891,0.0701077194066396,0.000153940916347357,-0.0250835655725286,"Oligo","trans-2-Hexenoyl-CoA",FALSE
"3008","HMDB0003944",0.861089144626384,66193458,0.0790702576801292,0.0692661051410076,0.865926724090577,0.190985573389036,"Mast","trans-2-Hexenoyl-CoA",FALSE
"3009","HMDB0003944",9.45107931628522e-20,46226049,0.0850289147761434,0.0692903305397448,3.3499865299308e-19,0.295299486476131,"Endo","trans-2-Hexenoyl-CoA",FALSE
"3010","HMDB0003944",1.7401029574361e-25,98002937,0.0653339943853535,0.0708914114647389,2.85760026955102e-25,-0.117777008889932,"B","trans-2-Hexenoyl-CoA",FALSE
"3011","HMDB0003945",1.10219538553928e-104,124768216,0.177444389537677,0.138819877571697,2.49737941786749e-104,0.354152798053448,"Epi","(2E)-Hexadecenoyl-CoA",FALSE
"3012","HMDB0003945",2.19874645272489e-182,103321312.5,0.201978299952679,0.137525150306636,1.60643108178676e-181,0.554504821965677,"Fibro","(2E)-Hexadecenoyl-CoA",FALSE
"3013","HMDB0003945",0.0181790032733512,18311231,0.151195923241242,0.144255167698166,0.0302701542877197,0.0677962381811992,"pDC","(2E)-Hexadecenoyl-CoA",FALSE
"3014","HMDB0003945",1.03082882349793e-143,127940459.5,0.182966701052618,0.137887527155532,2.95229375049807e-143,0.408089148338692,"Myeloid","(2E)-Hexadecenoyl-CoA",FALSE
"3015","HMDB0003945",8.27762406002552e-16,15772676,0.190878519554722,0.143654372625802,2.11670672392081e-15,0.410052851677138,"Oligo","(2E)-Hexadecenoyl-CoA",FALSE
"3016","HMDB0003945",2.02541210695663e-161,83994155.5,0.101310315284813,0.151673849250384,9.54075703013782e-161,-0.582191290729507,"B","(2E)-Hexadecenoyl-CoA",FALSE
"3017","HMDB0003945",1.70887353712682e-29,47421689.5,0.180392692263902,0.142475710577185,8.26725305799193e-29,0.340424908043758,"Endo","(2E)-Hexadecenoyl-CoA",FALSE
"3018","HMDB0003945",3.11185820541632e-06,63234700.5,0.135699002039511,0.145195809115216,4.35173920913689e-06,-0.0975897015552572,"Mast","(2E)-Hexadecenoyl-CoA",FALSE
"3019","HMDB0003945",3.91850060242777e-148,84957462,0.103043982003188,0.151381148470648,2.55058766485298e-147,-0.554925306611633,"T","(2E)-Hexadecenoyl-CoA",FALSE
"3020","HMDB0003945",2.88605060813385e-157,84290859.5,0.101081234230347,0.151712525774859,2.06641223542383e-156,-0.585825017885738,"NK","(2E)-Hexadecenoyl-CoA",FALSE
"3021","HMDB0003948",1.02317754246631e-94,123512860.5,0.150660092103627,0.116655605898576,2.21998521335114e-94,0.369041678547601,"Epi","(2E)-Decenoyl-CoA",FALSE
"3022","HMDB0003948",3.71891319053563e-70,92122139,0.0959841509510772,0.125886728835019,9.05694504905957e-70,-0.391258089416548,"B","(2E)-Decenoyl-CoA",FALSE
"3023","HMDB0003948",5.24507007184904e-98,123809860,0.149530070221514,0.11684639129147,1.35088855087911e-97,0.3558224586009,"Myeloid","(2E)-Decenoyl-CoA",FALSE
"3024","HMDB0003948",0.913170840022562,17547617,0.119217532312013,0.121617159075761,0.920887776698809,-0.0287503779660729,"pDC","(2E)-Decenoyl-CoA",FALSE
"3025","HMDB0003948",1.86232862343617e-11,15337203,0.158908641431195,0.120969163586526,3.92184498347147e-11,0.393558245371471,"Oligo","(2E)-Decenoyl-CoA",FALSE
"3026","HMDB0003948",3.55796734771641e-92,96827487,0.1584065087024,0.117169522515192,1.43118237132862e-91,0.435034262217297,"Fibro","(2E)-Decenoyl-CoA",FALSE
"3027","HMDB0003948",6.20968560001900e-152,85125656,0.0826966230189279,0.12813010684146,4.11679156445704e-151,-0.631709184672213,"NK","(2E)-Decenoyl-CoA",FALSE
"3028","HMDB0003948",1.47091129446542e-80,91057347.5,0.0933452323995976,0.126332266324716,5.16261022959433e-80,-0.436574918742401,"T","(2E)-Decenoyl-CoA",FALSE
"3029","HMDB0003948",2.52268833369921e-11,62000920,0.110020996868984,0.122624873228312,4.12384668248547e-11,-0.156472764957666,"Mast","(2E)-Decenoyl-CoA",FALSE
"3030","HMDB0003948",9.78457965043818e-24,46671672,0.153998576069665,0.119834457032958,3.93581967961446e-23,0.36187421296432,"Endo","(2E)-Decenoyl-CoA",FALSE
"3031","HMDB0003949",3.55796734771641e-92,96827487,0.1584065087024,0.117169522515192,1.43118237132862e-91,0.435034262217297,"Fibro","(2E)-Octenoyl-CoA",FALSE
"3032","HMDB0003949",1.86232862343617e-11,15337203,0.158908641431195,0.120969163586526,3.92184498347147e-11,0.393558245371471,"Oligo","(2E)-Octenoyl-CoA",FALSE
"3033","HMDB0003949",5.24507007184904e-98,123809860,0.149530070221514,0.11684639129147,1.35088855087911e-97,0.3558224586009,"Myeloid","(2E)-Octenoyl-CoA",FALSE
"3034","HMDB0003949",2.52268833369921e-11,62000920,0.110020996868984,0.122624873228312,4.12384668248547e-11,-0.156472764957666,"Mast","(2E)-Octenoyl-CoA",FALSE
"3035","HMDB0003949",3.71891319053563e-70,92122139,0.0959841509510772,0.125886728835019,9.05694504905957e-70,-0.391258089416548,"B","(2E)-Octenoyl-CoA",FALSE
"3036","HMDB0003949",1.47091129446542e-80,91057347.5,0.0933452323995976,0.126332266324716,5.16261022959433e-80,-0.436574918742401,"T","(2E)-Octenoyl-CoA",FALSE
"3037","HMDB0003949",0.913170840022562,17547617,0.119217532312013,0.121617159075761,0.920887776698809,-0.0287503779660729,"pDC","(2E)-Octenoyl-CoA",FALSE
"3038","HMDB0003949",9.78457965043818e-24,46671672,0.153998576069665,0.119834457032958,3.93581967961446e-23,0.36187421296432,"Endo","(2E)-Octenoyl-CoA",FALSE
"3039","HMDB0003949",1.02317754246631e-94,123512860.5,0.150660092103627,0.116655605898576,2.21998521335114e-94,0.369041678547601,"Epi","(2E)-Octenoyl-CoA",FALSE
"3040","HMDB0003949",6.20968560001900e-152,85125656,0.0826966230189279,0.12813010684146,4.11679156445704e-151,-0.631709184672213,"NK","(2E)-Octenoyl-CoA",FALSE
"3041","HMDB0004045",0.000122011518773467,42769054,0.0916022018457731,0.0669490956335839,0.000195000552325451,0.452317709489128,"Endo","3-Sulfopyruvic acid",FALSE
"3042","HMDB0004045",7.47819981979036e-48,60436342,0.0349744737529412,0.0712424667749689,2.73183217906628e-47,-1.02643512082016,"Mast","3-Sulfopyruvic acid",FALSE
"3043","HMDB0004045",1.17662094638201e-06,18520307,0.0993716384274651,0.067539805013419,3.42463657564846e-06,0.557096137895893,"pDC","3-Sulfopyruvic acid",FALSE
"3044","HMDB0004045",1.06643993698984e-69,97574155,0.041822195923662,0.0726530039302977,2.56231877478095e-69,-0.79675363482286,"B","3-Sulfopyruvic acid",FALSE
"3045","HMDB0004045",3.71129353753954e-14,110492103,0.0648650614708169,0.0687625994820189,5.35743180015789e-14,-0.0841824822916905,"Myeloid","3-Sulfopyruvic acid",FALSE
"3046","HMDB0004045",0,125976159,0.125230658754725,0.0585708727752979,0,1.09633250605041,"Epi","3-Sulfopyruvic acid",FALSE
"3047","HMDB0004045",7.5033150181082e-38,15723776,0.181482801064336,0.0663846683100494,3.01818738930645e-37,1.45091084053789,"Oligo","3-Sulfopyruvic acid",FALSE
"3048","HMDB0004045",4.69770367919565e-47,99234187.5,0.0491784957735202,0.0714110150986485,1.1598468394152e-46,-0.538119018326984,"T","3-Sulfopyruvic acid",FALSE
"3049","HMDB0004045",3.14181719182159e-17,85990844,0.0802688024318437,0.0667587807061502,5.2559371713651e-17,0.265881768205926,"Fibro","3-Sulfopyruvic acid",FALSE
"3050","HMDB0004045",6.117625679656e-74,97295834.5,0.0452307112010407,0.0720775328383884,1.85602541806513e-73,-0.67224694872093,"NK","3-Sulfopyruvic acid",FALSE
"3051","HMDB0004058",3.11568079602236e-19,20302943.5,0.739235743654401,0.540515150927014,2.18708573524707e-18,0.45169945784474,"pDC","5,6-Dihydroxyindole",FALSE
"3052","HMDB0004058",0.00115348370767037,84386875,0.555578215840499,0.54332772645713,0.00144387121449647,0.0321673617249324,"Fibro","5,6-Dihydroxyindole",FALSE
"3053","HMDB0004058",1.10753570536456e-143,126224063,0.738030667119421,0.511982462908101,3.02670062992756e-143,0.527586371315511,"Epi","5,6-Dihydroxyindole",FALSE
"3054","HMDB0004058",5.54702636806956e-09,62774810,0.505499156010475,0.548218332611045,8.4503635734847e-09,-0.117041889809092,"Mast","5,6-Dihydroxyindole",FALSE
"3055","HMDB0004058",1.67466647370674e-56,94444229,0.428849828068009,0.564182503267954,4.44096738953342e-56,-0.395689382687279,"T","5,6-Dihydroxyindole",FALSE
"3056","HMDB0004058",1.61546355803359e-16,15634897.5,0.794994736414383,0.540623124946633,4.22143031953304e-16,0.556322084560987,"Oligo","5,6-Dihydroxyindole",FALSE
"3057","HMDB0004058",1.63877327276891e-87,91377736,0.409256504029709,0.567490510027755,5.92606900657849e-87,-0.471590922219162,"NK","5,6-Dihydroxyindole",FALSE
"3058","HMDB0004058",2.63997840102025e-94,122443293,0.669925845385136,0.523480828893967,6.47337169565238e-94,0.355864708148556,"Myeloid","5,6-Dihydroxyindole",FALSE
"3059","HMDB0004058",8.05009529552996e-14,37958149,0.435893596804867,0.550444801325778,2.1347660117035e-13,-0.33662188647396,"Endo","5,6-Dihydroxyindole",FALSE
"3060","HMDB0004058",2.82602461978868e-26,98465766,0.474688718492555,0.556443369311421,4.66228946490483e-26,-0.229253105296366,"B","5,6-Dihydroxyindole",FALSE
"3061","HMDB0004061",1.81229347015141e-07,12271468.5,0.00502518896874836,0.0677024194102083,3.27677304199093e-07,-3.75195763682652,"Oligo","3-Methoxy-4-hydroxyphenylglycolaldehyde",FALSE
"3062","HMDB0004061",2.64608932805501e-104,49724113.5,0.197297501882759,0.0597363413318227,4.11869556279867e-103,1.72369190442951,"Endo","3-Methoxy-4-hydroxyphenylglycolaldehyde",FALSE
"3063","HMDB0004061",3.82808446275179e-21,87203151,0.0990529812519346,0.0628534225659158,6.85227118832571e-21,0.656209091299725,"Fibro","3-Methoxy-4-hydroxyphenylglycolaldehyde",FALSE
"3064","HMDB0004061",0,100869317.5,0.483909011749629,0.0285062046507402,0,4.0853879314348,"Mast","3-Methoxy-4-hydroxyphenylglycolaldehyde",FALSE
"3065","HMDB0004061",0,75851951.5,-0.0399916628252362,0.0847295708389187,0,NA,"Myeloid","3-Methoxy-4-hydroxyphenylglycolaldehyde",FALSE
"3066","HMDB0004061",9.35876332140912e-09,16104748,-0.00431180551605243,0.0682174687433045,3.19089263720425e-08,NA,"pDC","3-Methoxy-4-hydroxyphenylglycolaldehyde",FALSE
"3067","HMDB0004061",6.21717072629571e-39,98724426.5,-0.00042033019609192,0.0780486097332047,1.1355852653132e-38,NA,"B","3-Methoxy-4-hydroxyphenylglycolaldehyde",FALSE
"3068","HMDB0004061",1.53007327536153e-44,115077625.5,0.0765297106139414,0.0650568756778217,2.53595478046032e-44,0.234318404955281,"Epi","3-Methoxy-4-hydroxyphenylglycolaldehyde",FALSE
"3069","HMDB0004061",2.15295939404542e-33,99335126.5,0.00170579852533027,0.0776896482742443,4.2118003446353e-33,-5.50920321737494,"T","3-Methoxy-4-hydroxyphenylglycolaldehyde",FALSE
"3070","HMDB0004061",9.46991168295634e-38,98850833.5,0.000619321871450571,0.0778730817798799,1.80331296941403e-37,-6.9742915149913,"NK","3-Methoxy-4-hydroxyphenylglycolaldehyde",FALSE
"3071","HMDB0004062",0.00336959435892211,13182097,0.00293176901765204,0.0192803523253346,0.00463967223266968,-2.71728806643872,"Oligo","Gentisate aldehyde",FALSE
"3072","HMDB0004062",0,95661720,0.175162107853655,0.000382419290490565,0,8.83931970122218,"Fibro","Gentisate aldehyde",FALSE
"3073","HMDB0004062",3.96272593946103e-17,64984795,0,0.0207646953675982,7.62718218455402e-17,-Inf,"Mast","Gentisate aldehyde",FALSE
"3074","HMDB0004062",5.23158909477789e-05,17184699,0,0.0194252022721247,0.00013006311777295,-Inf,"pDC","Gentisate aldehyde",FALSE
"3075","HMDB0004062",3.16673243054793e-30,104337000,0,0.022234198683753,5.34759533083094e-30,-Inf,"B","Gentisate aldehyde",FALSE
"3076","HMDB0004062",8.33426160337293e-19,104848981,0.00176385590186376,0.0219364009626888,1.13017638409375e-18,-3.63652223674326,"Epi","Gentisate aldehyde",FALSE
"3077","HMDB0004062",3.32648292897277e-29,104378089,0.000210685734322047,0.0221986279030132,6.14436808096628e-29,-6.7192340645634,"T","Gentisate aldehyde",FALSE
"3078","HMDB0004062",1.02498406288175e-29,104357429,7.05427513078273e-05,0.0222222887139222,1.74735378338888e-29,-8.29929384998472,"Myeloid","Gentisate aldehyde",FALSE
"3079","HMDB0004062",3.16673243054793e-30,104337000,0,0.022234198683753,5.55730495164784e-30,-Inf,"NK","Gentisate aldehyde",FALSE
"3080","HMDB0004062",1.30142381394622e-10,40740952,0,0.0200390290082224,2.87598595921449e-10,-Inf,"Endo","Gentisate aldehyde",FALSE
"3081","HMDB0004063",4.39030989223695e-40,21627891,0.677300077643775,0.367154560800364,7.4844330543849e-39,0.883407639876945,"pDC","Metanephrine",FALSE
"3082","HMDB0004063",3.03223734917498e-51,17479330,0.860535735013636,0.365781633688667,1.67006303231483e-50,1.23425246599717,"Oligo","Metanephrine",FALSE
"3083","HMDB0004063",1.10835008484115e-52,92474450.5,0.499628478988792,0.358535821779868,2.93918022498615e-52,0.478738445720183,"Fibro","Metanephrine",FALSE
"3084","HMDB0004063",1.12529501260846e-81,91942461,0.234437098853557,0.397075773634036,3.62932986048493e-81,-0.760213452627955,"NK","Metanephrine",FALSE
"3085","HMDB0004063",4.90794652801031e-120,88759009,0.186106007041809,0.405235674328236,2.47471106623619e-119,-1.12263656249386,"T","Metanephrine",FALSE
"3086","HMDB0004063",0.0127885222796663,40349468.5,0.3314947381778,0.375832264542798,0.0181678213338117,-0.181102954327222,"Endo","Metanephrine",FALSE
"3087","HMDB0004063",0,154273158.5,0.921261569877933,0.281116889449606,0,1.71244069957546,"Myeloid","Metanephrine",FALSE
"3088","HMDB0004063",9.61288546713197e-196,83737736.5,0.12778789108926,0.415081717879232,5.64166065120204e-195,-1.69964425434563,"B","Metanephrine",FALSE
"3089","HMDB0004063",3.77342682781649e-146,126345456,0.559027689131071,0.342274053175229,1.04719907314597e-145,0.707767812911667,"Epi","Metanephrine",FALSE
"3090","HMDB0004063",0,37023801,-0.204430401142115,0.426519364688933,0,NA,"Mast","Metanephrine",FALSE
"3091","HMDB0004077",8.31888872219821e-31,15115938,0.00108948124514815,0.0904218272541104,9.60697471789342e-30,-6.37495780555267,"pDC","4,6-Dihydroxyquinoline",FALSE
"3092","HMDB0004077",6.70954748897642e-230,90032500.5,0.00240858642522975,0.103117091339303,8.28282069328813e-229,-5.41995297270978,"NK","4,6-Dihydroxyquinoline",FALSE
"3093","HMDB0004077",2.18047888502231e-89,47949831.5,0.20284100939182,0.0824640689756526,2.51810142205803e-88,1.29851180463568,"Endo","4,6-Dihydroxyquinoline",FALSE
"3094","HMDB0004077",0,99669992.5,0.501631436453525,0.0507408392118095,0,3.30540847670027,"Mast","4,6-Dihydroxyquinoline",FALSE
"3095","HMDB0004077",5.34063876829133e-85,90980721.5,0.136511641539981,0.0828468292159482,2.01257755689294e-84,0.720505600029349,"Fibro","4,6-Dihydroxyquinoline",FALSE
"3096","HMDB0004077",0,126034009.5,0.133767428655695,0.0809393364464334,0,0.724813946822904,"Epi","4,6-Dihydroxyquinoline",FALSE
"3097","HMDB0004077",4.71921339729363e-236,89810040.5,0.000862343178760593,0.103378148784258,3.839723627798e-235,-6.90545343800125,"B","4,6-Dihydroxyquinoline",FALSE
"3098","HMDB0004077",4.33576742205994e-192,91470990.5,0.00578971964385214,0.102546243252417,1.41109521554314e-191,-4.14663733976068,"Myeloid","4,6-Dihydroxyquinoline",FALSE
"3099","HMDB0004077",1.2270864203752e-210,90749055,0.00376143169300201,0.102888685925193,1.33120284392219e-209,-4.77365864439174,"T","4,6-Dihydroxyquinoline",FALSE
"3100","HMDB0004077",5.63603482643502e-11,12199682.5,0.027837366083961,0.0895431655158018,1.17308166736264e-10,-1.68556060835174,"Oligo","4,6-Dihydroxyquinoline",FALSE
"3101","HMDB0004083",5.63481077037493e-45,100563495,0.0217994898289445,0.0314047722505051,1.16604754670186e-44,-0.526689434691312,"NK","4-(2-Amino-3-hydroxyphenyl)-2,4-dioxobutanoic acid",FALSE
"3102","HMDB0004083",0.018214163422451,40906834,0.0286756795736509,0.0300890182432714,0.0256719311229822,-0.069409358089919,"Endo","4-(2-Amino-3-hydroxyphenyl)-2,4-dioxobutanoic acid",FALSE
"3103","HMDB0004083",4.80311107387399e-47,87632518,0.0442248811182035,0.0283212113791764,1.1941067808659e-46,0.642975289851265,"Fibro","4-(2-Amino-3-hydroxyphenyl)-2,4-dioxobutanoic acid",FALSE
"3104","HMDB0004083",0.487914745945669,17390579.5,0.0264871694153713,0.0300920491271599,0.590113104893748,-0.184088674242751,"pDC","4-(2-Amino-3-hydroxyphenyl)-2,4-dioxobutanoic acid",FALSE
"3105","HMDB0004083",1.49791220007023e-24,102216675.5,0.0247535790261105,0.0309060234412588,2.43751167102338e-24,-0.320250906056823,"B","4-(2-Amino-3-hydroxyphenyl)-2,4-dioxobutanoic acid",FALSE
"3106","HMDB0004083",6.80974785836079e-11,64094909.5,0.0269640963655827,0.0302969505525993,1.103117526377e-10,-0.168132904590964,"Mast","4-(2-Amino-3-hydroxyphenyl)-2,4-dioxobutanoic acid",FALSE
"3107","HMDB0004083",8.23450400368173e-05,104921030,0.0336482590411908,0.029404304715093,9.89245782992637e-05,0.194504484424151,"T","4-(2-Amino-3-hydroxyphenyl)-2,4-dioxobutanoic acid",FALSE
"3108","HMDB0004083",2.56673486936237e-36,112024917.5,0.0312218606616058,0.0298139617097891,3.91017482226268e-36,0.0665684221864158,"Epi","4-(2-Amino-3-hydroxyphenyl)-2,4-dioxobutanoic acid",FALSE
"3109","HMDB0004083",9.4401001416105e-18,110303336,0.0287722336630185,0.0302275404703137,1.43810887263683e-17,-0.0711863701385482,"Myeloid","4-(2-Amino-3-hydroxyphenyl)-2,4-dioxobutanoic acid",FALSE
"3110","HMDB0004083",0.000186840414785895,13958467,0.0497343404135629,0.0297014343918312,0.000289562201269915,0.743709737690737,"Oligo","4-(2-Amino-3-hydroxyphenyl)-2,4-dioxobutanoic acid",FALSE
"3111","HMDB0004089",0,144023072.5,0.342138162390326,-0.0071210101343954,0,NA,"Myeloid","Formylanthranilic acid",FALSE
"3112","HMDB0004089",7.94939349466093e-37,113048163,0.126860744815783,0.0292249999237748,1.43731458135789e-36,2.11797079145011,"B","Formylanthranilic acid",FALSE
"3113","HMDB0004089",1.90371518249171e-143,8802326,-0.443988792157949,0.0511355618484276,3.24538112062873e-142,NA,"Oligo","Formylanthranilic acid",FALSE
"3114","HMDB0004089",1.00658454312625e-26,101182657.5,-0.00397248629783551,0.0513140141249598,1.79282222109053e-26,NA,"T","Formylanthranilic acid",FALSE
"3115","HMDB0004089",7.57815455279397e-41,37300500.5,-0.0898489558111419,0.0504444286495368,4.59827005067837e-40,NA,"Endo","Formylanthranilic acid",FALSE
"3116","HMDB0004089",7.51500099708979e-20,101985131,0.00209599794515685,0.0502894515311742,1.16466249218967e-19,-4.58454661150331,"NK","Formylanthranilic acid",FALSE
"3117","HMDB0004089",1.78773130630654e-69,74342668.5,-0.0494042972152935,0.0543986081936391,5.71435542551554e-69,NA,"Fibro","Formylanthranilic acid",FALSE
"3118","HMDB0004089",3.91624815739815e-09,63950672,0.00817399749142273,0.0465476082024598,6.01723965814823e-09,-2.50959333268197,"Mast","Formylanthranilic acid",FALSE
"3119","HMDB0004089",1.31329893595569e-16,19213079.5,0.146360533093001,0.0411472354694971,7.58324224309896e-16,1.83065916589324,"pDC","Formylanthranilic acid",FALSE
"3120","HMDB0004089",2.02264655566201e-230,90164491.5,-0.0764148919606951,0.0635447089861551,9.28342906316666e-230,NA,"Epi","Formylanthranilic acid",FALSE
"3121","HMDB0004096",0.180771654332605,82160995,0,0.000629475829416275,0.189783730941562,-Inf,"Fibro","5-Methoxyindoleacetate",FALSE
"3122","HMDB0004096",0.241099718806537,66281215,0,0.000613843562346704,0.263151522355916,-Inf,"Mast","5-Methoxyindoleacetate",FALSE
"3123","HMDB0004096",0.111467030147306,106569000,0,0.000657284852213944,0.120196375881734,-Inf,"Myeloid","5-Methoxyindoleacetate",FALSE
"3124","HMDB0004096",0.370571799772672,41524756,0,0.000592391495979791,0.409458963946348,-Inf,"Endo","5-Methoxyindoleacetate",FALSE
"3125","HMDB0004096",0.0373970768649905,106672847,0.00128794695054546,0.00043983643915545,0.0404475937089625,1.55003413397961,"NK","5-Methoxyindoleacetate",FALSE
"3126","HMDB0004096",0.573078215558095,17504991,0,0.000574245619833791,0.651307940221581,-Inf,"pDC","5-Methoxyindoleacetate",FALSE
"3127","HMDB0004096",0.111467030147306,106569000,0,0.000657284852213944,0.119835425804011,-Inf,"Epi","5-Methoxyindoleacetate",FALSE
"3128","HMDB0004096",0.17814646773428,106652069,0.00102079702584793,0.000484940258959187,0.184859233185137,1.07381709680762,"B","5-Methoxyindoleacetate",FALSE
"3129","HMDB0004096",0.00486091987668769,106693619,0.0015843542032698,0.000389793006313251,0.00563174535875144,2.02311479394279,"T","5-Methoxyindoleacetate",FALSE
"3130","HMDB0004096",0.623951983104007,13384270,0,0.000571352128708244,0.68730710754226,-Inf,"Oligo","5-Methoxyindoleacetate",FALSE
"3131","HMDB0004119",3.75003999935677e-160,87490825,0.0172634168614331,0.100410541127042,2.73982514238719e-159,-2.54012078849474,"T","Selenohomocysteine",FALSE
"3132","HMDB0004119",3.56156455582088e-190,85753945,0.014861012981641,0.100816147049681,3.10985392922896e-189,-2.76212236040996,"NK","Selenohomocysteine",FALSE
"3133","HMDB0004119",0.00476824665104272,14098470,0.111787541553578,0.0880255722922441,0.00649061711434713,0.344764805513039,"Oligo","Selenohomocysteine",FALSE
"3134","HMDB0004119",5.34130380856973e-06,39526005,0.0640390529254894,0.089702011798519,9.23761721482108e-06,-0.48618836968393,"Endo","Selenohomocysteine",FALSE
"3135","HMDB0004119",4.03349584291296e-111,96141556,0.159490913203772,0.0799133762598011,1.95133988076059e-110,0.996965317324136,"Fibro","Selenohomocysteine",FALSE
"3136","HMDB0004119",3.75484883714064e-48,58153032.5,0.0399896544859361,0.0928338466312228,1.414985140733e-47,-1.21502408252598,"Mast","Selenohomocysteine",FALSE
"3137","HMDB0004119",1.06946473101421e-11,19464939,0.13401370959697,0.0874347790588887,4.66912650857422e-11,0.616101433974965,"pDC","Selenohomocysteine",FALSE
"3138","HMDB0004119",2.05129398111636e-122,89927792.5,0.0301235776484777,0.0982393169522917,7.34363245239658e-122,-1.70540740693004,"B","Selenohomocysteine",FALSE
"3139","HMDB0004119",0,144191062,0.238167197060141,0.0631146133541719,0,1.91592873749821,"Epi","Selenohomocysteine",FALSE
"3140","HMDB0004119",3.49855652807376e-71,119265135,0.116672244143411,0.0836270146570135,7.82802023156504e-71,0.480420423300662,"Myeloid","Selenohomocysteine",FALSE
"3141","HMDB0004181",1.53007327536153e-44,115077625.5,0.0765297106139414,0.0650568756778217,2.53595478046032e-44,0.234318404955281,"Epi","Methylimidazole acetaldehyde",FALSE
"3142","HMDB0004181",0,100869317.5,0.483909011749629,0.0285062046507402,0,4.0853879314348,"Mast","Methylimidazole acetaldehyde",FALSE
"3143","HMDB0004181",9.35876332140912e-09,16104748,-0.00431180551605243,0.0682174687433045,3.19089263720425e-08,NA,"pDC","Methylimidazole acetaldehyde",FALSE
"3144","HMDB0004181",2.64608932805501e-104,49724113.5,0.197297501882759,0.0597363413318227,4.11869556279867e-103,1.72369190442951,"Endo","Methylimidazole acetaldehyde",FALSE
"3145","HMDB0004181",0,75851951.5,-0.0399916628252362,0.0847295708389187,0,NA,"Myeloid","Methylimidazole acetaldehyde",FALSE
"3146","HMDB0004181",3.82808446275179e-21,87203151,0.0990529812519346,0.0628534225659158,6.85227118832571e-21,0.656209091299725,"Fibro","Methylimidazole acetaldehyde",FALSE
"3147","HMDB0004181",1.81229347015141e-07,12271468.5,0.00502518896874836,0.0677024194102083,3.27677304199093e-07,-3.75195763682652,"Oligo","Methylimidazole acetaldehyde",FALSE
"3148","HMDB0004181",2.15295939404542e-33,99335126.5,0.00170579852533027,0.0776896482742443,4.2118003446353e-33,-5.50920321737494,"T","Methylimidazole acetaldehyde",FALSE
"3149","HMDB0004181",9.46991168295634e-38,98850833.5,0.000619321871450571,0.0778730817798799,1.80331296941403e-37,-6.9742915149913,"NK","Methylimidazole acetaldehyde",FALSE
"3150","HMDB0004181",6.21717072629571e-39,98724426.5,-0.00042033019609192,0.0780486097332047,1.1355852653132e-38,NA,"B","Methylimidazole acetaldehyde",FALSE
"3151","HMDB0004243",0.681200942543817,106611000,0,3.34422922929549e-05,0.692812322246268,-Inf,"T","12(S)-HPETE",FALSE
"3152","HMDB0004243",0.681200942543817,106611000,0,3.34422922929549e-05,0.683109068433295,-Inf,"B","12(S)-HPETE",FALSE
"3153","HMDB0004243",0.681200942543817,106611000,0,3.34422922929549e-05,0.686957570227286,-Inf,"NK","12(S)-HPETE",FALSE
"3154","HMDB0004243",0.681200942543817,106611000,0,3.34422922929549e-05,0.685571263922165,-Inf,"Epi","12(S)-HPETE",FALSE
"3155","HMDB0004243",0.899429435550887,13388855,0,2.90700825161321e-05,0.907030247682303,-Inf,"Oligo","12(S)-HPETE",FALSE
"3156","HMDB0004243",0.729765153700155,82192005,0,3.20273844860146e-05,0.740101770608089,-Inf,"Fibro","12(S)-HPETE",FALSE
"3157","HMDB0004243",0.762240709999885,66305610,0,3.12320233229188e-05,0.770853599378414,-Inf,"Mast","12(S)-HPETE",FALSE
"3158","HMDB0004243",0.884459009595049,17511018,0,2.92173017554645e-05,0.907267408123288,-Inf,"pDC","12(S)-HPETE",FALSE
"3159","HMDB0004243",0.817275449751553,41539505,0,3.01405539678687e-05,0.833574390344888,-Inf,"Endo","12(S)-HPETE",FALSE
"3160","HMDB0004243",0.0149473189618775,106631769,0.000198078697251172,0,0.0169339879378233,Inf,"Myeloid","12(S)-HPETE",FALSE
"3161","HMDB0004259",5.06415811209258e-52,109685443.5,0.0159681191940844,0.0110636356622957,9.01974429914998e-52,0.529368841983355,"Epi","Acetyl-N-formyl-5-methoxykynurenamine",FALSE
"3162","HMDB0004259",9.97391745988564e-16,65026176,0.000680607286703468,0.0127878559623948,1.85008417131558e-15,-4.23180799198537,"Mast","Acetyl-N-formyl-5-methoxykynurenamine",FALSE
"3163","HMDB0004259",0.0102171309558962,81737818,0.0053726785314059,0.0125360362573311,0.0120717256838641,-1.22236783396866,"Fibro","Acetyl-N-formyl-5-methoxykynurenamine",FALSE
"3164","HMDB0004259",2.99662021901157e-262,45910900.5,0.10957380834478,0.00654602178866167,2.14558007681228e-260,4.06514077443527,"Endo","Acetyl-N-formyl-5-methoxykynurenamine",FALSE
"3165","HMDB0004259",0.00102509191326791,13153685,0.00124069071482771,0.011940795609739,0.00145052531600755,-3.26668354226816,"Oligo","Acetyl-N-formyl-5-methoxykynurenamine",FALSE
"3166","HMDB0004259",0.000815006055168881,17236870,0.00253998903427892,0.0119674820850273,0.0017683161681846,-2.23622547271195,"pDC","Acetyl-N-formyl-5-methoxykynurenamine",FALSE
"3167","HMDB0004259",1.34003064545196e-06,107592259.5,0.0176183597910192,0.0107850199950772,1.73815569228913e-06,0.708050769329885,"Myeloid","Acetyl-N-formyl-5-methoxykynurenamine",FALSE
"3168","HMDB0004259",2.91210337943042e-24,104557271.5,0.00173245584403759,0.0134670905584711,4.65416522248255e-24,-2.95854771615897,"B","Acetyl-N-formyl-5-methoxykynurenamine",FALSE
"3169","HMDB0004259",1.17423660600497e-25,104494861,0.00137557986992076,0.0135273431288099,1.93721983847825e-25,-3.29776669705032,"NK","Acetyl-N-formyl-5-methoxykynurenamine",FALSE
"3170","HMDB0004259",5.89674155554859e-23,104617477,0.00146277194822182,0.0135126221971366,1.00048979947223e-22,-3.20753089416719,"T","Acetyl-N-formyl-5-methoxykynurenamine",FALSE
"3171","HMDB0004366",4.38846791734395e-32,59527389.5,0.0893667154206691,0.116964482245261,1.1637566773401e-31,-0.388260997925879,"Mast","Hordenine",FALSE
"3172","HMDB0004366",9.44063770055277e-15,19800726,0.155975852304581,0.113774300889586,4.76020886872943e-14,0.455147971438006,"pDC","Hordenine",FALSE
"3173","HMDB0004366",0.104128008522971,40800849.5,0.110054560816174,0.114894562310879,0.127228078673118,-0.062091586455203,"Endo","Hordenine",FALSE
"3174","HMDB0004366",4.70052461962361e-64,94292738,0.0871187413402611,0.119297090384332,1.06505557837041e-63,-0.453503840831065,"B","Hordenine",FALSE
"3175","HMDB0004366",4.71089660965841e-09,85944202.5,0.120547539360048,0.113944886459926,6.88367749492943e-09,0.0812660208853038,"Fibro","Hordenine",FALSE
"3176","HMDB0004366",8.58632887187199e-26,98957194.5,0.106262391755344,0.116065003533904,1.42972359820008e-25,-0.127301939086292,"NK","Hordenine",FALSE
"3177","HMDB0004366",7.07836461495862e-10,14982090,0.16315314931637,0.11387195492791,1.43980371145181e-09,0.518814360631125,"Oligo","Hordenine",FALSE
"3178","HMDB0004366",0,133994016.5,0.18536137881832,0.102710455659014,0,0.851757629142889,"Epi","Hordenine",FALSE
"3179","HMDB0004366",1.06179347651043e-19,99991273,0.102633556998282,0.116677671904166,1.73571718991202e-19,-0.185025994548248,"T","Hordenine",FALSE
"3180","HMDB0004366",0.221366145926911,105722282.5,0.092586991460754,0.118373867335118,0.235860357862601,-0.354469208136822,"Myeloid","Hordenine",FALSE
"3181","HMDB0004369",1.37570363178763e-33,63310251.5,0.00839909485187593,0.0792333455204149,3.70302180586445e-33,-3.23780195337943,"Mast","N-Methylserotonin",FALSE
"3182","HMDB0004369",1.07449166073337e-08,12751540,0,0.07446462692677,2.05704820610987e-08,-Inf,"Oligo","N-Methylserotonin",FALSE
"3183","HMDB0004369",1.0002280568308e-73,100898855,0.00169021250508951,0.0853789202435871,3.00908944828091e-73,-5.65860336893439,"NK","N-Methylserotonin",FALSE
"3184","HMDB0004369",1.05599665295112e-09,16733489,0.0025131776858587,0.0747885413540726,3.97944001848947e-09,-4.89523266518992,"pDC","N-Methylserotonin",FALSE
"3185","HMDB0004369",8.74838869359845e-28,43686290.5,0.157193942370048,0.0688070225475753,3.86657179297314e-27,1.19191790176626,"Endo","N-Methylserotonin",FALSE
"3186","HMDB0004369",8.8579374300253e-74,100896757,0.00128477402489736,0.0854473717850682,2.85688432427843e-73,-6.05544958227126,"T","N-Methylserotonin",FALSE
"3187","HMDB0004369",2.73758105400711e-74,100876520,0.00114157183832943,0.0854715490915966,7.05074832614782e-74,-6.22635071477614,"B","N-Methylserotonin",FALSE
"3188","HMDB0004369",0,112466629,0.592199282307556,0.0113424200179116,0,5.70628235055531,"Fibro","N-Methylserotonin",FALSE
"3189","HMDB0004369",9.61104838305536e-62,101396946,0.00398656617443525,0.0849912191344624,1.81092385322833e-61,-4.4140952747247,"Epi","N-Methylserotonin",FALSE
"3190","HMDB0004369",2.56765339868875e-71,100995484,0.00160557444135847,0.0853932099723953,5.78125733792813e-71,-5.73295989744428,"Myeloid","N-Methylserotonin",FALSE
"3191","HMDB0004483",2.14012809166793e-07,105970253,0.000311276642821681,0.000934347940453105,2.827180283458e-07,-1.58576256730784,"Myeloid","Estrone glucuronide",FALSE
"3192","HMDB0004483",7.58653640118504e-05,41233990,0,0.000889465571878789,0.000123453637801102,-Inf,"Endo","Estrone glucuronide",FALSE
"3193","HMDB0004483",0.840373301752538,13398042,0.00124234264449619,0.00083797134585543,0.882268744948412,0.568090313743218,"Oligo","Estrone glucuronide",FALSE
"3194","HMDB0004483",6.78520927844753e-07,65821141,5.47932363631315e-05,0.000916657360419074,9.67770885133153e-07,-4.06431284202718,"Mast","Estrone glucuronide",FALSE
"3195","HMDB0004483",0.036908237050585,82421631,0.00100307987634273,0.000825398111257795,0.0406558426587982,0.281274451730647,"Fibro","Estrone glucuronide",FALSE
"3196","HMDB0004483",0.0127557041171926,17386173,0,0.000862219853105011,0.0216423794974169,-Inf,"pDC","Estrone glucuronide",FALSE
"3197","HMDB0004483",1.14729478442244e-169,110060030.5,0.00414122224358736,0.000287725350420068,3.45152548590952e-169,3.84729238638822,"Epi","Estrone glucuronide",FALSE
"3198","HMDB0004483",5.72556957405503e-05,106114584,0.000325617813033364,0.000931926672478821,6.94831833054814e-05,-1.51703681774727,"T","Estrone glucuronide",FALSE
"3199","HMDB0004483",5.8175714259783e-10,105845076.5,0.000132111930124518,0.000964596921154973,7.4381806089294e-10,-2.8681654528606,"B","Estrone glucuronide",FALSE
"3200","HMDB0004483",6.60580292443222e-12,105761841,2.71354123803661e-05,0.000982320459521367,8.95786911722248e-12,-5.17794500871334,"NK","Estrone glucuronide",FALSE
"3201","HMDB0004484",5.72556957405503e-05,106114584,0.000325617813033364,0.000931926672478821,6.94831833054814e-05,-1.51703681774727,"T","Etiocholanolone glucuronide",FALSE
"3202","HMDB0004484",6.60580292443222e-12,105761841,2.71354123803661e-05,0.000982320459521367,8.95786911722248e-12,-5.17794500871334,"NK","Etiocholanolone glucuronide",FALSE
"3203","HMDB0004484",0.840373301752538,13398042,0.00124234264449619,0.00083797134585543,0.882268744948412,0.568090313743218,"Oligo","Etiocholanolone glucuronide",FALSE
"3204","HMDB0004484",7.58653640118504e-05,41233990,0,0.000889465571878789,0.000123453637801102,-Inf,"Endo","Etiocholanolone glucuronide",FALSE
"3205","HMDB0004484",0.036908237050585,82421631,0.00100307987634273,0.000825398111257795,0.0406558426587982,0.281274451730647,"Fibro","Etiocholanolone glucuronide",FALSE
"3206","HMDB0004484",6.78520927844753e-07,65821141,5.47932363631315e-05,0.000916657360419074,9.67770885133153e-07,-4.06431284202718,"Mast","Etiocholanolone glucuronide",FALSE
"3207","HMDB0004484",0.0127557041171926,17386173,0,0.000862219853105011,0.0216423794974169,-Inf,"pDC","Etiocholanolone glucuronide",FALSE
"3208","HMDB0004484",5.8175714259783e-10,105845076.5,0.000132111930124518,0.000964596921154973,7.4381806089294e-10,-2.8681654528606,"B","Etiocholanolone glucuronide",FALSE
"3209","HMDB0004484",1.14729478442244e-169,110060030.5,0.00414122224358736,0.000287725350420068,3.45152548590952e-169,3.84729238638822,"Epi","Etiocholanolone glucuronide",FALSE
"3210","HMDB0004484",2.14012809166793e-07,105970253,0.000311276642821681,0.000934347940453105,2.827180283458e-07,-1.58576256730784,"Myeloid","Etiocholanolone glucuronide",FALSE
"3211","HMDB0004586",0,74281906.5,0.0387146802235412,0.203765243702272,0,-2.39595536066243,"NK","Perillic acid",FALSE
"3212","HMDB0004586",1.15236054060243e-284,104987467.5,0.301710237787197,0.16538538748074,1.17870021010192e-283,0.867331879836397,"Fibro","Perillic acid",FALSE
"3213","HMDB0004586",0.00743971753593434,18292442.5,0.169564532896709,0.180143625370812,0.0135888718258393,-0.0873131619502513,"pDC","Perillic acid",FALSE
"3214","HMDB0004586",1.28053899357176e-123,52880657,0.073162814276289,0.189701860675366,1.06612316208998e-122,-1.37455135349164,"Mast","Perillic acid",FALSE
"3215","HMDB0004586",0,75053635,0.0385096275993375,0.203799863426095,0,-2.40386200771691,"B","Perillic acid",FALSE
"3216","HMDB0004586",0.24922847762941,13683174.5,0.177266582338908,0.17996692269649,0.293499325629371,-0.0218111783487086,"Oligo","Perillic acid",FALSE
"3217","HMDB0004586",0,160453503,0.472805966393969,0.130476152672316,0,1.85746209387716,"Myeloid","Perillic acid",FALSE
"3218","HMDB0004586",5.52581259510755e-100,51079917.5,0.298914919574032,0.17356606671122,6.82152037602932e-99,0.784249988109911,"Endo","Perillic acid",FALSE
"3219","HMDB0004586",1.25691508693648e-235,130213089,0.251240276453387,0.167883832891898,6.24966112671197e-235,0.581604455593754,"Epi","Perillic acid",FALSE
"3220","HMDB0004586",0,73086969.5,0.0304344728437481,0.205163218947889,0,-2.75299382985898,"T","Perillic acid",FALSE
"3221","HMDB0005175",1.81229347015141e-07,12271468.5,0.00502518896874836,0.0677024194102083,3.27677304199093e-07,-3.75195763682652,"Oligo","Homovanillin",FALSE
"3222","HMDB0005175",1.53007327536153e-44,115077625.5,0.0765297106139414,0.0650568756778217,2.53595478046032e-44,0.234318404955281,"Epi","Homovanillin",FALSE
"3223","HMDB0005175",3.82808446275179e-21,87203151,0.0990529812519346,0.0628534225659158,6.85227118832571e-21,0.656209091299725,"Fibro","Homovanillin",FALSE
"3224","HMDB0005175",2.15295939404542e-33,99335126.5,0.00170579852533027,0.0776896482742443,4.2118003446353e-33,-5.50920321737494,"T","Homovanillin",FALSE
"3225","HMDB0005175",6.21717072629571e-39,98724426.5,-0.00042033019609192,0.0780486097332047,1.1355852653132e-38,NA,"B","Homovanillin",FALSE
"3226","HMDB0005175",9.46991168295634e-38,98850833.5,0.000619321871450571,0.0778730817798799,1.80331296941403e-37,-6.9742915149913,"NK","Homovanillin",FALSE
"3227","HMDB0005175",0,75851951.5,-0.0399916628252362,0.0847295708389187,0,NA,"Myeloid","Homovanillin",FALSE
"3228","HMDB0005175",0,100869317.5,0.483909011749629,0.0285062046507402,0,4.0853879314348,"Mast","Homovanillin",FALSE
"3229","HMDB0005175",9.35876332140912e-09,16104748,-0.00431180551605243,0.0682174687433045,3.19089263720425e-08,NA,"pDC","Homovanillin",FALSE
"3230","HMDB0005175",2.64608932805501e-104,49724113.5,0.197297501882759,0.0597363413318227,4.11869556279867e-103,1.72369190442951,"Endo","Homovanillin",FALSE
"3231","HMDB0006219",3.98616749153259e-260,87551170,0.00604153554671892,0.123614054206175,5.28536282210617e-259,-4.35478368975778,"T","13-cis-Retinoic acid",TRUE
"3232","HMDB0006219",3.66192832594534e-158,77999291.5,0.244929842604542,0.0939653895930029,4.09678231465135e-157,1.38216719484679,"Mast","13-cis-Retinoic acid",TRUE
"3233","HMDB0006219",2.7534261918213e-274,87034963.5,0.00413155246709952,0.123936523069862,2.73812937964451e-273,-4.90677360138036,"B","13-cis-Retinoic acid",TRUE
"3234","HMDB0006219",3.28893730348027e-257,87659229.5,0.00883410818785963,0.123142574780016,5.88719777322969e-256,-3.80110132836485,"NK","13-cis-Retinoic acid",TRUE
"3235","HMDB0006219",0,108831357,0.334119646301941,0.0794733059863579,0,2.07182255089315,"Fibro","13-cis-Retinoic acid",TRUE
"3236","HMDB0006219",0,129860741.5,0.200958916457504,0.0907054975776449,0,1.14763869160275,"Myeloid","13-cis-Retinoic acid",TRUE
"3237","HMDB0006219",2.31390278013387e-22,11481961.5,0.0122950885249645,0.108142557754458,6.68046125232197e-22,-3.136780356588,"Oligo","13-cis-Retinoic acid",TRUE
"3238","HMDB0006219",0.0208083986574956,105335099,0.0798579064370238,0.111151388177084,0.0230631786977815,-0.477018810651983,"Epi","13-cis-Retinoic acid",TRUE
"3239","HMDB0006219",1.78205407004417e-34,14765616.5,0.00529752560461201,0.108776072525353,2.19991502439936e-33,-4.35989877599281,"pDC","13-cis-Retinoic acid",TRUE
"3240","HMDB0006219",1.56597806598972e-08,43493332,0.134768092054239,0.105127668628771,3.08033048145232e-08,0.358336538520991,"Endo","13-cis-Retinoic acid",TRUE
"3241","HMDB0006224",6.78520927844753e-07,65821141,5.47932363631315e-05,0.000916657360419074,9.67770885133153e-07,-4.06431284202718,"Mast","17-beta-Estradiol-3-glucuronide",FALSE
"3242","HMDB0006224",0.840373301752538,13398042,0.00124234264449619,0.00083797134585543,0.882268744948412,0.568090313743218,"Oligo","17-beta-Estradiol-3-glucuronide",FALSE
"3243","HMDB0006224",5.72556957405503e-05,106114584,0.000325617813033364,0.000931926672478821,6.94831833054814e-05,-1.51703681774727,"T","17-beta-Estradiol-3-glucuronide",FALSE
"3244","HMDB0006224",1.14729478442244e-169,110060030.5,0.00414122224358736,0.000287725350420068,3.45152548590952e-169,3.84729238638822,"Epi","17-beta-Estradiol-3-glucuronide",FALSE
"3245","HMDB0006224",5.8175714259783e-10,105845076.5,0.000132111930124518,0.000964596921154973,7.4381806089294e-10,-2.8681654528606,"B","17-beta-Estradiol-3-glucuronide",FALSE
"3246","HMDB0006224",0.0127557041171926,17386173,0,0.000862219853105011,0.0216423794974169,-Inf,"pDC","17-beta-Estradiol-3-glucuronide",FALSE
"3247","HMDB0006224",2.14012809166793e-07,105970253,0.000311276642821681,0.000934347940453105,2.827180283458e-07,-1.58576256730784,"Myeloid","17-beta-Estradiol-3-glucuronide",FALSE
"3248","HMDB0006224",6.60580292443222e-12,105761841,2.71354123803661e-05,0.000982320459521367,8.95786911722248e-12,-5.17794500871334,"NK","17-beta-Estradiol-3-glucuronide",FALSE
"3249","HMDB0006224",7.58653640118504e-05,41233990,0,0.000889465571878789,0.000123453637801102,-Inf,"Endo","17-beta-Estradiol-3-glucuronide",FALSE
"3250","HMDB0006224",0.036908237050585,82421631,0.00100307987634273,0.000825398111257795,0.0406558426587982,0.281274451730647,"Fibro","17-beta-Estradiol-3-glucuronide",FALSE
"3251","HMDB0006228",8.88768425057286e-138,108917036,0.0152398995347343,0.000504610360227557,2.37447086694409e-137,4.91653975523059,"Epi","24-Hydroxycalcitriol",FALSE
"3252","HMDB0006228",0.0272816615872317,41413546.5,0.000593759065502864,0.00274203519665133,0.0372779956039273,-2.20729754895637,"Endo","24-Hydroxycalcitriol",FALSE
"3253","HMDB0006228",1.97573581103799e-06,106175618,0.000289614942970936,0.00302871716282141,2.55347805181083e-06,-3.38649891140493,"T","24-Hydroxycalcitriol",FALSE
"3254","HMDB0006228",1.91511520340477e-07,106134000,0,0.00307761382717578,2.36417669937555e-07,-Inf,"B","24-Hydroxycalcitriol",FALSE
"3255","HMDB0006228",0.0652111268175338,17442568.5,0,0.00268879809696322,0.0976802652747995,-Inf,"pDC","24-Hydroxycalcitriol",FALSE
"3256","HMDB0006228",0.761858803831207,13399082,0.00250480411349772,0.00263511957282567,0.824004386016834,-0.0731706451284365,"Oligo","24-Hydroxycalcitriol",FALSE
"3257","HMDB0006228",0.000385312601904276,66049295,0.000125024353794162,0.00286275800376318,0.000505281727039307,-4.51712466739295,"Mast","24-Hydroxycalcitriol",FALSE
"3258","HMDB0006228",1.96504609199708e-06,106175517,0.000170952572981661,0.00304875132962696,2.53966245824894e-06,-4.15655044037729,"Myeloid","24-Hydroxycalcitriol",FALSE
"3259","HMDB0006228",1.98264485361714e-06,106175683,0.000617983746834623,0.00297327755386249,2.47312493935517e-06,-2.26641334392746,"NK","24-Hydroxycalcitriol",FALSE
"3260","HMDB0006228",0.43050099328182,82130416,0.00183614638526307,0.00272820178138023,0.442871711479574,-0.571269270910265,"Fibro","24-Hydroxycalcitriol",FALSE
"3261","HMDB0006235",3.3505924387303e-53,97886256.5,-0.0621754051885538,0.0212120087786936,7.59184869028764e-53,NA,"NK","D-myo-Inositol 3,4-bisphosphate",FALSE
"3262","HMDB0006235",6.1910539939449e-26,87450653,0.0506804743862671,0.00421109828917558,1.23821079878898e-25,3.58916157440366,"Fibro","D-myo-Inositol 3,4-bisphosphate",FALSE
"3263","HMDB0006235",3.88720688778023e-76,13257273,-0.162257183705639,0.0127955201223405,1.54624451758369e-74,NA,"pDC","D-myo-Inositol 3,4-bisphosphate",FALSE
"3264","HMDB0006235",1.31751728900821e-11,69340842,0.0382520947530116,0.00650333447117559,2.18366291418954e-11,2.55628722488118,"Mast","D-myo-Inositol 3,4-bisphosphate",FALSE
"3265","HMDB0006235",1.32506438382178e-07,109612766.5,0.0129721213073841,0.00852459927406118,1.64142923670656e-07,0.605710497807305,"B","D-myo-Inositol 3,4-bisphosphate",FALSE
"3266","HMDB0006235",4.86913496712101e-100,17666249,0.43505668618398,0.00234370783443935,6.010863166308e-99,7.53626684524614,"Oligo","D-myo-Inositol 3,4-bisphosphate",FALSE
"3267","HMDB0006235",6.52172653421767e-13,110700642,0.030997085248816,0.00548138402141355,9.37661887248966e-13,2.49952044341981,"Myeloid","D-myo-Inositol 3,4-bisphosphate",FALSE
"3268","HMDB0006235",5.61750982283855e-134,50281046.5,0.271426183218379,-0.00484682182027427,1.67589043048017e-132,NA,"Endo","D-myo-Inositol 3,4-bisphosphate",FALSE
"3269","HMDB0006235",0.325770766022255,107172597.5,0.0135146587081605,0.00843300086096368,0.339028878592928,0.680407072453446,"Epi","D-myo-Inositol 3,4-bisphosphate",FALSE
"3270","HMDB0006235",1.18583179245381e-173,90644436,-0.111007922945906,0.0294565669008196,1.01078043261539e-172,NA,"T","D-myo-Inositol 3,4-bisphosphate",FALSE
"3271","HMDB0006236",1.70762918994726e-164,96872492,0.11035147481867,0.023185967576144,1.05401939655365e-163,2.25078207264363,"Fibro","Phenylacetaldehyde",FALSE
"3272","HMDB0006236",2.95874088573613e-09,12103072.5,-0.00889349407323215,0.0331450029811958,5.75668063637791e-09,NA,"Oligo","Phenylacetaldehyde",FALSE
"3273","HMDB0006236",0,79299287.5,-0.0364207845846596,0.0441152182387928,0,NA,"Myeloid","Phenylacetaldehyde",FALSE
"3274","HMDB0006236",2.44120504893981e-41,98377446.5,-0.000293036120061196,0.0380156490230915,4.85528559733584e-41,NA,"NK","Phenylacetaldehyde",FALSE
"3275","HMDB0006236",9.41986334887713e-104,49798112.5,0.102501621108484,0.028740610245408,1.29704272265308e-102,1.83448412699382,"Endo","Phenylacetaldehyde",FALSE
"3276","HMDB0006236",0.142269895842661,105716538.5,0.0104493442019016,0.0362019768431214,0.151585186641883,-1.79265607719882,"Epi","Phenylacetaldehyde",FALSE
"3277","HMDB0006236",3.28239616061847e-09,16044848,-0.00452612385216675,0.0332654549474881,1.17509782550141e-08,NA,"pDC","Phenylacetaldehyde",FALSE
"3278","HMDB0006236",4.88910519664073e-38,98728214.5,0.000242872031271464,0.0379251698484617,1.05439738578156e-37,-7.2868154701527,"T","Phenylacetaldehyde",FALSE
"3279","HMDB0006236",3.07025028756693e-42,98284319.5,-0.00054326984322864,0.0380578968237276,5.81560636480932e-42,NA,"B","Phenylacetaldehyde",FALSE
"3280","HMDB0006236",0,98788430.5,0.233436283008124,0.014078166556617,0,4.05149745194257,"Mast","Phenylacetaldehyde",FALSE
"3281","HMDB0006242",0.000402318474319838,103990019,0.0211678210742454,0.0540220075907177,0.00046915313943486,-1.35167448286304,"Epi","3,4-Dihydroxymandelaldehyde",FALSE
"3282","HMDB0006242",0,90094960.5,0.129593749573303,0.0419206584222384,0,1.62826285568317,"Mast","3,4-Dihydroxymandelaldehyde",FALSE
"3283","HMDB0006242",5.48023650015206e-11,11666016,0.00640626710318982,0.0499631858535775,1.1473243666985e-10,-2.96330961564277,"Oligo","3,4-Dihydroxymandelaldehyde",FALSE
"3284","HMDB0006242",0,77379909,-0.0188535176449334,0.0607789447372953,0,NA,"Myeloid","3,4-Dihydroxymandelaldehyde",FALSE
"3285","HMDB0006242",3.25707809698037e-78,92730667.5,0.0186753917938032,0.0544428128043666,9.039022935806e-78,-1.54360309619811,"B","3,4-Dihydroxymandelaldehyde",FALSE
"3286","HMDB0006242",0,120090963,0.217816679034406,0.0291557923919904,0,2.90125999304978,"Fibro","3,4-Dihydroxymandelaldehyde",FALSE
"3287","HMDB0006242",3.09506111507352e-37,97158955,0.028073880787534,0.0528560343147953,5.86260253543027e-37,-0.912839678135191,"NK","3,4-Dihydroxymandelaldehyde",FALSE
"3288","HMDB0006242",1.01207250114197e-08,15789802.5,0.0170318766997256,0.0499588609377765,3.39912534583073e-08,-1.55250317314926,"pDC","3,4-Dihydroxymandelaldehyde",FALSE
"3289","HMDB0006242",1.00454447470926e-34,97499268,0.0263295800100277,0.0531505304784803,2.05501098254809e-34,-1.01339958214292,"T","3,4-Dihydroxymandelaldehyde",FALSE
"3290","HMDB0006242",2.62270570731973e-39,47612201.5,0.0754909539173724,0.047875569787743,1.56488107203411e-38,0.657014119343359,"Endo","3,4-Dihydroxymandelaldehyde",FALSE
"3291","HMDB0006247",0.231116521824432,17362152,0.00906517064365117,0.0205142553460291,0.308730279153532,-1.17822070353118,"pDC","25-Hydroxycholesterol",TRUE
"3292","HMDB0006247",5.9407547802513e-08,104946489,0.00453414229349715,0.0229348478494465,7.62290398326153e-08,-2.33863976403808,"NK","25-Hydroxycholesterol",TRUE
"3293","HMDB0006247",3.14651246653466e-34,110366732.5,0.051650826165223,0.0149799797299587,4.71318603773811e-34,1.78575575384202,"Epi","25-Hydroxycholesterol",TRUE
"3294","HMDB0006247",0.000238404997799997,12988610.5,-0.00977499394483808,0.0207584105292782,0.000366304674731326,NA,"Oligo","25-Hydroxycholesterol",TRUE
"3295","HMDB0006247",4.46102786298322e-10,104695342,0.00140076135608338,0.023463867085883,5.87149990789703e-10,-4.06615771012632,"B","25-Hydroxycholesterol",TRUE
"3296","HMDB0006247",0.855254171214701,41505529.5,0.0201931258618904,0.0202814171703383,0.867368252959951,-0.00629420990834739,"Endo","25-Hydroxycholesterol",TRUE
"3297","HMDB0006247",7.9239040701586e-06,105239763,0.00727257080902018,0.0224725097580193,1.00594243160169e-05,-1.62762391226931,"T","25-Hydroxycholesterol",TRUE
"3298","HMDB0006247",2.40753955778284e-40,110704523,0.0576629898978385,0.0139649259172598,4.44277918394978e-40,2.04583772404274,"Myeloid","25-Hydroxycholesterol",TRUE
"3299","HMDB0006247",0.000499261554019264,83134506,0.0473761591019999,0.0170417993913105,0.000636069880209596,1.47508356724847,"Fibro","25-Hydroxycholesterol",TRUE
"3300","HMDB0006247",1.21894048454173e-40,63069114.5,-0.0420918388518047,0.0259888454269874,3.79461472579077e-40,NA,"Mast","25-Hydroxycholesterol",TRUE
"3301","HMDB0006260",3.29700115188626e-36,115834284.5,0.161731507951785,0.146220675375711,5.00138310328508e-36,0.145453446316235,"Epi","Trans-2-all-cis-6,9,12,15,18,21-tetracosaheptaenoyl-CoA",FALSE
"3302","HMDB0006260",2.81528712064606e-21,99665198.5,0.132910454126013,0.151086630774289,4.70968593080041e-21,-0.184921421330406,"T","Trans-2-all-cis-6,9,12,15,18,21-tetracosaheptaenoyl-CoA",FALSE
"3303","HMDB0006260",0.000884664113903313,43063523,0.170626354759894,0.147276753816379,0.00137103789081119,0.212310767809425,"Endo","Trans-2-all-cis-6,9,12,15,18,21-tetracosaheptaenoyl-CoA",FALSE
"3304","HMDB0006260",1.08219939060673e-44,91231404.5,0.183211737356962,0.144312585230177,2.58284921224807e-44,0.344314811795392,"Fibro","Trans-2-all-cis-6,9,12,15,18,21-tetracosaheptaenoyl-CoA",FALSE
"3305","HMDB0006260",1.53608891823158e-101,122312942.5,0.185953682039677,0.142131164302287,4.0435281818155e-101,0.387720393904487,"Myeloid","Trans-2-all-cis-6,9,12,15,18,21-tetracosaheptaenoyl-CoA",FALSE
"3306","HMDB0006260",0.00307710430051547,18391735,0.167736059401681,0.148053166705212,0.00608620629604717,0.18007751994382,"pDC","Trans-2-all-cis-6,9,12,15,18,21-tetracosaheptaenoyl-CoA",FALSE
"3307","HMDB0006260",1.03277562751687e-112,90057867.5,0.105144795829552,0.155774400197969,4.34980793707104e-112,-0.567080716633879,"NK","Trans-2-all-cis-6,9,12,15,18,21-tetracosaheptaenoyl-CoA",FALSE
"3308","HMDB0006260",0.000302871377419618,64216563.5,0.150206127584894,0.1483013442982,0.000400103148030344,0.0184119927233042,"Mast","Trans-2-all-cis-6,9,12,15,18,21-tetracosaheptaenoyl-CoA",FALSE
"3309","HMDB0006260",0.872169768487031,13347339,0.146893587883409,0.148486268354796,0.905034136574948,-0.0155580987495328,"Oligo","Trans-2-all-cis-6,9,12,15,18,21-tetracosaheptaenoyl-CoA",FALSE
"3310","HMDB0006260",2.37680650996528e-48,95891904,0.119515773619718,0.153348099710013,4.75361301993057e-48,-0.359609252042273,"B","Trans-2-all-cis-6,9,12,15,18,21-tetracosaheptaenoyl-CoA",FALSE
"3311","HMDB0006272",0.668707738635384,66303867.5,0,2.42994522725688e-05,0.68399248694705,-Inf,"Mast","5-Amino-2-oxopentanoic acid",FALSE
"3312","HMDB0006272",0.837076763903017,17510587.5,0,2.27319383761846e-05,0.869193979800338,-Inf,"pDC","5-Amino-2-oxopentanoic acid",FALSE
"3313","HMDB0006272",0.743791565669883,41538451.5,0,2.34502563294885e-05,0.765164886522466,-Inf,"Endo","5-Amino-2-oxopentanoic acid",FALSE
"3314","HMDB0006272",0.561207061270594,106608000,0,2.60191079218882e-05,0.565949656154571,-Inf,"B","5-Amino-2-oxopentanoic acid",FALSE
"3315","HMDB0006272",0.0715093266975995,82210559.5,0.00013728857703352,8.52858308369001e-06,0.0773424137696092,4.00876170627307,"Fibro","5-Amino-2-oxopentanoic acid",FALSE
"3316","HMDB0006272",0.561207061270594,106608000,0,2.60191079218882e-05,0.570773090724071,-Inf,"NK","5-Amino-2-oxopentanoic acid",FALSE
"3317","HMDB0006272",0.858039669096594,13388527.5,0,2.26173973859076e-05,0.892959888187735,-Inf,"Oligo","5-Amino-2-oxopentanoic acid",FALSE
"3318","HMDB0006272",0.561207061270594,106608000,0,2.60191079218882e-05,0.570773090724071,-Inf,"Epi","5-Amino-2-oxopentanoic acid",FALSE
"3319","HMDB0006272",0.561207061270594,106608000,0,2.60191079218882e-05,0.575679449670123,-Inf,"T","5-Amino-2-oxopentanoic acid",FALSE
"3320","HMDB0006272",0.152637875654559,106628768.5,5.27464435115948e-05,1.71137485581207e-05,0.163117490998007,1.62391802254703,"Myeloid","5-Amino-2-oxopentanoic acid",FALSE
"3321","HMDB0006283",3.35756404613145e-06,106283634,-0.000579367713532495,0.000560787074809107,4.30827214521526e-06,NA,"Myeloid","20alpha-Hydroxycholesterol",FALSE
"3322","HMDB0006283",0.540092841460271,17493798,0,0.000404480290664776,0.629815105025332,-Inf,"pDC","20alpha-Hydroxycholesterol",FALSE
"3323","HMDB0006283",0.594016983572392,13375755,0,0.000402442207846075,0.658384148974973,-Inf,"Oligo","20alpha-Hydroxycholesterol",FALSE
"3324","HMDB0006283",0.234232257081746,106698555,0.000451300003064625,0.000386775979655111,0.246632788339015,0.222588587918505,"Epi","20alpha-Hydroxycholesterol",FALSE
"3325","HMDB0006283",0.0835627416529367,106491000,0,0.000462970476204938,0.087986651505151,-Inf,"B","20alpha-Hydroxycholesterol",FALSE
"3326","HMDB0006283",1.11923794803555e-39,83016928,0.0042942615006932,-6.92716843995847e-05,2.47337768763411e-39,NA,"Fibro","20alpha-Hydroxycholesterol",FALSE
"3327","HMDB0006283",0.0563223318913237,41455876,-0.00052101035054563,0.000445101914533507,0.0737259480867157,NA,"Endo","20alpha-Hydroxycholesterol",FALSE
"3328","HMDB0006283",0.043150482046393,106470253,-0.000111985082077341,0.000481877294046799,0.046529736664484,NA,"NK","20alpha-Hydroxycholesterol",FALSE
"3329","HMDB0006283",0.366328948147154,66256711,0.000227907044845094,0.000411499454237141,0.391479890855764,-0.852444996727925,"Mast","20alpha-Hydroxycholesterol",FALSE
"3330","HMDB0006283",0.043149029437953,106470252,-0.000137784025352339,0.000486233016362348,0.0479731445303949,NA,"T","20alpha-Hydroxycholesterol",FALSE
"3331","HMDB0006334",6.20087208367741e-171,119758080,0.180723049784036,0.0996325725470208,1.91371741892803e-170,0.859091142153451,"Myeloid","3-Dehydro-L-gulonate",FALSE
"3332","HMDB0006334",1.43794585566362e-155,17830250.5,0.577010710783978,0.103885200359972,2.57392308163788e-154,2.47360795880151,"Oligo","3-Dehydro-L-gulonate",FALSE
"3333","HMDB0006334",4.00390255361077e-85,97393021.5,0.0573022444657811,0.120470121984511,1.37826645595448e-84,-1.07201183140301,"NK","3-Dehydro-L-gulonate",FALSE
"3334","HMDB0006334",0.122560137302117,65733037,0.139401473058588,0.108776352147559,0.137634127413971,0.357880855826817,"Mast","3-Dehydro-L-gulonate",FALSE
"3335","HMDB0006334",6.37176276474926e-36,112515242,0.123765405347201,0.109248923118832,9.58441625958081e-36,0.179989052776601,"Epi","3-Dehydro-L-gulonate",FALSE
"3336","HMDB0006334",0.0257899402625713,42196864,0.13590455821652,0.110033470054476,0.035510763900002,0.30465141422233,"Endo","3-Dehydro-L-gulonate",FALSE
"3337","HMDB0006334",1.26467532997301e-10,16282161.5,0.0389924596917632,0.112877256289442,4.92123661011235e-10,-1.53348775617027,"pDC","3-Dehydro-L-gulonate",FALSE
"3338","HMDB0006334",2.78961953105056e-36,87402831.5,0.152651309721519,0.106414664218333,6.01616742238616e-36,0.520542995990099,"Fibro","3-Dehydro-L-gulonate",FALSE
"3339","HMDB0006334",7.11667613489812e-117,95775299,0.0333666465704471,0.124511249436028,2.3810935105547e-116,-1.89979748933891,"B","3-Dehydro-L-gulonate",FALSE
"3340","HMDB0006334",9.13203708458758e-57,99125975,0.0657019536132703,0.119051970853752,2.43975319125549e-56,-0.85758332991527,"T","3-Dehydro-L-gulonate",FALSE
"3341","HMDB0006402",2.90585115524196e-38,117340540.5,0.215485679221508,0.188317470450547,4.54277167500707e-38,0.194425146854838,"Epi","3-Oxohexadecanoyl-CoA",FALSE
"3342","HMDB0006402",1.08568921026688e-239,134033022,0.266960483649994,0.17962680618776,3.66676167241079e-239,0.571623541976091,"Myeloid","3-Oxohexadecanoyl-CoA",FALSE
"3343","HMDB0006402",6.98509503434876e-56,93552628,0.159656829131314,0.197743242878403,1.6671093481979e-55,-0.308654133141014,"NK","3-Oxohexadecanoyl-CoA",FALSE
"3344","HMDB0006402",5.59224382098279e-28,16612035,0.286456166047099,0.190732371681132,1.87104980178677e-27,0.586764669464245,"Oligo","3-Oxohexadecanoyl-CoA",FALSE
"3345","HMDB0006402",1.14633135208205e-06,44058945.5,0.213151117070743,0.191124519706133,2.05193312022686e-06,0.157363740005625,"Endo","3-Oxohexadecanoyl-CoA",FALSE
"3346","HMDB0006402",1.48642681214399e-50,93083088,0.231158858442874,0.187595844489023,3.77404821806773e-50,0.301256779935375,"Fibro","3-Oxohexadecanoyl-CoA",FALSE
"3347","HMDB0006402",3.61050109142295e-14,61353371.5,0.17054119393632,0.194229213973471,6.33607544475203e-14,-0.187639950637159,"Mast","3-Oxohexadecanoyl-CoA",FALSE
"3348","HMDB0006402",0.00633985173144752,18428938.5,0.207311061230936,0.191922843781025,0.0116993140198877,0.111270654765929,"pDC","3-Oxohexadecanoyl-CoA",FALSE
"3349","HMDB0006402",7.67215720601471e-173,83370022.5,0.129171385131455,0.202890202864873,3.86849616866657e-172,-0.651412691685187,"B","3-Oxohexadecanoyl-CoA",FALSE
"3350","HMDB0006402",7.7217775354509e-68,92180170.5,0.154015209579369,0.198695736471506,2.22935190136405e-67,-0.367488086684347,"T","3-Oxohexadecanoyl-CoA",FALSE
"3351","HMDB0006406",8.19726012832042e-120,93591042.5,0.0494714674451374,0.118837845995348,3.86134095518251e-119,-1.26432576172194,"NK","Ecgonine methyl ester",FALSE
"3352","HMDB0006406",0,107185741.5,0.316833286131862,0.0839850360593228,0,1.91551970590966,"Fibro","Ecgonine methyl ester",FALSE
"3353","HMDB0006406",0.00921715627774818,40631069.5,0.088227422904609,0.109918414333735,0.0133054110783623,-0.31713404731643,"Endo","Ecgonine methyl ester",FALSE
"3354","HMDB0006406",1.01593969833488e-08,16212459,0.0501678594475631,0.110059582778207,3.39912534583073e-08,-1.13344947682044,"pDC","Ecgonine methyl ester",FALSE
"3355","HMDB0006406",3.07752419018729e-52,59595811,0.0518514589565909,0.114035314986723,1.296180776573e-51,-1.13702418592607,"Mast","Ecgonine methyl ester",FALSE
"3356","HMDB0006406",1.08011838197621e-123,93378359.5,0.0392369413617834,0.120565775437076,5.68650559922772e-123,-1.61953594420955,"T","Ecgonine methyl ester",FALSE
"3357","HMDB0006406",3.51384416883831e-42,114229334,0.101464670565225,0.110059658738875,5.66646942542394e-42,-0.117308283988495,"Epi","Ecgonine methyl ester",FALSE
"3358","HMDB0006406",1.38937160673754e-277,126534393,0.230641130430965,0.0882503627966602,5.23573721275831e-277,1.38597569856043,"Myeloid","Ecgonine methyl ester",FALSE
"3359","HMDB0006406",1.11127176256736e-06,12423312.5,0.0513431195094667,0.109738972980818,1.91266966826497e-06,-1.09583312009447,"Oligo","Ecgonine methyl ester",FALSE
"3360","HMDB0006406",1.97458872690757e-188,90231239.5,0.0247016124139836,0.123019823883437,1.10453556911392e-187,-2.31621369281398,"B","Ecgonine methyl ester",FALSE
"3361","HMDB0006454",2.29215698659405e-56,102165196.5,0.00224469511856265,0.0332714589649184,5.69855695278244e-56,-3.88969371820134,"NK","L-2-Amino-3-oxobutanoic acid",FALSE
"3362","HMDB0006454",3.49661035046774e-74,86693578.5,0.0668815466250719,0.0242423204661415,1.16989393034341e-73,1.46408041022905,"Fibro","L-2-Amino-3-oxobutanoic acid",FALSE
"3363","HMDB0006454",2.59603197707056e-05,65374463.5,0.0330572422642433,0.0283989380631162,3.57453633765869e-05,0.21912939237812,"Mast","L-2-Amino-3-oxobutanoic acid",FALSE
"3364","HMDB0006454",0,118877586,0.0898987724995906,0.0184725264339328,0,2.28292022391753,"Epi","L-2-Amino-3-oxobutanoic acid",FALSE
"3365","HMDB0006454",6.32973770386318e-06,16996841.5,0.00869050836731227,0.0292152015070529,1.70379405863385e-05,-1.74920676234178,"pDC","L-2-Amino-3-oxobutanoic acid",FALSE
"3366","HMDB0006454",0.00248217135226059,41009448,0.0236576569621612,0.029064000309081,0.00374944027050334,-0.296926088965829,"Endo","L-2-Amino-3-oxobutanoic acid",FALSE
"3367","HMDB0006454",2.21716523379149e-40,102872772.5,0.00666837504989216,0.0325245942120349,4.99210788488902e-40,-2.28612390417977,"T","L-2-Amino-3-oxobutanoic acid",FALSE
"3368","HMDB0006454",4.99937604602872e-24,14396739,0.112403085693785,0.0274501689767683,1.56997949515639e-23,2.03379470576065,"Oligo","L-2-Amino-3-oxobutanoic acid",FALSE
"3369","HMDB0006454",1.98257959308302e-56,102162628,0.00154783521592937,0.0333891121647552,4.27568370074531e-56,-4.43105393781299,"B","L-2-Amino-3-oxobutanoic acid",FALSE
"3370","HMDB0006454",3.95702091045019e-29,103463508.5,0.00854470653498058,0.0322078068601712,6.68213908462816e-29,-1.91430757702319,"Myeloid","L-2-Amino-3-oxobutanoic acid",FALSE
"3371","HMDB0006555",4.38501266991859e-18,101202019.5,0.252353151998801,0.233369316477857,6.59594342786073e-18,0.112829219425886,"NK","dIMP",FALSE
"3372","HMDB0006555",4.18007373054062e-09,39250226,0.182338533711468,0.238984818808877,8.55123654590595e-09,-0.390299496639011,"Endo","dIMP",FALSE
"3373","HMDB0006555",0.00104525377268425,18340900,0.281358569983752,0.235153722059809,0.00220118147424095,0.25880573989871,"pDC","dIMP",FALSE
"3374","HMDB0006555",1.02679774060603e-86,94291084,0.153982616632316,0.249977544633603,2.94074872909567e-86,-0.699031012345274,"B","dIMP",FALSE
"3375","HMDB0006555",1.74765933625653e-39,98405194,0.196598630690565,0.242782539727601,3.91038776487398e-39,-0.304411397204022,"T","dIMP",FALSE
"3376","HMDB0006555",0.0467659380915558,13829127,0.294391701878377,0.235177729527005,0.05936952424389,0.323985557534081,"Oligo","dIMP",FALSE
"3377","HMDB0006555",1.51744692633747e-43,59494222.5,0.1607400234227,0.243014182833279,5.12496226064921e-43,-0.596311317850278,"Mast","dIMP",FALSE
"3378","HMDB0006555",2.10174279753361e-117,120995370.5,0.303337646481284,0.224761432891417,5.04982497662439e-117,0.43253005550477,"Epi","dIMP",FALSE
"3379","HMDB0006555",8.63075564538053e-18,86903687.5,0.266598025435823,0.232471931343704,1.45745779294633e-17,0.197609559348071,"Fibro","dIMP",FALSE
"3380","HMDB0006555",2.31996519589963e-122,121300931,0.301582264639979,0.225057799908352,6.48865265728178e-122,0.422256023934823,"Myeloid","dIMP",FALSE
"3381","HMDB0006556",0.0404461200595711,65998893.5,0.00769544351795166,0.00600462670658791,0.0471651823495976,0.357929917216163,"Mast","L-4-Hydroxyglutamate semialdehyde",FALSE
"3382","HMDB0006556",1.0595566998789e-123,111129036,0.0151791474991632,0.00462146985567201,2.61600895556307e-123,1.71566708946511,"Epi","L-4-Hydroxyglutamate semialdehyde",FALSE
"3383","HMDB0006556",0.209775058904901,13474018.5,0.00955001513761789,0.0060919556003892,0.248673745324353,0.648597592787899,"Oligo","L-4-Hydroxyglutamate semialdehyde",FALSE
"3384","HMDB0006556",0.534261775271726,17463369.5,0.00648663582846821,0.00613928478691988,0.629815105025332,0.0793998509588542,"pDC","L-4-Hydroxyglutamate semialdehyde",FALSE
"3385","HMDB0006556",0.609924430299527,41601344.5,0.00868085289951812,0.00601106042622725,0.640510209007908,0.53021727253755,"Endo","L-4-Hydroxyglutamate semialdehyde",FALSE
"3386","HMDB0006556",0.00295826537883697,82692318.5,0.008467497604025,0.00586939922227068,0.00363937802619805,0.528722833429369,"Fibro","L-4-Hydroxyglutamate semialdehyde",FALSE
"3387","HMDB0006556",3.47445814608044e-19,104905197,0.00163364103537384,0.00690840324479735,5.62830776604885e-19,-2.08026128491425,"T","L-4-Hydroxyglutamate semialdehyde",FALSE
"3388","HMDB0006556",0.000588279213389628,107270026.5,0.00760833849106776,0.00589967498957298,0.000709104237015107,0.366945953140672,"Myeloid","L-4-Hydroxyglutamate semialdehyde",FALSE
"3389","HMDB0006556",3.08346520056821e-23,104718628,0.00125902836565259,0.00697165036107647,4.97243487298838e-23,-2.46918943086758,"NK","L-4-Hydroxyglutamate semialdehyde",FALSE
"3390","HMDB0006556",2.63884041158989e-22,104759930,0.0011285504849465,0.00699367938027385,4.12534876571695e-22,-2.63158070036796,"B","L-4-Hydroxyglutamate semialdehyde",FALSE
"3391","HMDB0006766",5.72556957405503e-05,106114584,0.000325617813033364,0.000931926672478821,6.94831833054814e-05,-1.51703681774727,"T","Estriol-16-Glucuronide",FALSE
"3392","HMDB0006766",2.14012809166793e-07,105970253,0.000311276642821681,0.000934347940453105,2.827180283458e-07,-1.58576256730784,"Myeloid","Estriol-16-Glucuronide",FALSE
"3393","HMDB0006766",0.840373301752538,13398042,0.00124234264449619,0.00083797134585543,0.882268744948412,0.568090313743218,"Oligo","Estriol-16-Glucuronide",FALSE
"3394","HMDB0006766",6.60580292443222e-12,105761841,2.71354123803661e-05,0.000982320459521367,8.95786911722248e-12,-5.17794500871334,"NK","Estriol-16-Glucuronide",FALSE
"3395","HMDB0006766",7.58653640118504e-05,41233990,0,0.000889465571878789,0.000123453637801102,-Inf,"Endo","Estriol-16-Glucuronide",FALSE
"3396","HMDB0006766",0.036908237050585,82421631,0.00100307987634273,0.000825398111257795,0.0406558426587982,0.281274451730647,"Fibro","Estriol-16-Glucuronide",FALSE
"3397","HMDB0006766",5.8175714259783e-10,105845076.5,0.000132111930124518,0.000964596921154973,7.4381806089294e-10,-2.8681654528606,"B","Estriol-16-Glucuronide",FALSE
"3398","HMDB0006766",6.78520927844753e-07,65821141,5.47932363631315e-05,0.000916657360419074,9.67770885133153e-07,-4.06431284202718,"Mast","Estriol-16-Glucuronide",FALSE
"3399","HMDB0006766",0.0127557041171926,17386173,0,0.000862219853105011,0.0216423794974169,-Inf,"pDC","Estriol-16-Glucuronide",FALSE
"3400","HMDB0006766",1.14729478442244e-169,110060030.5,0.00414122224358736,0.000287725350420068,3.45152548590952e-169,3.84729238638822,"Epi","Estriol-16-Glucuronide",FALSE
"3401","HMDB0006773",8.43095677304568e-136,88993604.5,0.0336035437316657,0.0449815204183787,5.11573309279721e-135,-0.420719042975018,"NK","11b-Hydroxyandrost-4-ene-3,17-dione",FALSE
"3402","HMDB0006773",3.92251051119472e-45,73400289.5,-0.119242319434567,0.0627470629005462,9.42455545642759e-45,NA,"Fibro","11b-Hydroxyandrost-4-ene-3,17-dione",FALSE
"3403","HMDB0006773",6.71834441386124e-92,77698615.5,0.111150310793107,0.0371275773764055,4.07655474603784e-91,1.58194889675004,"Mast","11b-Hydroxyandrost-4-ene-3,17-dione",FALSE
"3404","HMDB0006773",0,141142917.5,0.126465567546647,0.0293033127845814,0,2.10960896165795,"Epi","11b-Hydroxyandrost-4-ene-3,17-dione",FALSE
"3405","HMDB0006773",1.54923195707197e-81,93026700,0.0381091024717748,0.0442208317909755,5.54625040631764e-81,-0.214590531555797,"T","11b-Hydroxyandrost-4-ene-3,17-dione",FALSE
"3406","HMDB0006773",1.72098209475778e-42,47598877.5,0.0989215639575757,0.0403679034201447,1.12020289076961e-41,1.29307638923259,"Endo","11b-Hydroxyandrost-4-ene-3,17-dione",FALSE
"3407","HMDB0006773",3.53047092226624e-119,90124273,0.0327485217910981,0.0451258766467372,1.21529672131857e-118,-0.462525171590464,"B","11b-Hydroxyandrost-4-ene-3,17-dione",FALSE
"3408","HMDB0006773",0.245227229218762,17846020,0.0600528020988135,0.0429842189053091,0.323953313875707,0.482424474119316,"pDC","11b-Hydroxyandrost-4-ene-3,17-dione",FALSE
"3409","HMDB0006773",0.000277641286596175,14304418,0.0361820205623311,0.0434526652043639,0.000421167714412842,-0.264171692008745,"Oligo","11b-Hydroxyandrost-4-ene-3,17-dione",FALSE
"3410","HMDB0006773",4.36784427602672e-06,109877046.5,0.0452777237363931,0.0430105293657487,5.56472687123689e-06,0.0741115430369114,"Myeloid","11b-Hydroxyandrost-4-ene-3,17-dione",FALSE
"3411","HMDB0006839",0.0024886158199625,107976403,0.0823081782594033,0.114199763525299,0.00291151785472737,-0.472451972155985,"Myeloid","24,25-Dihydrolanosterol",FALSE
"3412","HMDB0006839",0,151102187.5,0.527212630452519,0.0390850493275754,0,3.75369616980909,"Epi","24,25-Dihydrolanosterol",FALSE
"3413","HMDB0006839",1.55826923183923e-28,38425169.5,0.0322168325145634,0.113727762410548,7.06152386073982e-28,-1.8196979140048,"Endo","24,25-Dihydrolanosterol",FALSE
"3414","HMDB0006839",2.87804894368691e-29,15181856.5,0.301469070679337,0.106519042742057,1.02014012063358e-28,1.50089862732711,"Oligo","24,25-Dihydrolanosterol",FALSE
"3415","HMDB0006839",2.05112116635374e-57,60634357.5,0.030532226381671,0.116833770183123,9.29495414626123e-57,-1.93605263938504,"Mast","24,25-Dihydrolanosterol",FALSE
"3416","HMDB0006839",3.60336467496636e-24,78183251.5,0.0490426599797133,0.11682174415243,6.82542091871934e-24,-1.25219969426413,"Fibro","24,25-Dihydrolanosterol",FALSE
"3417","HMDB0006839",1.46401155171068e-151,94802704,0.00949644183225292,0.126492813740924,6.31465223508942e-151,-3.73552455571714,"B","24,25-Dihydrolanosterol",FALSE
"3418","HMDB0006839",2.53554766102075e-131,95630954,0.0210191606182653,0.124547394394983,1.39650163483912e-130,-2.56691787705993,"NK","24,25-Dihydrolanosterol",FALSE
"3419","HMDB0006839",8.81313540297783e-120,96132425.5,0.0185511177451776,0.124964082369504,4.26365199225144e-119,-2.75193546972837,"T","24,25-Dihydrolanosterol",FALSE
"3420","HMDB0006839",8.73044636931726e-18,15943453,0.0136448225544451,0.111624064545053,5.48333298283435e-17,-3.03222254686275,"pDC","24,25-Dihydrolanosterol",FALSE
"3421","HMDB0006840",2.05112116635374e-57,60634357.5,0.030532226381671,0.116833770183123,9.29495414626123e-57,-1.93605263938504,"Mast","4,4-Dimethyl-5a-cholesta-8-en-3b-ol",FALSE
"3422","HMDB0006840",1.46401155171068e-151,94802704,0.00949644183225292,0.126492813740924,6.31465223508942e-151,-3.73552455571714,"B","4,4-Dimethyl-5a-cholesta-8-en-3b-ol",FALSE
"3423","HMDB0006840",0,151102187.5,0.527212630452519,0.0390850493275754,0,3.75369616980909,"Epi","4,4-Dimethyl-5a-cholesta-8-en-3b-ol",FALSE
"3424","HMDB0006840",8.73044636931726e-18,15943453,0.0136448225544451,0.111624064545053,5.48333298283435e-17,-3.03222254686275,"pDC","4,4-Dimethyl-5a-cholesta-8-en-3b-ol",FALSE
"3425","HMDB0006840",8.81313540297783e-120,96132425.5,0.0185511177451776,0.124964082369504,4.26365199225144e-119,-2.75193546972837,"T","4,4-Dimethyl-5a-cholesta-8-en-3b-ol",FALSE
"3426","HMDB0006840",0.0024886158199625,107976403,0.0823081782594033,0.114199763525299,0.00291151785472737,-0.472451972155985,"Myeloid","4,4-Dimethyl-5a-cholesta-8-en-3b-ol",FALSE
"3427","HMDB0006840",2.87804894368691e-29,15181856.5,0.301469070679337,0.106519042742057,1.02014012063358e-28,1.50089862732711,"Oligo","4,4-Dimethyl-5a-cholesta-8-en-3b-ol",FALSE
"3428","HMDB0006840",2.53554766102075e-131,95630954,0.0210191606182653,0.124547394394983,1.39650163483912e-130,-2.56691787705993,"NK","4,4-Dimethyl-5a-cholesta-8-en-3b-ol",FALSE
"3429","HMDB0006840",1.55826923183923e-28,38425169.5,0.0322168325145634,0.113727762410548,7.06152386073982e-28,-1.8196979140048,"Endo","4,4-Dimethyl-5a-cholesta-8-en-3b-ol",FALSE
"3430","HMDB0006840",3.60336467496636e-24,78183251.5,0.0490426599797133,0.11682174415243,6.82542091871934e-24,-1.25219969426413,"Fibro","4,4-Dimethyl-5a-cholesta-8-en-3b-ol",FALSE
"3431","HMDB0006872",7.32593453869125e-05,14357049.5,0.154487787240444,0.12016880992085,0.00011708413235944,0.362430302963176,"Oligo","D-Tagatose 1,6-bisphosphate",FALSE
"3432","HMDB0006872",4.78494260231614e-121,90500864.5,0.0729167077613363,0.128779073388164,1.69604896200909e-120,-0.820576845111918,"B","D-Tagatose 1,6-bisphosphate",FALSE
"3433","HMDB0006872",1.69402260573639e-144,124242864.5,0.157683899095261,0.114467543532698,4.89080720043248e-144,0.462096765603604,"Myeloid","D-Tagatose 1,6-bisphosphate",FALSE
"3434","HMDB0006872",1.35067362335051e-39,59155321,0.0884208945363747,0.123667099550031,3.99620791040893e-39,-0.484002501198894,"Mast","D-Tagatose 1,6-bisphosphate",FALSE
"3435","HMDB0006872",1.15411613794805e-79,93597292.5,0.0838679815906069,0.126930133015166,3.97282285947502e-79,-0.597842562422748,"T","D-Tagatose 1,6-bisphosphate",FALSE
"3436","HMDB0006872",4.41885153675758e-12,19443897,0.16474317345793,0.119777935548082,1.97743606269902e-11,0.459856512983725,"pDC","D-Tagatose 1,6-bisphosphate",FALSE
"3437","HMDB0006872",1.36904961132051e-144,124248586,0.170643344916134,0.112279556731943,3.77015200655955e-144,0.603888877119232,"Epi","D-Tagatose 1,6-bisphosphate",FALSE
"3438","HMDB0006872",6.5918295083716e-98,92150679,0.0851219003147343,0.126718429701958,2.56508148260547e-97,-0.57402409878592,"NK","D-Tagatose 1,6-bisphosphate",FALSE
"3439","HMDB0006872",6.78376928046123e-18,45245782,0.167771395571292,0.118195242985668,2.20780854764102e-17,0.505324789939927,"Endo","D-Tagatose 1,6-bisphosphate",FALSE
"3440","HMDB0006872",8.94824941943384e-49,91070426,0.155298743487679,0.116580724452576,2.25596710715304e-48,0.413716885079196,"Fibro","D-Tagatose 1,6-bisphosphate",FALSE
"3441","HMDB0006875",0.561207061270594,106608000,0,2.60191079218882e-05,0.570773090724071,-Inf,"Epi","1-Pyrroline-2-carboxylic acid",FALSE
"3442","HMDB0006875",0.837076763903017,17510587.5,0,2.27319383761846e-05,0.869193979800338,-Inf,"pDC","1-Pyrroline-2-carboxylic acid",FALSE
"3443","HMDB0006875",0.561207061270594,106608000,0,2.60191079218882e-05,0.570773090724071,-Inf,"NK","1-Pyrroline-2-carboxylic acid",FALSE
"3444","HMDB0006875",0.561207061270594,106608000,0,2.60191079218882e-05,0.575679449670123,-Inf,"T","1-Pyrroline-2-carboxylic acid",FALSE
"3445","HMDB0006875",0.858039669096594,13388527.5,0,2.26173973859076e-05,0.892959888187735,-Inf,"Oligo","1-Pyrroline-2-carboxylic acid",FALSE
"3446","HMDB0006875",0.0715093266975995,82210559.5,0.00013728857703352,8.52858308369001e-06,0.0773424137696092,4.00876170627307,"Fibro","1-Pyrroline-2-carboxylic acid",FALSE
"3447","HMDB0006875",0.152637875654559,106628768.5,5.27464435115948e-05,1.71137485581207e-05,0.163117490998007,1.62391802254703,"Myeloid","1-Pyrroline-2-carboxylic acid",FALSE
"3448","HMDB0006875",0.668707738635384,66303867.5,0,2.42994522725688e-05,0.68399248694705,-Inf,"Mast","1-Pyrroline-2-carboxylic acid",FALSE
"3449","HMDB0006875",0.561207061270594,106608000,0,2.60191079218882e-05,0.565949656154571,-Inf,"B","1-Pyrroline-2-carboxylic acid",FALSE
"3450","HMDB0006875",0.743791565669883,41538451.5,0,2.34502563294885e-05,0.765164886522466,-Inf,"Endo","1-Pyrroline-2-carboxylic acid",FALSE
"3451","HMDB0006887",0.0188766694603046,82082663,-6.4234371920884e-05,0.000660127754505693,0.0217995086025453,NA,"Fibro","7a,12a-Dihydroxy-5b-cholestan-3-one",FALSE
"3452","HMDB0006887",0.0230221423232308,106491000,0,0.000681283765169333,0.0246027670200496,-Inf,"B","7a,12a-Dihydroxy-5b-cholestan-3-one",FALSE
"3453","HMDB0006887",6.37694991403499e-37,107300899,0.00384240427598896,3.25577351188587e-05,9.79806038293788e-37,6.88286516704277,"Epi","7a,12a-Dihydroxy-5b-cholestan-3-one",FALSE
"3454","HMDB0006887",0.0747226005437742,13355007,-0.00162080626624212,0.000618180919966156,0.0932079825598298,NA,"Oligo","7a,12a-Dihydroxy-5b-cholestan-3-one",FALSE
"3455","HMDB0006887",0.7236302806184,106594865,0.000506779430237641,0.000595722490437332,0.729745466088415,-0.233282458625035,"T","7a,12a-Dihydroxy-5b-cholestan-3-one",FALSE
"3456","HMDB0006887",0.200977256705619,41497365,0,0.000614021010032404,0.232096315808424,-Inf,"Endo","7a,12a-Dihydroxy-5b-cholestan-3-one",FALSE
"3457","HMDB0006887",0.0230221423232308,106491000,0,0.000681283765169333,0.0251278260723068,-Inf,"NK","7a,12a-Dihydroxy-5b-cholestan-3-one",FALSE
"3458","HMDB0006887",0.420922569335647,17493798,0,0.000595212588110916,0.517836013134576,-Inf,"pDC","7a,12a-Dihydroxy-5b-cholestan-3-one",FALSE
"3459","HMDB0006887",0.0230221423232308,106491000,0,0.000681283765169333,0.0257560217241145,-Inf,"Myeloid","7a,12a-Dihydroxy-5b-cholestan-3-one",FALSE
"3460","HMDB0006887",0.0307529998247786,66215165,-0.000154219058471662,0.000650380150457558,0.0365766575989061,NA,"Mast","7a,12a-Dihydroxy-5b-cholestan-3-one",FALSE
"3461","HMDB0006889",6.44730721403582e-153,92864162.5,0.0184488575916932,0.0779303240785777,4.43872304350928e-152,-2.07865333282965,"T","3a,7a,12a-Trihydroxy-5b-cholest-24-enoyl-CoA",FALSE
"3462","HMDB0006889",0.874469556903082,17544870.5,0.0708052753174684,0.0693074135409768,0.902190493865428,0.0308471716828567,"pDC","3a,7a,12a-Trihydroxy-5b-cholest-24-enoyl-CoA",FALSE
"3463","HMDB0006889",1.36143205658475e-154,92788037,0.0226953735975684,0.0772133705067602,9.37293608187192e-154,-1.76645245342649,"NK","3a,7a,12a-Trihydroxy-5b-cholest-24-enoyl-CoA",FALSE
"3464","HMDB0006889",5.86802772160299e-225,123327669.5,0.118576196435901,0.0610254888862415,2.62594240541734e-224,0.958330572452568,"Epi","3a,7a,12a-Trihydroxy-5b-cholest-24-enoyl-CoA",FALSE
"3465","HMDB0006889",7.38497607374942e-65,16535027,0.226238984797035,0.0668247062987695,5.28764286880458e-64,1.75939405465739,"Oligo","3a,7a,12a-Trihydroxy-5b-cholest-24-enoyl-CoA",FALSE
"3466","HMDB0006889",1.19620878730166e-177,121448057,0.109104223323586,0.0626246739465681,3.75651531450871e-177,0.80090385604041,"Myeloid","3a,7a,12a-Trihydroxy-5b-cholest-24-enoyl-CoA",FALSE
"3467","HMDB0006889",0.00720479498197152,40664984,0.0644135966391076,0.0696016219354329,0.0106060401568045,-0.111755676354173,"Endo","3a,7a,12a-Trihydroxy-5b-cholest-24-enoyl-CoA",FALSE
"3468","HMDB0006889",5.5297340578484e-30,87407952.5,0.0919349008361504,0.0666408696763638,1.13772689236191e-29,0.464205421100107,"Fibro","3a,7a,12a-Trihydroxy-5b-cholest-24-enoyl-CoA",FALSE
"3469","HMDB0006889",0.0941676556181144,66996385.5,0.098966453704088,0.0666250469475707,0.107363123284347,0.570874938535003,"Mast","3a,7a,12a-Trihydroxy-5b-cholest-24-enoyl-CoA",FALSE
"3470","HMDB0006889",2.15761291279229e-120,94435616.5,0.0283656783150455,0.0762560339007367,7.4992759493169e-120,-1.42670513408967,"B","3a,7a,12a-Trihydroxy-5b-cholest-24-enoyl-CoA",FALSE
"3471","HMDB0006891",0.000962010588020995,16447647,0.304039262322248,0.361590346411961,0.00203786858290838,-0.250098522667941,"pDC","3a,7a,12a-Trihydroxy-5b-24-oxocholestanoyl-CoA",FALSE
"3472","HMDB0006891",3.64042141090648e-121,125224161,0.473912656753925,0.341232269270506,8.86578819798993e-121,0.473867107171891,"Epi","3a,7a,12a-Trihydroxy-5b-24-oxocholestanoyl-CoA",FALSE
"3473","HMDB0006891",1.95255817296139e-138,86700951.5,0.237238776734062,0.381190716006934,1.1459275834757e-137,-0.684173144482832,"T","3a,7a,12a-Trihydroxy-5b-24-oxocholestanoyl-CoA",FALSE
"3474","HMDB0006891",1.78313763283195e-137,126456822,0.470926923558063,0.341736360642423,5.06637517899873e-137,0.46261944767318,"Myeloid","3a,7a,12a-Trihydroxy-5b-24-oxocholestanoyl-CoA",FALSE
"3475","HMDB0006891",1.92009706273876e-13,100766833.5,0.331371854253409,0.365297912103617,2.71697529035761e-13,-0.14062243834983,"NK","3a,7a,12a-Trihydroxy-5b-24-oxocholestanoyl-CoA",FALSE
"3476","HMDB0006891",1.70815442940876e-16,15711148.5,0.513504332317504,0.357944450950049,4.43129917194446e-16,0.520640733854585,"Oligo","3a,7a,12a-Trihydroxy-5b-24-oxocholestanoyl-CoA",FALSE
"3477","HMDB0006891",4.52545018199943e-12,44974752.5,0.425222183401823,0.356933508798437,1.06586260865513e-11,0.252561515268692,"Endo","3a,7a,12a-Trihydroxy-5b-24-oxocholestanoyl-CoA",FALSE
"3478","HMDB0006891",2.26854939187487e-38,91236562.5,0.426834210466607,0.352466119798742,4.92206474115881e-38,0.276191224216103,"Fibro","3a,7a,12a-Trihydroxy-5b-24-oxocholestanoyl-CoA",FALSE
"3479","HMDB0006891",0.248454758229855,67031003,0.385156388996542,0.358129932205236,0.269535768019055,0.104961254059841,"Mast","3a,7a,12a-Trihydroxy-5b-24-oxocholestanoyl-CoA",FALSE
"3480","HMDB0006891",1.37476192524822e-255,79462880.5,0.193712534514495,0.388539397793118,1.17182087914015e-254,-1.00414358583617,"B","3a,7a,12a-Trihydroxy-5b-24-oxocholestanoyl-CoA",FALSE
"3481","HMDB0006892",0.0230221423232308,106491000,0,0.000681283765169333,0.0251278260723068,-Inf,"NK","7a-Hydroxy-5b-cholestan-3-one",FALSE
"3482","HMDB0006892",0.0188766694603046,82082663,-6.4234371920884e-05,0.000660127754505693,0.0217995086025453,NA,"Fibro","7a-Hydroxy-5b-cholestan-3-one",FALSE
"3483","HMDB0006892",0.0307529998247786,66215165,-0.000154219058471662,0.000650380150457558,0.0365766575989061,NA,"Mast","7a-Hydroxy-5b-cholestan-3-one",FALSE
"3484","HMDB0006892",6.37694991403499e-37,107300899,0.00384240427598896,3.25577351188587e-05,9.79806038293788e-37,6.88286516704277,"Epi","7a-Hydroxy-5b-cholestan-3-one",FALSE
"3485","HMDB0006892",0.420922569335647,17493798,0,0.000595212588110916,0.517836013134576,-Inf,"pDC","7a-Hydroxy-5b-cholestan-3-one",FALSE
"3486","HMDB0006892",0.200977256705619,41497365,0,0.000614021010032404,0.232096315808424,-Inf,"Endo","7a-Hydroxy-5b-cholestan-3-one",FALSE
"3487","HMDB0006892",0.7236302806184,106594865,0.000506779430237641,0.000595722490437332,0.729745466088415,-0.233282458625035,"T","7a-Hydroxy-5b-cholestan-3-one",FALSE
"3488","HMDB0006892",0.0747226005437742,13355007,-0.00162080626624212,0.000618180919966156,0.0932079825598298,NA,"Oligo","7a-Hydroxy-5b-cholestan-3-one",FALSE
"3489","HMDB0006892",0.0230221423232308,106491000,0,0.000681283765169333,0.0246027670200496,-Inf,"B","7a-Hydroxy-5b-cholestan-3-one",FALSE
"3490","HMDB0006892",0.0230221423232308,106491000,0,0.000681283765169333,0.0257560217241145,-Inf,"Myeloid","7a-Hydroxy-5b-cholestan-3-one",FALSE
"3491","HMDB0011104",1.01609665316958e-150,91671626,0.036353632591991,0.105303592010779,4.33050716469891e-150,-1.53438321298617,"B","3-Phosphoadenylylselenate",FALSE
"3492","HMDB0011104",3.62200442319576e-182,90167041,0.0269732646900052,0.106887311055518,3.24169395876021e-181,-1.98648854331929,"T","3-Phosphoadenylylselenate",FALSE
"3493","HMDB0011104",0,131588765,0.181644697960229,0.0807736130527785,0,1.1691632768478,"Myeloid","3-Phosphoadenylylselenate",FALSE
"3494","HMDB0011104",1.0311591086077e-211,88869066.5,0.0245105163238484,0.107303105140636,1.15360925275486e-210,-2.13021904486638,"NK","3-Phosphoadenylylselenate",FALSE
"3495","HMDB0011104",4.65685356661693e-41,16106680.5,0.234624653021361,0.0931125822640712,2.16513451538813e-40,1.33330657466008,"Oligo","3-Phosphoadenylylselenate",FALSE
"3496","HMDB0011104",1.62105987716655e-80,48318703,0.231770725904471,0.0880540673315486,1.61205398896007e-79,1.39623680576119,"Endo","3-Phosphoadenylylselenate",FALSE
"3497","HMDB0011104",2.35137909822214e-116,93699005,0.157107685503061,0.0879706209349049,1.20256245309075e-115,0.836660056758685,"Fibro","3-Phosphoadenylylselenate",FALSE
"3498","HMDB0011104",5.83609305791926e-50,59609869.5,0.0541073901803778,0.0991206105603342,2.34755203902819e-49,-0.873359418232431,"Mast","3-Phosphoadenylylselenate",FALSE
"3499","HMDB0011104",2.87154201993815e-19,15433261,0.0292196680593168,0.0967436810539603,2.05602408627572e-18,-1.72722764377224,"pDC","3-Phosphoadenylylselenate",FALSE
"3500","HMDB0011104",7.2471352262252e-97,118548744.5,0.131963112678102,0.089161522099229,1.59170209263106e-96,0.565641562428357,"Epi","3-Phosphoadenylylselenate",FALSE
"3501","HMDB0011118",0.000195825808787846,16289482,-0.0193726917660858,0.0211482141607289,0.000455231425623693,NA,"pDC","Se-Adenosylselenomethionine",FALSE
"3502","HMDB0011118",1.85138140566372e-76,91632150.5,-0.0443563639019975,0.0312258484781742,3.80916404153801e-76,NA,"Epi","Se-Adenosylselenomethionine",FALSE
"3503","HMDB0011118",0.0088680063392715,104495266.5,0.0173829964273986,0.0208021847386172,0.0101106569091057,-0.259058263701143,"T","Se-Adenosylselenomethionine",FALSE
"3504","HMDB0011118",1.65207037273669e-94,123311081,0.0746810843570187,0.0111283559475282,4.078904782343e-94,2.74650240416271,"Myeloid","Se-Adenosylselenomethionine",FALSE
"3505","HMDB0011118",0.0956088418461581,42382723,0.0305398712917388,0.0197615711240819,0.118435866369981,0.62799633048655,"Endo","Se-Adenosylselenomethionine",FALSE
"3506","HMDB0011118",0.383037365417727,105907798.5,0.0254384619029354,0.0194421534241588,0.395179760286876,0.387823421414783,"NK","Se-Adenosylselenomethionine",FALSE
"3507","HMDB0011118",3.88850294344338e-05,68933956,0.047298130512488,0.017836492128593,5.27304565815428e-05,1.40695125041919,"Mast","Se-Adenosylselenomethionine",FALSE
"3508","HMDB0011118",0.636616498490247,13524723,0.0316726226392852,0.0201262248850778,0.699106461532235,0.654159745581358,"Oligo","Se-Adenosylselenomethionine",FALSE
"3509","HMDB0011118",0.00385408989076656,104274445.5,0.0129117477282467,0.0215570806864733,0.00424542824890593,-0.739477521562997,"B","Se-Adenosylselenomethionine",FALSE
"3510","HMDB0011118",0.133373363752161,83261136,0.0212124801033657,0.020200353911487,0.142530340964996,0.07053273725885,"Fibro","Se-Adenosylselenomethionine",FALSE
"3511","HMDB0011123",8.66473058116169e-13,111017955,0.0711818379073777,0.0804251022684038,1.24078941922235e-12,-0.176136681848428,"Myeloid","trans,cis-Lauro-2,6-dienoyl-CoA",FALSE
"3512","HMDB0011123",0,132175015.5,0.144549230446752,0.0680382387635288,0,1.08714322717237,"Epi","trans,cis-Lauro-2,6-dienoyl-CoA",FALSE
"3513","HMDB0011123",6.80516521906695e-97,93490777,0.121000104049112,0.0740866619306144,3.00771499805675e-96,0.707722550276477,"Fibro","trans,cis-Lauro-2,6-dienoyl-CoA",FALSE
"3514","HMDB0011123",7.02308824745794e-08,14565785,0.122838702727033,0.0783890360681113,1.30272828631603e-07,0.648041391403855,"Oligo","trans,cis-Lauro-2,6-dienoyl-CoA",FALSE
"3515","HMDB0011123",3.0253012607418e-75,95308950,0.0521131031426873,0.0836445408577488,9.84598046677786e-75,-0.682625219957298,"T","trans,cis-Lauro-2,6-dienoyl-CoA",FALSE
"3516","HMDB0011123",6.60941404602396e-85,94587587,0.0557735962729227,0.0830265274979252,2.25349545569198e-84,-0.573990061523781,"NK","trans,cis-Lauro-2,6-dienoyl-CoA",FALSE
"3517","HMDB0011123",5.79812748493752e-137,91271437.5,0.0388416239555959,0.0858852093006142,2.25622786913873e-136,-1.14480617877095,"B","trans,cis-Lauro-2,6-dienoyl-CoA",FALSE
"3518","HMDB0011123",6.65068319882673e-29,45829835.5,0.131795036845078,0.0762736468571992,3.13282182260522e-28,0.789039456348438,"Endo","trans,cis-Lauro-2,6-dienoyl-CoA",FALSE
"3519","HMDB0011123",0.033182888219951,18043104,0.0862424584290876,0.0789385538547916,0.0523324845054733,0.127668214701408,"pDC","trans,cis-Lauro-2,6-dienoyl-CoA",FALSE
"3520","HMDB0011123",6.60622832163346e-70,57722315.5,0.0407590390080322,0.0826004010436972,3.42757933209388e-69,-1.01902874935996,"Mast","trans,cis-Lauro-2,6-dienoyl-CoA",FALSE
"3521","HMDB0011134",2.67556411292789e-12,70942229.5,0.284024813826149,0.269252941067191,4.58302369582864e-12,0.0770548727733638,"Mast","5-HETE",FALSE
"3522","HMDB0011134",0,65080880,0.131359233384325,0.293982588843154,0,-1.16221310114172,"B","5-HETE",FALSE
"3523","HMDB0011134",1.1273228858354e-138,26048649.5,0.453196954792244,0.26662502309752,8.07163186258146e-137,0.765325981612824,"pDC","5-HETE",FALSE
"3524","HMDB0011134",0,181224704.5,0.517287569114284,0.228825010634482,0,1.17672177501236,"Myeloid","5-HETE",FALSE
"3525","HMDB0011134",0,111821293,0.411122731344834,0.253703647266259,0,0.696424882147399,"Fibro","5-HETE",FALSE
"3526","HMDB0011134",4.3912818229697e-101,124550459.5,0.330612626759485,0.260341968654877,9.76446517157237e-101,0.344733923693872,"Epi","5-HETE",FALSE
"3527","HMDB0011134",4.11870269696044e-222,58228465.5,0.454903174418929,0.260638270754312,2.45749260918639e-220,0.803510564902172,"Endo","5-HETE",FALSE
"3528","HMDB0011134",0,57715361,0.107207351989372,0.298060232164942,0,-1.47520005540381,"T","5-HETE",FALSE
"3529","HMDB0011134",1.1676048256765e-64,8332764.5,0.113905300666373,0.273001019266626,8.19612799200364e-64,-1.26107145207285,"Oligo","5-HETE",FALSE
"3530","HMDB0011134",0,50067955,0.0804193734290202,0.302582936632332,0,-1.91171563202842,"NK","5-HETE",FALSE
"3531","HMDB0012715",1.0604771056054e-60,47910854.5,0.464065214833165,0.227371370816411,8.62842735924393e-60,1.02927695023955,"Endo","3-hydroxyoctadecanoyl-CoA",FALSE
"3532","HMDB0012715",6.05784458623486e-152,79164579,0.560399013901075,0.209977540978901,6.37855400550612e-151,1.41621939045558,"Mast","3-hydroxyoctadecanoyl-CoA",FALSE
"3533","HMDB0012715",0.334337159465533,17268503,0.220342302463932,0.239780495314156,0.425952680030821,-0.121967811307452,"pDC","3-hydroxyoctadecanoyl-CoA",FALSE
"3534","HMDB0012715",8.55414541639472e-165,89626378.5,0.104488278799606,0.262151394493718,4.08317874542574e-164,-1.32705910625512,"B","3-hydroxyoctadecanoyl-CoA",FALSE
"3535","HMDB0012715",6.28946398242554e-161,123398623.5,0.320162231966436,0.225738435998558,1.86084967413913e-160,0.504151045908838,"Epi","3-hydroxyoctadecanoyl-CoA",FALSE
"3536","HMDB0012715",3.58897766106724e-166,89554653.5,0.102108582102139,0.262553166686435,2.7337319205576e-165,-1.36250546822032,"T","3-hydroxyoctadecanoyl-CoA",FALSE
"3537","HMDB0012715",1.51883296422663e-30,113747096.5,0.239061233611251,0.239430990169618,2.61414519804391e-30,-0.0022296958352174,"Myeloid","3-hydroxyoctadecanoyl-CoA",FALSE
"3538","HMDB0012715",1.28403717924961e-234,86305990.5,0.0787571871687229,0.26649566118811,1.641733250612e-233,-1.75862855359626,"NK","3-hydroxyoctadecanoyl-CoA",FALSE
"3539","HMDB0012715",1.78225328455423e-09,14713080,0.371493644955548,0.237260905336436,3.54470375483564e-09,0.646863131116539,"Oligo","3-hydroxyoctadecanoyl-CoA",FALSE
"3540","HMDB0012715",4.82441976813681e-77,92323003,0.341305150668261,0.227209337955562,1.6768371621291e-76,0.587040057832062,"Fibro","3-hydroxyoctadecanoyl-CoA",FALSE
"3541","HMDB0012819",0,119995676.5,0.0603589119740306,0.019380072122831,0,1.63899286042389,"Epi","5-Hydroxykynurenine",FALSE
"3542","HMDB0012819",2.58385258796895e-07,16803460,0.00758174505845754,0.0256743268296586,7.90614723498193e-07,-1.75972459937067,"pDC","5-Hydroxykynurenine",FALSE
"3543","HMDB0012819",9.12349313533659e-14,84413346,0.033770400663839,0.0242880133665125,1.43254848353092e-13,0.475514806255285,"Fibro","5-Hydroxykynurenine",FALSE
"3544","HMDB0012819",7.92925594630318e-37,102315135,0.0131679677502983,0.0273474778671721,1.43731458135789e-36,-1.05437507841792,"B","5-Hydroxykynurenine",FALSE
"3545","HMDB0012819",2.08763117387373e-37,62889267.5,0.00516052702068753,0.0271436690478611,5.97897568197436e-37,-2.39502543101484,"Mast","5-Hydroxykynurenine",FALSE
"3546","HMDB0012819",0.272624403692562,106241986,0.0205641022575652,0.0260987636164095,0.287904237527839,-0.343853372042624,"Myeloid","5-Hydroxykynurenine",FALSE
"3547","HMDB0012819",7.08318484576348e-214,17140148.5,0.223884740051743,0.0221177010055882,2.30525470434848e-212,3.33948285817672,"Oligo","5-Hydroxykynurenine",FALSE
"3548","HMDB0012819",9.64057367266376e-12,42982427.5,0.0565374641338398,0.0236300889659241,2.21238806077797e-11,1.25858211465631,"Endo","5-Hydroxykynurenine",FALSE
"3549","HMDB0012819",1.62791960003638e-76,100336178,0.0036041774626824,0.0289621647298458,5.0677844940263e-76,-3.00642748483453,"NK","5-Hydroxykynurenine",FALSE
"3550","HMDB0012819",8.212094720695e-64,100895137,0.00413789708512789,0.0288720550519046,2.29682024219438e-63,-2.80270413015659,"T","5-Hydroxykynurenine",FALSE
"3551","HMDB0012880",3.73966821196969e-15,108594661,0.0610330878051882,0.0241151975460759,5.20934326803561e-15,1.33964895316968,"B","Acetamidopropanal",FALSE
"3552","HMDB0012880",0.113921801540874,41292010,0.0273082770860345,0.0295621687860643,0.137783800512274,-0.114413819109096,"Endo","Acetamidopropanal",FALSE
"3553","HMDB0012880",5.23770602193804e-17,104502895,0.0196154231912988,0.0311078810871682,7.71645578540667e-17,-0.665291668015229,"NK","Acetamidopropanal",FALSE
"3554","HMDB0012880",0.0276513427846537,82681268.5,0.0291509002669889,0.0294832901002699,0.0316267754533739,-0.0163570878368018,"Fibro","Acetamidopropanal",FALSE
"3555","HMDB0012880",0.1880227690821,17645837,0.031492705236724,0.029404557809444,0.257900962955524,0.098977895733003,"pDC","Acetamidopropanal",FALSE
"3556","HMDB0012880",0.441624437587436,106807814,0.0193633497673231,0.0311504394906758,0.455624059528248,-0.685923964296944,"Epi","Acetamidopropanal",FALSE
"3557","HMDB0012880",2.14284259412097e-13,104765274,0.0195203097637683,0.0311239394068593,3.22326743149288e-13,-0.673048729190894,"T","Acetamidopropanal",FALSE
"3558","HMDB0012880",2.35324602938607e-12,14015075,0.0973680622752869,0.0283596687237547,5.13696389341593e-12,1.7796079509051,"Oligo","Acetamidopropanal",FALSE
"3559","HMDB0012880",1.25552199384947e-15,64718421,0.0106310071363829,0.0311711391310351,2.31689110205212e-15,-1.55193260023936,"Mast","Acetamidopropanal",FALSE
"3560","HMDB0012880",4.06495663545821e-21,108989506.5,0.0318990010309403,0.0290340033495957,6.41081266737463e-21,0.1357677328683,"Myeloid","Acetamidopropanal",FALSE
"3561","HMDB0012948",0.0102171309558962,81737818,0.0053726785314059,0.0125360362573311,0.0120717256838641,-1.22236783396866,"Fibro","Formyl-5-hydroxykynurenamine",FALSE
"3562","HMDB0012948",0.000815006055168881,17236870,0.00253998903427892,0.0119674820850273,0.0017683161681846,-2.23622547271195,"pDC","Formyl-5-hydroxykynurenamine",FALSE
"3563","HMDB0012948",2.91210337943042e-24,104557271.5,0.00173245584403759,0.0134670905584711,4.65416522248255e-24,-2.95854771615897,"B","Formyl-5-hydroxykynurenamine",FALSE
"3564","HMDB0012948",5.06415811209258e-52,109685443.5,0.0159681191940844,0.0110636356622957,9.01974429914998e-52,0.529368841983355,"Epi","Formyl-5-hydroxykynurenamine",FALSE
"3565","HMDB0012948",5.89674155554859e-23,104617477,0.00146277194822182,0.0135126221971366,1.00048979947223e-22,-3.20753089416719,"T","Formyl-5-hydroxykynurenamine",FALSE
"3566","HMDB0012948",1.34003064545196e-06,107592259.5,0.0176183597910192,0.0107850199950772,1.73815569228913e-06,0.708050769329885,"Myeloid","Formyl-5-hydroxykynurenamine",FALSE
"3567","HMDB0012948",1.17423660600497e-25,104494861,0.00137557986992076,0.0135273431288099,1.93721983847825e-25,-3.29776669705032,"NK","Formyl-5-hydroxykynurenamine",FALSE
"3568","HMDB0012948",0.00102509191326791,13153685,0.00124069071482771,0.011940795609739,0.00145052531600755,-3.26668354226816,"Oligo","Formyl-5-hydroxykynurenamine",FALSE
"3569","HMDB0012948",2.99662021901157e-262,45910900.5,0.10957380834478,0.00654602178866167,2.14558007681228e-260,4.06514077443527,"Endo","Formyl-5-hydroxykynurenamine",FALSE
"3570","HMDB0012948",9.97391745988564e-16,65026176,0.000680607286703468,0.0127878559623948,1.85008417131558e-15,-4.23180799198537,"Mast","Formyl-5-hydroxykynurenamine",FALSE
"3571","HMDB0015531",0.000252881900159398,84954632,0.902844990229329,0.919307696702793,0.000323327572346659,-0.0260695071509367,"Fibro","Iron",TRUE
"3572","HMDB0015531",0,55459498.5,0.718035354636855,0.951237019194722,0,-0.405749980153,"B","Iron",TRUE
"3573","HMDB0015531",1.6241764638875e-234,134706562.5,1.04090039393082,0.89672662930886,7.85750235232063e-234,0.215091874608782,"Epi","Iron",TRUE
"3574","HMDB0015531",4.84745439261679e-93,19618564,1.1331104368177,0.914098426726209,5.10408433104944e-92,0.309867055194914,"Oligo","Iron",TRUE
"3575","HMDB0015531",0,62018098,0.738525425765052,0.947777611609344,0,-0.359900991467068,"T","Iron",TRUE
"3576","HMDB0015531",3.22210156018451e-88,30862388,0.785506340813143,0.924607832818592,3.60472612045642e-87,-0.235218663042747,"Endo","Iron",TRUE
"3577","HMDB0015531",0,64756058,0.744461296453697,0.946775438607716,0,-0.346825432971099,"NK","Iron",TRUE
"3578","HMDB0015531",1.60004047580369e-07,15686715,0.837567970568682,0.919244961361544,4.93805595118724e-07,-0.134243090403765,"pDC","Iron",TRUE
"3579","HMDB0015531",0,189032141,1.29592899728565,0.853669292932897,0,0.602237485909535,"Myeloid","Iron",TRUE
"3580","HMDB0015531",0,96918105,1.08125279252405,0.902559780674766,0,0.260609462177838,"Mast","Iron",TRUE
