"","Camptothecin_1003","Vinblastine_1004","Cisplatin_1005","Cytarabine_1006","Docetaxel_1007","Gefitinib_1010","Navitoclax_1011","Vorinostat_1012","Nilotinib_1013","Olaparib_1017","Axitinib_1021","AZD7762_1022","SB216763_1025","KU-55933_1030","Afatinib_1032","Staurosporine_1034","PLX-4720_1036","NU7441_1038","Doramapimod_1042","Wee1 Inhibitor_1046","Nutlin-3a (-)_1047","Mirin_1048","PD173074_1049","ZM447439_1050","Alisertib_1051","RO-3306_1052","MK-2206_1053","Palbociclib_1054","Dactolisib_1057","Pictilisib_1058","AZD8055_1059","PD0325901_1060","Obatoclax Mesylate_1068","5-Fluorouracil_1073","Dasatinib_1079","Paclitaxel_1080","Crizotinib_1083","Rapamycin_1084","Sorafenib_1085","BI-2536_1086","Irinotecan_1088","Oxaliplatin_1089","BMS-536924_1091","GSK1904529A_1093","Tozasertib_1096","PF-4708671_1129","PRIMA-1MET_1131","Erlotinib_1168","Niraparib_1177","MK-1775_1179","Dinaciclib_1180","Gemcitabine_1190","Bortezomib_1191","GSK269962A_1192","SB505124_1194","Tamoxifen_1199","Fulvestrant_1200","EPZ004777_1237","YK-4-279_1239","Daporinad_1248","BMS-345541_1249","AZ960_1250","Talazoparib_1259","XAV939_1268","Trametinib_1372","Dabrafenib_1373","Temozolomide_1375","AZD5438_1401","IAP_5620_1428","AZD2014_1441","AZD1208_1449","AZD1332_1463","Ruxolitinib_1507","Linsitinib_1510","Epirubicin_1511","Cyclophosphamide_1512","Pevonedistat_1529","Sapitinib_1549","Uprosertib_1553","LCL161_1557","Lapatinib_1558","Luminespib_1559","Alpelisib_1560","Taselisib_1561","EPZ5676_1563","SCH772984_1564","IWP-2_1576","Leflunomide_1578","Entinostat_1593","OSI-027_1594","LGK974_1598","VE-822_1613","WZ4003_1614","CZC24832_1615","AZD5582_1617","GSK2606414_1618","PFI3_1620","PCI-34051_1621","Wnt-C59_1622","I-BET-762_1624","RVX-208_1625","OTX015_1626","GSK343_1627","ML323_1629","Entospletinib_1630","PRT062607_1631","Ribociclib_1632","AGI-6780_1634","Picolinici-acid_1635","AZD5153_1706","CDK9_5576_1708","CDK9_5038_1709","Eg5_9814_1712","ERK_2440_1713","ERK_6604_1714","IRAK4_4710_1716","JAK1_8709_1718","AZD5991_1720","PAK_5339_1730","TAF1_5496_1732","ULK1_4989_1733","VSP34_8731_1734","Selumetinib_1736","IGF1R_3801_1738","JAK_8517_1739","AZD4547_1786","Ibrutinib_1799","Zoledronate_1802","Acetalax_1804","Oxaliplatin_1806","Carmustine_1807","Topotecan_1808","Teniposide_1809","Mitoxantrone_1810","Dactinomycin_1811","Fludarabine_1813","Nelarabine_1814","Fulvestrant_1816","Vincristine_1818","Docetaxel_1819","Podophyllotoxin bromide_1825","Dihydrorotenone_1827","Gallibiscoquinazole_1830","Elephantin_1835","Sinularin_1838","Sabutoclax_1849","LY2109761_1852","OF-1_1853","MN-64_1854","KRAS (G12C) Inhibitor-12_1855","MG-132_1862","BDP-00009066_1866","Buparlisib_1873","Ulixertinib_1908","Venetoclax_1909","ABT737_1910","Dactinomycin_1911","Afuresertib_1912","AGI-5198_1913","AZD3759_1915","AZD5363_1916","AZD6738_1917","AZD8186_1918","Osimertinib_1919","Cediranib_1922","Ipatasertib_1924","GDC0810_1925","GNE-317_1926","GSK2578215A_1927","I-BRD9_1928","Telomerase Inhibitor IX_1930","MIRA-1_1931","NVP-ADW742_1932","P22077_1933","Savolitinib_1936","UMI-77_1939","WIKI4_1940","Sepantronium bromide_1941","MIM1_1996","WEHI-539_1997","BPD-00008900_1998","Foretinib_2040","BIBR-1532_2043","Pyridostatin_2044","AMG-319_2045","MK-8776_2046","Ulixertinib_2047","Vinorelbine_2048","VX-11e_2096","Uprosertib_2106","LJI308_2107","AZ6102_2109","GSK591_2110","VE821_2111","AZD6482_2169","AT13148_2170","BMS-754807_2171","JQ1_2172"
"GSM773540",0.131119555556801,0.0435216152536758,111.394941772216,6.55515899434831,0.0188964325622933,29.4064033506446,36.7826747998568,5.35113325562568,70.6459849350523,221.991758989608,20.8825516013988,1.83470488733684,289.949213981244,94.0843350675238,6.48891301408472,0.100051754196065,132.74286136118,14.9148454502219,92.9306350972009,16.7950177098747,255.226533974425,130.985493104229,177.960493375888,17.0016918494393,12.7580423403014,17.5326106584986,16.8536823291167,42.580182911333,0.246809088623347,2.79282991444778,0.810639368935933,1.8061535056289,6.16384779960793,171.606210736977,5.21662777882573,0.146633316009511,18.3015577182741,0.146753103637683,23.2692614106265,1.46531967276622,14.3187096828044,53.0472895911327,9.95380998626221,109.331048808761,19.565721147025,32.5924262479241,143.299774871059,20.2165023611561,120.674872556355,5.03246470189392,0.0543077568466643,1.37578927524073,0.0102227293273335,16.7160500358264,12.1948140801848,51.5203445674733,32.6726463667248,293.734849220178,28.4729927537787,0.0150558652173351,30.8329718701125,13.1537712732916,59.5031987989638,79.8560296424221,1.39730266873666,140.282968478871,928.413491047911,10.1868130346211,275.775912400474,7.04903585503231,327.774411753498,51.0549685998594,136.970729836315,69.2741720986973,0.619597277883785,323.880019262358,5.44672131978344,33.1453567276827,9.24726191422166,153.413002725685,21.8692293031937,0.0926908034479261,45.5822869401886,6.46013114310318,444.215020078736,11.8945160738831,20.0794387998376,140.859389208845,8.3700450738431,138.770852340639,85.1169603781289,24.5051036402796,42.91680911894,218.210269165532,10.8454541381184,54.4973132260022,268.63030374751,213.749044170614,99.1037288248267,44.9604364546498,215.440054384354,13.8004370932367,23.1660633127426,121.45701762701,58.9988429729015,28.1036531169877,38.9402467790418,90.5252583293338,271.702002000482,6.94760994686706,0.691430664114307,0.0866572379328423,0.0694703412756617,21.1343170440043,35.4743626049802,219.769189842999,100.346212553238,147.622618029262,12.9251341780709,65.7996670434114,6.5111076808278,8.30710135749705,69.6685531572784,6.65189036775097,27.3199022573891,53.6597079292075,108.379590945885,69.1248226803676,74.2842074282211,156.913318517345,655.852889911659,1.26669718679382,4.16170981875274,2.93439136199959,0.0764780091879473,182.814875908343,630.500554251507,135.430518945583,0.342206456870251,0.366672809039405,0.943135813968496,2.87771012443107,21.8297863202678,35.5237111953348,58.0255993090863,0.808259429010315,284.705582556249,82.4478242232491,159.572378415836,87.2528079329898,0.214734110144865,13.1871061501249,3.15338052614885,14.8328790111905,27.4471439231576,43.4400308550511,0.0112057769702317,11.1806183680908,125.505034955515,20.5292528936969,13.655435979465,11.9406983952098,20.8388087891694,6.06885228333494,12.6974355609694,23.6760745937546,207.969047411756,1.98080463797738,154.159215666538,91.2316187879139,2.78651183342247,402.495593752388,28.5358085999864,116.062463553492,19.695692343969,31.7376169750469,43.1316210697617,0.0151279425500861,97.6279092032452,116.571068077021,144.860738222808,2.86052166688579,295.101073328167,39.3262375492181,214.168085882354,31.9172222306965,6.70400032976408,0.0982035184311034,12.0457300325972,7.26156365523964,365.870908608023,13.586418367792,172.583463183502,98.5448357072665,22.0797722800796,79.6513874520851,3.74924852131921,15.093251243996
"GSM773541",0.0557086770530498,0.0214620459688261,20.5549993660054,7.18798366684614,0.0075101062676112,27.8177301953062,9.88261298502586,5.77989338022859,53.1061380339506,110.095244726758,25.9131928341073,1.18199979984029,218.574613914663,88.4352997993839,5.08324930344068,0.0598519154454456,107.969307622653,16.6245219079882,117.600455575166,12.098513471257,145.47416477107,108.184664796619,108.018671758578,23.0792002679243,5.91299360128924,20.9928665814428,20.7903726311338,33.6396607118142,0.246560326311022,4.89787970330227,0.76607341627578,1.1796842024601,4.91880105940162,67.6974749149898,4.80372920327772,0.0602956997030626,25.7291104101756,0.146269867699514,17.4769244961059,2.12510241479548,11.9200457133068,41.004045759008,6.80545792535048,105.718329326803,25.8146881260701,40.5463950364346,136.381209329207,14.3792745048909,91.24098685289,1.75851558758721,0.0766570846266633,0.270848825534136,0.00764993217598109,18.3176000561031,10.2306412212772,41.3274673884627,18.9664924849315,270.913573812986,5.92376694473911,0.0131433160314055,41.1410014914467,8.3876184814472,27.7085088421263,96.5198730097816,0.970403497428117,114.721110990016,472.591898651171,12.8651856299352,224.427307281493,8.63156594414483,329.940549918249,70.7339210093335,165.200993690493,74.8629754200475,0.311168487198262,208.78475508612,1.61752349353158,52.7877014447915,26.2000428107782,174.084105156315,29.1175752826932,0.1177742031522,41.5251720781446,8.39464754504899,300.501764761601,8.58649142524206,18.4565075324034,162.053358410196,11.2576401023976,146.636245264641,57.7589245618798,49.2045529459328,44.0880086275807,211.884348878613,7.52773610604506,43.6247446705107,275.595998732409,174.790297839308,101.8171442888,33.0752383756694,149.237251161185,12.919492604992,24.0484362365608,107.686056623739,62.0244568833429,34.6431646557567,39.7086160811398,100.787662224104,215.434720187263,7.42105878287378,0.990779931482913,0.175922806782809,0.062946076382572,10.8553309992404,20.8837577137912,197.353337825005,105.792145723274,104.345301076242,15.0133336467326,75.9271262548819,17.6862187428201,15.5601259820459,39.8964774860186,9.0116783612727,33.7753416949509,29.3429776229601,145.338056323582,55.8904865471422,109.053466450411,202.214056941177,507.08460989026,0.894697951478322,1.60417467055992,2.35624914588689,0.0770400056355621,184.656765555825,511.521388531322,94.3275524979092,0.225995244550559,0.119419655400686,0.539214542727767,2.35835181973171,12.0775842748716,32.9527928199282,40.664898626247,0.627004429105996,296.920053143626,97.641741019404,149.335992264551,187.598461437316,0.216279910239121,12.9857279370821,2.37923963294332,13.9697485038345,11.1101112037104,17.2022470156601,0.00661707104696449,15.8529336811639,117.70984610777,14.0622335634967,23.7076683727312,11.0536318569063,29.9429009900231,6.03544747946098,8.36350455702551,40.4063986072352,173.034556724184,1.93639881719417,165.198442505365,87.124852372178,1.69789313500068,320.442946012057,20.169618533952,91.576663263994,16.4102113153013,16.3126402532666,41.5170858297242,0.0103248612511701,72.1441438502795,52.1342285631424,106.461607711931,2.49924985227486,227.474971232736,30.384114335881,135.393869707392,44.0269172594531,8.44028985548692,0.045158766172372,13.8704621181189,25.6644117630898,224.384616497596,13.3977340505634,105.714722531473,110.324102690381,23.0856301405582,75.1864026803331,2.59503642269196,22.7002449227448
"GSM773542",0.0687915902120005,0.0106616619472267,34.1966983199468,5.41187727250995,0.00514072489701571,24.8477051141542,30.2711263483018,7.03427532209011,78.727910051626,90.871312908805,28.2550488121937,1.56971545137891,257.532348321576,87.7075049228196,3.63474427924077,0.0282640720675976,88.2409303768248,15.5438227250003,113.803037418023,13.3549391785694,108.903936780809,103.064835810149,134.746554376429,22.6404803872378,5.30676203637194,23.0133313598946,38.0659340647059,20.8150834771592,0.139128499247083,3.4182386817092,0.839812380751789,0.810614543324887,5.80249677292349,81.5543139133203,4.73972103408359,0.0424288679521885,26.7338177477489,0.182917853336469,17.0461764799517,1.60930546284477,8.72075643267194,34.9196422890948,5.20127464401536,112.167274663177,27.8292027649589,39.7562221069262,186.586021386209,11.4834420564808,105.474524461716,2.59179117308823,0.0517953506976217,0.703320306574647,0.0086346697001246,16.9321477229454,10.114092050351,39.7006987215809,30.4123153456093,282.398612368935,4.38354188708915,0.0135103881764404,31.2842013357187,5.81473122438637,29.5735022196136,85.6624631572396,0.267098988274716,96.7533094933651,699.554103251753,6.22640793170697,219.12326240417,3.95418133383504,300.941646621054,29.7034519012682,145.066115480329,66.1215543869929,0.248535562509573,255.025762471651,1.82728817997297,28.1198660217564,18.1618225068898,149.583693486787,30.653623583217,0.0578761916425762,43.2750495022964,5.35501142173733,405.301581477102,3.99611419754403,23.0838008827143,134.048693629475,14.1004211956448,124.377430903589,65.7725935999221,59.6405147761992,46.9739646911982,256.709207183059,7.21082401243715,26.3218496609857,295.426953623837,159.645462162669,109.36589296671,28.3445236178982,136.112021498388,9.52152405845556,23.0026235511287,120.639251188439,32.3807661847176,24.6868746554435,44.1500052084968,87.5394792638069,213.626974233786,4.56531415780227,0.453895453854194,0.0683594739010391,0.0157367507496841,5.50891533084303,9.92608825333152,114.795269941646,56.5387416911199,146.141367980221,11.4140169012215,81.2153257234933,4.92111121637738,7.24332751349605,17.4044623313697,3.45866667211125,12.5159296441565,33.0154259435491,128.700934003815,54.7428997750271,152.9414184118,101.162401097442,573.453163033258,0.853157952061638,1.63223936930464,1.66582878025101,0.0381481139941918,99.8145745414568,528.745325624605,109.501794301556,0.104066776288216,0.0263482410301707,0.408576140849309,2.78931402286683,13.7505874049014,29.2539424741195,44.7265990171317,0.814812039729509,327.249185928807,89.6487385260895,163.098855068737,124.554983625484,0.210332802092377,10.0393067386167,2.05306756614481,7.9209271773199,13.1392850023398,23.8140196120847,0.00451319731925101,11.2045127923652,99.7853724049239,13.8711603948556,13.6429935724536,10.7298174705471,23.8285476565894,6.20958362574358,9.93594853855898,29.3116856675463,151.577015698167,1.26788688828361,178.976177324303,101.459325735416,1.90451310350457,366.159130977962,15.1345512061005,126.923556032312,20.7815791369253,22.5554654424282,41.7141428145117,0.0122708261262671,68.6982921653034,80.3285569887169,100.274062874981,2.47880137036187,239.458788870123,45.7720508342017,220.161146699409,67.0966541610269,7.51954642299,0.0241021948800202,10.5517139380015,15.8987398480361,306.566587992454,11.3790030302476,130.39550287236,121.42527420227,22.9352952644197,58.0559498530496,3.0658455670645,24.8232646379154
"GSM773543",0.136101659693531,0.101529567708979,57.2820501434276,17.4382158951336,0.0191002154768043,16.6291152748105,11.887920655741,11.572080377882,75.6221743908131,165.293884427254,23.0343296465285,2.75575570356235,347.425645543424,88.1487977460371,3.16370338721661,0.115529323711493,80.4532684254766,15.9122354641281,110.244221935042,34.5370663230184,244.924421352359,227.54277802839,128.300066820449,22.8278618058469,18.2778887339342,18.4661354943986,23.4838531123639,54.2638847483065,0.197288880413133,4.47192972047612,0.811227568476664,2.24858086044544,8.83993682263324,277.280606789895,13.6541450244736,0.338701846705966,52.2182400035388,0.114043518425811,20.5269278252074,2.9363197094941,25.356647914616,77.3694559372337,9.63939113139426,79.5180322184957,22.2815900067049,27.7058853538566,164.915244712751,11.4423951403098,153.578887492402,7.25658189466265,0.10954781077724,1.04710969198063,0.0075751377670776,17.0690284246007,10.9472357000625,45.5539505540399,34.9639955185518,315.290525314276,19.5473097030048,0.0610055788314391,32.9717730524847,28.5611936251012,67.1804759085394,88.222607880362,2.24957892822609,120.014155778519,808.904403043215,10.6341812212661,462.578208429467,6.16844209555286,450.531565762574,65.2467933743597,246.198175539454,101.15822515725,1.00316285210526,287.850171762825,3.97247257346011,20.0013318087458,16.3719647192816,197.04149687758,16.4124723439618,0.411261947550856,99.8589544706719,10.6596500272944,410.960111983977,16.9303720198254,26.2968638938075,136.547462527266,25.0509050063174,158.368281121615,62.4179087775232,61.6664743340573,81.7717313259929,304.35752942472,37.903400597933,50.5291997671945,356.816203838752,195.132425898212,112.755724447329,73.4382464336304,237.574809951218,39.5427802495134,28.734334473255,125.138777320193,52.8946788782377,51.6767801693711,42.8508523846474,91.8507000997418,233.540743676541,14.8839315696631,0.919050978407192,0.246854239303813,0.110868512606985,27.9770870658908,55.645914969944,190.803811582547,115.946972517442,193.855207728128,15.3304110796957,51.9422393405432,19.4985249913852,7.90636515243546,59.9462564479843,28.8748503950324,50.0198434752519,24.9403879874737,79.3197253617053,81.7650227829205,107.755743077737,260.47221822933,760.056619510074,1.7214389738324,7.18124111788159,6.17182958545558,0.10742256365928,331.724172005272,801.773763971546,170.303381571684,1.17687630358763,0.349964221784593,1.28961392022047,2.72421945333078,18.3250338417364,44.5835541878271,45.5228365586822,1.34645883797278,434.720907825385,86.2125548928308,181.933931217531,141.024667357045,0.233368230507892,17.4690448221855,3.7430315182702,22.2207990079538,11.8250477366651,9.06610135852495,0.0148789517081912,11.4042475906925,120.751430388436,12.7709055350233,17.1190421400409,16.434701974952,22.2009259683851,4.62003054009791,11.8424628183459,24.5969644266517,338.162855378876,2.04579130122359,220.008682240242,135.498349707924,5.50863030635542,605.450945579896,32.7371209497494,155.564302039729,27.3743720025505,49.9698645928339,55.4719528851153,0.0267692943958484,115.897335577508,36.5485022089304,187.606153211179,4.63675695171153,252.563826328209,72.4597256061113,207.032495382168,64.1284249078753,16.9906926883131,0.207649479072932,23.6903073115898,17.6243610839817,379.496968229684,18.0411100750759,144.99888435783,161.316017656205,21.1781447491805,86.3469891056199,2.71862265142422,46.8208925742965
"GSM773544",0.0970569914512003,0.0549571759146064,81.9797952384313,11.3117577329153,0.0172329538419034,35.9025501233277,14.3418086892687,8.25281955451254,103.762786142582,160.080110691032,42.3103502115683,1.88781154613956,286.997342691846,103.615793198228,4.84049663469411,0.0664032798742604,132.0138262934,16.9617354072074,115.924008081893,19.1744642823355,156.540264217352,213.071545378634,175.833212991307,39.7094452080673,13.6528279072877,25.5335124378486,55.4171391753566,48.8242610079029,0.196641604298684,5.05256274667317,1.11903573654644,1.44854824591696,7.74527529263277,306.8535761379,6.2681617306639,0.156771564629659,33.0666283109807,0.313461930400732,29.5691575333701,1.50401612962546,20.1778976023624,48.825550052763,5.29273827807364,164.1523855473,36.0436698772907,78.4126300290123,174.469310031445,19.7337962672832,189.585315581974,3.49126663465919,0.210332792571571,1.10443634464532,0.0116392725964418,29.0395495268029,8.38971938062827,56.705502012041,36.9861671069124,524.482654025822,19.9582495478007,0.0222786647461688,50.4224575631386,15.0373419226005,64.0298974637348,147.951674712458,0.568277860741173,157.313796572006,1165.73031760525,22.2503070577438,564.867255566134,7.50672295384418,498.677371895831,61.1344206862337,218.3037747287,62.7748280031583,0.411789400924311,444.647961414612,3.74647802870143,50.1536597299346,25.8746303011243,250.834686854524,31.9545480880821,0.113621861708263,53.1770286341385,9.2683031008413,647.189022327404,6.98029130595012,30.711663486393,241.669931824136,17.5299277046043,341.857989198679,132.892405513959,83.527103746478,80.9731714151483,395.017541905683,18.7666191007201,63.3177637405268,408.188410510403,205.25715184159,162.39383040171,43.9517194215595,245.614957589169,27.2789794152135,32.9345687442194,186.865059294445,55.5844995288219,32.4955670038865,57.5966505174604,135.983476053357,300.290463523003,14.5780944884777,1.91937198015248,0.381747229416325,0.123281084103845,12.0679667575569,22.5283418579302,297.185152643812,129.426185875062,709.676083932633,20.8110857357675,156.137254674781,21.2886147838548,20.4741516064869,43.6260635570308,6.45473800981248,32.9148558603795,34.7136629524767,204.03713017919,94.153564709296,358.843055047925,219.434082503163,778.718929804281,1.13336468106458,3.32522009461052,2.39459054204941,0.0894067274888345,216.936819968445,749.918512408945,160.152356267314,0.873940874204135,0.295898717738119,1.55125935815627,4.08600278385283,22.3024649937904,53.0853608258395,82.7068127353746,0.774564353126158,405.554370840306,158.133467618631,278.140669328562,235.750359303634,0.22693612472812,12.7437727368514,2.95678090991245,13.0145431658551,16.7024275453767,9.6555881126764,0.0102385795818301,16.9154266105318,196.777593162267,22.6587035931253,33.748993874063,18.4772083123582,39.0526240666942,7.31780626560545,11.8376223467221,45.4823751339617,261.490338519884,1.67410808224079,315.539342740564,164.162539603126,3.10000929041018,600.918221936136,13.5748911719463,171.152402826107,23.4891300887836,17.6697932663343,66.0229868935804,0.0107951148886439,65.4651987524069,37.7214473445413,136.368326155263,3.34488936430903,301.657981551134,66.1149364576897,282.812770937752,86.3475130811387,13.5715732352052,0.0838053176898301,19.5326974726834,39.421825876379,399.029147580585,23.0451934022802,163.371012996638,248.716827663765,31.5779572280465,138.246934619971,2.7876052519114,28.7648882238695
"GSM773545",0.0681197110294236,0.0177084753926212,27.9716997860848,3.73330919187458,0.0103784093941742,35.6630443004849,4.52002790648141,4.50433715180207,29.4783413787825,59.8858999299569,31.4059643782466,0.614399514603182,185.785384184554,96.130378796023,6.23352589632398,0.0638519100502733,105.129658141202,17.7952432378205,98.8844288064569,4.37924980708494,74.2448198950812,84.1039143189268,66.1570556100442,22.6601099252857,6.85157927358192,23.9424106611213,16.1578231420883,27.1346921578013,0.116268762737167,2.82666210174357,0.799920155507523,1.31583412187881,3.8537912014038,86.4040017275189,6.04348112486762,0.0448710282760748,19.0596512666837,0.119187270515778,13.3057984147554,2.17473610360686,10.8952461266838,28.6144677630336,8.71957485538291,79.6377028592584,27.8087490403727,53.6745750830932,73.3974990951278,17.4155638387108,64.1302420308828,1.15811192996228,0.0674368033300428,0.331633586115199,0.00706578543612049,21.1531824939896,10.1237866526356,39.9900742500271,19.5391170476888,179.970121554101,7.52077130106098,0.0138348030310023,22.8803966678555,9.0095639014103,20.6657930908135,76.4028670919664,0.919286406371414,121.194260756429,354.018269985036,8.33637598969908,156.907613374395,4.37086249575426,200.345313283051,46.0119192159445,136.857688337613,38.300572258354,0.253634883089908,161.973348806052,1.31804636255987,53.793982833874,16.2914673035505,149.823694662009,23.2999880180229,0.0706246520842819,23.324788961777,4.90774615170567,265.425867101619,8.82983560141958,14.5088026744195,129.299050853954,10.7455167956181,115.900160846065,40.4903002228507,21.4076660401072,51.0008269987877,160.289848950805,7.98442918405734,40.755288088885,214.147260596459,92.36082634203,66.4168230077182,40.2580576011238,122.982327838391,22.4123289034356,16.6399009017383,70.1268338956779,41.7672184566128,21.806972072335,46.632787743447,58.9455217050944,165.3554812155,8.06366755148823,0.636734820064616,0.0964117774345633,0.0431560689164013,14.0529055629477,28.5995069511515,124.455094585622,70.4034502519313,111.12391628804,11.3931147892613,46.7629153894132,8.27702882190868,11.5893127611409,55.1512228125455,4.49844930150627,20.1257313508483,19.978924862691,104.576173794882,35.4065747063116,88.8944981229604,111.988164614972,381.614546753372,0.760187380321073,0.882556765823503,1.19900942493166,0.0531957363713375,129.581248161086,364.618494012338,66.0997166750022,0.115371272198891,0.0972708073267777,0.493894909275601,1.89162282344379,10.5211461050238,27.429835831075,26.7871709322478,0.484060215545844,134.948559279678,54.2131243679584,92.7817212956702,51.5756472157647,0.203435574154411,8.93874496262855,2.16588840591833,13.2791720058685,11.7210349585269,10.1886952250043,0.00605675656987945,11.048248824915,103.686964065432,18.4885966741182,16.2788243880103,3.81483731712982,23.8814322973739,5.21956598475148,9.29440862105532,25.1790083682181,125.713008120366,0.887012278319534,151.073931189392,69.8851973940871,1.36528008150026,243.423903702922,16.9237222174318,69.104895571084,10.4013420582439,13.4507442062058,39.2981824411538,0.013695060725587,49.1238190300053,31.6519263162549,92.5315273312159,2.22049996369538,138.733174849806,22.2540057323542,125.072588467792,17.4853347100957,8.58410514235987,0.0352178706913763,15.1534428837539,15.6887238831662,169.622094386867,11.9169429155204,108.292602955947,47.4366189804532,26.8106741058909,46.4324505722296,2.35838892914132,14.5626771657678
"GSM773546",0.121827517310383,0.0401206826689209,30.1540945874676,8.49447931834436,0.0101757707766951,15.948076463897,9.85300207971672,9.16012809455082,59.7916122281854,101.456310343204,24.1846735883942,1.73590422373913,245.441301983811,84.4346873224396,2.12355986906341,0.0256846381675185,68.2411731490041,13.5012832658665,103.374968719245,15.0447773879738,85.6704909639862,121.69509819807,94.6357109587835,18.7603551332395,7.94543586555165,18.9299157354513,19.4833712053329,36.2032454648408,0.194304161967638,2.63256514472297,0.7118671334669,2.60607376460567,6.11998618225082,214.360946334917,2.70238479772928,0.0658817479197518,43.435084744105,0.112977861759325,19.6175674581613,1.25879809718398,14.9445802481518,53.1688442753478,7.91425732582393,109.483456723798,17.7895524507353,43.5346604190648,173.698342867094,8.36960117549252,151.209575697847,3.32980722452746,0.063478341697231,0.969427124329789,0.00558553517016035,17.7413449375841,10.4557869752118,48.8780609753047,24.0377335123689,288.577246057922,11.9446658512781,0.0275181358732129,44.8477308486427,9.77337351465209,30.5015897054248,88.3751306211638,1.46847113122044,149.633755173747,710.260729368292,12.9718454154942,265.273306993802,6.69342029753117,333.097230085044,52.2423363964769,188.599324420804,61.2379023362872,0.324783922184937,253.707322315856,2.5492183570637,18.7464782907816,16.3503009030976,157.260170508052,9.96872235298146,0.0488352062822535,28.5365480606173,3.91155732398932,343.265063722221,11.4546003728848,24.921026260962,218.244790639534,16.5620996455943,85.0554802241487,78.8725034030361,63.9482252419745,74.6182371272633,201.916885665514,15.8052865945497,36.1725906453577,264.403635892221,135.758733396299,137.391725895584,56.2818991456544,190.40244865702,36.5435832400335,24.7419416011928,147.07145862972,44.8704987548825,46.9305072702393,49.1057745026684,89.4743706764192,244.278841214224,16.5962946013412,0.868752867837635,0.133688372540944,0.0512877849924029,16.0214074107224,38.9915704863189,184.006104994908,95.2051574256187,148.270039290059,15.4419702878492,100.650502840712,6.18826095573873,13.5957923614413,80.4308315692412,6.053559016177,18.492136357248,14.8929807841626,76.5278861982613,69.4839353980118,35.1337554852675,185.374256563311,726.235707905359,2.18332055004933,4.3853262313808,3.17451350187985,0.0893326519396295,135.435171155736,571.172332411756,153.433812715971,0.362877612208445,0.140311996121678,0.725263562270871,3.36133178936295,15.2504585134018,44.4096340597638,46.4423255670589,0.933481837604206,326.192315808764,82.6592839320818,118.003573326181,181.095638461973,0.166460769860072,12.2915158919175,2.54104483048386,19.3044372380507,12.1966287176784,8.58754263317327,0.00638657237063973,9.29114178120038,114.629802728114,9.27583725747026,12.6996534376523,10.2244972911103,17.0430151262331,3.0789771010264,5.50313746002867,23.2773259423341,163.160008324841,1.34416861041542,172.468623248482,116.747811309178,1.86023338025736,356.351264109485,19.6147262649136,113.512314526875,16.9127394039895,14.6920249508731,43.9302308323169,0.0170720687642997,56.8633548541957,36.6602418298565,129.407723711732,2.43329780056747,182.907760432648,34.4773263133177,159.005595449539,42.8031126101234,13.9401218970131,0.0627919129518435,21.1936543381274,10.823146907099,203.077690452878,10.8237901493242,118.783962230894,83.2544805738948,22.2083953477056,35.5392791736226,1.62229822364788,18.1496078193783
"GSM773547",0.0479806937427746,0.00772884150318948,22.7900278389023,3.468124504091,0.00636821955239769,20.4374387441133,5.9000061086244,3.83259684500087,26.4837707622254,55.7554782738681,20.4406304871155,0.901856058434325,160.120207713096,89.752258219679,2.63936322296444,0.0261211815021431,66.935692696358,14.0829856021124,83.2986711806893,5.88873098096458,44.5156756769145,60.8195677018916,48.418938536901,17.8316585288958,2.41691777192769,19.1237562340996,11.5151479757042,25.176706601313,0.128614158808356,2.73618395474256,0.766820732096573,0.777515398871388,3.4290890235177,79.6701345549959,4.24209448469221,0.0256518091377552,12.8696465086833,0.108102636290293,10.3508040965472,1.03287412409829,5.80133417548567,26.5050623223957,5.9598711990802,63.9629281377972,16.4924004079714,50.5618031790706,67.3843781810016,12.4724273885859,46.9488207336511,1.34611617108358,0.0384968595372261,0.316183797040797,0.00762410060084146,15.6423932444588,10.0117958520511,31.6169066112319,15.1776122522956,156.893216852064,4.29747451445578,0.010609349000486,16.1219731759143,5.3257958457081,15.3754525384393,75.0362261415656,0.675506120662333,74.3819274903998,375.007692725724,5.63727511981574,130.546204995761,6.15475778725976,192.238232873368,32.3501793983141,105.989860523761,40.1133013629639,0.160709955523497,158.363462319806,0.909397976615835,36.4205571365315,8.00550744170687,97.6997013857734,15.382750279892,0.0715078779564056,18.912012115946,3.9982308366947,218.977375093125,4.67193024983558,12.7043836667077,116.235519831295,5.89208581616148,126.486113799624,48.0165984821976,22.4512693538738,32.269174838624,152.919021498071,3.1857685590055,27.3262506833951,183.910592447515,53.2733750664071,55.1583014230567,22.0914873310987,99.6578845459241,9.70006801251714,13.9514851004902,76.9225359812013,27.0692476409207,18.1374622038683,47.6825427639713,51.9916548261539,145.731205888411,4.2084009658912,0.420171647512353,0.0496782870600898,0.0201829247532682,7.09431276024967,18.850510500291,119.269149702923,41.2419725866066,37.0646415876765,8.62989458798315,58.9352984347592,4.97676670168385,9.47734985435643,31.8593694073715,3.03950844095333,11.9499183069574,13.2283369971506,59.4379430489938,33.6589648034879,106.301587786718,104.075419950628,348.942410290583,0.522894889237104,0.607019032698412,0.566931559791378,0.0383443916211809,109.628028203264,310.252809465156,63.8022025367676,0.0567856678908805,0.0289709294513108,0.299022586979025,2.34545545711067,13.0787434416232,22.7247957667267,31.9525837024789,0.414701386184082,161.682956380888,63.0801166164019,89.4982843365662,53.0000310086603,0.202543698000402,7.68993452523948,1.69468617690987,10.0663361512706,8.81614991930921,10.3282601240384,0.0039472794716663,5.1241596281787,91.3717861611986,13.2421573580268,8.37311250751085,5.97139563544168,20.2887557382171,4.1591729169321,6.97432227016563,16.7282724728271,119.689779044121,1.34229232426928,129.104647736369,56.5550278045585,1.12032010842698,195.747321884954,9.48354082534049,66.7463344697301,10.6258958474427,14.3287782538305,36.9814484416459,0.0106843788226897,42.0951735917599,31.2981388911698,73.6036247835723,1.64612618850299,135.678468252889,24.576957252608,120.40473388595,29.009252264562,7.61757295860937,0.0178577238679936,8.1480575367378,6.84304119128919,152.371055280538,8.57483991998852,80.4159141836111,60.3420139332115,24.108017351625,22.7464704388406,1.72540808319254,9.67024351904001
"GSM773548",0.132890680752759,0.039267130207663,63.2731306613725,7.66647600735819,0.0137623092569063,37.4423934406949,7.84469066859171,4.85004268568929,54.5055234696897,123.052495610293,31.0693948626459,0.872585383819093,319.654003990115,102.102113791223,5.90669429061191,0.050399985477728,118.599719119851,16.656709714506,92.3071230446919,8.1479296123427,148.702181132034,152.437657124519,83.8514982924422,24.663541420421,15.3858869833531,23.5938302183095,23.1349552593033,47.2264180328433,0.191440066522383,4.10055197414478,0.845065159893333,1.99398628593603,5.24016201962236,175.32718378719,9.4837505775523,0.101125866750946,24.5031189980037,0.177889353356381,16.9057849794943,1.25105993744635,22.4557272661631,44.0843087463255,9.00381932701339,94.4218101036437,28.5587378739947,61.6150376571801,74.9988484148726,22.3601993283665,118.175312228807,2.6271750773811,0.0835358633245902,2.12364700848089,0.00729621310213148,19.4646468431113,9.85208163414879,51.4601827806015,22.9618298822229,257.091016915052,14.4665391944892,0.0250244260357151,34.6201065900137,13.6451935980322,44.7560540726257,117.921788008761,1.46583867671756,175.778133895113,836.893920370734,9.91125963882361,296.219954234846,6.30079716261779,255.509549211533,52.1949598141822,166.968109655621,58.5855520826495,0.442743203370083,250.041380387409,3.5743904041554,53.444966586768,10.8867162146188,221.83141077902,17.2905770154505,0.103181146584229,48.6511004259873,9.18684068898575,497.124469178358,12.0463508830284,18.6810537909503,195.052791893359,12.0519236822013,87.8107946455526,70.7460546598828,41.7559493236623,50.8845927666616,220.149391744021,10.3033718142843,70.2098375250801,282.576956533653,131.92778910885,102.50095394944,44.6439095660466,172.427778157576,19.5245364828857,21.8785491332204,89.6499387667519,68.2047597938367,35.0639735645431,59.6991863545321,99.4808726864447,229.759892031329,10.4621647558191,0.706817837244175,0.0970196247485209,0.0729589618139833,14.6555896365057,36.2322944230629,214.571304038829,103.715048904247,125.338276589239,17.403648224833,51.6760057725306,15.3418039665152,11.8113672083723,67.7713037814519,6.38435337083158,24.192967191342,22.3917480943705,121.061419107422,55.1782674178037,71.4562855975426,134.964352497432,539.927130741448,1.84194675715456,2.80113498517055,3.60612864061315,0.107894693517404,195.211836139575,516.013178420973,116.115644155765,0.355325906301118,0.134172888822951,0.796785713829111,2.2014159097989,15.5839013511896,28.3113204738618,39.4835036150201,0.81366902354192,331.699770387967,74.1864830648535,135.109887746654,116.172878475487,0.192335119593812,9.66977820926941,2.82536663689972,12.6321861903367,18.7233660334137,10.3468114384538,0.00825468254715494,9.94636616339314,131.439765180367,21.5020367851325,14.4971360836301,7.25268501520695,26.3569599244987,6.3661675415948,10.6781294822882,26.3217723755499,204.202482167658,1.88174174097326,178.431958105881,101.353630271459,1.53374445167824,358.262313902041,23.1357908376384,122.055521114569,20.1721678157802,16.8328481131171,39.7541041965464,0.0112252740161375,60.8576841684765,36.8559562340197,82.852532858362,4.28505836254469,203.11410505578,36.9174250784076,170.482366717146,41.3938611392343,9.16591974700501,0.0702919908019446,15.5886707160769,11.0403762535686,303.624899349115,12.7663982309484,146.226546662351,126.157034886079,29.9113672765048,39.3714442895739,2.19000753036544,24.188303730068
"GSM773549",0.0546988942190591,0.0150511906199104,18.332380467533,2.87641068356487,0.00687562458505856,16.2235829336202,6.25335450259287,3.90773474017663,24.0710625520592,61.3097430170403,20.0843600951845,1.07268520799788,116.406992497005,82.1168557312278,2.65416846727875,0.038994962429998,52.7584924355929,13.2230618342952,79.4483336810886,7.16048671259831,72.5511818117628,110.453558163764,56.7216918451494,20.0901540698614,3.112779562601,17.2849880515659,9.53718998040174,22.235014220444,0.115991820672326,2.02847666987703,0.6235101101798,0.849225391455664,3.85477917174945,54.2150834119173,2.90013290182282,0.0324746284121084,17.153853995011,0.0611718532604769,8.51362900042924,1.9836477081109,7.93257443897954,18.0156125013323,7.30212930926478,66.3714465333773,17.8271164228999,35.5039945575079,110.367388136036,8.52576019022575,64.7980409806949,1.94972468871537,0.0516017378301182,0.485653191441194,0.00626589345475135,16.9055557340194,8.67082256235916,28.3232719758417,17.217638782305,142.580751507302,6.2945126007046,0.0123780071287422,21.0593604763129,6.41066393472356,16.1339932251961,82.3007867009225,0.978927411450117,46.0327093521678,407.010990387313,6.48154575838324,92.5211433158764,4.46200988978329,175.071780489223,50.3696974362486,95.317982603235,46.7755463622412,0.196237587219283,155.785784661761,1.6499316961124,22.6476307787434,10.1319278509367,77.3795254477747,14.9272087105337,0.0619179730724113,27.983430392646,3.77872422852219,169.056888674525,7.97701014211944,14.4078323834862,120.938280016209,7.29367902578974,81.3479684931621,47.0902421570177,26.1165473588635,32.4082117296268,135.811767393,3.66213464590475,28.4321714523211,170.561519708205,76.0039736131713,65.5861778084116,18.284918080488,88.834628629662,10.3095085654538,14.0427815703702,67.9726648102291,31.1661815418094,19.0987248126069,33.7242727833271,51.4844858518501,133.954095443501,4.85332336275028,0.519884319398622,0.084832361074663,0.0409202757061978,14.4943819669338,28.641265496082,128.176338405282,53.30157023486,80.7061738936872,8.34968856108132,47.8660921438764,7.49672877463709,8.37164622875602,42.3614061120685,5.12603204783911,21.2690090306221,14.1653230860807,49.7793108986988,38.8860709240297,95.8029818508193,74.8895334920974,389.746269567187,0.925284967520257,1.14336814285825,1.27870591822703,0.0464060197609511,86.2906563727196,343.125487995466,100.22584156609,0.151176214038136,0.0797443893968873,0.453636679258897,2.17678146042278,10.0709912191478,25.4438793039081,34.2604736043689,0.520338713416107,150.711302846816,49.9886308106281,105.766377708872,69.5662494033925,0.1848685572448,8.05949316116978,1.84192849592656,10.5323859824198,8.06844245630049,7.68484328744326,0.00398782865925244,4.53903881797721,85.7883851607064,9.94848290192861,8.59682282803134,9.03508244869747,15.5319400497705,3.83183667893685,6.80400518796243,13.8789318988716,89.5170158014941,1.04773746251209,112.393564251929,53.3800132530154,1.61038572246276,221.728419915388,11.6117099028289,50.6192929159106,9.26106551659681,15.9901975032319,39.6598095605212,0.0153456636589845,38.9221091785567,35.4612758401144,75.2246367193951,1.66926471079219,120.689953053658,27.240457179223,95.6447109303337,19.8227687640752,7.94436522183335,0.0265431689553454,11.7230780479111,5.35947013588778,128.382450273035,9.52800362699168,68.6953714198895,51.3170365631762,18.5452440707422,19.663766413004,1.5729946738022,13.3371675159233
"GSM773550",0.0480054541892371,0.0219122873784166,31.6499389314703,6.14356260973137,0.00792406258270012,23.3576298265251,12.6974986590019,6.99321726624904,62.2888026322678,104.098369897238,29.6752040842592,0.891016958949099,279.055286199471,92.5689206793192,3.61198993949813,0.0233112166823533,79.7356527341378,15.3787549853265,108.044890438778,11.3530411120674,51.4025259629315,102.518764486182,121.984549953018,24.7292886115787,4.86140245417312,22.1513605192206,22.5303579894603,30.5203002900157,0.179282173523353,2.83531492797835,0.829654203495513,0.680288933613599,3.83463860862166,103.689923693073,3.09216122649363,0.074497401481713,20.1287063155695,0.127633055110889,19.5350890668783,1.38263275319595,9.83148024597858,31.0645983939659,4.75796164358216,109.015161764701,21.9706842067494,56.1623056483383,106.281504815517,15.4109208784163,78.417648895895,2.22536512948603,0.0631187086811989,0.335767340073496,0.00911484154973339,19.8922647403634,10.3103159879837,51.8193593322702,27.5972687382026,281.566116298939,8.91145965769676,0.0204371128288824,32.4898762948971,7.72179990221444,25.3129859371165,84.8342982272438,0.318213133072898,108.89920706041,844.320948389775,7.21207355133021,300.851944195313,4.57314033420936,290.047743608353,28.5632770475041,170.873211496652,50.1231651037151,0.246519560225492,299.037936580259,1.60481843464892,37.1320171565193,12.1767693726155,161.313051136312,18.9789228575561,0.0668973741622743,32.3762809409521,3.87139684709429,335.018505179303,3.26602620084049,19.4257115537273,168.088313043571,9.9190535640451,188.577354660857,107.292922173633,23.480775801318,37.8015672809674,220.092458216786,10.949654037844,38.6311581758439,267.440305533958,116.813621433317,109.288375537423,24.8896731248732,138.042859269075,9.4979436829414,20.4218296881209,123.204695163554,33.5266496244658,20.7661824468139,50.210228815501,86.0669417931038,179.388781086565,5.34671801148655,0.582356647384692,0.0961407058508053,0.0419641643954666,4.74453618460536,10.903664097462,157.342052850857,74.8257207386597,213.712548911192,14.1413474803797,87.0077897938584,9.05514746312071,9.35303435373887,18.9670903949273,3.36428255300437,15.5511920537011,27.1109555790991,112.274529205705,55.3847622905299,135.42732405095,99.7142699598015,518.312792225219,0.656864188940217,1.61214163111297,1.11479920210272,0.0481476139426252,144.361846963028,513.914953360981,123.660542398814,0.208279231045535,0.0814895168869248,0.599216696473066,3.51260889227748,17.9947743893503,31.6847805127775,54.857243552221,0.576673824646383,278.949617134264,100.661163133264,138.428820403004,126.091871120544,0.181796785360478,8.54348078679636,2.33340313451829,9.89976369746308,11.1934491971292,8.86433903863986,0.00433516006638873,10.5389996298383,154.045083772757,14.8195333470472,15.3587061226995,7.26302969079518,22.9632893120474,6.15546448777973,9.62985652698602,31.2650245169478,214.141560600332,1.47548213604458,238.039133261467,114.690934700975,1.84961442807304,354.011541710848,10.9267142585544,116.791497361752,18.9346748362632,17.3206581226632,48.671910088006,0.0131587865702243,55.6428380341558,46.6403793254877,100.818247102327,1.76482463085382,217.918825832874,34.1480220971865,169.991585899441,44.4126743300011,7.69222586857196,0.0241910481369289,8.81456927848057,9.49921814221487,238.593414787596,9.69056241777341,124.844609358265,83.0315332141735,27.9492895218236,39.7020534530492,1.55358230637636,18.3809764062973
"GSM773551",0.0424304234371106,0.016162209545736,15.6509664840356,4.53756715761399,0.00968806670232342,21.3481284208768,2.90004390359316,3.01991869310874,29.1887309902285,62.8645959383864,20.5291851160834,0.891294762890012,135.248661275805,87.1340020109823,4.71882502352721,0.042915185995707,66.8967999499074,14.4175776885037,86.0378610864262,4.28918091618071,105.281951042511,82.6016794629821,55.8735264345907,19.4674543061805,4.36526199034402,18.802286455493,27.2113436599789,40.2269790350858,0.145362631293071,3.84348505739465,0.734239244773528,0.889154245638081,2.86831246997016,124.827287028675,3.93234011706571,0.0410670272504993,18.5375407762541,0.11641062872514,11.7998625485912,1.51266600975959,7.41189457902599,25.436233529423,6.0780188571626,69.726183189923,17.4881165437359,51.0548238610675,52.7492445747345,11.0888319194381,55.3700200880074,1.26759874897522,0.0556125451643237,0.132357243604377,0.00652026106891316,21.1427037464527,9.66770817862838,31.9187529345377,17.6309456860737,179.887614593288,6.96811103784335,0.011854806336613,25.4687648651454,5.54819969737328,15.7739553832903,66.1207283996492,0.856010826731931,85.0434867933156,368.240519950096,7.11751654930382,184.35088323843,8.08616622574823,195.430863198631,34.7010816251509,108.892326170933,42.9315598874704,0.238832137405375,144.643372373748,0.946548739481011,38.4186285427059,22.5352359027299,139.595159470663,14.0285219282099,0.0915062183260299,29.7954152700209,7.11532814562146,225.74597765478,6.4740563551597,13.7183957490428,100.82043508303,6.62845508275349,127.208010644239,45.5727109957429,19.4977336969536,37.1687753151587,140.763061146401,12.2935616080227,30.9845030610304,171.276573170061,61.2186731837992,45.0786362786044,19.5416644523525,87.4616297071241,9.13652206060506,13.6334801482107,70.569250482291,29.7793054503271,20.7813295076761,42.9659703828786,45.9920955809057,147.190539790346,3.72985965488934,0.525887703305256,0.0826872348808865,0.0302102359252807,7.72149948384087,19.5367057743968,106.471776484638,48.5656102753356,86.4787598105836,9.79792723864308,32.2870322956789,9.72333623679008,10.8465693130984,37.9726390866265,3.35122857869737,14.7514579081112,23.6968846300524,63.1334916504387,36.4757921741783,255.398009800149,112.522297202778,356.90151462339,0.556509512077057,0.516720062523201,1.07300635501593,0.055356924809192,98.3971289239744,294.922490162976,68.3082925904556,0.0817125093709008,0.0440461436329631,0.375713912993797,2.05761643965158,12.3831809261418,22.805826586649,24.8575443780535,0.605676270550348,163.103229128331,47.5591980926159,103.536820730334,51.5223016859875,0.180021908742254,8.61553828791155,2.36157883416652,12.1837344310712,7.74174107396935,4.44804161653074,0.00622762980721131,15.6630847062313,109.886240143916,11.5350008667205,21.9170821153538,5.75255826665313,26.3089176702716,5.04319427941284,7.6269143921086,41.5814780510654,136.430735008826,1.22109290527129,122.957759847792,57.5692742410397,1.12572956855627,221.365170540233,14.3345120458635,66.7171955572361,12.2338010188888,13.6449315441894,37.1376069418621,0.0108134377508329,44.9353893712556,19.6369201082159,91.7310597864953,2.4789486876106,127.32158133677,26.4327245667523,115.094882171553,24.3280916490504,8.10313812380335,0.0297489925467344,12.8315469127192,21.4654577929626,140.744409922226,9.58546448515955,85.4275651074525,55.3380787909383,23.0329296666769,42.2414141372128,1.57679736338856,9.6208489898367
"GSM773552",0.0793132073739676,0.007959391946491,17.5967164950482,3.23839466753287,0.00419546951825413,16.2917426226166,8.00957206436389,4.12338203272469,37.0020112017247,95.1826483983209,32.1560945765494,0.324934485296738,316.58044297885,87.9972786654659,5.20400865849207,0.0240049322749445,56.0696614258057,15.8294300014968,158.8954873223,3.4581805876271,130.189566346696,82.5411564413977,66.632636902625,25.1605216650818,3.88155323593796,21.5950211156363,49.0187042475921,15.114361309844,0.120853888629558,4.27567764277245,0.85624240326284,0.839385831059683,2.31221676977903,40.5386463107479,0.654083043276816,0.0199880236919879,27.5918442926265,0.0781202852707054,21.6845216698664,1.04891281473682,12.7850497514315,69.1974753907537,4.79910067021514,84.4067419978286,24.092156577524,65.6236719312206,144.09247452868,9.29376916380706,107.294886677799,0.915048354918264,0.0637075963092608,0.483734677332871,0.0047284224878556,24.7952266289491,13.4247645597702,35.1629904469466,20.1177761804662,183.138120543244,4.06912160295955,0.0291348140560964,21.9145531908144,3.43412908369057,37.0227934257494,66.0124211304148,0.703551522225382,85.421742966786,553.454112938928,6.49023373204429,276.946736216996,8.14247528190331,291.350343809714,35.8314883603355,145.617690965817,55.4233464691562,0.354186150036299,209.988471020344,0.742497599478672,36.133062605166,43.4128510983885,162.563480573801,8.91713585953059,0.0426568845868179,50.7990948448631,10.7149710986196,235.676245481227,5.53330797305635,18.1923471358223,149.157379656742,9.92504746937411,114.505833328649,85.2780784138828,16.8085898958107,36.0874483409444,154.374829919903,9.51388722677782,41.9967321262049,194.032107750274,101.022670821396,105.647904334238,21.3009619693945,92.3428356177487,7.0341454683753,16.8486812466157,91.4851262275108,24.2736732539477,25.541268545688,55.4358202488817,64.8425185635072,173.973397581124,5.06851441625252,0.697078636505736,0.126987090486227,0.0415896350483913,8.33767166524331,14.7405645138802,128.200388130414,82.9371890298747,184.74508760226,12.2580223645706,156.957286747658,10.4431052615469,6.98179958241611,37.571287991619,4.27837827230641,21.1788093735633,37.9820367093284,206.642572305968,46.5804882808422,53.5712111865632,212.344268185384,507.805799744181,1.39616403429263,1.75371010392101,4.6128889875168,0.0673159471306788,95.4376143009551,484.275583838957,96.6399134583964,0.112664141389943,0.0293883394066936,0.351144375856818,4.65194738843386,14.9309015034555,42.1069078213405,49.3252792802679,0.971774328979848,285.155746082661,101.083244154077,127.258674397586,146.05900700405,0.149248411715793,8.52009895584228,2.28091531126018,9.37589624525759,13.4503400417812,7.51733213369766,0.00483270893358674,35.1210243293752,117.696940613178,12.8997566162353,40.2521468857467,2.41055620957892,34.3176915078754,6.05925123557824,9.60002321397059,53.7906628102066,155.893294014932,1.60659553101093,152.156487493619,86.494550377745,1.03287726813722,204.032501278756,14.5296787540169,78.3135145189236,11.2962295270958,7.73720749959022,30.9095984123454,0.00656005763185292,46.6342213756107,35.4274917637117,70.1661275944283,2.10664680351217,193.317285066278,40.3320131624614,159.316574817095,19.803233793115,6.64313688140409,0.0265349964580923,7.67580563656101,31.109825762315,146.96874639337,13.0171693131321,121.032822283902,24.9994466544338,33.9728814432754,46.0467940585444,4.76807863208632,26.3285150680572
"GSM773553",0.202418732122911,0.0137092385380797,99.7541320717376,6.42001278594611,0.00743508175037696,25.8084922360504,15.1103132014597,7.80656404695475,48.0022253841254,102.587017093656,28.7046464521176,1.33426082280236,237.542136594627,83.5573302400288,9.59196177910987,0.0672149437515448,153.969610009918,13.8320893625167,99.7862279133904,8.74095500789567,93.675832729442,113.004673850593,50.2268076157151,24.6613673922719,12.1124609405073,20.3767194363265,29.3098053008865,43.1089845100703,0.232463400362309,5.04654004463866,0.980810028693727,0.449738708482699,4.83500210419171,70.5487874643117,10.9478936288405,0.052682092568053,31.1768579097015,0.355758728275623,23.1441231328571,1.94853777443394,35.2619517712148,40.4059513849128,6.64109354456342,93.1610979208115,25.0381496016267,39.0488485400184,293.749919049053,12.3277907169326,119.426647878921,1.38046460689045,0.0693814340951387,0.853922742081488,0.00895371831116941,16.8163003646299,7.7164197164255,41.2462999304458,30.085474924965,232.545052798417,8.59829182121009,0.00849117132008985,24.5464337014501,35.6381018859489,48.9812692091789,143.144663405282,0.0641692392614174,53.8841230094313,363.828552187814,12.8702701672173,199.939847064272,8.07284376418913,347.63626238162,69.6310833053811,212.254475213321,51.1662768130326,0.450121157171441,259.231991627107,3.37156622786795,56.8657793320577,20.1791862210069,148.682510572709,20.0416619061832,0.187958753046177,47.6248121468576,11.0348292896605,335.64069235233,1.27382315036686,21.867279179645,194.978611403831,22.5983844448213,252.43544726484,48.2606600682136,43.5100159137913,79.6903102990105,290.880808086416,14.7714777377235,52.5783281343214,276.580200782906,130.096252568627,95.816356175351,46.4343231132081,209.047744194651,18.6905050391745,21.6173613986492,86.7253384973836,51.4100962342826,42.1864682769947,45.1527296457412,75.7574518159857,213.112423472845,6.24897250733488,0.820617746972085,0.139339960921465,0.0515760727511093,6.00346900539031,6.68825053570527,170.173600734025,74.130943508391,251.28109719359,15.604719301486,37.7471845285303,11.4043820576211,10.8980760618454,6.5485876940391,9.30668063602575,29.9563724963222,11.7303015035126,159.748926223742,65.632438769405,89.0386836929568,157.653990702248,720.3050999943,3.02911734993824,4.76209832882684,5.51365683938199,0.0812838978178845,347.372711595985,604.119584495656,107.957969327773,0.154993583884149,0.0770049839146985,0.683115667484093,2.29322469536489,16.0252590588961,41.1544063606948,46.5566329477988,2.26960979500932,166.966825830817,46.851198378474,206.119124386308,103.233151310655,0.214716984403884,8.98919944287407,2.73110035887356,5.03745295236444,12.4698806927915,18.4320344598667,0.00928421431753562,10.5190494133173,133.299020890172,18.4929304895331,22.9708450899063,4.73716147387947,46.2288288522163,7.58834898011871,6.83659181710363,31.053714631202,174.958800814405,1.38344994739764,211.38469084669,92.1322722183205,3.12665936106444,382.286812940285,12.2174444275528,240.977023868715,10.9639477171343,25.567514344617,76.9254526647633,0.0461063397989951,74.1698555069757,61.5409743484039,88.6110440663446,1.99894399295443,172.435111158962,49.2706158339891,344.011911682404,16.824487679286,5.11938807655025,0.0474823299281532,6.38338020592697,36.1669066543927,441.298216466518,16.0193313404344,150.432193157398,51.5921931630018,20.9672005807719,116.939392684944,3.97187365668462,34.8128125041234
"GSM773554",0.331523821551962,0.0539993097891561,84.1373121674876,4.39633596677786,0.0194183184301336,26.9115060118562,5.42283586236173,4.79231442604594,55.0325779302805,121.383057335157,35.4663374638194,1.35953887539357,360.30221592827,98.5387523861533,5.84705555968531,0.103987071294939,157.822583156683,17.2661821558066,104.846234192951,11.3215125111794,249.16167494068,166.296533819101,70.7144788573767,24.1807434051962,23.2768915780857,23.2684902818185,38.6025555641736,25.8394725914798,0.317511368552786,5.74985785435324,1.57878089614663,0.96246584573649,6.82952599356285,84.7465525626334,11.9836214030169,0.12101869282584,41.16075521942,0.376446110680878,17.4699544759508,1.88564929623475,36.9610557414582,50.5029434633138,8.23095225390635,99.4091299715077,29.6463301535648,46.1385415384095,289.66513903768,10.3611380532892,151.599342978274,2.13347555933216,0.091723252494354,1.18248341429032,0.00821674923083106,23.471356908493,8.83514546596149,38.0821450278568,29.839360575154,290.935755269525,25.3698892792637,0.00345521716469593,25.3300805657722,66.9285851478139,53.0381836623905,117.981834770985,0.130076549178939,86.3172610949847,347.346570316089,17.6282681511489,343.579838846525,12.9020618955067,324.002247676304,117.265420539161,193.608293322918,66.2429819082495,0.705647763433347,234.435116091199,2.36529212932956,30.7733575710559,41.1686371487376,276.443240596326,8.10787545779753,0.260617168437717,44.9434362799179,11.0438504508837,466.058081838529,2.87980393241663,24.8478210854282,184.177784954411,25.8685625036116,220.500298015306,40.7808225480202,48.3061293786927,101.746986427573,314.613722913342,33.2903731014109,48.677669004613,285.66931863405,153.427978154642,93.3758612602407,72.4621664972937,249.50422002152,32.4017191367571,24.9156561209076,93.0458376388643,92.2940373244969,47.5855822861679,52.6906729460008,69.0254839821285,237.375911608407,14.7412785581171,1.19374646030858,0.237043045625992,0.115374217143523,19.0337767190956,21.5001119396481,146.992485960539,108.145549447506,277.309115329457,17.4244085519221,33.6682233221527,28.5236768907311,16.5021608849646,24.21318982573,21.6939113164356,51.6994261672956,16.135144127625,103.456054174872,64.9367577720468,24.7094674481326,246.792384159894,733.340559567864,4.74735721309871,10.3952221279029,13.433926027344,0.168404048966643,301.551733566626,692.637575719671,136.482573322977,0.658878394898473,0.406036520955251,1.50022420169069,2.14626659474159,15.9260497472485,49.5549207401813,38.8785106781442,2.94189118110649,180.795250777062,49.2278931285243,197.60246502163,127.577749435285,0.242857183766813,10.047603078098,3.86727245534062,4.8627146412401,14.3363272165238,8.90457778267488,0.0171915962142855,17.5173693079353,122.600572141419,14.525853062087,51.0203275026496,6.56917818122295,58.020986282491,4.31699150478668,6.43275404940741,49.3934680811272,161.854806581428,1.63115715027054,212.555967730858,98.631499540925,3.51308176022548,367.614926191611,19.5269386951703,160.04509523049,14.844404206517,27.8136391638657,44.2812232068844,0.0787257469802125,77.5406838016038,47.8940157766425,98.4117519755578,3.39243808178033,154.385975913598,56.8533013783678,340.507116805493,27.9120346352593,6.16477306912955,0.19328153436188,9.67887552288609,33.6338230369679,362.492411347265,18.8557848304881,238.13650168856,60.9658786716028,28.8110279188597,144.840585476397,3.87408779238429,25.0751355584456
"GSM773555",0.0739876155657775,0.0302661802688723,21.0692984925816,7.30390431323084,0.0124558072710778,19.5476409550588,7.47336209109929,3.15042376029853,60.5617206071306,124.03368960488,28.8547223564399,0.688168601484652,201.158840881517,92.2612700710214,6.34543283561992,0.105218592481143,193.39557434241,16.4224201263447,104.623378449309,6.1229720057145,295.307652508125,118.473552682947,98.8585043920248,22.9638605101256,6.10947496325744,22.6670638822112,45.6815274430225,61.4350130540913,0.206221317499375,5.28951235834494,0.74108965778746,1.16025349483249,3.84058170916671,105.362098834938,3.3263166067174,0.0566972042113164,17.0406491161179,0.117032291337282,29.8013318098007,2.1697749614565,13.4774281066218,36.1030346582693,9.29667800846551,143.308696347453,21.1114715242176,43.1920193244007,58.3003488664095,18.9641843139321,110.637697804638,1.20447146265574,0.101772963701751,0.421721579864501,0.00681710745660097,20.3025172750524,10.9786582882143,60.3917743577294,25.4920243468971,201.735441278214,11.9996831265607,0.0388074745291035,31.8260202303134,6.83907667862464,45.2560478723632,106.412729630928,1.39163885172439,163.1652198652,789.976699421326,12.0410670032187,276.755803836852,7.40121108210406,323.01704624447,54.5777221384666,182.721885334019,62.9546890505284,0.310293963633289,296.123516298996,5.89961617928755,58.6344573290878,33.7309041347506,184.216371188527,16.1215659754168,0.0802695057939999,40.984141041224,6.98163420020199,319.888823771389,11.050932925213,19.5556380525582,178.200311444173,5.49388059027691,126.055771127769,115.412825612431,21.1128491925846,45.9982949201668,174.206843076924,11.8898027960207,80.424747833662,233.63837423606,134.398695023619,101.394851915436,30.0686938806311,113.230338144025,18.6379747338798,18.3859390185245,116.29927213509,40.0870253157655,25.8580978408826,42.65396576372,113.2347604935,186.968627923993,6.9740331859524,1.00493873360892,0.161732106251833,0.0676066203072146,9.77161274630565,20.3083898296168,258.725618307647,123.718944563189,255.449011912916,12.8770827407955,116.829333968639,10.2665406994599,9.22008129152747,41.9664274014507,4.69184364612731,23.7558980667396,34.4571521332096,167.220250769412,49.1419624276098,178.78725596329,112.56172417454,611.647784400061,1.6485797510714,1.31426106452894,2.48675623868036,0.0660424485933975,188.393138679194,528.70819149669,101.236629768724,0.227056155266265,0.162994455535397,0.781283486252134,3.56026082154872,12.6149623190317,19.3923146484026,42.8694288078172,0.55225398627615,304.119413073668,152.783096527397,176.347506015823,135.405403019489,0.170586510211764,12.3200666102317,3.60134307253153,21.951482585379,17.3569185715223,7.32569711720233,0.0092411449808411,23.8602345427821,162.238641154525,20.0595634908179,35.7399897935318,5.76354669791999,42.1237583024311,7.93400983971577,9.99208433092529,52.4091859335227,288.097397005933,2.2232613631579,149.246079730466,102.118248503054,1.6011223442069,260.983391611946,20.5272658877026,105.477947440748,20.1066303110886,13.4938194052017,49.0324676364333,0.00624234378965125,51.6216460176821,27.5030272194857,77.9123007152971,3.15106622483168,235.6433474356,37.7824168594678,137.703448562284,19.2686151171578,14.5891372211529,0.0607131890349411,16.0675018514942,28.1352532007121,222.539815304609,15.8222008472059,137.840515708858,65.7869285258961,28.1360869540057,63.2926098483311,1.98462866589029,17.9269403850821
"GSM773556",0.0549536746298085,0.0100276688249568,16.0869510943879,2.02852383524464,0.00506712699962399,27.931345708746,8.36030162876361,2.61691302969841,33.7498659714257,52.7729081330423,27.5996569611781,1.54048127413972,232.082218477658,107.674374271,4.3283944164992,0.0690621014219037,106.144759757041,16.6003179612754,69.6802973740369,4.85081768989494,42.2844829129617,92.9139891407085,66.2464878968855,20.3729118905136,6.14130688188675,22.8069208709613,14.6912166079934,26.6138741361655,0.243034861838578,3.36412649791394,1.00946076964927,3.04435724699501,5.92256997299748,37.6901132152181,19.5176525267496,0.0187031160681319,22.8471313263078,0.103402912523906,8.92531059199624,1.37025404777113,8.09863222723653,11.9191405094195,11.3532019928303,53.8417729077232,27.791659561222,44.8256149173751,84.3608661006948,15.8605380398536,52.1344849997922,1.27063481859041,0.0448379918836432,0.447392388962835,0.00882229993309621,17.8832436872221,9.49693752520654,29.1746219468866,12.2783271211285,127.963774974865,4.15187052140105,0.00861856723092456,22.8062930172929,8.52278108253619,14.4863908328404,64.8148368850059,3.80739433760448,87.815625093135,339.719710085161,6.14768492891443,114.036810880443,7.09968990213779,148.359517425832,40.7698657773134,87.1929607568556,41.4490282730554,0.149379178063785,142.544668183945,1.4940366923506,25.6444991460759,8.24893008744609,84.3034418279218,8.59587461043967,0.0523103262387063,18.1487028929654,4.5533833638333,236.448814269043,15.1094262271198,14.1062307655043,137.266147716356,7.53928303171684,41.1007227780124,32.5309450850808,21.683780629477,52.8672162045441,157.750721703547,6.70858461475355,41.3613605677571,179.099086340043,85.7270950281679,48.3622268120203,32.8217477060903,98.023016385577,10.1470091657765,14.2072227839908,49.5586187037693,63.8017893865942,30.6509398990245,52.3344184747048,43.5718840938489,138.113865165514,5.00775869494699,0.352242615606263,0.036464982184571,0.00995096575964623,14.9491383192241,30.8479336414462,114.24811209307,57.4568273140486,8.85490148909062,8.62239926495848,15.2561695461507,3.04324971226952,6.07525006160126,91.5663076285169,5.04642184607147,8.84774778676655,8.28261766546958,72.2134755207969,36.2047759267389,16.2285799551917,34.4561046860098,348.828038362168,0.880825438778597,0.867580208305591,0.692875250523835,0.0488711064332427,211.058045241387,390.019595125636,49.9911192357047,0.0603098048323166,0.0229740044601539,0.367902778195254,0.889157405284549,9.42301471229273,18.4820946229142,21.4935342679898,0.358667358639038,146.842334828384,28.0550051442424,76.8908907541595,53.9124967715565,0.254340875459548,8.91973889049446,2.36256035577692,13.9472958175115,10.6639122991927,15.7871225546545,0.00512164105742567,5.58333836208559,74.5855726315466,15.6148983408394,7.69897183716369,5.35717267353354,22.5943048755403,3.28685533438345,8.41175387602681,11.0214561662752,62.6732716714619,1.53388161722113,98.4501690079369,49.5010453138368,1.24129626667146,164.178532346112,16.6302218562089,85.1378485235049,11.0634450873027,12.0801014699764,33.7023282878949,0.0157316959938944,35.2334788420994,39.4480771950864,57.8925976858724,3.30084485113337,102.145895828097,18.0180451147503,125.931029449947,19.4961153752451,8.8985500415948,0.0179167472776042,26.3948893402799,11.7208397554751,231.695624981684,9.63911510495567,118.851666475863,79.7903001176391,28.4438033336279,24.2868106276048,2.39833276142768,9.45917418636198
"GSM773557",0.241240033558654,0.0527250846973268,31.3951468126119,9.38791331885116,0.0240616958331617,24.0462143575864,6.47597900359135,5.49521287524354,90.5730081860046,112.571034808271,32.1252302974678,2.86529813015072,248.346311664181,100.729786567797,7.30583961375608,0.0653791664250852,224.880813488185,17.0999382200271,103.718638481294,16.7981501955051,332.325686235323,326.605468983803,103.875856660704,26.7527242058211,27.1242818645533,21.3796450555431,48.3551336403631,58.0154497276461,0.24382215961273,5.54156476980571,1.18630366486614,2.80373813432985,7.4712959743475,310.954230376155,6.24022530652884,0.129170005000856,68.0517095247587,0.15670821953857,23.1446731514197,1.60338320839658,34.9057764135241,128.406726696381,8.42554860760727,174.684794335278,24.8468518580896,60.3369844737494,129.936095213014,14.5417650152319,186.522140943438,2.89543896613459,0.136344526820869,1.13597172240919,0.00757136038173645,28.5568849461658,10.2867948952183,52.6589024976195,31.0360308718488,352.394145943828,20.0801532160421,0.0117527039213024,59.1577991475205,19.6062870767656,38.1186861052835,106.258621232786,1.74401613736905,249.37242621519,689.518891550183,31.7737544816011,564.20493628037,10.768716453204,376.443891656275,78.9609286270203,219.483539307131,50.598213418922,0.45224645630031,293.011251898128,4.03122880784649,48.0044679401964,60.8957821072221,341.174353510339,23.584460943379,0.1969134900318,59.1732524969525,11.1516862084024,593.348140245973,20.9459646187083,33.3290649099906,192.816857528989,20.2714202712673,255.918389072534,93.8856475935624,72.7873110188399,81.8097156617943,283.351603917268,33.9664697067729,89.6342606121606,305.488273578745,208.329940615345,98.4480413104277,57.0420682207758,176.357544760348,26.3564486519282,25.2931674572602,152.053647257012,65.7356173336445,34.6947230143705,62.8524086244717,91.645369460623,290.339968298125,11.0763456100817,2.23533772671535,0.349008721508803,0.116869458241626,32.5985543564471,41.9747234537569,245.1335137279,143.125622661989,232.320273299835,13.0846303903574,82.0141971211927,18.7495948024181,16.9610740004894,110.882873023894,12.5207258451757,54.1339009633861,42.0033369773388,160.004067803962,70.6473481785791,82.7759214691082,408.590695327751,669.727983578352,4.41438963622318,4.77446724610293,6.3188288662444,0.220071129354493,250.528758279196,726.388712376798,133.794685245398,0.521885865642544,0.46138689706141,1.01255234020445,3.05607483409679,18.6257807708661,56.4939527208377,49.8557835533465,1.40997352232895,385.485122372239,100.207055818274,194.562595941351,219.476668254142,0.179295330806443,18.432371959533,3.77656189552171,19.5478486767278,11.9826140371131,7.67511481775074,0.0173104641371767,38.2622390973165,153.894221153776,19.4986927754236,51.2420694168952,18.8828879905607,43.6582188658543,5.56506888633773,10.9805412803624,58.9505999288602,244.789602723166,1.4621115021473,214.298615835945,148.711272395026,2.1852658764819,389.412997017526,19.3893264494246,164.507921984432,26.6467097455223,12.499398698587,37.8647756939384,0.00827772940503664,72.2822850400932,52.0151256917286,181.275660529691,4.52590647621426,243.930205604047,49.148626555987,294.521759608992,90.5878999832407,14.2132068034538,0.101030731886758,24.9193549124639,47.0079007583751,238.323501620855,17.6075090179661,216.511681383774,103.496081929778,34.2479030261762,58.5457957018118,2.28076105444354,12.038133855378
"GSM773558",0.129158807100195,0.00981350396688861,22.6579859903547,5.74353833087242,0.00466900690133413,28.8346794692576,4.97382003782759,3.41415322218478,44.4318623020655,104.476604352766,33.293334533462,1.5184337633968,283.987721189751,98.0393814868451,9.39231997168043,0.0320429990679409,106.007264804927,14.2578747058029,95.4091860105403,3.99789656840804,112.912557615336,141.467377853229,73.6297293755089,28.5246290146465,4.23130072175346,15.486198476189,38.6860180164837,25.5005616259979,0.130749068195097,4.42858179930096,0.742803247770918,1.84972231320541,2.76862227284449,114.136537278241,6.20790172673865,0.0215537205499815,24.4085262572057,0.142548760562801,9.28046188492959,0.39476889662972,16.9592433591331,39.3213276724903,5.16864132242312,88.2397113699174,22.3231154955074,75.627075023036,261.268872670499,16.658182824355,162.173796877457,0.897574790160422,0.135870691555875,1.31930456693067,0.0102554338525005,23.1637134220459,8.95758721345683,25.7281930506438,17.1227829859381,240.552853478281,4.16594691239375,0.0155246898012072,40.8917185098528,18.2126732813563,31.8452330280227,117.311175828401,2.4876213085781,68.2991348859657,398.392446705642,10.6316389347451,276.142035391497,9.06739240716707,230.322756036457,72.3590888223207,230.875804598153,31.1840493198752,0.319880025680541,202.974796984503,0.80327968046991,95.186123623941,53.5770407567532,209.041467752971,13.0801724790651,0.116558945636742,39.396759372926,12.1920154455405,317.778458163647,9.43104767671407,17.8389397923933,160.291639296153,6.33776251369709,166.132798225347,55.9812343913874,37.8105752702964,38.7638416570733,188.205887183912,30.3272088179871,90.6526653087586,254.805352501701,108.149125580835,102.657909069871,38.6686447196135,142.287620939017,11.8571163806803,25.882573817274,85.9754264884758,94.4436127697503,35.872896163919,85.4569493637295,68.8254179936977,200.205364570711,6.01439065866993,1.14306315589231,0.225946027241641,0.0563855710372764,15.524848212247,31.4226082983911,224.992955359831,143.997192967528,61.7309443614888,15.4796159296863,48.2948782777508,11.5416020984715,13.0091242044939,139.457526116668,5.56480255493425,37.8655981838583,13.2517750719269,286.918927032697,44.5454846229199,362.655766491878,136.819365211093,463.936144885739,2.62823073832859,1.50565875926645,3.34053178019285,0.0819661287357007,291.79617823515,594.037231785622,77.7194338197182,0.136976669841133,0.0404540602091507,0.381104406432981,2.30673510626154,15.5208766220801,45.1659284803444,52.6337770373538,0.511974158590546,246.371460963284,55.901484959092,121.021142509795,129.955977074107,0.221155314802845,9.63264944148101,2.05438205781051,11.7571339238012,10.7058015971105,9.38487641359091,0.00460599218545672,14.4915438758309,115.125618360358,20.9402909834883,24.8827404921088,7.00875123414877,69.5822329429726,8.45609647244285,7.15389033572216,39.6122130414085,101.28213507457,1.37627631273807,133.066660070033,72.1936283110433,0.878506778270435,212.805019781626,8.4474871590042,65.5609866114425,9.52308679357389,10.6335890260928,45.6447106273317,0.00691911324460715,38.3053304873973,65.1420122853016,69.7151552414151,1.9110879213926,139.14320540064,29.4246572860691,200.532379458989,30.4827587870745,5.15096341837836,0.020570856354012,9.60937369692283,19.2729181547466,144.279412167518,10.2578204158174,116.011923434705,65.2408496663987,34.9481150024826,25.9850783031433,1.7835616910589,14.8308146500099
"GSM773559",0.117511593049118,0.0261936989980615,10.4057240292148,6.65346291207254,0.0085385431006646,53.7791614281883,17.8773466180827,8.00774717450257,57.6901508930409,173.884845220998,23.8659988437102,0.601752419928875,206.557590265386,75.0961639627151,26.4312929355482,0.0569207292998565,116.155029743926,14.2035390855932,135.385817502097,6.81028320358069,588.828598177837,277.163477072153,156.558226454572,25.7834290649122,13.1418234033418,17.179323103724,89.9876004023543,59.0119288360678,0.203482377727467,11.1956157696722,0.52314611409257,0.773672836077766,3.80326032146855,112.699679575321,9.0711030325726,0.0870742662078313,39.4153471311941,0.121527108514869,17.5082175270847,1.60299427751501,25.3307999001688,63.3732028183426,7.5434938980042,177.337521652423,20.9201422013363,45.5819289880972,248.645672300063,24.5322216135445,274.79997078324,1.59417678831611,0.220935584793138,0.311293166037427,0.00497341822006631,21.2821210507363,13.6530673233072,62.9950032835343,37.5392482083511,375.113272224199,11.0968693069288,0.0428946960667693,36.6602279534383,8.14497421150246,51.8793626618025,126.874875399292,0.466798221567124,43.8931345188768,623.403308090422,17.1296050280274,302.312647579649,13.9019456110709,374.420141890199,91.3950872916059,189.686584681297,98.0441032032077,0.371227327415437,340.590845682382,1.2280979820605,168.886418016817,87.4589448727398,257.641285951982,79.3395750053665,0.0763971112327189,187.444942931047,45.3928032694662,334.996373870043,5.99818820755302,22.6719354825384,197.044137872284,14.0936078547672,177.389436507323,98.8356487850682,43.5136798851472,50.6932319322736,222.449798932611,18.9994544774617,58.3905031836559,258.997806097713,241.41977021906,133.165542806371,30.5113062486024,130.342342559026,19.0357024544494,23.0652935928473,127.740494492263,45.9744795710575,34.5380831020591,40.3279708222338,92.3821240248661,290.89676522413,14.5026975179988,2.2382742450918,0.567527137266227,0.100991952708153,14.6181974678181,17.394225933392,199.627685996199,172.784831416115,546.36965386863,14.3600313317578,106.971399051081,21.3799425354324,21.5675984312866,31.0944866969019,10.4602064181052,41.5518286109915,37.2761311140531,520.592343795154,76.0143235794517,1053.6820053722,242.050918980087,857.971672628048,2.40619772739009,1.5710509160923,3.21179204057517,0.11634211515131,128.753815303665,919.968674074582,156.21002005253,0.285863682071181,0.0878434327748629,0.788015463525342,5.34415228750528,18.1539735611421,68.8745021701432,95.1672589385554,1.2164543311301,508.344142661305,127.49028894141,231.516455807339,343.75262197337,0.1452933676485,12.8299264455935,3.79403295455073,11.3206205619524,15.2842821915644,13.7078414533016,0.0108464792192676,43.4408519722917,143.112977589635,39.9280658389663,53.991236613389,4.16000490165772,55.9343485351612,25.556222592396,18.7859874883848,101.7624087989,267.819032178777,3.10383983053426,148.072751017686,132.906874557032,1.82970757557787,426.396902794052,24.9793444951577,127.737921610654,12.6030378218853,18.7209470125836,48.3089996635313,0.00808408489617626,51.6095450994839,52.8779532492695,83.5808779457561,3.11171536235006,227.561244746377,54.3024927246792,139.919589338098,12.2600093188167,10.7065731133576,0.0647642411514186,12.8196081585761,46.3890179667219,214.578827254071,25.5081047419843,154.126634219549,51.8334634103281,22.8429677477801,91.5326058642657,3.47802628917265,30.405928889362
"GSM773560",0.050546372939007,0.00445399682144846,10.7703547819999,2.06972086587657,0.0025912829266733,12.4579367195382,3.90103252777032,3.57285523505166,25.7431973437753,46.9781526467578,21.4396321556415,0.185297595523406,160.159217641608,72.12756623556,6.02347091051245,0.00660375712167712,33.857341805983,11.1075231031953,127.817111935106,1.99935479969275,79.174107225526,48.3039997281835,30.0441611766885,14.6150291945254,1.28754008846997,13.7119192767537,26.2701397991152,32.8506791727416,0.0922787609321317,2.98836919216717,0.599726072518315,0.37388328793395,1.19755846416428,44.5704636751078,0.128954328281284,0.0106418971411031,23.5318471312419,0.0727066321773651,10.1460457194455,0.754909250601437,6.59949344881565,38.5792062976158,3.43081427157888,65.7427250428336,10.9551623376174,51.2151427780984,104.566363216698,7.47536143835641,75.6992723239676,0.462719919284179,0.0397245050554371,0.181460082249713,0.0037944283298094,17.3595487724495,12.40208430782,26.1562799672219,12.99610404132,116.558777309463,2.06889406263992,0.0115686352466524,22.6140831325011,2.73088373321837,15.5032259540621,56.634941071004,0.351271295607213,27.4877918722723,211.547232967517,4.8077581021338,85.1222333216099,5.36225185103853,169.340648304884,18.0303820563101,92.5356855082797,43.485180157111,0.128312671563584,123.487669835878,0.488816836971414,37.7355834285699,23.6571388627685,81.9628617830531,12.5396170435866,0.0150278408466689,23.4085117524342,4.55797828345911,144.357421105654,2.6423448597304,10.7369521626162,117.280799516891,8.01423628351207,85.3122333103675,51.9983908600607,16.5345462207054,27.1185361426614,88.7731314599658,5.06282216758738,27.1118511224415,132.155113411957,71.3903219243976,68.1460875123892,16.1599895299677,76.2871521351553,5.02495333564714,13.019968794101,92.8139260552287,23.0076136269679,20.1491524830713,42.0840747491826,69.8468019169063,111.624685733861,4.17486468870667,0.4519290225768,0.0561471429538366,0.0217122355493331,5.94525416399414,10.3672584755634,109.879722096084,50.6074646809096,40.3985024873422,7.06483461517383,83.2805089724862,3.44633154476284,7.89601022113282,19.8771693703977,1.85003553723088,9.60972210586313,14.4899369813146,75.6828262497428,30.0342029704552,229.022816812662,162.386149285829,356.931089759434,0.687835743004611,0.868241799597651,1.70561873494911,0.0438058946981866,95.026842527973,278.434423592028,91.0672429597615,0.0338697922588221,0.0126292645765903,0.20822909234679,3.53502091576506,11.5068970747405,29.2522431943442,39.6152289576748,0.679310911406572,119.544220349648,82.9176245671503,101.783064408001,81.0281502906691,0.111745083828986,5.68227908263784,1.72992874205105,7.03486629184848,6.96139826432731,4.49240308978442,0.00212885332161364,13.1116292330416,83.481850216749,8.15883175024126,13.6449204324858,2.10640548232091,21.9081404886156,4.63802542420325,5.07881656970518,33.4634152488189,89.7909492970803,1.29228425574172,88.595874894597,60.2208298033641,0.676972782180379,130.826986966613,8.19525060873402,74.5053377071207,7.84746361162231,6.13955654699047,32.8308151607676,0.00827817619591212,23.8187335610577,14.8882253676011,41.4041733853683,1.70236230288425,96.9870546270634,14.4972175481611,74.6342216787192,6.07112303290022,5.59073295611482,0.00653478389554062,5.68339482542596,13.7158404740726,98.5464721585562,10.41569352606,66.3222685637972,14.9944417921798,24.4556526039731,27.0444090734563,2.24002038210416,8.69537493722602
"GSM773561",0.0376952388353188,0.00978458517751722,13.0904041155337,1.47046676199825,0.00666963188024725,22.3151410405499,2.49946700128538,2.42667926884377,15.1040397711579,36.1309397273954,15.4389693770767,0.573306261983885,95.9883298068632,82.0401887349218,4.1564229916971,0.0274140943596345,34.9651048368131,11.7175486956006,65.597212153402,2.66472930254784,27.7483173613657,55.4840587451536,25.6211366259039,13.9971753712701,2.1486667470543,13.283544995874,7.23493622493223,10.3685951376797,0.0796237805535425,1.91375731373204,0.63725343829822,1.07497916583157,2.11220916949856,68.2409801271453,2.73102604111199,0.0236178937887349,13.9007114288132,0.0900880579332149,7.34513749597444,1.01847366039035,3.64242128646812,16.4874702603113,4.74866083089002,48.6280816192587,10.1938598282201,49.2697152397086,47.3329412928307,11.6956332494852,38.0491997157292,0.712135043295149,0.0494556079904325,0.201232103865894,0.00661138531981573,13.096245187796,9.985992900749,25.5713720676474,14.1006271677801,99.6356194427842,5.00095450427349,0.00446824932710697,19.9163047529024,5.86328603831916,10.5016457315788,68.1790265112311,0.781566114000481,47.3871386533519,253.650384824584,5.18366955674417,129.415379531299,3.01172773197959,109.02208107428,18.6509857018694,111.828334040184,22.9622185113864,0.173769930055281,119.816091571048,1.04330511682686,51.9205368670251,10.3300908603611,115.162686081966,13.4225292725288,0.0476022663891904,12.1969524004511,2.33461979617414,188.186696623401,8.42890169698213,11.5668445766867,106.41460631394,5.11456798155563,106.301690279656,42.0060424831427,8.59588607727028,30.8597567413916,120.609210735066,10.8384072380789,26.7532165964255,153.800453156923,50.2468014825436,52.6303932790573,18.1319511204141,90.911930948085,6.76806770993117,12.6186461209891,67.3707524087007,42.2379589608883,15.4746400660274,35.5397199924653,38.8100519405711,129.716847615229,2.54099824597405,0.414758368785519,0.0596135125498402,0.0250648957508771,9.92816788232748,21.1603443206987,87.9610743622786,38.9239314481055,71.8446159354387,7.98826526166923,36.7433821263053,7.12212512278626,8.61271894940416,51.7682513263438,1.88535184046295,7.45640293854528,9.27666443151894,64.0823640276448,26.5210167501591,95.43950761209,90.0046570792574,288.034341364812,0.380747115523992,0.499122627801194,0.397743569122772,0.0488908931595586,97.3175605262468,240.254540467749,58.3643938758026,0.0449301246565734,0.0454597367414087,0.306924329543278,2.23624300535892,11.435639327565,25.3696657200832,33.6330724712123,0.386304913373058,81.1533172922889,45.7153775456115,81.02645599169,29.2091442403793,0.172280810104891,5.68251278657646,1.61128589513253,9.63975938708023,6.17461063458378,3.87189421808923,0.00406901691878538,6.17868250802482,85.089570019224,11.7172091165671,10.4623927507417,2.75030941119842,19.1296540879785,4.87670955296141,5.43698515831216,17.5560396945773,89.5518921193437,0.612921267134245,107.543715581316,42.9288833622026,0.916482862089104,129.078005107772,6.36102976129352,71.8564251501006,9.53114376501356,12.1746465260378,41.4690486300391,0.0262660720676739,40.9734832782731,25.3369758304392,69.1882677044012,1.21622845765516,97.7837000574322,13.4511784146032,88.2238033715065,10.0215223403644,5.35146707101918,0.0184360140661055,9.53197281808438,7.01279852478802,99.965994977216,8.36626287866909,82.1945239704728,20.8776671942363,21.0452340081136,21.6938541535303,0.336246327774868,2.95991341164144
"GSM773562",0.0724310435556814,0.00838225035864109,18.4840169492453,4.68627220528834,0.00648012540537385,13.9981042093914,3.39811321410294,4.10159530111032,27.3735977323121,74.4202866863363,13.7928789383659,0.741727169571477,161.935434004117,75.787140284042,5.12847836719365,0.0372807187752118,55.4819827304579,12.4721944297938,108.431209940183,5.77839013001367,99.7133886947339,99.7386768967413,44.4663940202773,12.3314911231018,4.62335416573264,11.4219732286813,21.2854921470171,29.0057929868664,0.120740330149724,2.70050724409193,0.656789002287933,1.29708886375437,3.25038641563811,46.6133002965499,4.68834907455158,0.045916912298421,19.8542005623165,0.0705296670213907,10.8265024486457,0.965741209344872,12.3568073030739,34.9805560952965,7.15030216219506,52.666407220061,9.38096873508987,30.3834394398686,119.329652325788,8.35773503610617,72.4584923023632,1.28323156663372,0.06028174283463,0.437190538654347,0.00909141145278861,12.5255986677463,11.5279466035287,31.4425557295835,19.3785949641605,141.06448118446,5.24150935145205,0.0246298729064936,19.5316796238462,6.9042473446971,21.7929451677121,52.5490182916998,2.04260011353953,43.9238766409819,325.287448765,5.78600853848366,214.14739693017,3.78608524595837,178.213524132452,53.5060942811274,110.342960867201,38.1314175289585,0.50575169798365,150.941084185976,1.8174068462107,35.4941315882925,24.9696192068306,154.375262387327,12.4910127169246,0.178659965613296,20.2838178672025,5.08601808598514,223.221031538706,14.5368844795525,12.9444661040274,133.388458184957,4.03342797153921,144.351649447886,33.6085079532931,8.87409898042382,41.7448771936451,139.816525112615,14.0612456264643,39.4524363485479,188.152418226153,100.309862343699,55.619509616453,23.6976752864031,90.4813530085627,7.88173987411561,15.331553320345,56.020251847321,37.8121504288663,17.6827107182212,32.4023893333119,47.4182897422337,135.455328040315,3.88153470882337,0.513682914250956,0.096855846100499,0.0472688738667338,24.1274173947874,32.7794253018477,155.908086133118,69.5294701833116,57.3903422867441,10.9445994244457,26.3185414743514,11.9357736421028,7.51374729313323,70.938378843241,6.43782723357437,21.1528585715249,14.5294941592746,61.7227542318108,43.2189306925034,163.345647555877,164.483136492274,349.21626236492,0.602140717451905,1.42139221755345,0.984745209537031,0.087566464633376,148.058963576493,330.224992073563,80.1198671110401,0.0914997210382087,0.0367910473808678,0.403521806683573,1.82513474918653,16.405105726709,86.7834273227944,52.355619109717,0.614951841753142,192.832294717306,50.1537845594701,95.7692998889904,74.0319206837944,0.306538552866308,7.55383058377929,1.67929549869905,12.7794583113724,6.27563400087058,4.39836386989388,0.00818253319771659,13.3331017161445,82.0677781418083,8.72114195293224,17.3859633288525,4.11561222225371,21.4919589213403,4.44153906277871,13.0006202350448,27.2932300336303,127.307983615433,1.51485849002202,116.86172019705,71.4141891746948,2.16159025541021,211.728100649034,16.618824181715,105.960065457797,9.29967225583784,23.472536665279,32.1688644522948,0.0222971065806147,53.3088301188717,37.4251364136654,75.5258784649347,2.54419677800028,147.266120553517,24.7507964235206,109.608035337871,17.1377894504666,11.5336843394154,0.0191625330199042,14.0803109132471,13.8559091560985,129.842609071612,12.9015366390969,78.8003934584235,32.0064080805125,24.2399447474508,28.8712101518631,1.14700305230687,7.34337349722416
"GSM773563",0.0781778592064846,0.0280335000140414,25.6342701272899,7.23929277771639,0.0125544072476058,14.93197407989,9.32436818958206,4.21492112374686,54.7716458128181,118.346624549904,30.0431620979313,1.06143026123313,228.989307460719,91.9273353875537,4.76246015763349,0.0665927765696722,100.98800599074,16.9879805736647,122.456022553099,8.60504502008811,397.366945236657,164.638158029722,98.428214650238,22.3053636137083,4.2992185505643,21.257095458985,59.5154926047412,53.0611155642315,0.274235657022224,6.43556037141459,0.822398753544389,2.62066868037411,3.87509200429383,84.5513459242142,2.03080933440921,0.119345921903079,27.8273021105873,0.139526885041947,23.3807952741549,1.22389312173555,15.0255696675589,69.7522391313094,8.10212021526202,97.7428722335497,18.7424566241398,55.6365278071858,91.1395110132244,7.51908024968085,131.629282602095,1.91888277074146,0.0894774878454034,0.222857948762617,0.00609948772808279,24.814112532604,12.4411630624664,43.0544400713018,28.0734343877459,262.289694168634,10.8678357601651,0.0249123085364571,25.5077121338412,5.42188732449429,43.4393092078884,69.685233714648,3.93738164955716,135.440212923508,472.02738321597,9.18966092207403,316.948447143681,10.0247678484414,267.764571261178,37.9976838386574,123.229179021348,70.334599028916,0.484590093902395,258.353116202064,1.47565112726646,29.1862648611808,46.0853016329707,184.921791464783,13.9632127742422,0.215380758786706,73.9417156408916,11.9541100300561,301.371067465429,24.2737715684444,19.8369704748799,142.553756642418,8.84190659914425,121.79933049377,81.6574782242273,36.8681592759472,43.9939054968192,158.586382008124,25.206054972186,39.5329457493779,208.695882882829,110.118700634612,60.6272618062888,25.591243880529,110.03138297582,15.3795904252255,15.838311940982,71.0042084465251,32.3595940833014,33.2398711436275,54.6963783087504,56.5255937325392,183.667491861467,7.2378895200407,0.865006404311985,0.218123912108107,0.0700235075132199,21.5152621130006,43.2091187282155,152.319849185589,98.6275133678006,115.618566928235,10.6866300621288,65.1611176305433,14.1966733844819,8.84492197336406,125.624439904935,5.25239755759431,22.5002563915251,23.3119770147862,86.5726402183307,47.3488849640837,276.050656947153,227.729907785682,489.643882947554,1.28285107656828,0.978466755967179,3.51406955332974,0.096074372418929,131.752480870756,405.003636940755,91.8717906816819,0.179905759563868,0.103969563451629,0.557347232659875,3.04673447423886,13.1359234062239,30.3100599764146,34.3851882230461,0.779129906415883,304.289511121233,93.4267626455513,138.574334570391,114.825161545587,0.164419640441737,11.7923280767965,3.28423900605049,22.1794021166529,15.1992972948359,10.763383302893,0.0154781424310436,32.4961266644948,114.799443426849,11.5592528079867,40.5269208831216,7.02707258237012,43.8318630198524,5.26239804277571,8.6186257609298,67.478381777079,237.185245722101,2.38502003566097,138.612503746741,98.8954659786458,2.0102723512449,298.180512590893,27.0291521003459,109.08084006845,13.1229471378802,18.1718565360545,31.9223905991141,0.0135664751292135,61.9026880839347,21.3143507760742,98.1366529283378,3.15191250860309,216.823809228988,39.2600405571836,213.018426429771,32.7125799487043,18.0848957847068,0.0586930034435676,20.7489264073962,32.3348073719304,207.558539886608,17.6869596462891,128.966677329091,64.7050519883903,29.2891489902947,58.8987474995256,2.75357623422093,23.4335020835751
"GSM773564",0.0709194815611766,0.012118748593326,21.410559235986,2.5890380376016,0.00721933395556736,19.8550971344561,7.69891110955431,4.72398561865774,31.9778831327782,54.2324892901401,27.2473116899308,1.16324369575512,212.856994590973,89.9138350069125,5.46676743387373,0.0575270835252022,100.992994931377,14.0360056799982,81.4665123934113,6.81854813880339,82.4291544424458,94.038677020817,61.9616888039148,21.3454945197148,10.8143833853713,21.1751662953593,28.2920049125957,33.6286992911721,0.154818268340893,4.19794429326855,0.774587169900254,1.22382720535329,4.67456839551089,55.864862675164,11.3006188562347,0.0362513519297877,35.3795556580322,0.0886372603201999,8.34867192637411,2.60855150367935,8.49766574185498,27.6820295048713,6.96585290892291,53.6191621028044,30.0665357467692,39.0589312718883,143.749061947797,10.4867657301374,78.1763970141226,1.94756479797288,0.0576458415647456,0.253398378692804,0.00719541241471087,13.2798416898205,8.30509145946644,30.6465725418202,14.6077986877805,193.396752232602,6.02594240956087,0.0185214397721213,22.689853975282,11.494080829766,11.4927947172825,65.9542791771067,1.31036498776665,73.6799307568146,313.769855257475,8.07880070781004,102.31458898134,7.77990418702773,224.258085325976,56.9851438875852,108.657949334825,45.2532524077106,0.172161486219771,153.155619586054,0.849392559105307,25.9807509290257,28.6592847756858,113.482981146088,12.378687615851,0.0821622304269183,40.4436206990791,10.4944229148528,249.024983204171,7.99676682663444,15.7644374459248,111.395076391194,13.8332238833609,99.169552891701,38.4610402453749,40.656355554393,50.3473925030655,164.369079578938,4.9541576025769,33.2645919888559,198.940132332089,74.1544428308537,52.066257437434,39.9428169221032,108.719781419219,19.2648900944445,15.4791631156529,63.510659923638,35.8329402273345,25.4419557486408,38.1965625624669,56.8579516633863,142.142129636705,9.85823043193273,0.670933459023914,0.105263649725327,0.0558252421376279,18.5545106377361,30.8640918627594,119.800194906197,40.4360568184957,93.4932931173825,9.89840922989,22.6190700438659,5.65036933335943,10.4006705181031,67.1183817024177,9.5102916550792,26.319716923571,10.3017672364952,69.0250546468213,43.0300765265215,61.5101395840306,106.966187422043,466.910458664863,0.968740349048399,1.42189835899968,1.86008537861769,0.0755430693056769,154.320614674887,481.920311441479,87.5421418218152,0.145628566040619,0.0748878387525663,0.454624920660242,1.38400884682664,12.5498363710295,26.3342763231692,27.9653172205802,0.672991328950313,143.640987751943,31.8693028084933,105.479112970446,54.1753365254444,0.229816315646691,8.6011733393154,2.39195705520316,10.5562801723572,8.4775894772251,8.11960433378262,0.00542642048000936,12.0519269351427,82.1271046411976,13.0433551477493,21.2425241608558,7.0979018413731,30.0763515137835,3.27142461565984,7.71993725609424,34.2391213482153,78.7088564561363,1.42628619210222,108.747401697915,71.7770724115014,1.16459316001479,221.028850469689,14.8288173981786,80.8769974507111,12.6070832871811,13.3744549763564,36.7832840801135,0.00926800547538425,35.9638170778994,28.4976976831841,96.5756898076913,2.98226318250585,118.540453225468,35.707164096163,180.467086471571,27.0324197935925,9.94135698263039,0.0288964372422956,15.9666514898929,26.1444276764423,160.192166908793,10.8087994520139,89.2169402881972,54.7210766384404,24.4934363799073,31.1634298592474,1.8250413549749,12.3784849092475
"GSM773565",0.0411642316622441,0.00816502479428728,11.3598229482798,3.00719114096912,0.00472096795547118,20.6353992734864,3.09855711415882,3.4133786577985,26.1391891245027,83.1794353086959,17.5969646639529,0.351600975618123,148.136038983975,70.5228277292297,8.54142563371604,0.0291032150165296,92.4995353585803,12.8721139292302,98.9423737860312,2.79413088931679,132.762628639405,98.0763904822483,28.2929194022154,21.0740954137993,2.98115474467703,17.3875556375509,35.1862355867982,34.7637073840382,0.235052030942215,5.29585861125779,1.18427711741578,0.235319744272437,2.39398041466174,16.9320216796354,5.34341467668149,0.0246619130667985,9.21758826751157,0.204474491253174,11.6584945493826,1.56598597960715,12.2355894452169,17.7652892718344,6.71110222542098,92.0261688143592,18.7165729720317,41.4053747700216,130.421255952611,10.7631483853738,89.6932281151577,0.589250273394383,0.0478285281475629,0.0838559582809243,0.00639841836534698,18.5693631827457,11.1183569022593,27.3070253769981,17.2817589488225,114.380745577027,2.83472731681823,0.00885414230681069,18.4680763267166,9.53371420716068,17.7823829525188,128.595487559981,0.0409431357117539,49.8905877360458,240.858026025315,4.65792284553005,144.84455067674,6.17285783521737,183.015631016349,47.4360205083844,134.22331438282,41.7249628089516,0.324226601154439,140.60171265817,1.240410676488,61.1881571570804,33.649358675672,142.506799831,12.8163029457637,0.0565213249478624,39.846323975248,6.59282252737602,171.280047021174,1.08551030633743,12.7360950462682,169.987336221169,4.78941051099586,221.238201521313,41.3731832805996,8.68829050872684,58.8318937194732,161.145030432547,13.127307887578,47.0438546637387,185.904894077097,169.951580976607,85.3708929904207,19.2183181328648,103.665080846316,7.86679730401246,13.0991456690602,80.8576224592706,34.4455216070124,26.1241498925528,33.9896183423962,58.2235140500469,159.081069916621,4.47599538628014,0.476607216475774,0.125510102978874,0.0339082440929343,3.08485805881623,5.4201158502285,104.995159079647,69.4967841136521,80.5329228803054,11.0944676634841,34.511997144573,12.7679341027649,6.69042203865556,6.13313034705561,4.5666306163338,19.1864363757706,11.7930232976641,148.100106479942,40.9644280836192,48.6679549560185,96.926181180214,412.564215737361,0.967720309967894,1.74014349206932,1.48356312340305,0.0580548677554802,118.666344932849,393.696131455415,95.2266745887796,0.0614593657462296,0.0224549232082494,0.347140513546059,2.45136304668861,11.839392340996,28.9525067637529,36.8648136658862,1.22284961522644,144.037922399074,67.5036800255151,162.347515493648,95.366966616016,0.197519902724892,5.86726611850121,2.39690703689297,3.5068287201412,8.56943255238485,6.45853869338301,0.0066236391216113,16.212131228572,78.2593310349241,12.8472369332227,15.1935472868383,1.38750971403054,40.0857593690499,8.54690087339519,6.88272329379814,34.7111369934618,115.257502285291,1.79923633563639,127.07281612004,65.2828357124912,2.32502722154292,201.704276746555,11.4442151998915,84.2030390449499,4.65281069810987,18.0849823052067,44.5209905608208,0.0664315316077849,38.6012088435453,53.4547469386782,44.5248743698754,0.972360813736237,136.448467027263,35.266638314062,133.790764257364,4.47708234560302,4.06712229243632,0.0162199657133885,2.46409320506088,19.0209902542973,158.608167924101,9.96988826937378,87.2547222945359,16.8524075718439,24.3734568310355,56.7545656562944,2.85719502967524,17.9193106260548
"GSM773566",0.0676840991846597,0.0138095755274028,17.8699901145229,2.56391647541703,0.008147761512837,35.098678307277,3.75248057557226,3.70492173473391,22.3677974386347,51.6560989141397,18.4623510911364,0.516724804238068,150.254167574405,78.3398359095965,7.92315693222731,0.0240899782731029,66.3204800651323,12.5416724749046,84.4743325286644,3.86134426174684,46.2924319513914,78.6333720032447,24.9790217671328,17.2884006452332,3.79185603069005,16.3698582402169,19.9635537837043,23.199146572622,0.1404337656575,3.40900216941034,0.796872576988008,0.838044254868411,2.78292060903043,73.7180671108817,2.65298876058153,0.0393956207644794,27.2675672541834,0.161381392634163,11.5988622854138,1.36088932425593,8.76479251519751,28.548980755013,4.34811581488631,74.4944230007341,12.6052447957713,54.052276267446,101.954632674222,14.7932946866085,67.5939205764859,0.927265643803668,0.0731688281206163,0.179503143728195,0.00615306199238524,16.1496861082072,10.1797382917346,29.4178527503892,19.0696548074771,159.44692101629,5.77720626401004,0.00502772775870456,25.7302823629717,7.30601255092463,12.5628220291668,84.6981665122709,0.329484557878404,55.9382936951677,287.275665583602,7.6335350570355,254.456196663143,5.44787528218644,202.515369479307,22.2659073630902,135.648413174588,41.9312226223931,0.212492217498989,152.351486348448,1.20450210211765,64.1642262302273,25.0976623783578,194.472093504535,23.2312830020827,0.0615586691695206,23.7424286690301,5.1630887901135,287.302122544995,4.45248940267124,15.6276866857592,140.211037388502,10.789729158778,200.071785914001,43.3214886924283,18.4602297739938,47.3781473362909,169.105334260709,19.7038839996536,31.3498425169143,205.840789157156,69.3257414627554,73.1440377780352,22.893287647515,107.441246971885,9.13457934139162,15.9053234429522,93.0438798010112,40.7086454497236,20.4260294216671,38.3827446029939,52.1539306841921,162.157688758411,3.41567924171265,0.650756196596032,0.11053257642093,0.052097212607856,8.90394987002839,16.537503515733,124.295768786236,57.4737599175338,182.334534819393,11.1770741134512,39.0178284866117,10.6691494197691,13.5696192578874,27.864084469614,3.43418731451164,10.8673113377115,9.62141575544764,130.882020958831,42.0404581668768,166.864724965945,142.407568519842,467.411935568369,0.844078360655036,1.20249919207327,1.18237454257531,0.0732495324165763,151.347879578099,455.185945676161,92.9993600521864,0.0998521243092847,0.0758537020306863,0.474923210928113,2.68407472233911,13.7095828208612,38.7874686905564,40.4616167362234,0.881757285809102,126.819955889991,55.6556128372099,120.168730184602,64.552638812176,0.164298168453937,6.9216144666716,2.10627178700117,8.31341861810021,7.7195027528575,6.02453828763401,0.00553302734558788,10.8817047471354,93.4767991988717,16.6153261557636,21.118435929801,2.95008948773958,29.808179694483,7.99705967972672,4.64088878751129,33.8252515421991,117.698054921086,0.987182314099862,135.472072320468,62.3077012796034,1.26150584837826,195.658799994538,9.21835849925766,125.515201920229,10.0786416102776,15.6939152405401,44.0942793531661,0.0261815249538968,43.6300036076726,37.9472931197153,75.3000780816159,1.5520488743965,137.312521444431,20.3711594791706,146.459672807227,11.0726677036249,6.25540368722281,0.0323126331560975,8.67929718213965,22.5549762167236,166.750456883652,10.2697475632594,96.3851113049472,31.5599291463913,23.0877395792456,46.3580847684001,1.05768338476838,7.55402565782548
"GSM773567",0.0742232382230653,0.0164780429511032,16.5252537093729,4.09510541800199,0.00843388578530758,28.6760859380972,5.00524753108495,3.6691074881309,19.4408843193882,57.5965590910739,15.5554933104867,0.693178375588919,88.933177014356,70.8337534312151,8.48295660708684,0.0364481190150937,62.9641112386837,10.5833439129258,69.8647340582698,5.34843165731242,50.6960081287217,89.1274270304441,39.8902380989969,15.1586409007035,4.03899864897179,12.482025557455,14.7859422077502,29.6328718717072,0.165737230466377,3.70324985819585,0.532204159190813,0.546951299266152,2.98577414533883,51.3519465325449,5.80233908174284,0.0645344443879382,18.8434304996281,0.115124809222914,8.59690344241379,1.54018985935353,11.0547260480887,28.3431558013893,6.44566193918907,80.6425163743968,12.6592640016359,36.5023345881015,70.9516299854492,11.7887862712382,54.0971901100194,1.29555611367985,0.0453014220040385,0.166916249512486,0.00669920457713021,12.6110996316465,9.82823408086533,26.4170386438023,16.786472071372,130.216910910918,7.53498438335418,0.00609236357944298,18.6387094799768,5.7450933754227,20.03214057978,74.692917467469,0.258971635023466,27.7934657243928,204.328454016933,6.11300236138691,97.0322272814118,4.78786506433577,123.452902500782,41.0534347716383,97.5227828187514,31.3058148681791,0.259892873786451,127.174236923885,1.03195529309906,86.847540947086,17.6108500514001,129.356568722772,34.9779752296323,0.0854256977931258,33.8937493413691,5.94389571692989,157.473873880666,3.84228007814235,13.7987547013349,133.499687010999,4.59229734438794,128.721075073135,37.0048087454994,18.2312029769674,29.689367341762,121.747194032569,6.11169261544295,25.9537156703271,141.648586432077,72.6120197203991,56.978054519212,16.9277258216487,82.4359450729079,8.39109533954521,12.1251377312716,77.329424231708,36.6708852083528,15.2195088161954,27.1882409212305,45.7864152087571,117.142098614261,3.41177556876795,0.446532367763701,0.0593950630396038,0.0332236726779452,7.68594894787107,13.6219267138205,93.7097533906938,39.2234851749302,44.7629476606276,7.68757741510421,27.890343473886,9.0956602318349,10.3702164757215,20.1392924757992,4.51652380109491,12.8398202633989,10.197998043969,84.3157808375414,34.4907765740071,200.763126608382,106.123091861449,390.946358782607,0.787092896731654,0.969450645397226,0.758186369646453,0.0623179295406643,68.1787943613738,368.097781374287,91.6449899391043,0.0609131669289003,0.0563107175819817,0.376467553310702,2.53919424368522,12.06973564101,27.2645091082079,34.271172568167,0.665142565618484,107.566335345708,45.720371120588,99.6150813670259,69.4771106789813,0.183047307012603,7.30021588823283,2.14328911777994,7.21060174885025,4.74113275129362,4.19147905260623,0.00659225819426861,8.58774800748844,66.149909690384,14.4578072707556,14.6859980851261,5.3416613326163,21.1804167814831,6.37373542157985,7.35921613861691,27.9203189138393,114.443444916005,1.32686583557802,98.7190949964151,55.1523488830485,1.38433385871127,209.147824590865,9.6123551796095,67.2656564337749,8.77635958212253,16.720249876823,38.7677430267355,0.0285070106034056,39.6664695958218,38.4989406127823,69.3162061143995,1.79461055468525,105.974081349341,25.0278497741181,87.4782688728719,8.43433018051702,5.26574985127477,0.0238367417056744,7.58894797003915,13.0395475274759,100.134927269744,8.50672052479057,88.0884539333009,33.7435714778402,18.348850462969,30.0344713624509,0.711762915517352,4.29799036732435
"GSM773568",0.189331349368066,0.0163514206662277,49.0549569103587,8.22263175945733,0.00817889335109171,29.65705849906,8.83571545954461,5.00692305398382,53.096676576314,100.206750301436,24.595955882853,1.09822488092239,178.55945402119,82.7081675086842,11.208325889814,0.0264576609970292,124.182044730796,12.9118816001303,112.577052669128,8.89761548974021,120.196950257833,140.461134957797,82.3538053967255,19.2431523760894,4.63108824842266,17.3438356126955,40.3118907210094,49.6276308181221,0.215936184758759,5.21104773166711,0.708375626998643,1.41131048820286,4.03035349657989,167.780102971224,2.11617068673578,0.0562183394949268,38.1594302273133,0.220157662580729,23.4536677422371,1.06879524094097,31.9354438093416,89.9517025401301,4.63519330238433,143.423961144639,17.4003358917999,61.4266010410317,113.127374384095,15.3833168588395,135.303162486462,1.87170435553422,0.0735617914902561,0.392259337409099,0.00780433146038792,19.6305829321708,10.1934002896086,37.9888839151101,23.2364295962417,263.876484924707,7.54075402094978,0.0119349930024477,40.5418312070771,6.02838533250702,34.9730640316142,83.0196044009498,0.738022750134611,131.95528510163,492.422145525111,12.1774299836201,300.394217936228,7.72058579367617,266.627335845433,27.8375401319631,170.536796028627,51.7409758923278,0.295462204420814,210.681171948719,2.63630538161213,82.5005577507574,35.7514750615717,237.825687658662,23.6272548057576,0.0959969061364921,47.9065173391732,9.85331385472853,397.324064153013,8.56107166832101,21.0261022754498,188.228951840943,13.07522618401,156.430537283113,100.186677440774,55.1668208720757,47.6943155914485,184.202699996601,19.8384802922528,46.729561847653,256.790191486493,113.655674871288,110.643300066944,28.5169035625724,122.73754412134,10.9621977352414,20.2730110337866,161.70441219688,35.9472749224472,27.6009673987269,57.8265911104113,100.642577515637,189.01434855299,6.29352833470005,0.82330526280443,0.131207757752113,0.0510546121989225,6.30789158871713,17.4171297237068,187.007792854197,91.4956988703813,266.797724011185,12.7908437165573,101.087296228203,9.39302228242309,16.3143690978899,34.60749812665,2.19809078544252,12.3859737237013,24.63788866885,210.662960642646,61.906378151255,240.841054165841,218.226348862116,632.227540981407,2.52013338155834,2.20283979549633,2.99239774214499,0.101519787604643,108.979748797264,558.002894078349,135.404900873096,0.15300726739441,0.0514520322098096,0.5397219716756,3.99834335718708,17.4840484870698,41.8428839349915,45.2076521355823,1.52400489530247,281.711680890683,104.310143576306,161.301398539794,175.136148401945,0.187586903322431,10.6455175395437,2.70386496198343,11.9912331822836,9.30294263113854,6.9634976977377,0.00839858208024483,17.374179695489,107.222813009223,16.5226372390366,22.6137804279905,6.61112864472622,29.5665698047282,6.11213400759721,5.53090251465426,43.853661243279,191.766374345851,1.95013991055273,169.937577654576,102.346304882305,1.60581551603279,332.069654295183,11.7874894450149,146.73436969405,18.0246530853278,13.3741413188911,33.142773154813,0.00938921237428683,45.6724408364022,25.1586759598837,96.388522585056,2.08309494183834,194.006696601509,41.306725348003,213.702305023315,38.7701055898882,13.4659675583266,0.0399369492921465,16.2781698884886,29.109015791319,162.628389404532,9.79093133740328,122.910828391017,76.5579714776838,29.8736209256184,48.2759319270786,1.83915544236629,13.4177556107464
"GSM773569",0.0656902627245935,0.0193782931629025,32.9861314822477,3.36191837834046,0.0126899632104578,27.7835708365341,3.82990587753585,4.19291055054969,33.0093895776583,80.5299065034507,26.2092351314353,1.21919738490162,176.246242082857,90.4975746254942,6.3637743076844,0.0985213185642324,130.293917230249,14.4077000535155,81.3593855277675,5.77485845161968,107.914885083268,119.464886496367,86.5188901883105,20.731713765271,6.93124425691666,18.3430452559529,26.5327715793891,46.8253793806309,0.204233699019924,4.28488500425599,0.880209481074798,1.02965972949014,5.14584860216363,98.3292155967428,12.2966156613986,0.0738201198748226,19.9172269231821,0.105022997601176,14.5493310272931,1.90287324474244,11.3753823251098,30.5275387896285,8.73140456810006,82.3198482618538,23.8933360399205,42.5148664332663,116.357327189144,10.7042177055072,64.1586005052635,1.29895641013747,0.0646028167973215,0.265579844150129,0.00742660037190292,18.0862868495098,9.18533241170504,31.6230041534247,21.2455482563205,186.191572918415,9.54133909098987,0.0206117232005539,18.0652731012378,8.2580540136335,24.8573093009252,72.2459594322963,1.85322995560751,73.115029612303,334.059641428554,10.7279088020259,195.147100599221,10.0192854392984,178.610821543471,90.7772563139157,114.98003886333,36.1738627268254,0.254242899452582,168.774260901397,1.35634812553414,60.3767544481332,19.9459588031194,131.520210793357,29.7677147543331,0.127072228914582,41.9178973922644,9.45948308918387,214.001187455589,11.2900963701293,14.7311392184412,102.547867294498,9.4213441843447,131.041687167319,46.3424395659865,20.2558037553096,57.1365069476999,147.48883893582,12.4402749145751,34.2840151456357,179.334469577999,82.3430825403704,51.0123178209493,26.0968791119508,110.523172452131,16.7636809987524,14.5828186737923,63.1478152678577,30.4579007912749,21.7217216704897,40.3651229170356,53.5031250890061,148.507918526363,6.12934462365447,0.724469372352009,0.145259519575751,0.0528043105306179,20.7947967995511,37.9436088541719,110.885063575765,48.7009419412414,68.6133552474844,8.43874385275639,35.1763234492012,8.78581833364069,12.1804141876429,62.546448534547,7.9997459132475,34.6127604668367,18.2191630835692,95.4211626403961,37.6980095697655,213.237934755391,118.777885766497,407.182894127799,0.629438943510636,1.05665674595145,1.10894113732037,0.0679717021252958,95.5565669207488,479.172602672221,92.1439222305112,0.120492601064503,0.111531259533651,0.528891550633107,2.23976519421308,14.3837436501401,39.8087495163562,29.7352672316208,0.757514074357071,138.54926436817,41.2774609798909,118.713367877143,52.8154325412543,0.205486357045756,9.66015987433678,2.59398354349482,13.6580198114518,6.67883911713677,2.83853751125247,0.00578789534238729,12.6084475044714,109.524439332236,14.5054974558639,24.7095787412775,7.83187466483045,29.659552178823,5.60421255185175,14.5170249522048,34.1468792815521,119.740892434398,1.65103419800168,165.021498054619,77.4347776088998,2.52812581133912,261.456757571045,12.2123214938604,62.1709340485674,8.46126545256364,15.5895778511428,39.2121571557777,0.0108864347257771,42.4909550193706,23.0160145202477,106.418152655928,3.70542857858902,148.077522024284,41.4739236265029,171.259943721346,25.2712130514016,9.89999531957836,0.033998109947047,17.2326311685353,19.2080562242115,144.661822585367,11.6468852939442,96.2660166113816,61.4069129668105,25.372034314474,50.4479501869088,2.53528324092379,11.9319454294517
"GSM773570",0.0299324314220681,0.00588650219934152,10.7726776206115,1.07807714755196,0.00495046351932752,25.862872050333,2.27839531160723,2.73289820213198,19.8020702356683,36.5349587524482,16.1559431916451,0.458936301336899,88.1800704595364,75.0117961594157,6.05966134007346,0.0163912308134777,47.4680122185549,10.9135882998368,73.0124590974601,2.74940337587106,21.7045305213912,57.9802137612886,29.2450452446054,13.5659294346874,1.23494218763862,13.4234837085988,14.6928322939537,16.1112202693971,0.119703468433723,2.13860168187709,0.670272400676512,0.505616535575808,1.85954448188839,32.8431107356222,1.66615968065856,0.0247051124943744,10.6790349874329,0.0928709552912911,9.12981917019997,1.06105313631979,4.49291143065335,13.7757034246844,4.49060556183807,74.364235968565,11.1754218716909,42.5244124936751,48.0455929689755,10.2484412370722,25.5224714958626,0.634649698343712,0.0313357109878553,0.059999090694065,0.00498910019885336,13.1441639372186,10.2329239970501,25.9796003577833,13.2944686226957,94.9155703923358,2.87479813578809,0.00345213477511144,15.0912035610865,3.13922193454997,7.61180603749037,59.4519101988851,0.419132621695016,30.2624145197197,190.508487268673,3.96354144339956,139.377669952663,5.20803021423587,128.812499289676,30.2697942041217,81.9891502595742,26.7018786377598,0.153441041499207,110.055082947965,0.905550573045057,55.3729564935415,13.8428371503313,123.054679054693,19.8534961101002,0.0416787564040803,15.3003572172815,3.57701635270654,159.635314342245,4.11371087085513,10.001791900613,99.4486150587249,3.97860505480797,159.682676980631,34.2928463167852,7.74604642970444,29.3468206238941,112.039051789451,6.2210666956534,24.0450890439744,135.891834987175,44.8589328709089,48.7448259466588,12.2685094440477,73.7543595422333,4.10067752069963,11.4729608996832,63.1151437998547,30.9524730527045,13.0236247830497,33.0942780029314,38.5113608129096,108.618025743148,1.62989748669401,0.298827402976919,0.0428740816411921,0.0190043906686402,6.19156467571115,15.1989043216672,97.9660083615346,38.3413059390995,55.0097037396776,6.9124063756364,26.2097977612062,5.37029863857413,6.99579343165989,21.8595412742884,1.80395662250738,6.84427413326995,9.26651185529912,76.0150410618817,33.0208714467432,191.820552689028,64.1273951012064,320.450115225552,0.300920393823697,0.411257138738477,0.295971905780196,0.0450256702143462,65.6166750975997,306.321245119475,74.3090130734448,0.0236792127016021,0.0133063644843625,0.223457261074512,2.07807088173844,12.394787306784,21.0373802512813,28.4140227416224,0.438688869438111,94.4943269651036,36.4883231795328,90.0028272808634,31.5192437352472,0.148690133649934,5.71438363516859,1.65409519171689,7.41734523239157,4.00356169880908,1.93277480007364,0.00315205122852709,6.10691019141813,76.9357202023779,10.7274680649589,11.5828791816739,2.45738282440667,17.4244435530754,6.18282498125157,5.65419076119986,25.4384138540289,90.2695669888309,0.832822380293015,113.810043175344,46.5600163321182,1.09099590457857,143.208599601846,6.89388122569907,89.2651979392775,6.83667157514402,13.273992496285,35.5294515353355,0.0274604270499003,28.5267261614371,20.9891185324754,50.6314672999081,1.25835239904168,83.0592806962575,16.8892392545404,73.8611410684377,6.31231257790427,3.71602474316015,0.00755302680011216,7.08916439780374,9.3159725651042,99.8192389104722,6.8976421265897,70.316774486977,22.1233314118236,20.6308488192125,17.6727327697373,0.816318166243804,4.40625297427137
"GSM773571",0.102107120739302,0.0226799646188239,21.3382028684793,5.5686329509349,0.0117578250886755,34.1141636347127,9.60697719321209,6.67125933740409,49.6976034819675,79.7097579626545,19.8542278897598,1.03135357019901,157.711914520902,80.5813133501677,8.87004932014447,0.0375264973977989,81.5708820719837,11.9093391176332,89.1360511625889,10.2044835424842,95.409263187658,141.681748742662,72.0575741454495,18.1997683098936,7.35663638463079,15.1207213030119,40.2621762716757,42.8782417920707,0.221849554982574,5.74537879635487,0.758303092542905,1.36253372427238,4.01450103200745,149.457822700517,3.21283415131859,0.0980514938545999,34.9189882646283,0.175336246878882,17.0648364080838,1.00103897618784,16.7260495129602,59.5683873612425,6.4912554845003,98.9206279331372,14.996023917422,51.3077324552055,137.667214401774,18.1723734172549,119.943591051534,2.13923693696238,0.0938648620208983,0.515427344266088,0.00715808358170089,18.5101460680385,9.86810293102765,34.7399665306908,20.6563795317973,180.817603080924,7.4731112931478,0.0168612418459343,51.0154220775748,5.87055518551942,29.0285207641568,91.8639814696236,0.812568670329313,117.150581366144,428.005660373974,14.0803301998233,289.709298494895,11.2421984284212,272.893143749355,34.55856659994,163.522322343818,48.1895234100442,0.325184612541148,183.7994611098,2.0889990885785,89.5286546728277,44.9965631881489,190.24149749861,27.3473757700542,0.0640924193319925,63.1289434903011,12.4822006931753,315.289754945817,12.04546505361,16.7792535151704,211.829332708579,12.7591747312169,223.783156539574,88.0431214769298,66.0059264823265,34.601517742686,149.37957356006,18.8232111530166,45.4593541676596,216.173419600645,131.000797989856,113.409147929561,33.8420669144997,147.680133773778,17.9865002744447,20.2636917565395,139.058491006809,44.1731678353778,27.1528014175127,44.1401792588571,81.5444842060398,197.576611829343,12.5926274980076,1.30160704052961,0.221841985889608,0.0931092024385282,11.6418642251812,29.0707134717877,231.600506408077,105.383362070689,165.369573125018,16.4612626847954,104.386177726755,18.9027266707327,18.4735835002562,54.3467171907263,5.32115086793742,18.4407259922651,21.0113801161055,244.40215821079,56.9178268774442,393.804367084634,244.608891213963,556.142173844012,2.17982374736336,2.99727628877612,3.91198071693022,0.121626450408244,131.056424460442,503.298275244643,145.48895373283,0.318263871828916,0.170664380188298,0.735845671662751,4.31301840334923,16.7659080236186,52.657768264063,63.1066410794748,0.852840559523183,250.969845271329,116.716077775429,143.076549296882,160.028590209282,0.173587764091909,10.3603806369395,2.8488362790421,13.3355621109355,8.78250292200199,8.13464519121905,0.00737962187900513,17.0930960724107,106.825963498964,16.6706595192427,25.1458042914294,8.69713084908904,28.5221797690899,6.92148576268536,5.563358449768,47.1030223882148,141.900160369392,2.27500468592328,133.483140003646,105.597620628121,1.57431814373264,264.483460813852,15.0892266667132,107.302519766132,14.6285888212485,13.6533886722097,49.3425685238956,0.0179857764495539,47.1677486562081,34.2521927199732,86.8260421533078,1.51679466903809,141.127805455743,29.101502253665,120.465489303152,22.7860984950382,8.03992220451607,0.0390421693942922,16.0750109515015,29.0149260483953,168.775170711989,12.380952051231,109.549644532598,63.9772833499793,23.2077582139154,52.530042134568,0.951976835357903,6.8202806361881
"GSM773572",0.0236660287910844,0.0057579449227038,4.9131061594596,1.43745836122538,0.00401346961175183,20.8593335946695,3.04599634960689,2.80577745667303,14.7813668060701,29.3652723861595,19.4057654476241,0.268099863402393,110.129555667071,71.1540738706532,6.65775220464224,0.0159721861820376,33.8698176214923,10.7866528913069,88.9097747120758,2.25041121870932,44.7066322784321,58.190809895878,23.7783806703303,13.3414842894116,1.46553379104559,15.5014322987837,13.5913919266604,20.0920534056976,0.097245133743892,2.33690188772411,0.522382231467023,0.845455262834521,2.0378654992389,19.6046258778554,0.382837200674463,0.0163038675345865,14.1099089469461,0.0403783094215654,9.6444805734047,1.04838801929016,4.33014514837803,16.6733543830904,4.71474120718032,53.3354303321939,13.1078185006568,45.4572376117763,35.084715296999,10.6206058196571,35.8997078364135,0.622068712653195,0.034508526941241,0.0554100410014284,0.00380660273677694,13.5547414056548,11.5400330007698,18.7351275697044,10.4528959387905,88.8333946489885,2.99405748533286,0.0101943049624427,15.1357954775224,1.61876634515419,7.88322173273013,50.9248527099441,1.90256366172818,25.8999537885731,128.821063286985,3.49589448274585,58.9754383038089,4.56987757487502,123.470238583936,21.9109801330855,63.2115501662721,35.2834613776371,0.123338251834457,104.439117944538,0.734002973149293,63.0489418445462,14.0221603574671,70.261341110048,13.5735294140205,0.0248555007255141,16.1531345089319,3.60773592085889,113.205646444344,9.31480647625782,9.4127673398435,88.8255942749027,3.32887428586907,105.179870373332,40.9010830284402,6.93739826491468,21.9537519182479,79.8307109599732,3.00092075304299,23.8643021641557,104.46554467297,46.9462402596142,48.0346185909275,8.04324033834556,43.8145732907371,3.03899577473864,9.33386060351299,66.2166736241439,21.1225509406755,13.2875243472479,30.7999386015057,41.6288761684957,96.5678075866492,1.33469076318603,0.300271279409472,0.0370691727127393,0.0256317510288761,9.02333158020067,20.3901004164534,95.8144260666508,33.667613563455,17.2220447588121,6.14402213425417,53.470261775815,3.29329319469086,4.43788557171608,48.2681198604923,2.13685030673,9.1653426368945,10.3347240805157,90.2481248638074,23.2329368367845,183.362625151586,68.7586271768854,274.006336004831,0.296589852782719,0.23856419592333,0.340987605570358,0.0348039966702681,43.0487802831766,221.33162734687,57.7261122115452,0.0253310464444842,0.0157708025687231,0.194514045267053,3.06218656438784,9.20720988543199,19.0638887878123,30.4735366805941,0.417689590553676,121.82631829107,65.2251403205573,70.3480407991942,44.9378646305667,0.11643603643455,4.86833793891236,1.58423411188839,14.4365291433143,3.90422920378283,4.17549881729808,0.0034376600537467,9.05828044027006,68.5889476783163,12.4841657378383,9.25739766226688,2.17042048188143,12.0645727646291,5.6785593144222,6.96164955550853,19.5233889027343,78.7076738059855,1.01803447707575,85.4055222021375,34.8936841733034,0.726419538998783,97.564418408486,11.0610749205259,42.8356298123518,6.29723900993207,8.12840217597999,28.7789711600855,0.00792301236932883,21.8746993244758,16.0713741142084,35.9275902631815,1.40137893141362,93.3154174311481,22.1448222129494,46.0276925608634,5.41451514556113,7.03039237821841,0.0103070959160101,10.7401264701115,10.866000579712,79.3161966314475,8.66866911275651,62.8642423402583,17.3429781538211,21.0661989188663,16.9799297599745,1.39764477540433,4.94657616441737
"GSM773573",0.0822133393206307,0.00625858791788722,16.5041389314683,4.11086427714836,0.00235768508512922,10.9410656729086,74.8324167667355,8.02802779639939,49.7641227026491,69.7533960080412,37.0009081435172,0.47840282958987,175.887123137772,83.5486803538686,9.90486967947088,0.0223411248974787,74.286895999519,14.2387583230496,174.316547578511,4.48365501501651,100.895790061131,107.726446756009,58.0887490414153,30.9240218111365,4.43806097177207,16.5126600588502,63.1941392061791,83.1548592807481,0.159729618154087,4.40251635222628,0.872449294019814,0.765383014418991,2.37565972002969,33.5721981683682,0.56786072111039,0.0147399606815943,40.4578853755561,0.110890765062698,17.6442481239547,0.612517216693074,13.854630714474,68.2974634080812,3.13741823999947,82.7494914102156,35.1141754110223,88.2323689207359,337.543951065411,5.49331005114864,117.019471307464,0.726442784539203,0.0386236208511794,0.208940130776519,0.00987070129705004,34.4908005639375,10.0873181412491,31.7510221399101,17.4472910255876,232.048130219619,3.93522814889102,0.00995347747472785,20.3524478912001,4.50046468800762,20.750455895815,47.8680353201874,0.327251994979648,99.0346498020339,261.083599842218,6.36699112975755,115.799602407068,4.55664523498821,203.959553037159,19.6508900591913,106.439823798577,35.0199804406788,0.329098564707949,188.762402357424,0.859680465312073,41.406538059913,76.6270166792783,144.809874293546,10.6247472503842,0.0631058793057977,47.2914055080078,18.3238040728633,264.425800985197,4.3773819097319,12.9386827453806,159.705796530723,15.5672101327253,95.2398525232445,76.056754617445,20.5722436483916,36.554143651309,166.867483306617,6.73706770420217,46.3490087212221,195.948123613896,158.464298166782,80.6329159543888,28.8999499542489,149.054075949052,7.95054843862109,16.2445569136454,114.074149785024,34.2688602969889,26.8898462627601,78.8592071664796,76.3155802384969,142.632735762167,4.3907240075286,0.63470659216124,0.0932920910926155,0.0323523965768182,7.65885349344774,13.7649930271545,119.406451509174,74.7044992293422,83.86656067056,13.0687146966184,104.16987565618,6.66353715550424,7.73415480879998,38.173841613542,1.33416220377098,13.090767870235,15.8168570867204,87.2112933401294,63.4735482472874,138.309133250504,339.033848771645,505.092645427118,1.46993960110656,1.81135936650956,1.68270185517286,0.0765926247319534,195.092437158543,653.942946772027,136.132317416745,0.0651143502727805,0.0102980295318452,0.233248613312491,3.67249748117001,13.3134252864188,70.5184741205952,48.0594659851522,1.2012577875008,182.871749755155,95.0093416299109,80.253197246988,205.759960581536,0.237733504928552,8.91947252362941,1.8649112374636,9.54567069275186,19.255054060509,60.1475603603922,0.00557508165313668,39.3423444186737,105.72446485179,8.11593796637417,49.3983023397048,3.3181746071078,41.9422905676006,6.05410288388905,7.67730300807805,130.620580114915,158.958459899032,2.46904902929716,148.058562252493,135.495699974377,1.15464426027337,301.119761244559,12.8029343633886,179.275774506386,9.32933583797856,24.7802573011918,30.1999140727667,0.0104317533753875,38.5084247385027,117.077752831993,71.8755231956602,2.70176673158087,171.630682834514,22.0334731344812,170.362986310199,19.1670809260647,6.73788159985425,0.0178290443744573,5.81041949181599,54.5538584497664,159.620065791126,10.7303975109174,90.7125259681983,43.2514539234383,33.7483810282225,87.839271108359,3.5109630653334,32.9109692898312
"GSM773574",0.0685952393349936,0.0153635267935409,14.7520959241798,5.12602091783575,0.0069246963448556,15.1047652154779,6.58931715499602,3.71408930573972,45.5612135725686,76.9578934410282,18.1952545801907,0.751039200592683,152.247707689478,75.7038166992662,2.34090331923974,0.0289297129159833,57.9483328777423,12.1002270782846,84.0692555537336,6.79749847894643,77.3962900906183,76.8145784013546,59.9506107465295,11.9996659769138,2.96314131717199,16.070692185003,20.5456375682917,28.9069199050458,0.191041517661821,2.96006292247616,0.705319842005567,1.21264465824056,3.7556883973385,63.7695703806667,2.6837460974388,0.0414534169645497,16.6367237020525,0.0963252392649163,15.3894842348354,1.07254392542917,9.07265276654126,33.0066679900773,7.93408641998585,82.7974784574132,11.9849256881739,33.7895836744787,59.8814615217037,8.49011932222787,69.1805841602545,1.29782042721926,0.0491368758994645,0.280668477146498,0.0056906325530709,12.825406608605,12.2720800182397,38.2866816334848,18.7733427514972,121.128817697409,4.93265313112483,0.0266982777740967,28.9496362148336,4.0735886861184,22.4802816192769,62.7187438173466,1.34975917801223,88.983083792159,344.065513637848,5.99384491051381,176.429786085147,5.34684414453811,205.971346903664,38.6775774651731,107.389787306171,57.442792188948,0.197336649857025,177.458351944309,1.58752607434364,26.7822755665795,12.5904701730901,105.239205436822,9.1528115340348,0.0477453966390132,18.2733599557958,3.15155139583244,213.135491756393,9.58390353347778,13.3358779117685,140.201102898431,4.60613402322382,115.018297974252,72.5352492724398,25.5312266822527,36.2206152645613,121.271692611135,4.96033825497531,36.9121149216055,172.695770247726,90.6948887179563,78.1835899853594,22.1196074170893,84.2393787620408,9.46983193941079,14.8591583398395,92.9116463874393,26.9122259764684,20.1459090294985,40.628378010713,62.5224479131292,167.174200165985,6.01260208705437,0.4930100544081,0.0610074976985166,0.0311509947169886,9.90803986868866,22.4504479571102,159.744321228936,54.8238047825823,92.8479030296814,9.93570172303526,86.2542634102574,5.43484966149995,8.37485951793069,34.6244499164242,4.66780381852837,12.9017022744605,14.8870521871344,84.0653284595499,45.4424014313549,140.055668393882,137.163387009874,466.004098570578,1.1160779673211,1.11474050425955,1.34160633347817,0.0706271657282817,131.207114239273,389.6966807595,89.1293895879379,0.0905323734147997,0.0438613980318407,0.380928216208377,3.34635970448258,13.7869195313914,29.1398411374147,40.4198606688054,0.528331401577686,200.455364510491,96.8858239070116,84.3165070887939,79.3718142919323,0.170447112256562,9.2690705171371,2.14365266875024,15.5821909542561,7.21627550443085,7.10713760940041,0.00556938722389269,8.85547445500593,89.8244129334323,9.44442355950797,11.8615668393142,5.24030168913508,20.3650396308195,3.26091326915769,5.52514069585987,24.5060116053664,140.198387901711,1.58603497013263,126.307951912385,62.205296531969,1.17864448880208,219.912813360641,17.677636926152,93.1360443180489,10.6795027555827,11.2798909506864,31.9363966590389,0.0174254378806818,33.0688006784664,26.6107209682289,65.3834946756597,1.99904023033938,155.280602681531,25.7302864828466,102.28391497095,16.2145210846235,15.049736507308,0.0234999167549275,14.7674437476781,11.9703272598706,142.64110583828,10.2182480606278,103.271912389005,46.0583826855337,19.3506693745232,30.2205883269874,1.60119587535206,6.98912076462836
"GSM773575",0.034120827627848,0.00966687893499476,5.38476388997197,1.76276857282182,0.00403246601178742,14.8074632200494,3.31534081039548,2.10454238059221,16.1896738196272,48.2058615433951,23.9415858522199,0.441103827981308,171.123773035344,87.1032349701741,3.66025665399868,0.0368094556001488,72.6134175105276,15.1010609546274,84.1496858642664,2.5050989969429,96.1044450683613,57.7308633584082,26.3081083183272,15.1143856116742,3.88220582583406,21.6276530326714,6.96018066328092,25.2778358344284,0.12070067419211,1.48661758321693,0.841509981284238,1.11971518154755,2.43850914012898,22.2026657884236,2.70586291931073,0.0157066169785186,11.4293900951318,0.0556690978421862,6.93243814539254,1.68534450949591,5.90202511004326,11.890261964167,5.27433886914597,45.6312130233613,20.4406774745183,44.4811998089638,53.8932981861931,9.40394433791879,53.2768293204582,0.660988235786885,0.0234611633992587,0.152730829551892,0.00438748902922387,16.5563378462132,10.190344184428,23.8733585880018,10.9992688012046,78.4121913922906,3.92959691463503,0.00956211316228315,12.0300670192243,4.31635364585525,11.9721780919944,54.6185976005052,1.10223822603042,71.4409075815501,228.105530994757,4.02991073119645,65.8765606189856,3.79014902224631,130.242270527618,34.0425811311574,81.4510588947508,20.0671882500798,0.170974352304119,108.776839140717,0.893506813668739,17.7730535142376,12.9790917069873,67.2808170413745,4.61175264833937,0.0577203884448459,6.48479321339645,1.36036653075882,140.547945719693,7.13222958069407,8.99964464490299,106.887509272088,4.02028605813059,32.7883624562584,23.2292196396534,4.85661946532501,39.3262227717739,106.06462022857,2.2908059272345,30.3385369647328,139.89754587209,122.699189082275,37.5864094481192,16.640642394657,77.1925351762907,7.74563834075352,11.6334245971845,58.6683269212572,41.837469375236,26.2919616950565,36.6941446650057,31.2747680073489,100.480682451603,2.65670896662669,0.34371680152756,0.0414393509514794,0.0504422648371843,15.1624022453357,20.7730271574404,108.442586296465,50.5681809488618,6.12436822969154,7.56699271426402,16.1350206079308,4.99113861976631,5.80516124570323,51.0853507012535,3.97068995869867,14.6695496712037,7.1885485754556,25.8812347947739,31.5741266696774,12.3624868163022,102.758393428046,262.314446802302,0.460854149816551,1.09430700861674,1.18151662314988,0.069232176369261,147.516883498642,303.222491752471,55.4341940109608,0.0557531103789421,0.0268144220845641,0.279513091964507,0.949450441443799,8.55850430382277,14.6634689777009,21.3163472038628,0.495647765283831,115.921383734711,29.0995303933619,59.1864324046383,44.3458714928026,0.153176035816067,6.32993780700909,1.49337517680376,12.7547177455436,11.6275793321622,9.36676549621427,0.00399559089747881,4.08618443854661,77.8736260028094,7.88767270771771,5.95487053042871,1.72489760241868,15.0429883576029,3.79441635998089,6.21310405321227,11.2243788163471,64.6569451302338,0.767137548268308,97.8950944024137,34.8792408094447,0.824666708712307,114.565513908029,8.77194795692775,34.9369953205968,11.450171185037,10.9715341687181,30.9062733423794,0.0188605896510016,28.1712651589704,16.1179183308025,63.1398460941637,2.75351535849058,114.484838409969,23.8125596605686,101.73141743956,5.08199868898083,4.83591500335694,0.0171680084794725,7.56870288441613,5.29493424296968,93.9199860643157,6.53457138969422,68.2540104876018,20.966695906952,23.5751139146634,20.1106547265038,1.75128506701878,8.65555673908838
"GSM773576",0.0235351611352919,0.00541407382921072,4.9142079334568,1.20918166990307,0.00358489113493144,26.3891878921765,4.35691005452455,2.20652398113146,8.47723222628998,24.8020858532528,13.0044390903371,0.337952230283616,68.5869998465772,68.5556030081308,10.1146093965353,0.0122221127324322,39.1994473954462,8.8901316904754,64.9454508115853,2.10491606092086,16.0989792468292,43.5256108869736,15.7676613600334,12.9622521614611,1.44665178745032,11.3045037801426,4.31867784543813,9.77514094013024,0.0484687622701786,1.12891156697263,0.348585585933593,1.30955845225134,1.42315404646227,18.4090000393439,0.440231022467528,0.0145288981113272,11.0466559128569,0.0137580109720105,6.98321078936029,1.19240393182806,3.12298754442023,13.420703866848,3.18979449700835,49.7520209166451,8.64455974465425,40.9985834081346,23.5808066271543,11.5175441277087,25.6328858817667,0.616799438927687,0.0247051756859759,0.0374541196227864,0.00382566206941251,9.95667320703045,9.78465824717505,17.5602325331534,9.46438818289571,71.9495390828235,2.74842504172942,0.00310052610286084,11.5936436745073,1.55435620066007,7.24693511044031,49.0129752308731,2.4583197373836,20.5865529038635,139.432443337516,2.98902015331189,56.4328498168362,2.22594205603826,90.6636392716364,19.1314697721994,67.4975035145134,14.5077837158893,0.10729410576261,88.3384097972787,0.580370328084748,93.4525957542087,7.91515122755012,68.2183374941155,26.2717431841848,0.0248965643808813,11.7830705066778,2.13826308178145,103.948295966455,17.669789173,8.90957542986534,72.6241733683041,3.53834967439518,103.286024690426,32.9165373845477,7.00911753892008,20.838135719467,69.0249003655233,3.54654821145867,16.0184058175258,90.1042602080825,32.4091589547504,36.1844956996573,5.2673402675437,40.0568406439834,2.11135281366151,8.05981685497094,45.5173916701241,20.590610321854,11.2770855324621,24.1243281111349,27.2949585282074,73.6294052640946,0.629634438317042,0.232464579351083,0.0239982564250343,0.015024770904214,9.77434359544682,33.6812772842463,83.582140881436,22.5861070421504,8.04253683427986,4.74309055769812,27.6183334586631,2.88019978281303,5.05531518615033,94.1028090214031,1.44215629034387,6.71051268746365,5.55507033945377,82.6283544222609,19.7880355669476,217.180267142273,55.5460236485288,265.116397073477,0.263196057217604,0.24479567333541,0.185609636255677,0.0329814199662713,43.3144276437615,228.999564094264,52.0388623859391,0.0180191592572875,0.0113873988833278,0.172279571602583,1.97596966076649,7.78934722812133,10.8682955744374,32.9115530559877,0.249353731534744,86.1726727407572,32.6765458576181,83.975309986999,34.6588467274257,0.115276537667141,4.41536899908962,1.22876061654361,15.3504583010347,2.93980033688905,5.31436034607711,0.00259651728477938,3.29831402869805,58.0006898118978,10.684390779729,4.91849408192888,2.32306417289594,10.6997014435867,7.47499145142021,4.04710302405329,11.6429614152444,55.8963133562849,0.520084137947362,68.6204588458351,27.7487347535295,0.624559684713599,65.4308186781485,4.67171000950851,38.9508635588422,6.31555104970843,8.14498109111981,38.1979644095966,0.00885616777741241,16.0977040878723,36.7372253157626,42.01664758439,1.12525915538354,64.9785523369935,9.72998125438553,40.6141271178538,3.96542715574489,4.57061744441025,0.00680400259529812,9.48469291222288,3.13702840568134,62.9604298163937,6.72147003941943,44.3563421857399,10.4143297898904,15.5497738886108,9.78206248522158,0.311758373515648,2.68906083585548
"GSM773577",0.0472811289380609,0.00853868973537444,12.8155368791634,2.97346766011237,0.00897025710266436,24.9056118071376,3.00126057577092,2.73989406457139,20.8967720921352,37.3518998866774,19.1459920927984,0.535336050237137,119.636357094191,86.105629811449,5.30818293744974,0.0239984784889873,60.373003163124,13.5501215437708,81.1378802953658,3.26433367322791,38.2813299520628,59.2476858923775,35.8101717152758,14.164388522029,3.12313845682939,16.221557070731,13.8470737869197,21.1970914075501,0.113337354792269,2.47979162777683,0.601731755191238,1.44791549943476,2.65627450282453,121.53569145657,2.02067861077763,0.0404214084216915,22.0255071025002,0.107646634158859,8.60065373218865,1.21628977203627,5.92645741992689,35.1570611375245,6.12553611681586,66.3031061088648,13.5248028849837,44.3990686636043,51.8523719565297,14.975209650544,44.8674281806109,1.10965773193546,0.065592236406571,0.2310060459634,0.00788356080315378,13.9644300215335,11.073089966142,31.800420902771,15.1468882787004,116.883632677987,4.96479421684045,0.0062480133444047,26.9608616577151,4.47486835859107,12.8362215131496,59.2244639618173,1.43478721617626,48.8417280400997,349.383999995043,6.20211414211416,186.61855141894,5.5294038425407,159.028049254467,28.1199600804078,110.380198571386,34.1038363978971,0.202891044971715,132.316500699609,1.09058322335484,60.3950500142989,17.2802827396951,163.037776652026,19.2015654572306,0.0510056401678938,18.987870509896,3.77479007695255,207.831587743382,12.101830700978,12.8699940755751,105.547119982206,5.95864593934275,131.867150267039,51.5625362363718,15.9271383576214,32.5376513067988,125.448842741709,14.3189261963072,32.5503893401334,152.903804921944,54.6968977916081,59.5722296257635,26.947620566235,104.749110812716,10.3105416398666,13.6889703225035,86.846958665495,34.646274093007,15.2947562587088,39.1414830595028,52.8817977090865,139.854048801415,4.21125998584194,0.616752993916332,0.0721361245156661,0.0257545795449084,12.9020592907816,28.8049503632998,117.210043944978,60.5536576982711,87.1548333529274,8.3314932176971,56.1234411161061,7.53933874328084,10.9527250549345,70.2625725886999,2.83169217648363,10.8917999658914,16.167960554162,71.6775668165232,31.4535531450231,140.824385908129,139.578326685092,378.713621669833,0.468400709066502,0.724670746532005,0.781997692657004,0.0714031076573243,140.525851226272,326.716909741807,73.4343198353012,0.0515011344988309,0.0517751030689691,0.353427040660231,2.86995944187454,13.4059225528403,31.6918897684117,38.9240627328754,0.330830436402119,113.267514052524,69.8313769960526,93.0724756360452,48.3328013771201,0.200762159429881,7.63468953332105,2.00171207339324,13.0959944990462,6.74573241136446,3.60626322059985,0.00463609433347616,9.94923319231468,95.7650610944878,15.2230923228825,12.2708910309385,4.4866523242924,18.5764784921815,4.96400243810773,7.29320639230925,24.9419934626024,128.731207025338,0.963181863802883,108.381440308169,63.2420226552579,0.921650798419245,165.118074387635,9.97647417488121,65.8907306982917,12.7144123370259,12.758132396801,35.8889117189936,0.0150590987504241,38.8060765927378,21.7162272587041,83.6883957118892,1.77367272010367,105.667826682813,20.137814676443,83.3648207717052,14.3185307841461,9.85518305811725,0.0167028160285174,11.5904116378198,8.38677744207913,98.818731418014,9.0933094206153,98.4046425158128,33.9949945494763,22.9151380475349,29.3733137239912,0.62852279415826,3.5690611709314
"GSM773578",0.127275345609423,0.0812107760257238,46.4726256609625,12.0428671053823,0.0380554434197261,32.6750493474732,3.80586440481643,5.85639605219125,77.5559142520718,114.571878735885,32.0880642843986,2.4410561840279,294.257916940889,108.297482097569,5.21485684139399,0.194461693964698,142.323597154603,22.069896804728,125.445042640907,12.5825571775961,587.530509946095,195.7564419484,95.9711623238268,32.2671435020252,30.3852199848414,26.333814532065,71.5208496515549,63.2398122473591,0.280654961171536,10.4838729047536,1.12832182004862,3.16218517397801,5.93118474203332,382.616400628394,14.1953959585217,0.259797915143734,60.8254389454568,0.258082055865077,26.7063597584985,1.66370580768588,22.5958924775298,62.9446227450736,16.103824216333,102.086780847682,30.2515225707744,64.0115137877667,155.537575087577,15.7857116188257,110.533456677598,3.27383086013264,0.130687809543675,2.74430265278938,0.0102784988032447,31.1649421074325,9.53516343345328,53.2068374707197,27.1509476052021,325.468373457586,38.4887337707188,0.0193008677214963,43.9563898902858,17.0612117875855,57.7477432130507,117.070430940084,3.85854257740099,216.890851178455,535.73715758666,16.937912530958,402.74549644413,15.8225784511746,368.890746693387,103.246654597646,190.425012209945,77.1851430513136,0.832781018349745,280.159386557787,5.13677868635469,46.0397859394445,52.0394470511686,202.532695572222,25.3097850183846,0.202006360258397,89.441938068331,23.4004948660966,395.451533172225,28.5354702856241,23.9284293849343,192.41897852205,24.4384064128261,145.724175484116,73.2910431140287,63.130255406262,91.7009032552121,269.829812885164,25.9134814682807,68.8596614686166,278.709960869449,175.823896739815,89.3409650723615,101.094499637639,195.452763456646,60.3833481016684,25.3733035836544,105.876698695811,64.1659875375273,44.6446870031575,58.7326526605967,93.4024482474243,259.211759223891,25.181232217493,1.50515314316226,0.30864034229552,0.209703175152605,49.8984009257379,75.9318660752485,192.647840126874,134.372135930168,204.48657378489,17.3793844972048,101.728645152619,33.944127776045,18.4606961472505,164.779985012277,27.4782248809634,67.9427146183366,41.4476178238362,111.142938991687,60.3132215409729,271.608733541666,375.809966721819,553.790145824666,1.78872612610215,3.45902268871219,8.42844548499118,0.172183872839973,241.10021566155,589.536910724985,131.950040921744,0.910612837234052,0.945356369037943,1.4972109620487,2.83471097538883,17.3036024854445,59.3108129687871,43.8324381010808,0.9339357182844,286.508556434385,82.8354165263574,157.238092839996,120.696601719818,0.295422154339221,17.0167904697498,5.12803500438577,27.6781630609841,13.4550970617245,8.10084297476294,0.0217570930949312,40.0880261089844,181.235397569884,20.0952237060212,79.8392630926097,14.6239492636308,70.2405445478086,5.67512309833755,14.4814809501135,88.4093902416065,218.753424352371,2.81514694479112,171.032032601672,144.035476902012,2.24459764199652,396.611937554108,48.2685470872864,101.89555282331,32.4556502266085,16.7328366834286,56.5823114305828,0.0120856954050067,67.0621392426248,21.7844941073979,165.3778478003,10.4368304726879,225.113472470246,47.2516336997695,274.448965169295,58.0777634256722,15.4055000096705,0.380006880575971,49.9781156251753,82.521895078943,324.22393101695,40.0149031412528,175.259511517045,129.134139299295,32.713289667295,146.445041674554,5.8830570581412,34.1909432867329
"GSM773579",0.272181269545273,0.0447863057114091,33.6740286821585,17.1858220507038,0.0125406969949942,35.0555555504196,2.60816239496447,5.17747140854061,40.2740379518489,85.7329936946342,28.9962276086847,0.987175324590275,389.126024990451,92.8728077799927,10.6036158499442,0.0635369756583643,116.572593502118,15.8746102016728,97.7652550358695,7.76331803698023,414.759510262371,120.280809886665,61.192693997786,18.8164697574332,10.6361950865441,21.2192907360677,34.719059328133,73.8604547751807,0.336064209441517,7.05955806344296,1.07397075204594,3.70416822876746,4.04190847323698,260.046903515605,10.0274260550167,0.0815211815410075,33.1151824500302,0.136303891172811,17.9215518391063,0.972895710604137,43.1183620445041,147.859532995806,10.4125734771996,70.561819145266,19.5349206207685,70.3691380174973,155.474026168142,14.4234983287847,118.323429290682,1.57442391796758,0.0552875954683099,2.8932655606464,0.00621742049430206,24.4035800959053,10.3085243648629,37.2800352693814,19.7174812721861,223.480545672595,16.7737559806865,0.0110385114539079,32.9984055753903,8.26373342802478,50.2958878146629,106.6107701721,3.43730171954816,147.38132503906,420.180439674445,9.91619470843601,188.822937375753,15.8763417749063,221.207511275848,55.4965783679671,180.915743730871,49.7487177315077,0.582041772320345,188.580994474506,2.45147566245884,76.2138760161877,30.5851957451196,174.628206025315,23.3532566012353,0.24253877313582,45.7803191389083,15.959089328647,330.028880785015,23.3927259464616,19.3958835924044,174.665377644451,13.6085448646548,127.906912622946,63.0607155756372,33.0723711987946,48.8842776159759,183.396427012358,5.64156931580134,51.4727066894318,206.115268690888,96.8274586018729,67.8184200091393,48.3542186207081,169.006847606276,24.0008164914881,21.9756905498304,85.6968399433881,51.1744684228897,41.9939165824543,60.923937159466,61.4277854172486,226.768224916652,8.55007802963311,0.753140681461927,0.104061069099105,0.0872095097747301,30.1649582112763,45.7491555724391,135.17032313517,78.7284913532358,60.3407920077028,11.7014674618405,44.7276026640212,7.46112597845625,8.94693725835639,115.716529790717,7.07779053295507,29.0417369783862,17.4307793460694,101.185363035561,47.471504971399,99.7471010820307,370.463806474054,467.786845623968,1.86825912526569,3.34674596956548,6.89962550900311,0.159182731617698,267.945660527287,499.932162573762,87.4866526170664,0.22771529715195,0.150402740719024,0.56200528859223,2.32601461941838,15.0768985297238,32.1886420807843,37.476093316397,0.90414358077987,201.734682291764,58.8272396563677,143.346051364126,68.9254100315534,0.168261897465826,15.3579210530086,3.48579901923818,25.2622816587418,11.7937690707496,7.38514953033117,0.0130693670095325,22.4059335418865,124.536839011182,14.5835964760997,33.0722129273815,7.62320074403325,37.1769799132011,6.37737989558116,8.73890278372073,48.2006884696508,143.908181893379,2.43399174797514,142.022879088029,112.993145823796,1.92091912829167,286.084735401065,19.2884361918296,67.5926428375003,18.0688796736794,12.3169628786489,37.7706677510396,0.00722431538585251,50.9061544511166,10.0210958096936,110.72710236369,4.22425038217328,171.435222831256,44.4792743088158,191.022239114018,25.4199342095823,9.34039320279355,0.081302784479481,25.4617209869066,28.7674769475124,175.5874252905,12.575411396604,124.245925863565,60.453623849883,25.7774929453179,52.5860839180042,4.40099435558599,15.5432647448354
"GSM773580",0.0239207518625708,0.00403400481148803,5.34273547388635,1.2656522015446,0.00299334906081446,25.8379418183613,5.19248378855118,2.35077467126106,11.5947063830118,25.7466580874277,15.003627985312,0.270790997802562,95.0682302015246,67.4559116489283,8.94499196765876,0.00769210626880278,25.0059633475251,8.70311655827107,73.416750747458,2.24729730634939,7.87047802544418,44.1880707036856,11.0844444118885,12.0737922617409,0.955244613061598,11.9371899179666,6.83087002097096,9.8202365572742,0.0550178749926748,1.27693051266103,0.436356924993742,0.77909376437458,1.40397993744926,24.328065110764,0.203792318372176,0.0135985153299158,10.2510912619216,0.030544163780501,7.33369925831328,1.08482698973326,3.56898933924369,14.4702423357984,2.75020236785291,52.6079149548204,9.54641858915884,43.8123790349023,27.55403407643,15.2374715639414,24.1244531484219,0.671620060017198,0.0249563542881039,0.0515855367575963,0.00400530604605734,10.5207101011953,10.3831845790295,17.1824936627101,9.40660895793396,64.7807895188553,2.00423631281149,0.00521285911377373,15.9018544574509,1.18160182479577,4.68899872688061,48.0621505591093,0.919789886135055,20.7444781178527,127.269618695295,3.06202117428727,73.7761887836693,2.58532895254149,93.4545363497016,7.88038939249542,67.9175376187112,18.4468309812727,0.089316644712831,90.0098232720484,0.83814319088368,72.2095775217692,9.90197695953771,96.7257391724627,17.4190540478801,0.0205422196397661,11.1518511137548,2.16122878333237,105.862186177378,8.08872289896595,9.65844042272565,95.7460040932979,3.76980015949954,105.431486458949,43.7570530292229,8.82328036551844,17.0596491702405,68.1866730880041,3.11210401832374,16.921792166916,98.655108389889,37.6977528222963,45.2674133528901,6.86727007887053,46.0905125927478,1.8840323875872,9.21363951195678,67.4267623368285,14.8847803988176,10.1886745314102,29.7807219360052,37.1348678604203,88.0424986418563,0.967844352045149,0.224029157301995,0.0226201029727415,0.0174335796374289,4.73780933239213,18.2313105926621,86.6200542069788,21.3690896833701,15.0109429053474,5.51275040826376,42.6539934292116,3.48243453217988,5.79468060957693,39.9865413556965,0.812323910891378,3.55117982155339,4.66777926114892,77.3458329811968,21.3656414205491,185.315183151986,51.3806670552896,255.571065268057,0.348757740860498,0.324661818033946,0.305074375690301,0.0285370428784046,65.3512048527121,193.735505956955,62.3084318859774,0.0212311852490217,0.0117640567818442,0.16258545188491,2.80350381448713,9.08485627508553,12.7449127058666,25.6091260731467,0.261897261291512,93.1994312756488,49.9952450691068,74.5346110679556,45.6350655165098,0.112198201576639,4.16393552584935,1.11797245264524,9.34534099798919,3.19956388448063,5.96650826842144,0.00202857730282859,4.90768283858718,56.3180345109924,13.3701236411527,4.83157846996204,1.85917813694916,7.57549338948656,5.89732787070876,3.50532404985068,14.3697177539046,68.5185969646935,0.581026662383276,70.8647552808133,30.646059431911,0.601391134199503,75.9825306009781,4.80306984942524,43.5485930653201,7.2623412705904,8.49772305798149,30.4611860707318,0.0130200851032838,19.5029397883314,25.7441152099044,32.544710211141,0.673983058087109,71.5254805348351,13.4266714536281,42.6108241374034,4.94443600315209,5.60861666951075,0.00618527547214118,7.28844568180971,6.0671050065381,68.5206671385829,5.88429799165267,57.1721613535055,15.4306030857899,18.9372810367726,10.7191967130614,0.489398599564534,2.85105068274656
"GSM773581",0.0661607137028745,0.0178505889164658,8.84013674121917,3.61969307111175,0.00448250599495821,17.8765918944363,8.43572459893767,3.36663137768722,42.2414919988651,137.658627235964,31.7878075847198,0.60482778083097,341.405458440192,89.6497686294879,6.6326545280408,0.046525878081586,94.5779267470846,17.6122615595986,146.430424720716,3.68256919607907,486.987118314234,176.005229859828,132.585028963993,24.9088344276266,6.4121542875176,23.4393920905843,37.1772107787328,57.0195645529179,0.347109292087157,4.18727232030162,0.975957921999728,1.29838364959808,3.84724158686451,94.6015851769014,3.10009749018461,0.0170268366598836,31.2714972771813,0.183762406101683,19.9468709595086,1.55446648818597,13.770928802559,64.6716373310995,6.44821918601919,85.8474047801557,26.3255188688646,56.3146976589073,162.283104556243,7.35871402548191,173.037771033959,0.757071469005867,0.0679167619177839,0.647612645563902,0.00595211537760574,32.2787922539254,15.2125831134513,35.3627786740245,21.1571545612775,220.677480320993,8.14402956623578,0.0446499338712474,28.5620461712528,8.22389608594361,31.5951944024495,118.134913616094,2.70888021749244,92.7093255990274,464.028344172109,14.2251417821678,172.119991113036,17.6823071900122,256.478977063782,123.562107702439,178.333359305266,55.6577061206887,0.292113380546351,244.861956860546,1.24481316327732,54.9469574054634,27.7958599347355,146.082362714993,9.6598729941924,0.0487428219855714,48.6565830276576,10.9311610287698,267.299262198166,10.7122152886995,20.3253999085554,215.428133501704,10.1089329405188,73.4011174750371,80.724480692527,21.7777958368908,42.6549233201703,160.854048581612,7.97080174710667,75.303781808788,197.288233087627,210.734446756128,109.045904737053,25.0507975468111,116.474698089881,8.63506885142106,19.8310703391396,103.235968006043,49.913759138963,39.5457029308044,55.7428583458944,90.7839552351934,270.609283420683,5.94397670918095,1.07928447111087,0.128915608288129,0.0427377577173217,13.8113691762359,22.5460163263302,178.114620412714,134.100167544217,110.956350514821,12.4837099710855,114.693879932935,7.15863078460533,11.5679365578154,57.9273332918196,6.05205708728588,57.6902242537927,46.8782415835927,160.490886977779,55.500842455499,325.626096915844,244.828722369092,535.518131380837,1.56723733290754,1.36176859137878,4.84009219506855,0.111304205934353,131.788946953948,594.883658743914,100.372759142772,0.102547839627736,0.0405786584397181,0.521956659837166,3.95529276461859,13.5894975362132,44.8931100247026,48.2659422041709,1.20976401675997,265.916920449307,93.7548304537593,147.278785622795,159.991473234844,0.188244225905705,9.61885230227593,2.93461894569109,15.8647710236969,18.3207616797268,12.8679198366465,0.00590772847244238,22.8925049415598,120.67526315531,14.1330158110304,29.2037208926537,5.43697810569297,32.8042857419607,6.75307193048616,11.145450372914,49.5813953291168,170.582901035363,2.89445792171033,150.757669145255,82.7908126117665,1.24177366754682,245.558743099241,14.5698120402958,75.4484505529503,8.45235214210826,8.59183754191898,28.7528467040288,0.00425091678941856,42.0741584417553,41.7733501496227,84.2789822050167,3.11575566576438,179.321648143684,34.7576512360169,140.112273419885,21.6979131589788,9.60097033209541,0.0334882690986852,14.0932444216395,21.1504846645711,179.950622407242,14.6439939746344,146.395443646484,48.3176019722939,27.4832932969874,78.9297992663057,5.46128749636663,24.8544898950741
"GSM773582",0.12271279005327,0.0391577826893025,39.2995321598219,6.37047617675755,0.0143552372750751,37.5634085338131,10.3093138798211,3.14839404782365,46.5658947150507,130.92076937098,22.2546946414702,2.73525034931784,235.960417379052,101.995084428733,7.71949592108462,0.20708388201424,259.664084372616,17.3892245183595,91.1534151999138,9.00286337802077,117.904630375931,222.644341960821,105.721409787269,29.5083922436277,14.4646493915018,23.8087539290575,34.5351994412874,44.6997451665542,0.276929877727893,5.21359492729592,0.680616383399626,2.70759576431613,4.95863454509204,133.51197965468,15.5660238576644,0.0719037888903535,28.8159201201573,0.199507003847962,17.2800284146118,1.67796745401403,23.4444298203298,45.3028566348551,10.6019905412118,138.552634287698,26.4409556556915,68.6200707186973,69.94571313044,20.5180721760921,122.266984257126,3.4990763492427,0.138204081766106,0.355296208077738,0.00683824978374966,19.12035576058,9.58504993542754,48.1883321073602,24.120202391257,315.463750122032,19.4669251244796,0.00941970461851472,23.5263711944089,14.5105130467459,37.8035781116604,116.221540580978,2.02568500852041,156.402928970051,680.415168810894,17.0739688413593,448.716931432035,10.637581278882,302.719869326704,86.1428103455818,207.344913256334,51.966297506896,0.318741340595636,270.217861202173,1.71478215511522,70.4364169787777,35.3603651866324,290.145789643514,16.967007001623,0.137719375885305,51.9643065764268,12.9384406729551,341.763602090024,15.4826306493409,21.4207494945151,162.266787446626,9.91377092415911,101.206992758612,83.876083356414,26.9461920210767,68.9631613686959,247.932912015041,31.9873585573709,93.9028755058551,280.81694736438,152.360932112936,77.3253400943625,43.0942603954873,147.455640815808,29.3236552005426,19.5207731595757,76.9481866228329,77.0040890050384,40.5248219214014,49.0906430742319,85.6454407183571,263.335365737325,10.4270949521887,1.25720921565013,0.272085597506151,0.145025178035195,16.0889489384223,34.2782211454854,223.504960793428,179.185268648387,142.97034026495,11.8575139873929,60.0648953737353,12.4914110030039,15.0624839922719,125.267935057645,6.29366416767601,45.7357968476745,23.5442006223777,143.068764157151,61.4557389920823,79.4693205846751,110.14349028666,568.095980848469,1.81847161632463,2.10851642984697,2.54775876636587,0.0860411012482517,200.872670158588,737.709260954972,70.2768356766174,0.405707951584213,0.431411090864883,0.82339575144493,2.26771116850781,10.1960112911987,18.8244251804661,36.5701498825913,0.446127333394053,331.18403038046,76.6483079256197,153.384817145006,145.154379731855,0.151119276157682,12.4377662827712,3.11339704243129,17.7632820301235,13.8214244120609,17.4663916686692,0.00883570592981003,19.3582696118772,148.78950885991,26.1428214946773,35.139783097202,6.44033039234887,51.4479635050332,7.09265540530488,10.9069906045593,57.0313642831082,205.153971611247,2.37082545949209,142.342975310688,90.3431652339855,1.4048038295402,291.006853626405,16.0044600405548,70.5934379222585,13.5426500157995,13.8869549952797,39.8094533477556,0.00783664583591432,59.2844207124855,53.4801246876949,98.9066802645052,3.99066519609433,225.800761284648,48.6632199171268,235.834528678785,55.8107523045719,9.7914654775171,0.106738484452309,11.9975508411274,21.3949503519849,238.752427247054,11.7760871280063,116.996757393043,103.623440100913,35.9606396042491,80.0745129810038,1.97127987379025,25.0345788308572
"GSM773583",0.0291685101412372,0.00747502611936812,6.67650704063142,1.80264976407779,0.00379620928632873,24.1837339394418,3.92608983529564,3.70821287244788,21.107803275196,32.083964462917,20.2421566943599,0.38973873532394,113.159524192531,70.4821075979551,6.35747177403649,0.018294574363323,40.676231320726,10.7706002350049,82.5861281720901,3.2596334040666,37.5849782097021,57.5776897812326,29.0520622025899,15.6892303234909,1.68830601086944,13.5476092948224,12.7130089598953,19.5672114556559,0.0851280502649293,2.06212117540241,0.54011767090326,0.799215289014489,1.67140200001238,28.2933998847573,0.954333287014712,0.0233305470546928,14.8371732489692,0.0611446370014268,8.69013369536295,1.2826627152723,4.92960382288924,17.0246706665857,4.67443991566934,80.4593642499347,13.5834619454338,43.5458425544152,51.8145848080702,9.34917867497633,45.1035937145096,0.751978534739483,0.0337045240562255,0.0457262764047658,0.00438172191512564,14.349418791634,10.7438139609469,19.5773590528401,12.0736143087794,92.5362604250369,2.77971700806202,0.00604624281298732,16.7261559636771,2.62818415159394,7.2679243122962,52.34449949379,0.513741027727884,29.1102881778183,162.001399926895,3.82392247927176,114.339434394884,2.95156685717288,130.931193799647,20.9666493396616,88.4280948898976,42.4449111363542,0.121478817432996,105.643836229787,0.723346048142108,50.213019735912,16.3818443797705,103.285579588184,20.0581261708519,0.0338609763496569,22.2641223708836,3.52740869032048,141.104525866773,6.38318912685265,10.9935837906054,95.6932732616539,5.92997422755322,135.291104383656,33.5644481336681,10.5665577204499,24.8555078002187,96.5982216684004,5.76549543564277,21.3513240033002,128.388474268244,54.7005890737522,49.0617829004464,13.7314566580511,64.7029768382333,5.96850596615211,10.5240881340834,64.7036935886882,21.0973140840615,15.277875622189,30.8425386417946,38.7645526545326,102.225787357869,2.35588827342461,0.313294799537118,0.0476271630770907,0.0324541732640539,9.26932528000242,17.4181572894638,80.6521335238697,37.300486134968,37.7639812667025,6.49381589559598,26.3917486952339,4.65654083424635,6.15779027077753,32.2961192875433,3.34761484736244,7.9025023302295,7.6967924982953,85.3305187400096,32.5335885692641,134.70956022487,75.9651373303142,306.932282874581,0.348832730458085,0.416427913564836,0.490016609944796,0.0423503929675008,49.5325898819951,280.468913129188,75.3546484598038,0.0329171276432969,0.0211096960229546,0.217426940959607,2.03186555444882,9.46606052474622,17.5672696834151,31.7856601833733,0.449693784279389,114.204749858603,40.5481347728499,88.2987427909361,45.4874835726349,0.138277516276132,5.32561541523281,1.39089256773946,8.89738493096038,3.80536564331678,4.60538539392422,0.00324333899689104,6.1709458932067,59.3016993600282,10.0085737459124,8.38491004367804,2.25207015761227,10.3330864752265,6.05199938166345,5.09068466055445,19.5973907751681,82.8953452483323,0.705965339274529,96.2383064618945,43.638281720032,0.928945564824071,149.064885160098,10.3655626486624,68.2758853403037,6.94739845087712,13.1524715334473,30.6655655678504,0.0168362365873608,27.7424845386249,26.801864214255,53.3945641646264,1.21186158546452,106.458968637108,19.6931137783386,69.5615320118079,5.55255453829905,5.95192354267423,0.0103438854776901,8.15906436837176,10.7815155167416,98.6917196260736,7.7297968224924,66.857354392698,22.3554858133763,19.0108742237823,18.5231066500399,1.19714284547893,5.93692952125997
"GSM773584",0.239522479807551,0.0372982128019884,46.4869154474202,10.3327600059697,0.0103060581793538,37.650883769788,14.4354463285547,4.93514337980944,33.359690600819,118.552460948731,21.291132086222,0.982550781305042,163.462389250691,78.3733915928342,9.93272723146818,0.051633954259103,97.9327697704067,12.0756271630427,93.0387506677132,9.62843436132897,135.293387244263,144.171422565536,118.410470981712,17.8738407058811,11.6639641606894,17.9408417822563,39.3832312766791,49.1185962567736,0.272816766941965,5.20503151961647,0.707549371030291,1.42823878238927,5.72606667367087,63.1771057059337,9.86365699074503,0.0759345177806413,29.2234147992391,0.144781750420338,16.3413521379443,1.58406203049614,36.2344008399778,57.3738280914208,9.49654912064728,94.7798034415199,20.3957524108225,39.8461037683324,142.854877757042,15.8170974085395,121.616409056381,3.61817551283717,0.0738106188677621,1.43327651458907,0.00694034835622174,14.0604670876255,10.5463966404208,29.8470298571821,24.5070263822368,220.280604512168,11.403611151668,0.0140568920021475,31.3048042875135,8.51707939312541,51.0263254711809,90.9768558213809,1.19351410720948,86.4873344219462,634.177760629393,11.0165954040395,210.601320362893,7.51268451340716,228.860747334499,65.5677712622683,168.722802242614,62.9489372165601,0.523541749747329,238.375949002186,2.10459217364923,70.9590016498502,28.9145695675005,185.30380989876,19.6029824326509,0.151981212322948,53.3120911131434,11.9456327771532,344.601572137234,10.0532700515524,20.1102453269737,213.669786095783,7.10800131388647,74.5684521299113,72.4248927346718,38.0401857284042,37.7763466722039,154.583067814966,7.59340370907224,49.2978288476116,220.533900122888,156.540168253789,86.2028605074736,22.3091150701294,112.273503740853,9.12780435898757,17.594208778718,96.6440568198654,50.0762546067797,27.5622612591723,35.0821727973324,65.8862099296112,179.350183041749,4.94250440227866,0.669714701139931,0.0832324189142002,0.0489245320616757,8.94478381360111,21.1214376636329,145.011325158944,79.9183472083831,82.2912330436798,12.399684251648,64.8029129341035,6.94344732749593,11.7148870183118,40.419202718096,7.74921169980579,31.068453164804,18.9395142184917,161.706793932638,55.3012184593884,131.187790019943,159.595341132217,582.342435994899,2.90095265020463,4.02115772859519,2.72942685087824,0.0980504775169955,148.48560046124,630.309075990133,124.543356563507,0.267169000089692,0.115955388115616,0.713114862549686,3.03344837624905,18.7120808814777,43.4069334874595,53.1602050409931,0.912843004649055,226.124908546705,85.407207640326,145.683828392419,170.124789486288,0.202692281685482,10.9480546176382,3.0135795862103,11.8811292830497,9.33721393069139,9.81061141831794,0.00885510375709129,18.3745815503567,94.2260044933296,23.4462632577397,30.0403692278172,10.7389668360541,29.3346382431764,6.99513395033172,12.1966405852879,47.884573166601,166.938023143049,2.27659892045276,149.36519762454,93.3799742816415,2.62255882925276,375.057173097344,13.7606679033491,93.3474008877849,11.6993655978831,16.0769839273132,38.4986395632758,0.00982076539643279,52.703005823301,51.0383921644351,89.1962429194041,2.96125556433701,199.025962929057,54.9817727643202,191.950054127803,32.8030049886101,13.9832725339038,0.0660716701735955,14.0561315815821,28.1062256778598,209.290726379229,12.4888413590897,155.296558543896,96.0487327655846,22.901073831129,62.038587282501,1.65917760506917,11.2259685460017
"GSM773585",0.130834771222808,0.0417408395767065,39.7799602724739,11.5106730764991,0.0141846915466142,27.517611606183,10.1372952059616,6.17574076000515,69.9340023171313,137.953795665968,29.5681435923603,1.30000856526996,186.977422813965,81.1512015119628,6.09097789222543,0.0583165876457846,91.358019810232,14.1375193597039,105.413071223439,11.249031393153,238.651830423792,125.92874169425,112.710166712562,18.5090750066275,10.1347818360003,20.1345082635417,47.8223037854839,56.3555965012075,0.256160844289111,5.43259792900352,0.710419662287951,1.64516809268242,4.47914217776501,205.649753351119,3.51284838262025,0.107969883956862,38.7672663834391,0.234043882927256,27.6677773330763,1.9666361279144,21.1353351519006,82.8658575291093,10.2099131349625,170.492297021466,23.6759205908467,46.5902924388891,95.3693336711075,12.2649915960315,155.00804774845,2.87690415461874,0.0807399041498365,0.655784420442388,0.00756147962045949,21.5265065686733,11.5996447324359,47.9712794570946,29.9410252548808,286.404193971142,13.1138726905295,0.021301469157738,58.4353805508047,10.2845593331815,52.1647719752853,99.7773918156467,0.866013384940569,155.817804544739,595.380966427308,10.495152414222,350.544684407261,6.93183319101585,313.465753480056,49.015845241277,188.626098041891,106.442358523572,0.538905811410265,266.978388682603,2.80144328617216,43.548502102213,24.768743222202,237.602307231664,22.074703827558,0.138780234889981,49.1993945597576,7.63753842526886,483.050997334984,11.4355505804409,23.6700735093545,202.626690283706,8.3776781865606,142.875607106831,82.5903482489811,56.6129934783643,38.0513708542407,214.854512306459,15.4749160584417,52.575512856414,258.178594932827,155.774580030171,99.9929616838696,42.4576331085333,160.450078144538,18.3342349080965,22.9833278503677,133.61695971264,42.0192551111598,27.4365633447651,48.5899945660389,85.193300268228,237.526926674126,12.0009354471312,0.975774455312576,0.154886744083174,0.0975582004405796,10.2247847888874,24.3095359567423,181.503238080629,110.52664318538,257.899447930545,14.8912363175811,104.799864113753,13.1758535895393,15.2244673537804,51.5223183999267,7.04624101313009,25.5897830094297,41.0162776848524,134.273084736939,65.4963850293451,175.077972662022,254.483660029933,628.392574845285,2.05933465729046,2.82885321441603,4.82699632835913,0.130145277129352,175.815132452843,624.569349970277,136.217279091491,0.340719979314665,0.15838838053061,0.877143628391711,3.70736357697742,18.3041191941927,39.160129981925,56.4921471378272,0.94521517917831,293.61488881085,126.807485229924,184.669133675552,166.425628181484,0.208441512166386,11.9378062204299,2.97490510751159,17.6088006955128,11.8804059950839,11.3618095903067,0.013622714594757,19.0928063213755,114.82685755752,14.7541756378722,22.9937617896849,8.05168673113181,27.240548327062,6.27456372854083,8.44719818593843,48.3367879318664,247.978294057625,1.86101190534992,157.560966665314,115.877453677326,1.81668328854353,379.931430652184,25.5353023966759,152.708410968869,19.7714628424892,19.3118512021261,44.202635966327,0.0154806941661434,76.5833031430848,35.4895503482365,117.288710197523,3.10993061777146,276.857154391867,51.573662903425,196.540760197348,36.8494820631068,13.5198676073642,0.0822885247640134,18.7099028420906,32.4929809306368,230.489203883656,16.6562185113825,155.92163071994,93.9692263821007,23.5995858476926,64.6180581686404,1.8846727735521,14.0970514545437
"GSM773586",0.164343433502145,0.0141810805578217,27.703721966644,8.46403908178624,0.00661585254913255,31.0762660100979,10.1243123035217,3.70272817519208,50.7671533018253,112.607611678602,34.2185472060084,1.14677031443393,228.573512172904,87.6326459068967,10.0716498394115,0.0431775772049294,124.99383671431,15.3938009624512,125.260128071684,5.61101582191778,242.456835442125,139.742311870682,75.1004887305135,28.3338284257173,9.67832735280991,20.8194749621912,48.9539346417312,52.1703313184371,0.206822490959199,5.84899280913093,0.752669460253543,2.47806341478809,3.32557414891496,151.203310291265,3.68256670726442,0.0436547968468551,33.7981032021636,0.139727515457574,18.810512601476,0.942449190384993,32.6166195145296,77.3201617267402,6.92857100606479,134.438952977367,21.5910767130919,71.2504156028731,149.614600995348,15.7608302660553,219.34008781313,1.15634855326525,0.107203746886474,0.552570705270111,0.00484136877386432,28.8219308552314,10.3710675120238,31.7086769821954,21.6884240017594,229.056939332709,7.86734786793468,0.0148207071262679,34.101579999601,10.6732781275221,45.0379119897634,103.77213680818,1.53010359026117,155.708910490888,452.337369156361,12.3341676801291,321.833628989307,9.72121345443619,316.757494236486,42.8496314722175,195.387717883546,65.0108894399389,0.373759397063414,233.092805436984,1.83246710201314,65.2446178308664,62.2416356323482,232.473815003778,15.7924895884374,0.118966739399505,55.3147042609756,15.5532738644834,412.323951865879,15.1279009082739,17.5162529276676,221.561802894293,12.8869389644884,175.848470248904,74.6855086572647,33.5386899205356,43.7577507015531,195.105358715277,28.2073410328287,66.0416711494626,227.87962404271,186.056621421022,93.7369208679761,34.5495201562918,147.7647536102,21.8899080742577,21.1680191394683,104.662687274196,56.8177604153587,36.8930469522461,60.8465187524046,86.8933317372161,211.207675438019,8.91179545184693,1.29564756285425,0.259042972334412,0.123290738238997,14.2087362590132,28.2075376962377,183.25614222409,115.985138948431,222.437302281323,14.613004969425,71.2579837201209,11.2954740565396,11.6034384170338,91.2907347275637,6.57058666448464,25.9462075989027,17.1960327622043,178.399808207993,66.6723750480863,151.310729783741,369.225580389483,661.991129726408,2.60082824714325,2.78173053688469,4.13524919708803,0.138167480457579,207.274781954619,633.656173658972,111.186515475418,0.170847403230438,0.0845846198561148,0.471326312481123,3.10690245824089,14.5906886022278,38.107924262835,55.1177581389411,1.00574934656546,322.258275317451,80.9805357195974,147.970621623266,138.014244587721,0.123983648837863,12.788592735495,2.32327418170248,16.6246174411121,11.1544498329822,19.0358940377052,0.00752095006921136,28.0404886984773,125.269734489163,18.0524244887016,26.3302355865922,4.65326567561984,37.0436568194331,7.81564744586811,6.41381190212567,57.9201042415808,154.964104272947,1.65425892113905,147.251500675973,133.208395505743,1.12538838857622,280.754228116061,15.547784191023,85.2045823095129,9.66306984542851,10.0514748345196,37.4417713690964,0.00765831496001443,48.9134328226802,53.7749866094946,103.465888063131,2.50880304718218,204.966450805273,41.7546663727671,190.609471236178,21.7211212099196,9.09187149520265,0.0371595669659928,14.9129144256797,43.2857305417251,205.219630066383,10.3565028941183,139.822213410272,44.5441352564218,31.9237774542917,41.9919124529788,2.63585446639678,25.2141270934665
"GSM773587",0.0877772019972736,0.0114344218659617,15.925464403329,3.17752298000987,0.00694708559167482,21.9961283693557,3.73758393899263,3.13617221142691,25.0233023046032,67.1476100750027,19.0394263687225,0.712459686238351,138.777961814612,77.8274948375245,5.08106893374789,0.0457193467599511,104.894427352765,12.8465609378521,87.9417996990275,6.0516231632374,116.450763591736,95.8088116542662,32.2391858905348,15.7148623612367,5.06473723337223,15.8696319777771,18.9067479129162,29.8058211186849,0.200167027324388,2.65157704985881,0.748361957406467,1.19162351586548,4.04182145584692,54.8507264206825,3.81386001157357,0.0345319203629672,18.613805696986,0.131676502368,10.2446821523901,1.29789939091253,12.9170368229616,28.5703140765383,8.26244140015722,81.4644806246302,15.7157786012693,32.5486626191207,118.171038229986,9.60842753168014,87.1723727125001,0.790064801015891,0.0573062505090858,0.219194097420104,0.00536107983044522,13.2540386475327,9.14435414038794,26.0933381726885,14.5970824761582,123.333432416734,4.97786525635576,0.00488973996799646,21.4863397272321,13.7234046282846,22.4296089468405,78.6633362663572,0.553022372116459,51.6195987250223,171.783439573032,6.34100829263051,193.1524108978,5.56164244810276,217.051730077606,43.6737774211188,121.116375208958,45.267827981406,0.320531348958799,123.571802795144,1.22838907502643,28.4459674029924,26.6875013223758,171.957140201272,10.3649420338343,0.17385242327984,23.428569964226,4.88388435432862,218.499424176368,6.30660976876326,14.2546363897587,128.286800340381,8.07125784715122,130.853901141105,24.5611559436742,21.3902739463159,53.7341709497905,144.199230666065,17.7613320136709,46.2902282187534,178.782171813246,114.621441309096,50.6926882061516,20.1323659417762,100.211531767579,8.3720795126503,14.377221570354,54.0108202168916,64.3871695961588,29.9595798718081,36.4959348374659,47.0519467749332,139.90825717748,2.86855614369534,0.456811055942623,0.0812940094987472,0.0478796182609252,16.3609663408388,24.1514536043801,114.761480131161,96.4844082077265,57.1217994546769,10.0305203238711,12.0290838514545,8.4788812260229,9.4277446832081,34.5217307810985,6.46084756347275,21.5362965560436,9.97336366698611,57.5518952337977,42.5919093310285,80.0281304617203,131.161481467594,415.416954939161,1.4970605975419,1.30683364188537,2.12850920044362,0.087261226683743,197.771370677713,393.185858729591,91.4721226685003,0.0957664022577321,0.0573301697750596,0.436319925602735,1.13794158393394,12.9437309468553,40.1318569115351,31.7578283730482,1.01551938335941,127.477302737713,31.0079905296424,110.122189712065,49.8046660279247,0.1843890381825,7.60071037579438,1.95169693040899,8.58106135489263,6.91741081050511,6.58922478984004,0.00800390656220267,6.55822574331608,76.4499211144398,11.3928765425821,14.9112592407042,3.64758475564666,21.7983415826044,5.13255425015364,5.51503091064181,26.1755533831342,92.6996708645819,1.0569935756833,104.901186266534,45.4776424569036,1.80929596186558,151.252316818672,11.8321339507592,107.736818582004,6.44570289340782,29.303654734455,32.6651986461918,0.0280336537745089,50.9744239653352,30.2407133564139,62.5875928334253,1.71359764736998,132.116127023998,32.209281613844,117.567625221787,9.08191571852222,6.78771651518821,0.0301616642131446,9.31981773813781,17.0960886690475,162.444170384589,10.6789255154602,127.238746463726,43.684389304415,18.9233331194145,37.3651484087367,1.6533166615631,10.6740467324039
"GSM773588",0.0312790060382297,0.0063319042441038,7.17685793396709,0.980610659426032,0.00529351765682084,31.6367544547328,6.34231803211165,2.99877278320508,9.71808775185046,28.340975138658,14.8584711910018,0.307329849232025,98.3441340789395,76.6242470031239,8.99261784343045,0.0135413219814836,31.3950299698212,10.4628898152305,72.8500885149498,2.59079270186653,12.2347776146658,53.9782390632728,16.0011379835001,16.4375045780963,1.45012314705118,14.3725835820535,6.20640830418949,11.0551254431642,0.0703590939534223,1.50752219831268,0.5272146512529,1.1649926533029,1.66523037384419,43.2699979425566,0.517770160942215,0.0233185500027642,13.8990135244154,0.0583004040945749,7.49046849417875,1.02478176008677,3.88198458885178,15.666707790874,2.95964057718543,45.7136085158121,10.4280237336738,57.8318130970133,34.15132023197,14.8520287202205,30.2848392844723,0.679267163934004,0.0350731871192588,0.107115142552916,0.00534983493913049,14.1675552682136,9.63171034961374,21.4749119891376,10.2100751046763,85.1083813201395,3.61384764246372,0.00372079346421992,17.4442474908816,2.08454415769292,8.62638052606937,54.4556104811767,0.974652954099083,37.243951580651,138.655299853586,4.1846103594033,71.0378273911324,3.19252654358437,100.328771087399,13.4534610204323,79.0907527628372,16.7166797399022,0.156154608847422,98.5188088599065,0.924033849530236,77.1096000834356,9.5777640872779,79.7429505547299,25.4959997604107,0.0276203929108543,10.0332847186933,1.91494894552298,127.863301322759,9.64071341077568,10.1881676618008,108.573014041212,5.67631081008773,91.0257491430391,37.6694347167505,8.16597832280576,23.9559084165333,80.1923064390994,7.20446289449413,18.0532230102708,112.45812915268,36.5769168825521,49.6747954180821,9.22779065071387,55.1455057087236,3.47122383659587,10.3346116100833,63.9247291711886,21.1482940034411,13.6197187634482,32.2366885398516,36.8533853455516,98.2034514815388,1.37419847828337,0.355658646929291,0.0414931327341639,0.0199289751400441,7.66048090263086,23.7635849066211,90.6872701223625,33.1922579438958,22.1816145470048,6.62046345596368,50.6976800665276,6.77010831543765,9.16268686028103,71.2519580395129,0.940805295926141,5.52837651559604,5.87265697451806,83.4533868511093,22.8767734746252,197.413570451171,73.8042649827244,260.046594893798,0.316678989201681,0.360808821723416,0.220097648308392,0.0404277801338037,39.1433068686794,207.39531997637,66.6396023103749,0.0332778498473185,0.0227090420980922,0.190779126015763,2.63675672277945,9.64281000637439,18.4139977301944,32.3288163366436,0.291344196568918,78.0615873019676,44.06122705522,67.8893382856118,43.5253047506491,0.146803033542973,6.19958494913456,1.30002971008465,10.1388113795634,3.67560422457495,7.84243754882328,0.00383566605998431,4.45251387823163,64.9742151382366,13.9464420851736,6.76751838769215,2.5777847922822,11.2994297596166,6.31503819903264,4.28998807704799,13.5444586148423,70.7275948606309,0.669120984421698,83.1478315523109,40.9469132793178,0.692911205715405,93.6516676237676,5.68245093128615,60.3958036131178,7.33300871835171,11.3112144869457,37.5263190001683,0.0234591972089766,25.8241581465087,32.022883550974,47.0138714686204,0.874171065458008,67.3269205450247,13.0896613512797,50.3744228228252,5.60953198716857,4.52940062841051,0.0127009192154572,12.4138270554924,7.21506125144783,86.1631767800587,8.6073133483308,71.3734165159582,19.0934293196839,21.5565045974739,16.7194752686396,0.447003600034626,2.99384813888064
"GSM773589",0.0903676256965753,0.0194251372583287,20.664988298998,7.33720692061517,0.00773645992185312,19.7268622556032,7.54061532741075,5.51068948759701,41.649118628699,70.0624005240376,23.0755709322529,0.904400467671614,152.654697921442,77.5826904481698,5.90088660675592,0.0452094836713545,74.0909670205354,13.1004963635667,96.7309839792307,6.87549567635631,204.026150465763,94.6839281550503,65.9418411712763,14.1767192833021,6.21567664308563,19.011706222544,26.7634988817508,42.2748723275734,0.215723367159945,4.62484684053011,0.687759792611424,2.1017948467467,3.21494940205246,129.223887823071,1.62274216703102,0.0447170318518903,35.5747443145697,0.130126065518098,14.0060278269015,1.74666104075133,14.1995191285549,49.4746804517088,7.45741699827124,72.0483349527881,15.8446661151311,36.5807143452643,120.124847450208,6.41703869455954,96.541860651737,1.20939581433525,0.0426332442176491,0.439631062193511,0.00566790667833643,15.6912133173348,11.0104033167267,30.0592327778279,15.8854634471691,164.267243973492,7.85878785672829,0.00995279718201771,22.9063091316081,6.16736117566471,32.8001137870959,73.9936546678448,1.84640899959336,90.7937802281359,256.722006966705,7.23448822565262,112.94272711136,12.1103624668144,241.47006380157,72.4106535117549,128.544253529757,55.9064793781196,0.357737287083892,145.06833628958,0.93313694363299,27.1512603585511,31.2914835384104,102.829186439693,15.7464850812217,0.128152424553529,43.587178667581,11.2656020800933,237.684474039071,15.8274533575743,15.3492763525815,124.184162509084,12.0817718002982,117.422005896218,38.8584672507393,33.0503187363741,42.3538190506614,145.924249245982,5.90182419780455,31.4543652568762,173.968563673449,104.211134954828,52.9745028676787,28.6729634478678,116.242552678047,13.4195273846733,15.3679613272761,70.5460495080443,34.3887329296567,28.6389016614132,37.3641514974554,54.8358233116595,155.593940330873,5.56542217266499,0.633949309845656,0.0834285830986162,0.0417694644252793,21.4966097930228,36.7167132128819,114.216587103314,68.4256897281618,48.8326934058682,9.96500357499882,39.3699861293466,8.10789376834065,7.45156610887515,77.8992345975181,8.77774693947879,33.9380891301015,18.5558832086375,69.4871038934435,52.7098005246435,131.341454434307,265.34772483415,464.040552001513,0.789402005485827,1.76691432480904,2.89687433619456,0.111361840425309,164.150729620052,464.099024207648,112.503574851773,0.125181184185413,0.0632057303796834,0.42624902016024,2.26947134300035,10.9523327299727,29.8603078687367,38.0775248781109,0.867601969281077,209.300550670553,56.1604954463854,133.345895859735,80.9367883197731,0.168886313046065,10.6735871224216,2.56544961589699,20.0310501761066,6.93305624269047,9.30791793026576,0.00760738559971938,16.7932510018028,95.4870853487091,7.78236640715498,23.1099357936747,5.93712513075447,22.057333508832,5.22959327132354,6.16266095873258,44.8933573609734,109.449120015447,1.62724679987459,130.502129924892,90.6469561750667,1.80544085154493,208.75056622475,17.4980493743148,61.1142430700649,10.9187502551321,12.9205585256472,27.691696505058,0.0109736429640993,43.8427922549236,27.8571978939386,100.70741617336,2.83775203652694,153.442546452561,33.3009806232823,109.754739631863,17.7892038838857,9.99234338964422,0.039772680781221,17.4526776240973,30.5791306112873,157.516264644166,11.5238770315422,92.750173962454,50.167795229911,17.7141981412482,42.1299278828564,2.80193477314807,8.1735316127374
"GSM773590",0.0293090577733778,0.00813219050295119,9.25831597365663,2.02437970276779,0.00541780756405975,14.6996311041772,3.25571999960103,2.79591208224516,27.8144630521437,40.3759269332033,20.1430712560396,0.44695557489102,117.275950638692,76.961340436071,3.28017694167695,0.0156072257219202,42.0131446437418,12.5900569003418,85.5076667889208,2.74146501850489,45.2440540848632,49.3511431316134,31.7933272427134,14.4973942704319,1.58807202858609,18.7966996305824,10.8243856109758,16.7150754142885,0.108993532629921,1.8937896929408,0.641487565760893,0.658713271011012,2.4298742231296,35.3154179253845,0.733387009462454,0.0206487892071379,14.5777900839497,0.0620586006705457,10.6943593564713,2.02737985614522,4.93540222828961,17.0412088504389,4.11194516765566,83.364271717461,14.8006569712444,36.2289364882934,40.282692338247,10.026881733789,32.7061166050915,0.821391930969692,0.034372470770811,0.104530637602948,0.00459757984397752,14.8599249084861,11.9655519154552,28.3965804568447,11.9652179590727,108.247929682667,3.96607359135225,0.00934045404686621,17.5655448719223,2.40424014986088,10.9761283107849,51.2840215142102,0.854411824570882,39.7292738424713,251.903876408285,3.87605386515355,107.225475689391,5.0329700857911,152.65878668391,27.4974187383311,73.3139178211481,30.154834425326,0.133955520792633,145.768228577316,0.855796570972879,26.6280790586171,12.9264503669687,84.1912459648368,7.8510366387644,0.0385641933976886,10.7442160601251,2.15526672881655,163.645693719911,6.34176936216284,10.2963146938763,95.9570184363185,3.52061989447251,118.807052996932,48.5334447179139,11.0120345393098,26.0981859729245,89.0555998001711,4.24286059232778,23.3054544197752,123.632695449027,59.7995163323697,43.2698408166089,16.5726971126847,67.4734508902921,5.9830649703355,10.9136509954494,65.4002724762089,22.3288302348313,15.7384518882118,34.6645206031392,49.3997604181636,119.49973566732,2.62960248431456,0.314326295852641,0.0377383473662501,0.0282461467345008,7.23918314358516,20.0402556860066,101.877393783025,37.1916423268681,31.2497695894423,6.25285845124018,44.0591465154263,3.43623145632924,5.49510442940848,27.2313220497888,2.31274520892326,8.23028299087816,11.8795049267839,50.2358458442883,27.6342382205012,101.767050513588,66.3221182714174,303.563438401118,0.352541067631599,0.415408639294294,0.509454105678799,0.0455093936278455,79.7971620556336,254.433285008427,68.0720701036648,0.0347329926775094,0.0245824071123914,0.245513728705119,2.2829598811511,9.54780903493645,19.7682260477031,26.6843800828733,0.385311547388121,127.710086481315,53.7999443431734,74.3801893984182,65.4296210431064,0.142685516817252,6.64595960030018,1.65299239939716,11.4950687961732,5.36514280877991,4.97040539680809,0.0034447896334623,6.75980129187658,77.8985506866358,10.3837022662955,9.23813259290172,2.89176881385628,13.1849101633253,3.43926362650551,4.656160973702,23.0779393700765,115.044089321518,0.763255399980969,103.648836155253,50.9829328218275,0.87493851019662,122.315562797093,7.79277524216992,61.7160792085858,9.78048751068055,10.1382706433954,31.4000389939247,0.0107531396480776,27.744974981051,19.9780303792288,59.3790743042162,1.59830383762626,113.55326083195,23.1740595736256,72.8962612259184,9.07142615572642,7.14235628939381,0.0129471709810481,8.04387466794813,8.12297281572386,109.978723078858,7.90627328597335,81.1934416193301,30.2078912791703,21.1237619191899,25.9785698501994,1.12772953953709,6.94536127608056
"GSM773591",0.0743958517421622,0.0177973279108693,14.6814131115121,6.7514324094619,0.00893488199504193,20.9105403295837,5.91447282608541,5.6328033796997,50.616164035811,94.505462988476,27.3548283616998,1.1366640112404,260.63766810212,86.1254503751145,4.96374886259136,0.0351090122092417,102.404992737747,14.3351774793006,101.969894844734,8.28599364247405,128.673456150651,125.164700303206,65.9711878109335,16.5599598936027,4.98791157746976,20.2209108600795,39.8386115727845,59.9114614674071,0.249267011931648,5.81762606118383,0.820854659145085,1.51901343405398,3.99701155569749,77.233575707054,3.51159837424211,0.0460334787743374,32.9763797015572,0.126637622602354,15.5901999332346,1.31603986498444,13.3043653592964,61.5911205741158,9.05422555895863,123.174218468106,20.5327960047741,50.7060592821319,87.0324536211726,10.7507132077917,103.748928374233,1.73880418657064,0.0777544349914971,0.230714593710968,0.00788704972960005,17.6338789863061,10.8211214426296,46.6717831091755,19.6492602160333,197.31365136109,8.60596258040181,0.0336806972704582,35.5051416338319,5.93324017644682,26.0354968901535,65.6028203165695,1.23980865567598,129.135764527204,421.88176964728,11.2628361014264,219.150153503303,7.36264475731788,223.597298449991,34.9761287813992,149.227630115334,87.3065621553363,0.224850440852187,213.51345744217,1.90030650596923,46.025850230879,26.9214979995981,133.966885677,20.0722050003885,0.103817143046746,28.3424376497692,6.88585953350712,263.74250026429,8.66481033591477,18.9702133453515,170.885299354923,7.63448188431316,150.031256644577,64.4525926774766,48.5911133701834,48.2629119730101,144.178009646279,8.53714614297275,40.0996393861054,213.821075183775,113.812945059464,83.8908767582397,35.5080096914345,105.658182976727,18.5461973309627,16.9319827441602,116.818926697765,35.7256021705259,31.8559856374688,56.5698442012498,79.7190355879104,193.255443769253,8.71415549342131,0.790881043153221,0.123567792551858,0.0795805516720613,10.6898374069896,19.3038784037648,168.212766370056,88.9162384254343,124.60398690739,11.8621754454838,70.1703700203845,7.18108544304705,12.1689471384384,47.6875340469588,5.64971897139419,16.5005667035456,16.3825189920849,107.803284172106,50.6623077022081,239.891422133788,191.284790760944,479.824965229483,1.18311924009308,1.24455713212759,2.32281749063491,0.0783086878634255,172.102569015547,506.646250646475,109.346401602231,0.207433601384905,0.146100921464891,0.511578507063828,3.19197859942697,15.120362033525,46.0460806132532,46.0464882509244,0.722798253125149,213.037505115046,77.3630901601568,91.0524680285992,97.8458305515341,0.186615258545463,12.3997432610204,2.37882905330879,18.1926530129254,7.9897893898614,10.1845630924709,0.00832540731329367,17.9371390945785,120.101670092361,13.9276603251705,18.3934069657114,6.86081383918346,29.3477767696265,5.01869352035846,7.03677540453539,42.6287917018892,196.59844789826,2.13367408052369,148.361867519318,109.242969287888,1.60885165825073,309.540520491248,24.2681870567029,97.9030148036254,12.3910406727831,14.6445584035525,32.4673579282209,0.0109989657272505,54.4967125883123,27.7645232021456,89.9744797718042,3.31085929587712,202.47865838635,39.9659148869792,194.530648637715,31.5992870768221,12.680251187046,0.0434474664869009,14.7735145964381,24.3806706066442,152.868452740953,9.6688704410885,123.943507988391,69.1427396916262,29.4253774932894,32.8076850713647,3.9653032725783,12.5356400536967
"GSM773592",0.305393854315204,0.125639888852631,101.598926656841,22.1162056186387,0.0346513117201798,26.4812304310184,22.4073245763933,8.34920188172264,146.057629396656,201.468878157249,30.3058885001535,4.09169040537797,290.032248129495,97.6140975504063,3.89414728228789,0.0696466443708391,177.174991464094,16.3515177401738,107.946688953287,33.9361115817905,240.654136023953,266.784700785516,177.44062287252,20.4841599821367,20.4907970319205,21.161444509964,39.0161357319161,100.636914071756,0.357789471264668,4.84799542712996,0.865284877731856,4.63500157190598,7.10330487074564,505.373412846195,7.90952060818008,0.318346232849188,66.3936002767404,0.222590536044092,39.0187629839262,1.10763796701459,41.3189959375844,203.112481913189,14.1334280875667,241.134658122483,19.5418720320877,47.1440026533109,193.225234779537,18.1504351024152,226.424576610903,10.4197608335253,0.125825875565804,1.87963821553198,0.0116640579530234,19.1055660292557,10.6395477145405,80.3916623139629,42.4085511332528,502.779263725152,46.8421597526693,0.0367442252901474,85.6553477882508,18.0063472564249,80.9105081919916,108.968578923557,3.06448641976117,256.738488203458,1218.66797666022,22.8371132969939,556.004726814644,6.2917925824362,494.702533433811,68.804496539107,297.76649858128,91.1173948512836,0.757176095445094,468.422082724747,6.940817823531,43.685658915394,20.5534664425869,296.518832003934,16.7556176996009,0.116883699421749,39.1774127056274,4.88369474854512,708.800539797045,22.0123254593289,37.6263029879515,285.719074189388,14.6951124521033,150.798320155456,163.303242649208,122.111967276105,88.6538243452768,328.736808820105,29.8057514167872,90.6666410108459,386.881425017126,202.112316754487,175.460427601637,66.576475605309,217.40812777535,33.0202835617885,32.6847065431677,230.090276312516,73.1092941061449,48.9062749413651,75.6216774374858,127.117357021576,346.873130305105,16.1524133873139,1.6729320271264,0.258419144448179,0.102970965105773,19.9456595338852,40.2351249021279,279.916445724175,184.476825525123,407.365907977754,18.8751444275318,184.50032264092,13.1828879088322,22.2293280786666,123.64495275996,8.83884520758533,31.9951339069141,47.1586738057818,139.835807367288,101.062465321877,153.349886357192,484.116229458471,1270.68154421428,4.08888526243166,6.66508424246838,6.80925227315532,0.221922058018102,403.150703766493,948.549735482459,192.647234147072,0.945947314543211,0.594580373087906,1.3025623374207,4.49106489889945,23.5485866075009,88.5463576575158,67.5484546780982,0.972243312711885,454.024462340641,170.355907584449,183.58264828794,319.23545797418,0.206645308470483,20.1270085090949,4.33086658699454,33.5894688566401,17.1200825687085,15.9264414766599,0.0243027317290029,16.0919312389016,189.635230102425,17.9318786711134,23.331529779336,29.9854951849818,36.9651429781115,4.31323918167416,9.22566796026081,41.9040060388721,370.214843200543,1.90084281338906,234.390867149865,173.260847076181,3.29811702998058,681.252883755104,28.6921859431429,348.609596696336,29.750199659264,19.0996664523454,56.2262024510189,0.016271245938888,111.880478086705,68.8014109793449,137.63860979438,4.93755523394954,313.221731134796,58.8376667178631,336.805158235467,94.8841048236997,23.4102510011439,0.189988701174194,32.5780626523817,17.3294723389437,323.487353950043,21.875578279891,261.664217100661,199.847468882548,31.8719752397144,82.1522978577673,1.97989136222737,18.5020092125323
"GSM773593",0.081332722980663,0.0497674874269894,24.2934581309102,6.90720834431202,0.0127668051935609,18.9677458369619,16.6994162332392,6.49502555283154,63.1536558011307,121.319268859423,20.3736133110492,0.757459454015134,176.892013748789,83.8788574284667,3.65807501836123,0.0493458820172577,121.67437500596,14.2256750272732,100.638864891751,9.09928002582847,407.655261324372,135.140148100238,121.516256789012,14.1396482861517,9.1902353414707,17.6474036307374,27.3011715312242,95.9801037215461,0.328345192293502,4.46006406399249,0.739111934146562,2.51858860405584,5.59290062542527,172.94333425747,3.63029144016472,0.0691039856387587,28.7933905867695,0.174281995665014,19.8550346738658,1.24676274606902,14.6749699416408,70.1792766142205,13.831476079776,114.374385506969,15.8657996361389,35.1180961731235,144.032045155197,9.42864154633712,135.609955769215,1.66253198411389,0.0599219450546801,0.260534478744709,0.00723898372148181,17.8014542704423,11.3255063027634,63.4362083069021,24.5165788599465,269.047333993591,18.3533630036859,0.0196886695657057,29.5666647407071,9.40888013313425,42.1022257373527,81.196754247267,3.15452632404966,150.923030781654,838.744932418305,11.1850884724805,201.825696485768,11.5994020055692,259.922900198537,69.2219509557405,124.340078187413,66.6116517931723,0.509982816954491,260.828278751126,1.71833952435386,37.3383731108072,16.0474011908708,125.89974952288,15.6128737966032,0.158079145357612,55.6117055687137,8.71461318404926,299.069705974412,18.6635264529461,18.8833907427792,159.054574071032,9.48327328816409,93.4307151128889,81.543748282186,35.6399596814106,52.9817102968329,155.23487437441,8.72428171418045,52.8246596320391,206.415679656763,106.80528091457,67.2986151460665,35.5985147328815,129.29412877973,17.7522651127004,19.9966523951836,97.4797852767854,40.133142669586,37.7403177343948,49.3432381673072,61.5029205289386,199.901161029827,8.59663118303146,0.865682300673186,0.114109500756348,0.0585135152180027,18.886026295186,34.9267103085874,158.196810638011,111.042208408427,120.86961120328,13.8276590957178,61.7611920445134,8.12148601772029,11.6073391757518,75.9961485844785,7.44637945160028,39.5264168143701,31.5534912905697,74.8638720646635,53.0946246105367,372.372049483492,287.373728386823,621.54182589118,1.08853220645395,1.96232689283758,3.23151448527425,0.150601507065906,198.474287931877,534.504323788526,128.791584628806,0.312409319840823,0.12217512955409,0.644595848532667,2.96090948854493,15.3472035013198,58.1562322789644,45.6576276946667,0.727497654360952,252.779344838438,86.899100133249,129.243135564621,117.318389266734,0.195296948766154,13.0803525241014,3.50089836308443,28.691021291311,11.043634859852,10.6142969562958,0.0120191707239553,16.0055193758319,126.963272265997,12.5754338155944,27.2545176206971,9.34003517056831,26.81764295712,5.83166612238441,10.6049545831422,59.1025372251966,217.866261468892,2.60090684199539,175.61221386546,114.297708710113,2.29817674931363,328.169629288346,26.5406424786309,138.739366761361,14.4682659243193,18.8617211919435,41.1775434702986,0.00930635632285724,43.3720908007826,33.4407203206437,101.637218536826,3.71749251041224,194.355308051849,39.4919465546356,133.248092086507,26.3882926945433,15.9356218950745,0.0620717875552776,20.3540710411175,15.5032394517304,234.958017371129,15.2374061225947,146.864524212319,82.2651067071772,22.7255942369962,44.8876233765312,2.23016780540816,9.75859074381747
"GSM773594",0.0537214034203654,0.0124573761204858,13.6508210178726,3.23990760596565,0.00728120167261364,31.2099319912864,5.15489379377723,2.89086113336398,17.5208578753575,38.7806875034112,15.2518725144169,0.837470670072642,104.904498508062,82.417207091635,7.27255066451164,0.0239316815313697,56.6404879036769,11.4135622084255,64.0343250966814,3.89449285465227,42.6133707509374,69.7725855621065,28.0009697269096,15.2982734141849,2.33948645956983,14.0496260430665,8.3301002261997,21.2095593678644,0.0859975534035645,2.05091585885756,0.651134800898588,1.30973074470531,2.21107588169603,147.455608390936,3.79173349817107,0.0310797908758486,18.8083892963804,0.078618730914713,9.31540661149283,0.998065805996724,4.95224276331623,28.4667458719066,5.25562583076427,52.3639232419844,13.2995621614409,60.1540459989467,54.5353637417604,16.9394186060735,43.8073388094044,1.26476632454471,0.0499064243007634,0.253641626410073,0.00785512119665868,13.4131074060062,9.78242829178548,27.9744450974511,17.4741623615512,130.694310250568,6.32872359726614,0.00547014648458132,26.1478009608388,6.19177770232415,11.6294768831843,73.3651271419845,1.38394390411661,76.3357608947376,345.38265128188,6.04663292061108,144.677775501499,3.79982512664962,125.170437364477,18.7877816634872,127.976881586654,27.0695869338784,0.204081193465413,127.42497842814,0.986166035435544,78.88334677081,9.51303601554106,136.607176974171,22.1678338969578,0.0529764535293464,16.0688078901787,2.99057508760301,218.46441749511,10.9834814601605,13.5344081486229,125.208984940342,6.02335812295744,133.277691183575,52.234045239984,16.8626783467174,35.2192227602502,145.391673759665,11.4769005524747,29.9859816052548,171.897603019314,49.0777572445813,62.8390841299001,18.4069811368119,99.7256979892313,6.16042042668513,15.1283675302857,85.1455512986276,41.0751106548163,17.3001734455244,39.6684344151433,48.8876735355226,144.298521625868,2.4533535428757,0.499834622507092,0.0607920170405355,0.02556178595434,9.56964113796244,29.4000802336543,117.362497515993,44.0591190055206,61.0721161729343,10.3220916343167,41.1293591120467,8.80235867609296,14.8106723998913,58.1407486727708,1.90953577123361,8.50874963310858,8.18859108174167,80.1267356184994,31.221139317749,141.274549300434,103.90869734515,380.971141878445,0.585541702727042,0.902515727572638,0.485948670975402,0.0476440558224868,130.293909393277,374.665436297981,75.1607432479489,0.0567588044260891,0.0378188061788948,0.309544854709173,2.91366511398353,14.2286640969805,26.0615547703652,36.2021999756799,0.380146157340754,100.012504910461,56.7126665806867,103.141512067204,50.5520802286633,0.195444318309039,7.34822953547014,1.68334671168683,11.5800970015496,7.52390468152986,5.92780795646881,0.00477539506171454,5.10750686471292,95.7669304679847,15.6046824647716,10.1302487314057,5.49940145978217,17.9195144172885,7.29256275063885,6.22839060742309,19.5001115386763,109.079814803651,0.764377252019786,115.467684870111,54.467370122442,0.828619228946383,162.268446594544,6.78862630940719,80.4389422579243,11.0819414643695,13.0522987449439,47.9963084340537,0.0236611500290243,40.0256481808126,32.4115909497188,86.9956517460536,1.52576241784273,100.482132034699,14.3217040289461,102.378070080894,15.9659940059692,6.17043096621627,0.0238979654743079,13.3689701731519,6.51444874147026,92.4785422764408,9.04020158342121,76.035827838425,40.3839117687075,22.6018206137285,23.7200148485714,0.249065763202036,3.25824542111607
"GSM773595",0.0763226270521785,0.0320845204524766,38.7075425232554,4.62439279649826,0.0130443840016255,31.7102173217637,5.97658629459562,5.1863776987856,44.2813276924912,71.3605976486215,18.8850308033831,1.20137344553131,170.437599652153,91.2998368103114,7.01625309455145,0.0954404972187412,88.5634076360442,15.0602456294371,80.4131823227169,7.97211537805364,103.663858049792,126.882009550856,51.9678595542285,18.20622445416,9.70403982998003,20.8972965111325,29.2131434344089,42.4223910603285,0.298242501877175,7.2308817946284,0.903865579848522,2.41652824965025,5.30332337321574,103.467712943949,8.71261240038391,0.0771790045478084,30.0227573911585,0.104294611246856,12.5361164107041,1.89229748266911,11.9867053710116,26.8930929884124,13.0719981016789,56.4217666035047,19.3987923070393,41.0211208222962,89.3502806360577,15.8994394849057,54.4741801651106,1.98769128840777,0.068208086587123,1.04680294012203,0.00778911949406659,16.6139468782313,8.80246942076148,30.5206373252629,15.4596986968855,133.762131541779,10.5012701928307,0.0107662887120285,35.3510084469815,8.5894774066624,22.6541357876931,114.464913607217,3.2451561400016,146.093746380078,393.307825122633,9.50919353194556,148.335841990706,7.61526973962806,155.936444032916,54.9592234050418,126.604060009421,49.5367476787118,0.419497341077041,143.912806891648,3.2651335418526,59.9389214039683,20.2630407698827,147.571958958709,32.0550852021618,0.114189235063487,54.1778949552728,16.719728339012,232.716381068125,21.4968913204387,14.9078706881871,192.315674574127,17.5038500721705,80.5523457836993,49.5762445133388,36.8266842062197,35.3471897651332,154.819719214344,9.64280237118792,42.4053557238979,179.079116629365,108.329134097367,77.4732040699173,33.4888271143465,119.217955365883,18.1206773018969,16.1598316824349,74.7733155247877,52.0664472412786,28.8096294662902,37.7120964455085,66.7808606629041,173.37568884219,9.27210864871149,0.751709634216777,0.0972810263745698,0.0680507656994698,20.6500049188848,51.5034510687839,114.693912482046,58.9457239139239,38.6124055963516,11.5749134433787,36.3825951057072,11.2738602616409,12.1940457927772,107.548044600618,9.23569743130674,22.7640665805204,17.2127068607523,91.6553712814404,36.8602999747018,60.1628408504853,90.4592216304592,352.523228074046,1.04099521166676,1.86363106068836,2.39527743558296,0.071834448648153,138.352163018163,390.932469806702,93.6644748479388,0.259220513123482,0.149522117192961,0.691873271828164,1.61665216465901,11.4938150349519,27.394530213686,30.7633536934195,0.679824816714029,123.311477055439,58.0533114794448,95.0697608855973,80.4139550471858,0.216261832193969,11.5858197967631,3.41645523081157,19.1392990868929,7.41384842530251,13.2955579923735,0.00871018572154006,15.8708334663006,92.2537291414581,15.1493526019499,19.2841141491878,9.26878560857964,39.6439649427354,5.91454540463953,9.00182199978437,28.4356061976253,112.440460759489,2.36502451121905,124.596265818016,71.7495222646829,1.61457207390398,210.137348195539,25.4132166857585,76.3986082257009,15.3407392756331,14.8441978738068,47.8977820300238,0.0184929665123598,59.8996581647434,40.4149723980965,112.102963772397,3.35765731073122,124.884604657209,27.9021737292375,120.699975941693,22.3918718875245,8.48449997593614,0.0628882569294042,25.6904571209115,25.1078025589325,163.689456051944,11.2431397048963,78.3852753727055,79.622254598124,22.4833370456646,43.4061134883062,1.22975743301366,9.89326697290296
"GSM773596",0.101036359241218,0.0247566744328039,25.648361113722,6.34604068095273,0.0159888833820947,37.2353376571515,6.52980805392195,3.60999565121252,30.4402242076821,44.0069565340931,22.7482198366822,1.52209252106259,124.892476783429,85.9432782760618,9.18102615801766,0.0437986571317934,57.2873394425482,13.3032373624866,77.8526064083475,8.32807636815924,33.1476221046414,97.1654428478588,39.2857741895172,20.8141609313018,7.58677428384074,18.8937713146953,15.5319969944674,39.0657856781104,0.17513391948475,3.92965131322929,0.656318824760069,1.79743633682205,3.16689546051379,115.787762439443,4.28920154650434,0.11169162142802,23.6180594976876,0.15204642335282,11.6364027038741,2.31932490000565,15.0381195153468,38.9178328554635,7.31375184385258,83.4114862929403,22.8913788052935,47.6536959296034,74.9713349382684,18.6757062475901,59.1861349934686,2.504533140214,0.055830314158437,0.60080164374397,0.00949601912466263,18.2447762510197,8.16204144145359,37.7689627295991,20.1104871562297,147.404295221978,11.4236574524367,0.015485972212073,34.8758744730395,6.76851727321654,17.8779237824912,76.5232563217493,1.74501959802222,90.4953699891178,368.14822812035,9.06271565215904,185.032275161292,5.34250071107004,174.302944506341,33.2450005064819,119.772644905633,42.5235669063322,0.369695518406575,163.342622012414,2.47295589477493,73.9816381154729,19.6206817423421,139.15184648082,37.7306442787888,0.0752864021432921,26.951470001371,5.94847179011417,248.94495332119,14.428974221836,16.097155972076,141.317026064631,6.27045222966448,90.8476213084236,52.933897815046,33.9264879118192,29.2497424529935,141.016075469288,13.6561797534646,33.6178366687935,175.010618891165,73.0529888608184,63.591601909127,23.3991022608713,95.9985152732788,10.0035739132982,14.7431355348829,93.8937117103776,31.851117530232,20.5591125584903,42.8670710133641,58.6341394150419,153.6949913263,4.49589298749369,0.620025321530194,0.0882398393962824,0.0387710960795234,8.7864636368722,21.7963574228314,114.285634091067,43.2921856593762,76.9368070246686,10.4464872611875,47.8876931704493,15.7373164894811,14.144178810872,56.2984673089145,4.80015169703554,12.8667280272035,13.6509717002756,84.4748288267884,35.4262731272138,166.660873059509,139.836102180524,498.930439448256,1.15098836082777,1.56732039658331,1.09131933909461,0.0812575476862933,106.205136802635,332.378779275508,85.6276959323063,0.0979852308314435,0.109485259515164,0.360511038685607,2.45816066221794,12.3824428325563,31.3781345605866,37.213467860257,0.572279555509809,146.555211737135,55.7030299221708,114.395639240118,76.8338906221954,0.222819399869081,9.90156348537746,2.28875310871461,19.2565585629748,8.08378572081529,10.9207514487925,0.00778951422457049,14.3361362383661,113.748077657034,21.5235501765767,16.1978023656696,9.52647384905219,23.8978068185433,7.1580640142276,8.1449835663001,43.8115257918053,159.690337004749,1.24353239452192,144.139306821172,90.5644703838943,1.60352655092621,220.810954248078,12.2779601530442,106.076005644011,13.4894692883177,16.9859445560973,41.5742058089063,0.0241868736790824,64.6446754137148,37.6786095435583,92.1530900038623,2.01570050996075,131.332083845112,31.6264897366985,130.973963659907,23.4025818406022,12.2633276316053,0.0438108247397987,19.9663075977802,18.7443367436102,123.052571105063,9.24588421209864,92.6195862729991,68.4482990023015,25.5133187117746,40.3778169494232,0.700392949277308,6.75536952310707
"GSM773597",0.0757386693957606,0.022798015688287,31.5285739140093,5.21278717080559,0.00965398983887074,24.3445988079099,8.03780200758896,7.24019194188694,41.5569678728774,88.3892197874553,25.5188946216421,1.65147916661591,199.223790011492,85.6725158472278,4.01895893101308,0.0422986714748129,62.7914911053205,13.6064702676203,92.2185579920005,8.67884415913729,104.991738533324,102.022791213276,83.4839624970981,23.8429264017445,9.55422229040068,19.4959083981045,26.7806867056261,28.6812229493872,0.144406247001696,3.60269048846037,0.741874819511083,1.61705975165216,4.66938672987717,166.240616393043,4.43026422982401,0.0606659557853148,30.1312765136187,0.131294228116929,13.8068684270772,1.93017274775275,12.7593928473461,31.7575229873636,6.55756964593024,80.1684455827456,22.6327856979442,43.4950324500741,102.801327145376,12.2300977755274,80.0745733118232,2.66394355807843,0.0516148963487491,1.23984340323463,0.00736569015183127,18.0371864659382,9.91346683715095,38.043499237831,20.8844230878944,243.304672684691,7.15366416653732,0.0127260850503649,32.6836029998643,7.70838490015631,27.5001327267859,85.5356908579974,1.27712026739367,57.4940173991216,588.298806248225,7.98573206764405,119.047028362249,8.40494095299007,292.476372593572,66.3309051422143,111.486739411799,63.9298524083173,0.429592746078016,217.578843583835,2.47129474434817,36.2542604418033,23.445138910203,112.136423559616,24.9003835728394,0.065015780363504,40.8814467195677,7.85235929586921,273.557994354484,10.0407650088065,17.9266646954773,119.7950416167,11.2600262410434,130.244902981666,55.0235128656018,57.5229094189222,59.3844998276616,206.074193950344,4.80802841413022,25.578565730683,215.940523928798,96.1715101775654,81.0243341427775,26.8416175231274,111.515816853035,15.9396318783165,19.4335297389009,84.2307683164429,38.9464251307661,31.4970621173939,35.7905292591539,60.1300445477972,183.059787266892,7.37814163541283,0.580572857161252,0.0856121483789901,0.0258838868265958,17.9571025273752,26.5979604854141,146.889345208795,64.2178908630586,117.351273272332,11.4631938401111,46.756876311174,8.30643098241591,11.6741482973019,49.259725694054,8.22151406687364,21.9149044611965,18.5367985961424,79.9885640963907,47.6346613979946,201.489621914508,114.147356070447,437.731353137986,0.935408809536021,2.24819680148332,2.14528768178839,0.0584126243363581,118.087115557374,390.830224646683,100.282972392225,0.110405106686583,0.0694897840413794,0.437795850889061,2.06252650535731,11.5655331164607,27.0545626533595,33.371115948204,0.759657776315226,222.430735968843,62.1494532264625,150.956781209789,86.2581404292869,0.216117599634858,10.9848437307518,2.58976238162231,15.2586140633916,7.02589776278152,5.99715976577021,0.00819519555351264,10.6588088504999,101.555837188115,15.9185060494108,16.8599406616118,12.1484671246576,21.4703162013095,4.73238238421211,8.42242595834729,31.5290548845809,116.781795140604,1.38340556120682,156.935006605842,75.7953529709182,1.67736931393586,296.049781758026,18.3228753196644,87.4125248676314,17.5108496527059,12.8143243664121,53.7703655879284,0.0101616967624365,51.3947664745033,26.2178037461821,85.8959912965547,3.24843515792789,152.89473426456,44.2199910109702,129.404703840245,41.9305711252979,10.311519433363,0.0343724186350839,20.6730281150847,18.9239935088539,268.778352706563,13.6705675852816,111.117347502844,124.687038476774,17.7255060692596,37.8888524597223,2.59565930350507,15.1048398147999
"GSM773598",0.100060626931012,0.0179380131293211,22.1210211338269,1.61451130438241,0.0093203901205746,27.0333922409398,2.17228667517692,2.98137366175337,26.0949174487306,82.6781541985489,13.5234423704012,0.6493765470108,209.456611982577,86.6215954836425,11.4437273655284,0.0462986992151662,76.2983709722644,12.7213598338493,71.7959521854241,2.45925704981044,29.7963268642425,85.0464009694488,52.2994974288696,21.9359714535663,3.84574165205616,11.0198914283436,24.5122585071481,15.3768324168389,0.254783029052943,7.52175459941453,0.528532507945838,0.200124116742071,2.85542573426987,137.767366964963,31.8912856685711,0.0604860685086645,20.6800267456697,0.125523745762481,5.18052656347629,0.895060783778953,11.523987258385,18.048150709007,3.14464498448169,63.4077494296222,6.25088259601536,34.9043094195223,130.960123140693,19.1906015880396,87.1826501060794,0.801191593629625,0.0819344812686336,0.265598948766811,0.00864343932862061,10.398437136994,9.46089569157227,28.4795863115086,18.570366858155,191.764687667554,7.32794109860442,0.0106233036745125,17.4694392611649,12.753014318992,21.677591684691,103.736476381322,0.0560012015921107,12.46282319615,303.99017629488,10.630943801265,210.482790008529,12.3660244783194,152.019419265451,36.6881546494216,184.101866353738,14.9676835538326,0.202249139770159,146.924975343998,1.3555815331054,124.432619994359,27.5766522705677,166.113869647195,14.4386852778639,0.0990368230411237,78.2423248471312,26.611519684774,228.661881576523,1.46479580172843,14.3237216252623,125.600374308874,3.8281895144044,308.03723195243,44.0379047913452,25.3846380916356,46.3729230211055,199.703053304453,26.3509021536576,45.1774887803528,235.581530112209,48.6006283264131,66.6483631091369,30.0896441467128,112.878284902229,11.7651240784461,20.0847477139802,63.1409091406559,61.2247506959305,18.4600841841114,36.0943841611133,48.365453316539,148.353764224009,5.0099128456975,0.749293276208948,0.14803097666671,0.0336638514289942,4.06147147717646,5.98449523148512,147.479143297563,52.77365905118,162.754849504088,10.5425876849981,24.1357308352933,23.2901312164539,17.4657357374601,12.0672192158767,4.09001243623679,15.2095674637675,7.32226399787492,288.854487019026,50.4405688798535,863.04616299078,63.2617651596292,409.594670059409,1.84248650877938,1.51546242036245,1.54346963386842,0.0499706248512703,158.45364823788,437.998482820631,67.3748708166386,0.125618254914964,0.101723693608039,0.562416587760692,2.96692763216783,17.4675925631425,27.1324891110456,52.4178010048027,0.528175657887895,150.333118194673,70.2145181205495,160.343368591949,71.5352392271254,0.1993320855254,7.6627780368032,3.38581870220145,2.59147971182098,4.85885219812739,1.84258875849103,0.00533160027709328,7.92799060713721,90.6777122341934,18.0311713136378,26.4472309895147,2.97426496140422,81.8706861607989,9.29113008304839,4.93662526078295,33.3047180193503,128.935489758282,2.40857547844242,128.988708243992,43.333692167105,0.675374164357269,196.640403889045,3.94098190671768,49.0879240679305,10.6460958823339,10.3633281068382,51.1793610973367,0.0551967431846597,33.0042894071429,47.1970545368257,78.6654752655236,1.07601048679718,112.751388409075,25.1196602671849,167.614116145514,8.11972565946349,1.67703229435335,0.036700818133248,2.1756291823123,11.4369032632752,112.75884606305,6.87345699406745,109.907639386678,33.6822778789474,23.3167723390352,35.4607928977223,0.614877219377213,9.48449551320387
"GSM773599",0.0236451660957433,0.00485318584979602,5.64274622881271,1.00416735666536,0.00391941177765816,18.311919692845,1.75291983978824,1.74181062754109,13.9538510979985,31.3868186786918,11.3291232703383,0.608348987017166,125.082978480646,75.5443261939234,6.07952983276212,0.0208992549398732,39.3831503616385,11.169618422481,74.6083186749947,1.9702356106518,24.1319448387874,52.2069080321935,27.6115428424446,12.0301752024776,3.0442984571074,11.4821413535002,8.05435462752092,10.8642231275369,0.0845247953530182,1.84447172448313,0.431499790847844,0.866463060280652,2.13573402112628,14.8288290941448,3.19541292288079,0.015205941320273,10.0616249304109,0.0233041916930779,7.04438801099186,0.951558333423593,2.85805220641259,9.85060251169639,4.26216725328957,36.1578829428368,7.39244434533151,26.371466046138,38.4213775813162,11.2677786156614,32.5481515558958,0.586990717950198,0.0285065690845567,0.101779571171261,0.00424994485173742,8.09740325702309,11.3912774554405,19.7065409492583,9.37291627727551,75.8872231617488,3.02036559922093,0.0049619460406005,13.9591218190027,3.02348821550402,6.59841984755959,53.9865007796985,2.40110487418968,15.7903783991743,143.254341050072,3.60149339804333,56.9069039622629,4.00771998591184,97.798774612689,37.037182563899,71.3668861792928,12.9203969833735,0.099636015805647,85.8465882514481,0.664052703632124,67.9611893616039,13.2043003323362,86.1647654501705,9.02665118616012,0.0297678706612528,11.4698620650965,2.78911528087423,117.260699411769,10.5422589926851,8.46756375395912,75.5912175117382,2.54303439845417,71.921754836824,23.9097688596042,5.86571614263628,26.2081124736688,82.5543500021183,2.18947917694604,27.0532334176036,105.075696335518,38.5679053024929,31.4081967511941,11.2370658929301,44.5192087253809,4.7008079416852,9.03781816658751,35.2442833405496,34.0749305865709,13.4016743231931,26.5353577393131,25.9106799334999,81.1719884609576,1.49209964917717,0.224337769086834,0.0230221809677256,0.0177735350179282,10.166439764053,22.6816958000987,105.12671751314,29.7078645709909,5.15832007343404,5.00370574911501,17.9188804616181,2.07249872616187,4.2135070290318,53.9690605123567,3.92936490018806,12.475774804925,6.51988354167113,81.7792456343775,21.1266816250817,77.6427823095623,43.0563904040183,214.797260621547,0.312019737622647,0.380798505575199,0.49189833176475,0.0351811361269254,89.5237743765955,238.545504033189,37.0757860799473,0.0185893279394585,0.0179861751341519,0.202017783380322,1.19401092196929,7.31632782032891,11.7614123413965,20.912575379874,0.272912434130735,123.661280506892,29.0073907543007,68.6412783531212,38.1646415057191,0.119630141883418,5.14966983442773,1.58479111711464,10.357012829521,3.36247130614926,2.45170924133212,0.00253365567871944,4.67003458905186,54.7109435709483,11.8902834059608,5.6730730636224,2.18554783814443,19.0757368735527,4.09708071017085,5.9041729525518,11.7997206393651,57.0858405745628,0.839799458181138,75.2596698825033,27.5659409958385,0.580384688932891,74.4608351028415,6.44826978951239,22.9511416529103,7.09293584018255,5.72327566103901,32.6807618934698,0.00801221680962721,15.1626843106508,22.3282344644266,40.1784586634996,2.13890168884014,70.9071495762915,11.1760072780804,58.2294324055778,6.65952211285217,3.76053222023819,0.00817315257655385,9.15912079274851,4.90754753784502,83.6442979557123,8.6799253318598,58.3412333202902,16.8937526208429,18.0971832494855,15.3644954112763,0.492281818792394,3.91395374633474
"GSM773600",0.0215749328825593,0.00564476309188374,3.33233190167443,1.73570835316567,0.00321021105859331,16.2192371406256,3.29025477174387,2.96310882965596,16.6298333566728,26.3937231936003,16.5716558744105,0.307869585943505,129.643908225341,75.5882079195149,4.28691903313611,0.0125004879615578,40.4998121900627,11.5054323804275,80.4385254297928,2.40730843099389,32.1301363894407,57.4601133399966,19.4287596879019,10.2320514486728,2.18745429352295,14.6850403787023,10.6298121468489,23.5722349105742,0.110456138530633,1.96837210127588,0.564189941217623,1.81511469066307,2.42359399055545,29.5423289972085,1.73724580755083,0.0101812510004107,14.410944824041,0.0362026437982432,7.94507116477844,0.99627371952665,2.54585346494695,20.1542370342525,5.36954844153501,49.3805181119795,10.6877917533838,39.5858725568335,52.7670266781037,9.34052346400283,37.6555782063618,0.544452825627789,0.0286572343164001,0.0635613622444973,0.00411221214307601,11.9691555215614,11.620961782472,21.1647179244508,8.91059426217756,74.3582160493003,2.77381287423755,0.00638661563058426,21.7996579931139,2.0414210420419,4.05282448216695,48.2089956976963,3.42192925805346,43.4856599253964,127.803726700138,3.51454957802434,44.2182678783145,4.66079297518031,98.4917933483322,26.2211994305909,66.4613496641611,30.3554441512009,0.0894899511658061,92.5561255377984,0.550719767186558,38.0971887106648,13.7200234046363,74.6182039377769,10.0121477990035,0.0284164602032548,13.5933683360999,2.73618259864997,109.645678333693,17.5857303467198,10.3938540149452,103.964770173364,4.40077655217397,77.1604995833544,26.6693515169253,11.4751969104409,25.0768139997112,73.9159513288246,2.1977003245822,22.1948505261457,104.560990365315,53.9816648446317,39.9976612122899,11.8409308932825,49.4040843666744,4.67692623244748,9.36849120199413,59.1243162398162,24.1984483082175,17.225514453283,38.5993242635899,36.4930617930028,100.938756662106,2.18931699026969,0.292794222344511,0.0288310913661033,0.0172540739246312,12.1230218862586,35.8286964976393,73.9010570457565,32.9368175977838,10.8223875143012,6.69291338550328,29.3646327778457,1.76086418209072,5.07941781923893,110.11077938668,2.72825561661919,6.46699259489704,4.86692931802079,43.6564415967372,23.5549981059329,131.700507877597,89.3635456938712,304.76345167367,0.291215976174378,0.349838723774372,0.569034343223666,0.0438290650349236,100.834745062028,231.480574191492,53.834716386697,0.0258196983346993,0.0148623735876359,0.225744103447488,1.68278984677025,7.88880386778014,14.9904642711486,24.633022616625,0.361130493176276,91.4053433081153,37.3283743969868,55.7538859551032,43.1916505139633,0.12052929153393,5.37539857073198,1.67977067482799,19.855500386805,3.81567486895882,5.8924970413738,0.00264959950942988,6.34201586262407,66.8764939107023,9.98265223763211,5.87830985098854,2.30835035539221,13.854679778165,4.60066491315129,4.20164241982109,13.7590140407207,80.1569987702329,1.09145175762106,82.8653761480784,35.9188932639867,0.799037601294773,78.8199552781845,8.9552860102085,31.63929142283,6.52025548310272,6.84332064707018,27.4817043549162,0.00708943051596883,19.3171945720655,21.3359471036901,38.133403269776,1.73247378414427,86.5140075589642,10.8293980784457,50.8798568641356,5.1162995229624,7.18168364618941,0.00790693911631195,14.5937119275124,6.18178297438553,69.9792975291052,6.76845274085044,56.1769474091083,17.6650652688075,21.3473024167243,11.0959375268509,1.3313519961931,5.63008684181081
"GSM773601",0.107607909656779,0.00587165789829016,11.4409400193212,2.52935430764578,0.00200383841210134,6.03889777241274,8.32995841767124,4.99286087355706,35.6290357692847,106.232648345178,39.049310352636,0.331008657844424,293.237814073889,90.1536946807795,4.00622138462033,0.0388153108427878,48.2978775408996,17.8033256494501,145.598795255251,2.50699822767018,171.348557120738,107.569068614558,66.1225068277384,25.502424490419,4.30531163761375,22.0266029794454,34.2107419561892,22.1636441157831,0.0915930587977291,2.87139595337662,1.18084420645184,0.217267931086395,4.39835882040815,8.45265788388938,7.24404907719875,0.00723124701581102,15.0984135512131,0.0495816463353318,11.3611786361672,2.06161332075916,17.6074240404133,28.1155804696393,3.0987831953972,50.7577903244338,43.4261543320264,55.7017267750868,290.778057278484,3.30207383689962,85.6091719909567,0.376773315214731,0.0389732081990542,0.419337821273971,0.0111012198111408,31.2840909683055,10.5224073264178,25.4564494399393,16.3699868846714,152.342366250334,2.13426636055606,0.0177532354292802,12.9521045884252,8.68161690461681,23.8774459454219,48.6220923047411,0.205045659434275,62.482937303216,242.130851087168,4.81993617694197,87.3947312716301,5.73305907870922,170.311913698965,84.2703560439593,96.3213887589643,32.9667925542995,0.472120612119064,164.458243047453,1.3912792385996,14.9715757794072,32.4988650582201,72.0057842641453,4.81596083975624,0.087931955954522,23.8244027599327,9.00991268659012,174.213675509526,1.34739490081454,10.4856354945179,112.776292088034,9.37043143598209,137.246672424634,35.6435123439092,8.13447370282922,39.6660658128217,138.163408066935,2.57503031358637,35.4096650443067,177.104467830578,148.402452322437,56.8924317365003,31.79746960174,96.8498720706711,13.9528396343736,13.29425322128,50.3776940572087,33.4262909471404,29.3083697730951,43.4733818992591,36.4482714447941,119.944654734999,5.53266267419405,0.405365776673241,0.0449388805481612,0.0168745905834562,12.7504874070762,8.2659216387767,99.7865332114502,66.1360691206105,67.4284479598572,11.9619955285157,62.3458549443671,11.9484841039231,4.95614500994812,8.38953303594126,5.64697169806355,41.3357916966613,17.119014968641,73.0118523990036,49.7195317379854,72.0020345728825,164.883241276331,266.543494161249,2.67242265617454,3.25350677375107,4.349175012121,0.0433247422189577,179.751720578486,383.662469071068,71.1040311383741,0.0873040141002418,0.0111513788897648,0.326220029199235,2.35054106309768,11.76581303835,59.6375296748059,37.1051139111893,1.10274692139024,206.421466813153,70.4181908951849,88.8842525903742,93.3155399640861,0.539322663085872,5.70653772070798,1.48065098785058,4.33236485247681,13.3370595315282,12.1604631274315,0.00668435652355998,13.3399832620549,101.074050337254,6.28959428837573,23.92149676643,1.67350280528997,29.2542248600454,4.02667438066244,12.0223925237491,34.853275619761,85.8672461343909,1.05996543058266,139.859859530555,99.205449656527,1.95278308544545,240.877430472304,12.4037306306637,92.1823719245381,8.54743879771282,22.9279255494488,28.6862709881165,0.0144670715220656,34.6326517596823,42.448502654762,54.2085348875379,2.5056529588449,160.573800551416,26.323782725524,160.226797374876,6.72230458161598,3.33615631074783,0.0112213789510487,3.13433878947552,12.4935671895719,143.245271810806,8.92634108696632,67.7097189324823,18.4861280988396,25.1573494899205,30.3062723775717,10.8988132726316,54.4852811065663
"GSM773602",0.0685272536750087,0.0126920265315576,18.201643345297,3.17131042377625,0.00997003165647895,31.4139854703871,3.97006614047744,3.1440930443835,19.4683917629457,41.0830257610844,18.0524078287979,0.809050708798732,104.946308458228,81.4544149690137,7.11383011316857,0.0281437887959514,53.8799986693368,10.9522401520962,68.9234267615415,4.26837721830258,26.2932122043384,77.6730612200874,32.1144112701376,16.8271729348139,2.37883824476346,13.2487788147519,12.0228805474943,22.9424271482339,0.0983033216379332,2.86885889953618,0.678348806917659,1.16383421312993,2.91544615896441,94.4853790263704,2.58956932123496,0.0534423443341571,22.5157656988961,0.0900376290836662,11.1068645247641,0.779944968990355,8.36742950390319,34.9179287448385,4.82009729216395,51.2864037107622,13.2208364187185,64.2890785249786,61.6646955487863,13.5901388284387,42.9692554557104,1.07346068342143,0.0538525844322014,0.30484346369235,0.00788745739721084,15.7431324117535,8.87383505777193,24.5132960479965,17.7445320108614,133.021286693604,5.89651330551668,0.00545699909763597,22.6019463431711,4.23066887425456,14.4654698830496,66.402851462812,0.820519543552349,93.7720368337072,218.964570133363,7.87065307430787,167.173289236353,4.19964426453079,143.146604663323,23.0327986439177,106.178836048877,30.2540575872421,0.275072572466232,144.487266432456,1.59207550114022,76.8008152310885,13.4691142282478,113.685239080608,28.2433288661221,0.0543744529182398,19.939516361033,4.24050689959368,227.923236405929,10.5756790536831,14.9657488420813,136.60238086903,7.54264713843313,123.687357372144,49.4173012912279,18.8102339042758,32.083125952742,129.099690932458,14.9988430114354,27.8199443491677,162.160157940333,49.187388068425,63.387842846627,20.0776857392861,97.9321952136526,8.66253079038869,13.4629417938329,87.9499154209929,34.6142313845732,18.1915874628078,39.9320370688504,47.4981425325411,143.003918050149,3.541758959817,0.548345510496921,0.0872693891507772,0.0268139806182429,10.1747782220305,29.9573383264625,107.245769950213,35.2365151377674,68.8321669392609,9.99376002306835,63.1819110140462,15.9332616399889,13.1925202397511,61.3685565841682,2.00706873023161,8.7072120904675,11.2792673781966,92.3853008118031,30.4513204539896,168.54275031498,141.735365395213,346.523816988122,0.717421865296791,1.05980808697505,0.711802298878686,0.0685944613083231,89.3216029870812,292.41175802236,87.6613079808278,0.0821746443822089,0.0634389213510844,0.292370481824376,3.48972001016187,14.5316218349585,30.6328762445512,31.8681154736763,0.504433170610279,96.1766087900706,60.19814077626,80.5620020275476,45.7157482147205,0.183670573355715,8.02610879662359,1.66953678023566,10.984261727066,5.49797876211645,5.85144456295048,0.00809546332681522,8.237180443601,87.1723982816565,14.3116469677668,12.0044327507661,5.3076146718065,20.2938756587854,5.41734189650904,6.41684102751794,25.9559833389241,112.183499125155,0.787163056328478,122.41185608464,62.3533694342987,1.18170671790364,183.195701808833,7.95200303443614,89.2642307304112,13.0771381316839,11.2467378089729,43.142702302679,0.0306267210398687,41.6294593423165,26.2309356451134,83.0814206102069,1.58173876160947,105.343696172108,19.0082780234106,110.195517525601,16.5214686965408,7.28047057454656,0.0301114475234362,14.0991107014551,13.5295453287085,111.160103601255,9.45664059404451,87.6474568838361,37.4466243967689,22.5566805160068,25.3523280278649,0.517759850692177,3.37306109713222
"GSM773603",0.112058678579214,0.0146662032055688,12.2223667413218,2.67840514811349,0.00470767827151771,21.8997229812626,2.40440477119406,3.42940137735631,23.736744131904,79.5583253597845,22.1222013345074,0.783378298241709,255.354569946227,85.7540186535674,6.99472397655932,0.044586517953994,112.779598182824,13.0064285297506,84.6081944761027,4.87301152128728,96.5208723545596,131.640122757163,34.1263564922584,17.8990454310408,7.16706509112777,16.7623239767813,12.4593275140255,22.9059913024077,0.103119932522191,2.3219904117375,0.653334111154988,2.19215496212422,5.03596269266104,62.585210989305,5.24619753158416,0.0188471568613421,25.372581676057,0.040971874177774,13.0653035432178,0.835709088212804,11.7153606009316,36.0721647937076,11.1191930120154,72.6720359594662,13.3637766706169,48.1101791243436,89.8891127183587,14.0099363171277,125.48538482413,0.859561748745931,0.0549617882370394,0.222297900427544,0.00508287181663119,16.1223344207452,9.40854778287057,30.1877412266097,16.5946592785728,150.324682232169,5.61624144320842,0.0105287011161503,39.3323300307599,12.8412674488725,17.7793906699826,69.0462721507319,2.74808514343743,108.945447839703,281.626768469183,11.8146987554546,158.58101864921,7.22761184558271,252.209079995908,81.0429221372965,142.539823746589,45.8462290474695,0.296824279436439,157.036807926156,1.06175584825381,64.9972334539511,22.5278855755713,155.448906384194,8.89703804226333,0.0927411346340343,28.9328644480109,5.43192977302527,275.178412242785,14.4047733048985,18.4086662539951,139.404589572593,9.82588939181844,88.0054587302021,37.4703075903564,34.5898041071931,50.9703806344383,158.02162931822,6.95437859598151,61.4330224767642,180.572111274847,127.116783370877,62.9923306360153,26.5169836989987,97.0893801032949,13.1211308016149,18.3684673887014,55.8733432470599,54.1148456225615,41.8286281192407,43.5998587144075,49.072524501345,181.346476435506,5.87209090072358,0.807412406325937,0.0831794987823184,0.0392477673380142,18.5568852765964,47.2573141649855,200.377743017842,94.8964455674973,67.1783289154029,15.3846931798096,32.3234213117335,8.63916916319127,11.9641406494766,124.523905359365,7.2092856712778,31.1447711678843,9.3546999485018,146.095925047012,45.1148110674602,51.9811838263714,207.584451805791,430.265530383322,3.46027436021634,2.19893183733891,5.725451447942,0.108935095435349,135.860473901349,455.416079667805,85.5964507055588,0.111615944979063,0.0594523686114159,0.400908056119027,1.45949297999112,10.6756117822184,22.6213681886697,40.9291929759731,0.789723859956005,253.411104347653,49.5768491033628,116.179199366256,107.930684294921,0.153037326816466,9.53403040379137,2.01563908505651,18.9538340816031,5.43886164938424,3.65441776227743,0.0073772966134625,7.71605432579888,91.7458915955574,15.1970739451245,12.2354839890101,3.2202536039716,29.3374689272416,5.34389753636593,5.86316360452448,17.149204489058,108.172979657285,0.951171731611955,118.090897184712,59.6343664231819,1.09943214634892,159.217428378074,15.933361125283,67.860535238077,8.32292169453577,9.11122563776639,36.7753915844201,0.00703049245351138,35.5644762207584,21.0239837844318,63.9196521310293,2.19957930291642,130.814298233338,18.2822282792497,97.0870872655231,12.2670309904761,9.75071537644646,0.0203515856715183,14.2645115343199,7.99954823006974,124.194784050616,10.6342490883625,106.864252342813,29.003957059516,24.4180351307156,19.0152326419293,2.11716810789374,12.0888833152113
"GSM773604",0.0351696153237819,0.00625570561996876,3.80379889233426,2.00705835920919,0.00281443012155932,12.3081800974291,7.80596181208326,3.42409373431506,28.9677067363729,48.168632886817,29.8777811788563,0.334086034344685,148.135292726498,74.5342018309937,5.99556903290147,0.0174595853748882,61.7785150789707,13.3336664624341,117.294489564045,2.72759379122657,145.207255651446,61.923427915921,48.5202634017364,20.0869749413291,2.15655675400171,20.7331920846475,28.6207707910672,36.202410192227,0.142675168021759,2.9660274142972,0.827770484163417,0.418165400917473,2.03186649992868,14.5529951124828,1.50732112968354,0.0131910666175635,9.72923879039084,0.056571924439696,11.7137573511835,1.96393730175367,6.20467833757675,18.797772400002,5.76425955519884,65.9738287986523,25.5424763687381,48.0140112284196,102.638930780868,6.00273903241865,47.9116649184313,0.48513819793012,0.0237249105186053,0.0763708530971259,0.00460208921066165,21.2235419598078,12.5083222623134,28.8107677617673,10.4410898952104,80.6451207371602,1.9953278067312,0.0117226967872906,13.951733371863,2.86602874222934,12.5815036846194,44.259414149739,0.618280527967461,41.0339245481417,179.018211971503,2.80520382202218,28.194987887477,5.50482447229868,136.936906328943,55.8060527146095,61.4486095275697,46.609714091355,0.201153809209289,97.1044156279045,0.740333528614737,25.8778624509177,34.3866306566088,58.7556665190891,11.7367482810407,0.0481793427017667,20.3033958966549,7.473075034759,124.314058158906,4.52397536465348,6.27165100612361,71.9436666657441,3.07879904167843,105.840506018136,26.5172284961609,7.63457969966737,23.5131488204203,87.377001804827,0.328421960551683,23.8738186363271,121.85877904658,88.8852917314164,36.892665220126,11.0797333651893,50.1246274080798,2.8844875771096,10.6543260940678,44.4149250676909,20.0835221728215,13.8468275612248,35.232507646179,37.6248075689317,99.0021478696374,1.76858795919906,0.257497424443516,0.0255832160684962,0.0153640443064162,5.79542644447632,12.3256659121116,89.8864585019053,37.347725877161,14.4498359626192,6.61684748545823,28.6387116636224,3.90735668534142,4.66215721159376,19.8242159457744,3.59543774731599,14.9465968816653,14.2052510157941,57.2642982260058,30.9412320375193,95.8761823826422,92.5098485170694,292.333200982675,0.650995895375552,0.415700122922001,0.890969707505445,0.0467941239110081,67.8771803770452,221.945604921272,59.1752599112973,0.0228475216502317,0.00637451511803228,0.174151864042784,1.69284614562629,8.41077413698992,21.894130591652,21.1044704054399,0.643628376586931,144.368790571227,42.3415192276574,70.4859386748292,41.3331075085356,0.150406398201425,6.21502061638006,1.85721355435046,11.6110930477292,6.49066352131613,8.71267328253194,0.00417117474675326,16.761562745407,70.7496677874572,7.46631175952327,20.5894859647508,2.01834580870229,23.002854859252,5.52613623679488,9.83256495704323,45.3630427600595,57.2612544482233,1.457356999592,106.353874395402,61.9424696741236,1.16565712434003,126.877315997753,14.5511443258663,60.3456018252315,6.08663377956284,10.1008277106059,29.9682301622981,0.00837887888955246,30.5921826188115,33.3907913733488,57.5212411877022,2.56347625204321,113.683473977051,21.3394319595314,66.5864749729405,4.83635883243986,6.66070568976025,0.00646136504887848,8.20634798117619,27.703008140738,110.626449509291,9.52776927335776,60.2017768218212,19.8345944850405,22.3452309805365,24.5244220945277,3.67179274954201,15.7473050760564
"GSM773605",0.0117160324564664,0.00340868616651193,2.22190580563548,0.451894242176314,0.00311278087950332,20.5225570089033,3.74187076254051,1.74390503619469,10.3562099323657,20.2790345067217,14.7985233974245,0.268620396010997,92.559399770576,74.916346566562,5.28712538004883,0.0109147639214785,24.4837293241142,10.1232260791696,75.3319220670997,1.97963474562736,5.5121008616139,43.8686978395233,13.4454741804939,13.1515825740655,0.707553274357112,12.6647807204949,4.97932470374083,8.30416928065189,0.0469730751477202,1.08172623665817,0.508571714123199,0.749582457836429,1.56879135308827,20.1789423712287,0.632563630144209,0.0095234434600812,9.2146479879404,0.0236004050887218,5.27022171623379,0.864359127751005,1.68223257459277,7.55341405034945,3.47539731476087,38.0514272524177,9.59863164379528,41.0957581118616,22.5418154813792,11.1401307752351,14.1470096107764,0.515570042607639,0.0270698024120701,0.0214549325963516,0.00476854689125958,9.990052205208,10.4517807580589,14.8482425660503,8.00012194694353,49.8900136608997,1.88913106648279,0.00516213789882753,13.1542469863258,1.64966634514277,2.42286908663948,42.3617442317353,1.21334688413049,15.2576584913933,124.373330904156,2.75379618785081,68.2070056474641,2.53337633194887,81.522552291366,11.224193754965,60.0035370298688,15.1770538514184,0.0637820864382871,80.5003150680264,0.587293421085137,51.6744785786826,5.96448878089454,79.1528524473674,12.9047583345285,0.0189011772577919,8.31229176380453,1.59462714860639,93.7185285624176,8.70998701119841,8.4812198527535,75.7759575574341,3.33231250238866,97.2884597194451,32.3964052197541,6.90607604034103,16.0467660112607,67.9528372054854,4.36379481606534,18.677541071164,98.9642432694759,27.4108352835612,36.4933945502512,7.09656311993889,45.5403727250297,1.88418946968284,8.16305439623147,57.0487375497524,15.5826964227913,9.01327920226354,31.4806891507098,32.5433385988611,87.4561870008958,0.804291944666739,0.219766018162879,0.0212646262428189,0.0141617174325066,5.13454934057903,20.6635970841414,71.3555229847834,18.9374435191703,15.4943985835163,5.12761673425508,31.4372655985647,4.23186889068381,5.50519142388037,45.9982278522812,0.965688824252492,4.65859490105181,5.48273402543153,47.706317857528,18.7709855059034,167.596117815441,30.6050735202178,202.53437162919,0.156671040309346,0.15465139591577,0.127148536167781,0.0225550892077832,33.0784136654638,167.001391065838,53.0040161034158,0.0176317419894623,0.0113742635314404,0.15581322077412,2.17404962302218,8.65110740819951,10.0957208744118,20.3414195933456,0.192716322591466,76.4203633842867,35.9959080569719,64.6043745299429,24.6293956649422,0.141500578513559,4.45623280017504,1.05081251516874,7.87113727382262,2.98753456614057,3.15934583881251,0.00173355878878949,2.72591373859218,52.6486058158595,11.9143081292002,3.64662869086915,1.79314539808959,8.05553012042348,4.47697220588859,5.15406078730491,9.59534693195279,53.9593329229379,0.520126827000351,67.9350284624549,27.5187775343957,0.498032591536903,64.7881306348131,4.29724755059685,31.6922532880694,5.87523258044375,8.55962426406812,28.6716951433454,0.0117213763468576,17.7663388602123,16.9475551791895,31.7932737098524,0.839245130720359,59.1875922328555,11.1925001819266,41.329383427435,4.72379794271038,4.49831937242396,0.00474667267112749,6.56532628012943,3.18909053064543,57.7000758813752,5.64860084051193,48.7971752211606,15.2546319960597,18.4875848533713,8.61811590422155,0.585382567397447,2.9309359325724
"GSM773606",0.0706744386625755,0.0222254052957872,17.506450325248,4.14756358676647,0.0154952652653991,32.8848384055578,6.17772969250734,4.68520421773514,23.4133418755349,43.2871976688085,25.5969839581758,1.08150464047592,138.921685434852,89.5168571903444,12.591668300924,0.0355582139443956,73.6221788013222,12.7868751842127,81.6558188081196,6.23118315274857,52.1834989838464,95.7065008587681,39.7365217913103,21.6170333737655,3.68258368839532,16.4876886067586,23.6552623540525,40.436009110334,0.151797395424474,4.75117752971902,0.822887110258342,1.12659433122741,2.4031412605363,117.858067217549,2.2832228668163,0.103162462947503,26.7491193085718,0.133222122293257,13.3965993390122,0.984278682198297,11.3201742271979,47.5627876354169,7.78161052545423,61.3791924670938,19.1991520683941,80.0647396539665,62.620588586993,14.1533249564885,41.317848948386,1.35452755749185,0.0573823725418056,0.281067369730043,0.0106879601014198,21.7231110492958,7.92180138619091,34.5914218236002,20.2684117978115,166.803030040157,9.59513399370377,0.00777155301419662,25.365010039073,6.12860459617752,13.4203167449812,72.114607000687,0.907527881555909,108.156749755305,265.591676384016,8.41535123647362,137.386730539001,5.64128056596173,149.939466493044,31.5031055738744,117.955383858915,37.0982729568758,0.348834434262385,150.099381217146,1.40832958455936,95.3715904047745,18.2208106029099,102.981914565716,38.7693791032868,0.0999141480602558,27.9904782711499,7.40736792614241,212.321775173423,9.98289876889092,14.7693093913035,151.324128312942,7.58456348841413,116.207609196291,58.1067574123611,28.1641929452926,34.6506968090707,146.306206985116,9.16750816159742,26.5918107817065,165.554073866356,45.8988835815622,67.2708077395599,20.4780100262615,97.8037998903271,8.57667209966218,15.4352076688996,105.754314803913,32.8645425676214,24.3957362109105,56.5315841766368,48.2819495098768,138.976066677332,3.51787429837571,0.644293747323924,0.10644150232166,0.0422761706815225,8.51583272617085,29.9396660188225,113.942857176928,33.4656920408415,76.8747032125105,11.5971056578709,62.9247499163944,20.8015295806592,15.1825484284173,61.8763628560506,2.67675810192225,14.1539180771553,11.8449451871765,100.210153147136,34.1831018402294,190.016057291539,160.473023962512,393.429321798203,0.646040900640895,0.955357877062326,0.683000420816351,0.0791097241595973,96.910926514437,310.295489223446,85.8077609352563,0.136095990560766,0.0879917603395804,0.388193048120443,3.02340304433245,14.1779771638915,34.204285546382,32.0519295959041,0.749508018758395,132.122889000633,53.8943190631463,109.581735893241,74.9662201281266,0.250989954857371,10.694335234839,2.16807558374544,13.0083826849022,5.663142403449,11.2709657399947,0.0104766556244003,16.2707507394099,109.946507648686,14.4323648823257,23.0489145562882,6.45750426076708,30.0428875166699,6.3164542145256,9.90091733573473,50.7693820444599,141.989471101073,1.38559949460669,141.659876607412,87.7031702648459,1.68868743586622,216.885189339326,11.4231040634841,98.2087202003293,13.3686402944114,14.5880657882497,52.5678099921377,0.022605299460713,48.8340347136562,33.2048676295041,101.084316304461,2.01885012372188,102.74085948538,23.525665713714,126.460827618719,20.4106768951145,7.34606006998396,0.0457970370366201,15.4568197696428,25.0485920104544,109.954639100118,10.028942168134,87.1348569396856,44.4788464170777,29.2522857299366,26.4878564100495,1.07901124750166,5.92459623341886
"GSM773607",0.06720984176447,0.0138813511836657,13.1692122289932,2.9139908595067,0.0110283556285331,44.603069883214,5.33402521241414,4.35875800676467,15.6939236135914,46.1990454039223,20.408814951242,0.606968202587167,104.177072151384,81.3831212097562,13.0052281000642,0.0386496154097318,73.5556217990371,11.9747662577733,79.2140278597745,4.64304346667375,42.8996635044994,80.6807068033292,49.9040105786436,19.2153679686268,3.34679382653695,15.456867328789,12.7266171043375,29.7222270131538,0.121693599425128,3.26829791125341,0.70235789181288,0.504348800994452,2.8055622361916,48.4968827368162,4.1852104548964,0.0539146452731797,20.5010906320099,0.134094974121847,8.57279784435844,1.4578922400376,9.68578990992444,25.9365432992164,6.34596948091535,55.6586497271894,16.7346240878822,57.5646770280225,60.6096863768311,20.0152433704247,37.2566916530245,1.36798910320613,0.0510853187926428,0.171062969990453,0.00832999271262319,18.8432885990009,8.4829073434885,28.8569649364297,17.8770234936205,144.072547335469,7.82111579799497,0.00567877950696471,18.1489092548704,6.14332069196902,14.853695174743,69.439361527762,0.483804803194978,63.2215940872353,213.743096115736,7.91881370794953,100.312282264842,4.63762982395,136.788858199387,34.0012514126817,93.5516678752526,30.7970491119274,0.252357342329517,144.779491480871,0.908508232916133,130.858268879278,15.8701894576146,94.524842372482,58.1912873546694,0.0728209301873381,23.8909019060466,4.5175282834467,183.103255019859,4.89580798411503,11.4595135372991,113.05364654317,6.24945788105119,148.054929048072,40.5229337684763,16.4859196255055,32.7300811123222,120.557546206361,7.15323886097006,26.163017249143,155.146172525281,67.2718714656772,55.6671511718691,18.9388451154369,95.0751917833374,8.7829142690544,13.6684081482127,83.880390061282,29.0652213598367,14.5516990299135,37.14131678147,53.0001783426656,131.902904083847,3.54077595316041,0.554208797901343,0.0751327340739722,0.0328028354044715,6.324504718883,16.7401766199365,98.6566999404768,36.1370974931338,62.3046346456511,8.01951853193854,48.5476078143724,12.3705235326098,13.8040073231069,19.3417111250963,3.54201432145712,14.3588910202956,12.4668746485209,116.926903459227,32.0628132221583,221.721817629168,111.705538266253,392.766271199367,0.54946308931045,0.702890751992633,0.403781652870211,0.0633259695515369,54.0513473486453,307.332881492438,82.4586085757442,0.0825002529618108,0.0844901066425718,0.362443389526841,3.01756903910499,13.7943423898125,31.6140394393399,34.367081427691,0.568987812512723,96.2653742277317,51.086179919781,95.6459291423635,63.128828825579,0.231824641813048,8.64080645078144,1.90472364727628,8.55948736508619,5.27563069914425,8.41194995284513,0.00677143612243134,10.4916473971892,81.0043506419399,21.8966848865303,16.635132358733,5.54042916663186,20.2116122462481,8.25716577189203,9.81341369887696,28.562101274851,139.456505040721,1.12033994321357,122.517540602732,68.4173502769507,1.53674153070787,208.030095811728,8.05023495947431,84.7745769376832,9.03243966220385,16.2260886341565,41.7107323425948,0.0225145586941919,42.069920569219,45.3853707733814,88.1952194121108,1.62824450039565,96.3380811708217,22.9014316408833,97.7257171720997,11.263331928448,6.08091177814923,0.0322188224597244,11.496819113195,16.8411001425487,109.943073118542,10.4186300510101,89.8619915057047,34.5141819848505,24.281019350775,48.2566125418051,0.687393672320813,5.07208330644251
"GSM773608",0.0717423399503008,0.0276701331881946,24.614599372963,3.7358977060339,0.0141555646463574,41.6120236833102,4.21617198592788,3.12525632598666,19.5296492787887,43.5701965740084,20.0330131878706,0.998777375143326,113.340618721314,85.7747957890989,10.2810504647191,0.036340231012956,76.5801402900496,11.0881335815077,74.5290978908348,6.55947665570508,28.8336955579595,108.390599011229,43.7692916120698,20.2822728448036,4.54414850058714,12.6954748810015,8.9581391026175,25.0765305960149,0.113258596574816,2.50087719401349,0.71216312101042,1.83073479004081,2.99190950651599,141.070319026969,5.22205963320592,0.086612071800104,18.9270203735887,0.109980425006984,11.6982161264811,0.624654002763801,10.1568171814889,49.3948775295473,5.30538437881331,58.8437100348936,12.466062592928,74.3109840691297,58.5697525242806,20.4688606497324,48.9379583103332,1.55741590484667,0.0622873157186301,0.427844537746036,0.0094522302696137,18.0986931500428,7.91036293067765,29.3893738431288,14.8557970998142,145.070502714414,11.0511397669625,0.00474234154819101,24.6847471282922,6.4511499035662,11.9181774780832,83.0927062752122,1.71370235734513,107.634008664753,350.906299313061,7.72504409833248,149.570170008756,4.96254616889009,125.819023159601,32.4804641780012,126.752251268461,20.5042431141889,0.355994377936551,149.373983593799,1.71489986156553,106.39180106356,11.2115057965202,135.433091811468,28.6398384087515,0.069094639640767,19.6108281461603,4.16206378501463,242.03626243095,20.4083794215606,16.2221807362106,147.348403360371,5.15770402999504,128.614189618707,70.0218662563795,12.7774408919001,37.8920098444755,149.981669130682,9.93122123368596,39.1123403175378,167.783938515381,51.2028151112946,73.1799811048228,19.8895989024318,115.81168957383,7.59305000484088,15.1382827829371,100.423505591193,45.3244624614398,21.0448809293559,43.8957439695988,45.7108974613948,134.165112686876,3.73772561210714,0.650411315068586,0.0954809601770525,0.0395468119499922,13.5289681734671,38.9767083118132,133.963767173732,48.7114362564303,56.5054012625468,10.8760600035911,53.5407805856808,15.4475583219465,13.3553469278643,92.3657250781709,2.00209905417202,11.3055547685561,10.9950485657094,121.017123927563,32.3262570522736,173.937011658812,122.576631679212,393.053125902666,0.626756400646958,1.34200923990895,0.574772547717057,0.0763553153743927,89.5751527769463,384.969382251864,96.5510853352306,0.16994665301436,0.118692509113574,0.463113025346184,3.37533218791566,16.1147774207984,36.1878876107487,40.929251355129,0.426103420424924,124.510983688217,55.7451037015917,100.980864053996,74.7779431962379,0.23466096758476,8.50625988032133,1.82347912774487,13.0782607404248,4.23149778024807,2.95052787556517,0.00742329044191092,4.83204095224086,87.3010556471289,18.0009595916312,9.49917066823683,5.15897714204831,15.4061268647631,6.57621461023143,9.08630364515579,21.2958247683955,114.662856565569,0.897320984289607,129.415306291132,74.6175198297885,1.40838672216803,187.445744235387,7.27844156098217,80.8623363591993,9.51830321263015,14.0322382329576,45.6152578060165,0.028081680208906,35.0990957629921,22.337850785859,80.3931125953791,1.43636629527643,83.5002300440774,23.3576652258153,99.4327645816169,15.3646772673016,8.36314723860084,0.0488732147988163,23.1403804056101,8.54058132058661,109.564259348024,10.4967591211169,84.1465511958499,58.3105561140168,25.133368814169,24.1307579851541,0.618074595088935,4.2368487035931
"GSM773609",0.0605844859081359,0.0209930148412151,23.716475491634,5.32323637919032,0.0117633714199686,34.8608728778889,4.47692342790322,3.17189771042669,24.9900989983936,54.7095048211626,22.0328636577191,1.17665845682111,129.524944997249,86.6502771958165,8.76441222176551,0.0379799106905636,82.3105131555232,13.0058804173739,78.8202587879878,6.73714464077836,49.2662039025831,99.9299230022067,44.6310174836586,22.8742152164189,4.94226932408056,17.3197868014481,15.2534620926129,35.4946958637395,0.142944920858918,3.309538847969,0.752444736398564,1.794738637415,3.1557756759408,166.750421610129,6.11540643894974,0.0612170484004263,19.5721101490265,0.194577737430253,11.4761264348261,1.27531822138249,9.23731079774319,41.3678290138971,5.78446285295836,74.4115487657621,19.7160800343225,69.4808705281605,77.0996392549974,20.5279090330159,56.7693213283811,1.57542609681478,0.0655592334356205,0.291713593232182,0.00878693909417692,21.0201306118383,8.13650313389844,38.4888968238565,16.9608222435067,188.669424125678,8.43585099209993,0.00868174017706875,31.2657833440921,7.60750815106891,17.2564462775994,82.9287342939444,1.10092731050528,101.530034488794,384.236524361088,9.29640566285474,178.820129724897,7.23566796706672,152.460261525919,37.6053148221995,114.472912313072,30.67916024841,0.278468205897394,171.733354376066,1.33121817733751,100.468071708235,18.783473647756,147.113165805102,28.8639044633387,0.085070646640673,21.7134386493091,4.7477217035523,259.496998815385,11.9541665284698,16.4462076138037,160.448339433376,6.01883947051808,126.273630912106,48.979414516283,26.682914948392,49.6272844635553,160.983198336924,15.6562549969013,38.3313326603304,195.718264969473,60.8554527688756,69.8973456448956,26.7501761271579,118.682643825667,12.3732969142442,15.8249206862587,81.8433154676498,49.8961686020207,26.3563794334296,45.7031224212407,51.8637911595435,162.00466509166,4.70914910642577,0.731439058415057,0.11754008155428,0.0366243558911589,9.5435250346634,24.0415754093741,120.779226293037,49.7247202850894,92.5690466346839,13.3760336400557,30.3786281062862,13.0737249748719,17.590533606567,60.083979230323,2.56660828385787,12.2099326355855,13.2897588993961,122.569378617513,34.8734729589326,131.563251994405,134.261218241161,403.904967939895,0.573205651821088,0.872053121014869,0.627630538502097,0.0765348653463657,115.786564753863,326.858841621056,85.0145810082333,0.116398436502311,0.0846029116951405,0.379563615230393,2.02609932662034,12.4866198504523,31.4913582417571,32.0005639641875,0.503150070434869,143.432907411278,42.3046322052775,107.617206267479,73.1572547782273,0.214840107905098,10.8834177281385,1.9446673564728,13.048759445215,7.27890713661335,5.66273587533266,0.00677126119179098,9.95675286116425,108.369587202192,18.0205926654313,16.6690979219538,8.60465268485029,24.9456675388676,7.53711257595342,8.89296844919232,38.9891505528539,141.139668355652,1.14292423772917,137.873459017753,73.8203752408997,1.60340173911143,214.371266649258,8.99302438311379,83.2684358390332,10.8931886499299,14.4965502604478,43.3718394452624,0.0181539527849581,51.2788078173477,20.34527629091,91.3318525774612,1.5143482379891,118.672622903049,24.7313501056589,125.741973762418,27.6280184064628,7.62693738646392,0.0383380194719996,14.987851530459,18.4039821355161,138.231333914251,10.0790193505699,100.146935645026,88.5475627750637,27.7591585561469,33.0020748853095,0.670245695188008,7.01906104271101
"GSM773610",0.0963038447329925,0.0256289329843225,19.649801449751,5.24832177641476,0.0130500905633542,21.7580985452601,6.96248570036219,4.21324088917959,41.2322878441365,61.3724108407528,22.8534178524876,0.94812019795341,119.482250826425,80.6097933272539,5.46773951794339,0.0462311774517929,62.6724746807574,13.851462481017,86.0161325732384,7.2898450445552,148.253672496976,133.458198812081,52.4021665970023,17.6875651005166,9.68202256363263,17.2806379350975,29.0205930084312,33.5399724845499,0.20540514121419,5.30305182822079,0.674400481450134,1.5975862424335,3.85813766419235,100.842452960814,5.47199286452909,0.0683720768285401,31.4041635474691,0.169949505318432,18.1577254346358,1.75787953340086,14.4879401686238,66.1152632025873,5.64701524316648,88.0072798927708,20.1766911046807,44.5847554309414,95.0826908793196,10.3381351630244,83.1298979877725,1.70122118883557,0.0706977015458451,0.616107286644898,0.00669103110104686,17.7245297428509,9.56549993585656,33.6454822272241,22.5384773504636,174.489569140853,8.48201490659057,0.01460185315977,33.3614062605077,8.7705302715878,27.8844109474696,65.1573787760798,1.70442286436367,96.5725573581111,351.7565489214,6.90781368769025,202.066891000981,6.7069606580659,183.892806038657,40.7344868660371,129.388523324786,47.9423114304765,0.473287036098746,175.366994951509,3.47986047870175,41.6903187201966,28.5772406367612,154.176708874467,18.5774787360308,0.177831517383155,41.3794825404393,9.30093005368238,295.1878860697,15.7969441467975,18.1328989445293,136.095463441826,11.8256162463328,103.089702890964,56.4743757483554,38.6389955383769,38.5286866374477,159.274945133506,13.1594087893334,42.4514588012179,202.497656802541,86.2130373423706,73.5963197574063,31.4364349898733,117.399080657872,13.6211426393994,16.7290666745299,102.855412370793,45.2555963476409,25.5758379687498,41.5364807888123,61.4239262520671,164.744852181429,7.18137990920462,0.662125221496393,0.133759657780058,0.0524629863234646,20.2870139187308,32.1465452855928,139.426231910517,61.1271734649918,100.684073625833,13.2950107997666,52.1456961428273,18.3691635533728,8.29829378032372,52.753221582878,8.11065338064791,20.6254184005675,21.4504757092628,76.0547462663655,37.8075032474558,121.8660573897,218.643770056296,434.632409154332,1.30522383047814,1.78989493745752,2.88700165656118,0.0978342345784503,146.932146922486,357.217215540574,100.718792437139,0.256789805948915,0.101809258828851,0.597877510638986,2.98234465996571,13.8780706949258,46.1669967930539,29.4740419886708,0.950623155892801,184.841228642111,57.9771456626646,94.2085346307613,67.2397172231777,0.209585815277525,9.31704189447953,2.73994758572631,17.2979586515068,12.5644689128747,8.14658402663579,0.011821955257495,18.154350049695,121.695856215203,11.298739426865,25.8865965878688,10.7749476596217,29.60748815371,5.62598414726422,8.64391386355254,45.2076613206516,185.249060821216,1.98866584725035,134.767141949965,90.9347800349823,1.4907271098646,253.55159185923,17.1185296934615,120.212902201037,17.7984399853508,18.6112665843429,40.3393793441866,0.0201307616517817,65.6238599419399,22.9372001793081,89.9745624694288,4.09275779018599,153.363323014451,32.6029143345545,136.639187646948,28.44140855069,11.9564707904854,0.0708266765489114,22.3114588969097,25.784603008225,168.933658501883,11.9934197616258,119.124340808002,65.2367397395434,21.1747364723911,52.7641962484109,0.834490395815472,10.6446425615584
"GSM773611",0.101904538491749,0.0417285493877171,26.0239033696081,6.93494081902851,0.0191014708107887,27.4042473374324,5.80293995774667,3.83940920402085,33.2722885262354,69.9428138988311,16.1314970621498,1.12023677810878,113.294011231939,82.7371474980723,7.24226974366982,0.0928051990155362,91.3924858678537,12.8686294602123,68.6619600909644,7.41641786925787,56.5847371873245,100.887174059965,53.0122331603311,15.9757849608106,10.7815204210554,15.1791635882316,10.61347867227,36.2502342350211,0.178928245050494,4.57686922365967,0.591621237682839,2.65111283737177,3.38200912359369,83.325600210872,7.77819388414934,0.11826506297872,26.5804599441083,0.108060642323764,10.605106478314,2.1411221971485,15.2283397248669,27.9828395705693,12.6378583607849,64.391771930593,16.0272600045704,34.8882159891349,75.6621677407137,13.9441747430297,67.1360391967215,2.75086696985772,0.06028884424296,0.77539110670642,0.00908714205829857,13.2761580336298,10.9933030993111,36.3678688724923,18.0021298385403,173.046566378951,17.4908166838976,0.0122479229439954,22.9748948364516,9.00976287076131,31.6760985829889,88.5866056115426,3.10520654819404,75.8743865493693,365.299380983074,9.14450509643147,146.45751152463,5.9080392755173,161.489548111959,59.7023499476142,96.3666791266298,47.7656404354102,0.373935114900157,147.229974575321,1.74844194561306,72.7255984388189,10.7409078097999,124.102732999218,25.3825625660512,0.109891049591603,47.1938418275568,10.410977652276,223.058638353568,25.5401069315733,13.2984468260349,128.945632379713,6.21847303839193,82.4890294808903,49.999675368957,23.6176983705991,24.1243562654099,132.922110879614,11.0629824249769,34.9199785476367,156.519089253757,82.2558396717192,54.1038996346779,20.417402725405,100.735107168435,12.0359797362897,13.2410769324316,65.6312314979462,44.1129575928622,17.3917742472488,30.3445734071479,55.8877087283816,158.603879784186,4.98301059862069,0.638763985186338,0.0722973060907934,0.0663856865760475,20.547101598652,37.6844890516354,125.517115343946,43.3870425738332,55.6362906118586,8.24261598411043,30.7653743383419,11.3537041984278,11.826426685016,125.049304347326,9.80686425136232,25.4283335757203,22.6981611784161,67.7137857690765,35.1313615109609,188.738435186636,96.7929758388792,395.014972858219,0.8457458797485,1.41982866351179,1.40439795212641,0.0764412649748733,107.770899762753,341.6379589244,76.4753618280183,0.14071826594585,0.232199053700004,0.562895768203112,2.28408751181179,13.6572434077744,24.5712863275415,38.917864678722,0.373695142207036,120.35578541768,51.1947598077638,108.893576199844,73.150996517415,0.221813013098572,10.4083139672518,3.10915331999254,19.7894705811847,7.87644044977499,7.64754516328084,0.00749772733282313,12.3557538243065,98.8005655367897,14.2446459893178,15.5967762417246,9.27743824638568,26.4635347983693,6.24054138897531,10.0110222138938,30.8969347792885,117.095972215069,1.87528693780406,102.645867268689,64.9561468670142,1.69645399929816,208.063454702686,17.8183431044764,69.3424684091629,13.7803991155116,18.2949181726533,44.0764022822671,0.0198089322092849,48.67552396477,35.8422385561804,103.314728801095,3.26376349052034,129.899633670356,25.6683939834695,95.2732860275385,17.5384188534383,10.7301323963605,0.0638580022829982,20.4905355364947,10.6229442678943,133.151011830617,10.9472151742555,83.6148395814908,42.0594796969866,22.4274783000606,40.6530360934404,0.562633164396235,5.18723958173964
"GSM773612",0.0210756344215849,0.00431149281701296,4.35383402749877,1.01292326634537,0.00411436932830462,26.4336935034488,2.91274621488077,2.34317454538302,11.1276366021809,24.2706333452844,16.5749589384186,0.221886429154645,86.6653146724808,73.4458979941077,9.23342124830223,0.0108282536562279,35.6168946270123,9.91099137256054,72.8721802060997,2.03708671981709,15.11025860864,51.7162823686861,16.4066051755681,13.0824488784193,1.14981387508202,12.9084008927512,9.0914210200362,13.72419313765,0.0895165265426988,1.80461801650306,0.544488007402015,0.682303559731841,1.60648600332217,32.9300238626304,0.698219177859066,0.0172568724875522,10.3475455515639,0.0487305012695589,7.40945956713185,0.94711151885831,3.46814474250944,14.2865864228782,3.96342287923092,54.4964774087484,9.6795139274327,50.0876197006167,23.4989883903565,11.9697845843388,24.2661405629631,0.568448777105169,0.0301237747871934,0.0362285899490565,0.00431066703659761,13.0398640647343,10.7900992064754,20.3595992488368,9.28359715835348,60.2535344815613,2.44693850810579,0.00369224783791163,15.7401094484783,1.67244359403719,5.20182830226365,48.6953543374184,1.24745389868832,19.5363311034181,146.492806541326,3.76878937077509,61.310093777012,5.03386725895789,82.3519181032091,20.9753336466276,64.7918552267824,19.2050346480085,0.0900449332927746,85.9770075206813,0.551303370654099,88.4822386707329,12.2383914733046,96.9068168698274,19.1697704649069,0.0257334307667861,14.7149238189658,2.91751386438159,108.323468012385,8.8317111584556,8.54331856320021,82.720017559964,3.01476809975062,132.182465418705,37.1159853156089,6.22872390260791,20.3210414524949,67.6989057183207,3.28107846871823,22.50662612364,91.8135182558535,34.7362943295338,44.5872766676037,6.85860453827618,43.3932905612153,2.22715799025063,8.61179818291323,66.2141089325259,19.9224886242114,10.2262183829143,31.0006404222614,37.3130516806835,88.8930853911381,1.01903886422404,0.302428035681889,0.027227077307809,0.0172586763558715,7.51567670145622,21.8119613120212,91.1866785634637,30.9806007253947,11.9622996132164,5.27221352000876,40.9916195667115,3.4159701711903,7.48256418247539,45.329184530592,1.42878107160343,6.24526993555738,6.20235662547898,92.0236126836524,20.3396089462372,212.494847967022,50.3244781910168,241.539742458988,0.230391147422675,0.236852676372847,0.20114400997683,0.0315716126956638,30.315833021581,175.51578487622,59.55662139207,0.0165314423271141,0.0132716063517812,0.166065345862546,3.01760083936858,8.8732747168665,12.51613110506,27.2572438952611,0.241417770722577,89.5382832091677,51.2730235043758,64.0838655306066,42.1019895683847,0.134963461974862,5.2126599606037,1.53763346032731,9.53968123613912,2.32172103245742,2.97022745387257,0.00238368840353382,4.92470604792705,54.2049389478134,13.4095096921131,5.96728524733189,2.09319565670216,9.62526536503608,6.58193446826987,5.57853371051512,15.4281906381825,71.6736394681965,0.963665759173996,77.141752327638,30.167007025789,0.666021652240076,71.0920250716928,6.60376091154878,43.4933978728721,5.68050695298159,7.39299728697014,30.6092832167287,0.00880565832135835,15.3562969173915,21.5175135682566,38.4652027145285,0.996691966313312,60.1453931095771,12.6495667987099,36.6318160759261,4.36974702955159,4.48478573339086,0.00630467215513003,9.44355503595291,6.84428667342962,59.1133730743826,7.69508079831046,53.0188457229711,14.0149756280061,19.3748386156881,13.6376337506669,0.565528683356405,2.17932238437948
"GSM773613",0.0278691998338531,0.00398102377803255,4.90363241707408,1.78517676910116,0.00339375502152645,11.9908487392333,6.03980837197869,2.12469521286119,18.2304740055904,45.6264925090702,21.1843099299626,0.335651796101689,189.318356792284,82.1147058807552,2.92159925765914,0.0281430022474842,48.4903040331247,14.7330028356406,111.604281203694,2.64524930592085,104.841189495851,49.593149636768,30.6668472319076,18.5484970684194,3.96857044331109,19.0264483093675,11.3085040778472,16.9351752289243,0.0993575209683722,1.84703021147304,0.610744915081129,1.16043721021859,2.23039015230671,24.716194711106,1.11716094403543,0.0123146140286077,13.2288866976743,0.0604287936588696,7.78220253670887,1.29535477681888,4.05442396915891,17.8677702595177,4.71518958956793,40.3887875345495,14.1737192073584,54.197365114597,49.5383964809153,7.02047883741632,74.1965700543381,0.754926114050992,0.031424431232512,0.0620377253538406,0.00385540456753327,22.0497285832163,13.4884631841079,18.0730635744787,10.7077836722941,86.9920549137877,2.41467594161181,0.00819208593406289,13.1787271809283,3.00512000006976,12.5110760879035,52.894381107256,1.35568259469694,35.0112748508717,173.870034053967,3.88420690341281,123.248404085835,5.34483622832059,148.282089487624,40.9828193962554,68.6781321215914,30.8590780646798,0.13433403944804,101.069138240927,0.575698095100105,26.9005421311512,20.075109668367,102.766281772891,7.19737071384507,0.03247158706554,16.4130179342558,2.41438139180043,132.78639145551,9.58742076429238,10.282528624538,97.9120979674034,3.38074938072649,99.9954697724644,30.5629176505429,10.0075976851519,30.7891871839612,101.627835689655,4.82293145586421,22.3961138049165,118.712255094008,54.7616121810717,41.0577751783277,11.6732637400454,55.4907112529165,6.01348277368146,9.60426979013737,44.6518124864148,26.7396922578998,16.1649096244509,35.9274695153469,36.6283757180632,101.219212689051,2.52091544430416,0.363735265988472,0.0369997333629249,0.0146845284147743,11.0187496902853,19.7812224532883,88.2432256938125,38.9150355712242,22.7822333670934,6.66932827963708,36.6656388291639,3.99438756469309,6.99027953673597,46.7776739953115,4.71542906871211,16.1114088439944,14.2506167764305,54.4768223774866,30.021439355351,147.537959367303,96.307538844866,292.487997518429,0.330001467426398,0.335337150543585,0.682247909433577,0.0414680777591343,53.0854763931133,248.493281735821,51.6791206595653,0.0158417874331902,0.0101054811246358,0.161693240416073,1.72480242004855,7.64834656746419,15.4637405471988,23.9667017140391,0.370443857790902,171.879920060763,44.7197832581981,81.1482733837511,31.7841755371796,0.116808211257486,5.91059817252058,1.49056521382351,10.5269789468935,3.8233730003827,3.31692351735483,0.00343435525432725,5.91993394833748,62.4819069068529,6.57296146725307,8.73861663479759,2.33909152368838,17.2970210669312,3.21032748809225,5.4547474315553,14.0457236119098,63.5186356948646,0.810630464129963,68.9984258701036,29.809207929894,0.710662617314861,106.273198065029,9.61003798935349,47.0800889594595,8.28995710825599,7.17237620527722,28.5254284445116,0.0107433571515672,25.2430881077143,18.3275704963153,54.0825476335147,2.12496343652309,110.188846507222,15.7987371156359,73.9046248183983,8.97035121119796,5.46651489348183,0.0103310303803062,10.3738871118866,8.43658972857176,84.2129555727762,11.1202902417272,47.7536355551528,14.2954900979135,24.9882384862717,21.3047217484788,2.51948703967104,13.7940397838972
"GSM773614",0.143667179630377,0.0537459200724502,27.6666238407319,14.6147908538858,0.0181759928348211,44.561559805523,10.2762766111183,4.66303704012404,46.3212759687352,80.3795278944506,25.8207550762683,1.80561084687466,173.070362825299,96.3552912993809,8.88135086438595,0.0834485326043546,137.490762736161,16.5835655158211,84.3782023442601,13.5652552939531,139.789957155849,139.917347851498,52.4014079598413,26.228017640291,13.6059353337042,23.429220523732,28.8501905049817,88.9152928235534,0.321574072717446,8.08679095476164,1.06435885887692,2.37711436815872,4.95056665255553,114.913947048095,11.041508727124,0.0849421752835479,24.4243147905254,0.185069376236185,21.141047900414,2.13043351159087,26.2177504860512,57.8038675382179,16.4401698243019,78.9280052952852,27.8807489482831,60.7563907814281,62.4965495644235,23.0139669189606,55.5786243993717,3.26497004938624,0.0680334859060576,2.72802157524724,0.011569983853678,25.5862628915974,8.95932723397494,42.0379208313977,17.6417936865704,150.702675102411,18.9981336019967,0.0108314929189781,31.1096885574871,8.47019045411494,44.8244985165512,109.102383466585,3.75482241724484,246.196934279881,481.786313992663,11.3232313608365,119.350595482115,8.71899068704973,177.84624817418,56.029013980511,136.678959015832,60.5417650899405,0.612267214333435,157.809520136176,4.90740285055401,71.065685321072,17.7053086845865,131.357468843417,31.2755190183779,0.15966374306711,43.8543941833285,13.9090062025895,309.987557252472,26.5067629376702,14.2328175566552,193.663238520601,9.52966662473115,97.8684979813557,62.6620278678013,43.5596185342629,28.1300451319027,135.476223422989,2.00918568408025,60.5200705979765,191.499347298599,91.5559766887995,66.1596368381025,26.0255539515863,98.1472816577365,9.11185139074995,15.6328963074307,88.3160077057755,53.0664525612553,24.9119232625128,50.2693346395118,79.1247555027389,169.424644324322,5.8089014627235,0.70496175099263,0.0879243338952002,0.103372343985509,13.7808930800908,37.4851870486593,158.859667133997,87.7153274618426,42.8710328115949,12.9724290167795,49.449909155443,10.9025251392891,10.2983295909082,63.4909595778908,6.12700236546591,29.6500956153816,29.6444021493577,103.513645339149,40.0036848966288,132.532843030172,147.820894301784,360.895772939208,1.89426672230304,2.51595459399845,3.62018386422113,0.10021227473801,248.611558748642,349.455139757754,89.6440243182037,0.398288289777129,0.2672323293005,0.772107944788567,2.21296053151865,12.1871984952028,21.8484869592819,26.3032712155366,0.647013495731267,183.759501880518,81.4045177845599,117.461098855516,95.1934847572481,0.248041056800283,12.3165103566532,3.92598080180031,30.6388941073292,13.3284656109989,18.8811353176759,0.0157051057246856,19.2631311965751,126.909061855363,20.5270401195337,32.3314783079822,21.8963328920731,53.410361323648,8.26889419492136,11.3096489619497,51.1959481996766,140.20093259768,3.22327140667593,124.090821530567,82.1428478656002,1.74071954359514,229.599086789166,25.5661978845784,93.4634884047191,21.735253673524,13.9691288023984,45.6814227469339,0.00949969441412384,52.7107933167748,39.2248992482379,86.7962479403076,5.50653501530489,177.403666586488,28.3910521742024,160.008519463737,36.3201801935342,11.7607840435919,0.103025279126987,26.4632265326674,35.211535767395,215.342962700205,13.4772967013337,88.7709328122143,104.820816334035,28.4037411645454,51.3359045073191,1.30869987746485,11.6198732423216
"GSM773615",0.58232087604922,0.0378705432754466,143.475297794267,7.81627360489904,0.0144453863231172,18.6783779725424,25.7544538150125,6.9863588567913,63.9605757185154,180.522735415216,44.7386326804943,1.71593777678415,316.142915498859,96.5689248763726,2.4110508941812,0.120757185925979,183.831209408925,18.8792045159514,111.746773651865,10.3350502722372,315.655321570167,292.935912694634,65.2153373777249,30.5688631394535,20.5408599547638,27.4498426898239,19.6052240658235,26.4327555237962,0.290855536439553,3.95411478511774,1.66201900966935,1.06910249123025,6.8154944899287,63.9300660235401,19.3368421695969,0.0584018151769983,36.8923615922802,0.307759062444108,21.9945223176384,2.52067678229838,81.1979379017985,64.5096645155075,10.9818970300312,109.575851228611,44.2758840574174,58.018135546017,356.085115227115,8.81363988814971,177.991783462841,1.42799310086737,0.173689914206447,5.3854996858029,0.00871845352315149,25.9861534838678,7.29183183722213,29.0552502677396,34.6500549184515,267.249314505458,15.7871313156182,0.00776153212780348,22.2558999330276,71.9878879414526,77.1716865706218,182.445074073016,0.380966179164541,111.287915931552,625.732685827743,19.0316552508585,247.030262513194,11.8010798622584,345.221367127181,160.619973345013,258.014767847375,80.137179762398,0.969542104054252,263.107583578191,4.35442141561791,14.7347230797808,21.9622762034458,192.875251322781,4.19370266441152,0.248624801234785,24.5470199982652,4.7975337084209,411.924498337849,3.50129329440282,24.1090993117567,200.207199618671,22.1705865615424,226.840747194845,53.1950146073413,44.0714700614646,112.913900876406,306.495294649081,11.8222705246299,74.7100016774167,311.920452681501,242.219068041027,101.900003942499,48.1366701313967,213.064860045137,29.669915944992,25.0728171716353,98.445360207255,104.063381643531,59.5148252204337,50.6653251198413,91.4700603252757,242.424102159996,12.7787496408533,1.63831113841849,0.540373783199686,0.108316019864617,26.2060259340501,24.1767144139247,173.962107460392,201.983426756466,231.099892011083,15.5524388044941,45.1248200548127,14.8362060156101,10.8014064177918,34.141076720589,34.3972600164864,80.1775644079902,14.3555013582754,62.9284060193365,74.7727923084754,134.705870222842,280.959492035462,772.789530361152,11.7991412772929,10.6826394980358,12.1364708560002,0.134461332478946,447.574307725527,737.589577630799,180.261273034818,0.590889890403727,0.467388911789569,1.48943095998509,2.61892204361544,19.9197696163122,99.7088240999631,50.2849017804988,4.29126372157129,222.175015514885,55.0434927771236,207.619986135244,120.911752651704,0.321856269630622,7.53322965644305,3.03822071517224,6.49612202942962,24.2351873344841,27.4090971607686,0.0188905589204794,7.95208612847069,136.600178081672,14.9849173581387,15.1364962246779,8.36105178193036,44.4595981085318,2.7270760017757,8.64761904825222,20.2025885488201,154.173328350904,1.64649003004038,230.027029859588,110.747829000484,8.91329520768093,416.104068401932,17.7026088245932,198.865132093722,11.9039048755381,42.5343544505342,57.2676812888837,0.0830991903681946,91.5237007397513,123.890999103529,79.6107474162835,4.06360476635917,213.416705497895,55.6749970979145,413.404972692686,22.9655093010598,7.70504756919972,0.115303118758408,11.9375744700318,19.0391030755085,442.630255149947,19.0398907282547,157.597684205746,93.5913592755509,23.7704199505908,100.632025099824,5.60690004553743,48.4090384928296
"GSM773616",0.0513128098923537,0.00227856143178486,3.47932368985879,1.75329010334321,0.00132705554727271,12.1519350998154,8.27545680253423,4.22291394534889,7.31298971518193,43.7319589765714,26.1730965615349,0.25568752409569,401.01483259772,88.8061813686027,4.87387467367747,0.0455090806915049,33.8149787866449,17.9786596599503,132.645053147117,1.65008495833287,143.182628053659,51.7542606742531,42.7382653410012,19.5839119419262,2.64329317022941,22.8693392729254,14.5667489218303,31.8432315668277,0.0844857480149834,2.76581372584551,0.736986119123591,2.09919741937632,3.52140320692163,4.25921330957625,15.1530306837389,0.00398871076048877,11.2443047706742,0.0512069607127153,3.77615397517154,1.07917994415346,5.48957194071081,11.5755569937684,5.45453378946225,21.9724023429414,21.3616167373144,37.4069166893063,180.639646225512,5.1219793476945,52.2787282571215,0.225921512670493,0.0246853023145226,0.111193242978322,0.00625981707875109,20.4641624516018,12.1547976197835,17.7999210063814,8.39618713939951,72.4077639036046,1.06880777961299,0.0091081232721861,9.26000326124192,4.9589840226485,18.4408792627877,44.1483075148912,4.35542131306067,44.9473475008039,89.2057220227132,3.48184731678497,26.6223481354085,4.36742060672583,93.9173643085346,101.385846527943,57.8468381423466,38.8052223128633,0.199220634577784,101.812948819949,0.305358353924301,47.7390258983285,13.7629764956892,32.5538829019328,8.24438341280446,0.158201631162383,14.4094154834952,5.75231331572329,66.2147572502506,10.3352192865268,5.50299990802356,79.6802032946538,3.84893237349981,23.2358814650075,9.09232711019402,4.24046311421886,44.5324436002719,104.651484412023,0.539238831607872,19.2208649651088,116.452420917802,113.41792363962,19.4807104097562,17.7772013361704,57.0260294785378,7.05296365469872,10.8984909816014,23.0350937506519,26.4953160497721,29.3678999782896,40.6262037307874,23.0817180534546,86.1509562591482,1.82535229989767,0.2581423192468,0.0283536564345454,0.00552756582327183,15.350342734128,22.256835043657,46.4151183853868,20.5066922851905,3.18233208179596,8.6836706762686,16.0753347929581,2.39822874354164,4.11309751971648,108.212551967509,7.26340887313011,22.7294447886698,3.46770680738564,82.3944646919054,25.6244389330453,105.531475387366,131.156629186733,179.447761259334,0.520218172227987,0.430603977862218,0.751464700198299,0.0317314010831951,44.2080627222036,222.605804881174,27.9096636766628,0.010832316965751,0.00217197881714883,0.109719455818578,0.552909055182798,6.5030930709251,32.9183964272233,25.9031060267982,0.28949059577612,129.198481549298,25.3041721828209,64.5305048998739,30.3879298778443,0.264732469544413,5.81535836216484,1.24734055603063,13.4270500581954,4.95148965712823,18.9537056494249,0.00387804602485786,5.85362376265545,55.4954464348923,12.5220961652856,11.8392816679596,1.23545723443462,34.7511887258283,8.36554689246428,16.8416160767984,14.7572108427759,45.0258019744294,1.15347249971916,84.8087206931114,43.7657469329407,1.80721057503261,88.0378431574561,12.7944186591029,26.4672755505351,3.33910991324526,11.4888283703412,23.9196974193374,0.00845831026223965,21.6441149492931,44.1685946072123,40.9995145268507,2.93746625465954,95.1773300176201,13.6219607247681,65.7402951818582,3.26973741860898,5.28187204460437,0.00462926125292209,9.23095352186881,6.72331511624907,123.776478176299,10.3608220720394,52.104634801081,13.0426755393141,23.5311204064932,33.0593436533853,10.9254507672022,45.4600470426377
"GSM773617",0.0865965656359853,0.0346753277090251,41.6222643510933,8.07913715014634,0.0120654590862066,27.5724226080468,9.83791825921607,4.93146140383864,58.1727862059569,106.924427634734,25.5212440908439,1.42156896721858,192.13254396175,90.4679944304714,3.62858013409368,0.082718216131025,87.9766529964515,15.5153131624695,81.6155686075234,10.0025751077108,203.105654322287,120.239190555287,103.729013392153,23.7137519141199,11.4785853649064,21.5814015734211,12.5272380320677,42.1262412320564,0.134117174986298,3.10594839721884,0.555346361419783,2.2698417564629,4.2204449823942,316.745231432197,7.05613812852209,0.100388021103648,34.1850087399793,0.126332225209033,14.1369769337416,2.42334640111952,15.0965468500095,66.8448374719988,8.17961293400546,107.605981932235,25.9510315555894,42.6210325814742,165.819028414435,11.953056293953,145.818861944873,2.18939253873992,0.0686471352638889,0.320918484447069,0.00722574760571468,17.9472445518708,10.8096699537423,45.6855747713968,27.9597199665139,323.47740828321,15.4300256716078,0.0205724669165281,31.9753031692293,11.9870040644379,47.6126074295153,99.4274906983426,1.09387643003035,98.8575879466375,542.590567138327,12.5520741158234,315.563347784023,6.697602962919,282.293444218137,58.7518514565836,143.664036517555,69.7010802501821,0.401184126523841,251.878660337687,1.66913611809286,37.8537404797972,10.5789158990099,172.574224058884,19.2058514021416,0.105200145181842,35.4889962473375,4.73130430107417,402.946967727461,12.7176231733298,23.5742361289397,143.829730480827,12.2375456483572,109.429852370211,56.7492445359112,45.8385424962651,47.1195362719877,208.742922111739,20.6120311015847,35.4912378772881,244.45040724474,107.186331795286,60.8675357114589,38.6197957313556,161.544552270226,26.7697197111024,20.8166901093248,72.086758237248,36.5792043938966,26.5034181976273,39.0397362472695,53.0754919382644,209.563849289667,9.41447790087333,0.828107161913151,0.137388372095466,0.0582585931080832,18.6347399351482,24.2454865793884,159.10319461749,81.8891045040081,313.178537081762,13.9480364279567,35.8443234147483,17.6805344504576,22.1428215562838,68.2694399856405,8.3811483488154,22.3698018644066,23.5639448403779,70.1060395525124,60.1166982968774,234.597116230977,270.033042233734,714.860504761333,1.15149155093168,1.97113809964853,2.81732613963483,0.116279956578891,198.887405457532,584.006681551931,111.589972406701,0.214250607461225,0.142981641524156,0.526199024646137,1.82529426013169,12.9665227185176,36.5229471051608,46.3609508509719,0.574399933912495,252.097236636887,54.5351704579058,164.415423319985,91.0168641160441,0.159642839610485,10.9735463879051,2.39072182342958,16.420098157505,12.5748092764196,8.57102459406641,0.010582430703556,7.68049345515799,130.86629169831,14.5193572570071,13.5328744518272,10.0486831926752,24.9128046889018,6.03356586075776,7.63883074371049,29.1625700957552,188.736119791906,1.15794065947511,169.175151938243,97.4843051260142,1.87623527392107,391.438272784831,16.6604022668171,146.744252050494,18.6413584403637,17.5386036287117,49.0890169698924,0.015324903449293,64.8194723675053,32.1237612163634,114.447173429288,3.61675965558915,217.374156317931,36.2003359902016,199.733708457438,37.9023998290353,11.9926083731236,0.0642075450696989,15.2251276043164,8.4471641756041,218.351155345951,14.9250874746127,120.994744596024,78.3303407940002,19.9487262803099,46.1060900778178,1.62929338668114,16.6962433527985
"GSM773618",0.0900724491941174,0.0198533913406247,27.9194461729469,5.5328196966122,0.00991873562814927,24.0615463987772,6.27546460231255,4.28559463520277,33.422386418941,80.3374870457904,20.8775129086178,1.47321195365933,149.275699732352,88.6097060018257,4.32697178164249,0.0545482150838947,92.4946732609158,13.547984074241,79.7709372664871,8.57767798498632,51.763686776735,127.563360820687,62.3314137738655,22.820477482821,5.82785805033652,16.2165230455101,19.5265476120649,35.5095571022249,0.166901977547423,3.86545969340583,0.705981066253593,1.33948739054666,3.6549366824729,146.972109330827,7.38104162084599,0.0779224074440815,27.8109230752059,0.122934088790824,10.7777957197764,0.853082383972609,12.7807882095223,37.6511645657612,7.00970411025774,72.7598053150812,17.9369643899024,54.4632713854787,110.140795682214,10.8042487878701,71.4475128818406,1.68812541727154,0.058917542037794,0.267299077465927,0.00849747047516426,17.2805570561572,7.21682673253066,35.2125351368014,20.8610477543277,235.740581552162,9.62669385572763,0.00605811511139597,25.9752716645208,8.48264347923027,27.4420507223329,90.3338942799598,0.713759807500307,69.5120476848187,394.714274805846,9.56563936717595,173.478382053745,6.30516315243973,184.873044365337,41.1150076529563,125.524391483038,45.1750999110803,0.373167373892923,194.92841659421,1.53433660958704,52.2371431842644,16.1608764389857,143.674950065112,22.6615464681259,0.0844659260938614,36.2525469172981,7.11497905417287,252.990272510837,7.87741058231282,19.0335283253457,137.486040385988,9.04789055989879,139.690513002226,53.8609871140059,23.641465933357,42.0496225660617,183.130263911063,16.1872914937216,34.145308160618,193.068739911936,60.9241657871223,63.2835840233806,27.9609227073293,127.324629320302,15.8052055544165,16.9350278636083,80.0728140040579,41.7723216646727,24.1025193762745,47.4855671501319,57.7231033816785,177.711216519704,5.53714617834361,0.674904642688685,0.104185021466405,0.0336427612986768,11.0062075249243,17.9821601725852,107.210459038923,43.9777184807389,105.056244782536,9.41018630701572,31.9820161270177,13.4730748384494,11.5278610686884,51.7103003746356,3.77533157780085,15.6207629404056,13.3672659352812,53.4171913854377,41.2725582156753,115.664732175282,117.307222592473,472.641781960037,0.813089519059764,1.70664549168974,1.15451566993732,0.0712025316684017,109.194335328083,401.379342583018,107.62054049116,0.139327461277152,0.103845129519119,0.427671105514834,2.23432453500719,13.7017532456038,28.0567001236844,34.0565687089031,0.520024786810065,132.04087498538,36.6546536681247,102.955133012895,60.9050269645406,0.18029740007592,10.1506139803527,2.0163152261381,11.1568163774427,5.92119743036895,7.43357483408554,0.00654983952868781,9.9362672208205,119.825025249253,10.9490553766687,16.4027334556734,7.39471152366308,31.0065889358707,5.39717587456094,8.21962822295901,35.5422123393614,146.249346440408,1.19296704512033,146.368606404569,85.4521841562768,1.83107085867087,279.438547507643,12.684573347986,83.3324222917548,11.0534834818547,17.3061277901347,42.2898685941528,0.0231183796432507,59.4388807795432,34.5813337224727,99.8190828070276,2.27765035344716,136.404742483508,31.8939160549764,183.432247739247,27.8565286669435,6.04164797292827,0.0406325510919887,11.4797292840824,11.7039497505332,139.347168916332,8.30667250130401,80.0707763589142,59.0114561049688,26.3706867399646,23.5568696284073,1.58877734270644,10.227868530436
"GSM773619",0.0829432916673097,0.0217115665207548,20.6056333359481,5.64511215256689,0.00997697735473328,23.6379705157856,6.88507007781303,5.63061810530828,37.2019434745664,90.6594404773507,16.5058844369677,1.19849862735632,125.532121446291,74.5944257592422,7.69763313830598,0.0359366621375752,72.4392670766023,9.74467389295839,78.7065818803533,12.0626482271524,49.2121566285444,128.769489288762,63.4669253412079,14.6063218004606,5.30587419640103,11.6156768464267,23.1295887984474,38.6627570206601,0.19494479377708,3.72606564123062,0.55059503480549,1.35245185917869,3.71675357632612,135.840275954381,3.10969799268609,0.0819511296961117,29.7187509442148,0.12144346570656,14.153933852583,0.728128548864082,15.0631699965613,33.4805334979356,7.05102929215212,84.3697447376056,11.7774976044246,37.5956686550704,126.573687212916,14.4665477468377,91.3117311223293,3.14210574298988,0.0559310400958715,0.404746382592717,0.00756436357205117,11.6516314860374,9.62993613464668,31.1924688072243,19.8090858538942,213.216246241585,9.88765642609622,0.012565500417833,39.3599106656642,6.24594671263065,25.7145695678512,81.7791883437535,1.01177214045241,71.1631176801508,389.855631772897,10.8204877675082,241.039693039938,7.0707146632458,199.228564807444,35.2996618145499,147.973797279374,43.1433626087356,0.301897811892088,195.943836005911,2.50591758327531,72.3384635229473,23.0980927869615,179.8797598969,28.4730396402697,0.105746845209735,43.0512831854129,7.12195182915818,284.186972878278,10.44609038372,19.5813804614736,178.77630218853,9.73688189995336,161.207641612679,65.188902135373,47.1378161438229,38.6053312399811,146.913951191089,23.520618523597,37.7859841576341,195.728815670401,83.1974073977221,95.0633086450108,26.7281303688516,122.959700202704,11.3307782920496,20.2117706552132,139.175125597625,36.4089815382885,25.4499185514689,36.1207564612068,63.0295391722697,167.804284458463,5.45057901139545,0.703917902936779,0.105430580016264,0.0537384749717534,9.81360684767722,21.9070511489734,149.558521271159,59.1332644004621,98.689133719447,12.3583274315239,56.0055612945008,15.5837170680776,15.9985253323235,38.1931675999539,4.03928406476854,14.9376239285973,13.4030782461644,112.868749867969,47.2294253751081,243.455028601451,119.137230595893,489.460821198078,0.887551897076899,1.83365783258065,1.39586504759738,0.0814847683439214,113.271195372978,461.35231290764,128.096707844603,0.191115642831931,0.0941859952050435,0.492276403694432,3.70126028416067,16.4272171876064,37.8367146269653,42.1663414891478,0.79613785006377,173.888970165607,71.2145202339681,107.721745982668,118.072224927746,0.200330158924955,11.5615730277258,2.1618198543222,12.2928616141766,5.47971421024405,7.24553939739103,0.0072325177061323,13.2272826412428,94.0245037749411,14.6523091612628,22.1290625510145,10.8872591424845,18.9471431847066,5.12006059618915,6.53575215688182,34.1870763003808,162.660880625284,1.54077796712689,130.148269254078,89.0612288239955,1.67556667311653,299.212252726321,12.6212027670407,107.195417658591,14.3645515601478,15.6461934834392,38.9934613744712,0.0171369953224614,42.9625690008761,32.2066954756855,101.907734301899,2.05249103819842,155.942806493755,43.1807402497402,131.663014579743,29.2364223130278,8.94256544266224,0.0419854419053922,16.2331901008343,18.8389942234553,144.74137836989,9.70853202149447,104.048965312102,74.7802220944691,18.6940623659373,32.7130805073408,0.90741999794288,5.25705035747739
"GSM773620",0.0776594296594454,0.0256168237027301,22.8344710399264,5.92280983541529,0.0145432887291067,33.9883055236555,4.38285775237756,3.85279222352465,24.6658588428933,59.1838389213119,20.4751955221942,1.15004954025946,135.665812028508,86.8342589929914,7.03194657503073,0.0402561757101678,60.0219593041966,12.7312509208694,77.2210082354361,6.22121985349482,51.4125462856447,91.5758173015032,45.6263204190977,18.4529514701415,5.96258091007341,15.2346938090821,9.6669003053109,27.3656304338848,0.102138999001527,2.63424330962429,0.594897003791598,1.6998338064895,2.77035863262467,155.432335391442,4.0883947424532,0.0934076694189716,31.0177834754883,0.110493494135176,11.5449021368854,1.0696626385997,9.42194483531116,42.837565091353,5.83251914777921,56.010901818654,16.9980222801137,67.4539690121423,73.3773918822512,14.2853346846676,64.4290503240288,1.68966766724882,0.0595436159705972,0.326335948951249,0.00871823942339783,17.8745953127061,8.89415803815143,32.571073547853,21.648190437264,198.913701081567,11.1327923967957,0.00803796200972767,29.0405783270862,8.38866524220009,17.3158767065382,73.3644032075853,0.962161311633823,93.9621989283891,345.924337560351,7.40947484506211,226.30506499675,3.8059645929091,168.073976261201,25.2305682888478,136.275259959652,34.3824817502514,0.350407941507862,159.89602358598,1.20676552493386,66.2868211769909,13.2856603477226,149.19604550993,25.9141738444307,0.071448979242224,20.5023711833979,3.82994055030753,294.910053273548,11.287109032041,17.4428353953638,141.633702557065,8.9455321130913,107.701190074169,55.0465196133667,25.333497369768,37.4309328910837,156.105483498376,20.4175214223287,28.4277630489945,189.796319185523,57.88648038931,61.6646181728068,25.7495078920255,121.0330145216,11.7376638218399,15.6247954123545,84.650021645224,44.4919824028838,23.8197248032997,44.8594752367413,47.1971733821152,164.482430057818,4.30474539128258,0.556462436899538,0.0886697853174227,0.0388711850383528,10.5784340886518,28.3464601552696,117.627314501263,48.6975419373397,143.883798721753,11.9197471139932,45.1318648286743,16.3687568833969,17.2325521593307,64.0792047917272,3.25791706753778,12.7064122993729,12.2249232959486,77.68377339964,34.6953645562276,120.894011284105,168.581495166282,421.245277450782,0.761809214800471,1.24152408000075,1.03126201569388,0.0823829815901492,156.054683044522,389.075395732129,86.2874085951678,0.148190821299014,0.129641455596459,0.437317699026673,2.8457434530004,15.9236356326559,34.362150459361,40.5348698799242,0.628703039633499,130.039216633767,52.8789184476334,100.482722660003,49.4574334717144,0.200795286187508,9.24351819745517,1.80343350669087,12.1242902045473,8.02351549265126,6.50480034850898,0.00813498986123475,9.22036747202774,105.849039279402,13.5306274177989,13.5506666462332,6.17772901673624,21.1788723642349,6.25240803380435,6.88837702070075,27.7390266362625,145.986851263651,0.756576574186893,141.076338045668,81.767752655424,1.2133570390331,260.881060056766,9.38216195409712,95.3600423513838,15.1212718666874,14.8427632047578,48.9148534466589,0.023807152554731,60.5095500352514,20.9562916075795,112.588878513988,2.0808280608768,135.628407714949,20.8408170247726,139.41203178321,26.5083399749235,8.28707913539422,0.056338512335257,14.6273150437566,11.3307202268396,133.314956318204,11.6169374784764,107.290015138054,47.2795040915838,25.0797880206952,30.2983052099942,0.536532806508115,5.9112627204879
"GSM773621",0.0754223111482921,0.00601283265504051,7.69620643054025,4.03599612813051,0.00365530688344801,16.0421979637692,7.58634187752605,3.68706799362546,19.486444417023,73.8405234754672,23.0401451877489,0.33832193911398,194.092575739858,74.4956487536642,4.88024489259594,0.0136541776709175,45.5594579593889,12.2738395815572,116.15113924185,3.74212772833757,146.281779945487,102.155470317668,35.5638091155994,16.0738771872399,5.06227758288371,17.0096953150252,22.492277589844,28.1495705768758,0.0930071133686491,2.99218439697727,0.560563189563824,1.20078227839347,2.45233769164977,49.72686044938,0.407561564281327,0.0138104228471783,21.2024376010662,0.0441389739708622,15.651517014229,1.08030690239384,13.5328976695249,58.0227738721429,4.89833887228962,82.3719720457904,16.6548715797885,56.9247073659952,66.7378648522373,9.35037102537074,100.52736312744,1.03833945805192,0.0486686910835427,0.123173277553356,0.00429457020905491,18.2069016438706,13.5244430789939,22.6991144186483,14.3691915939645,133.515410659899,3.27831080561486,0.0261707193639663,17.9072976459964,2.89056431057226,29.0046371440858,63.417779526445,1.36625207521274,49.3105200896357,293.605045883672,4.9845127284983,124.213662495861,6.27323091810473,179.313447402763,31.4333201245598,111.16683550482,46.4362322536605,0.258795919206624,124.628329979492,1.0236274600015,47.4612935450422,27.1626556902602,116.649747049348,9.99973891151454,0.0404817482554165,39.1852457923023,5.92029541897153,177.283393726571,8.68031845067473,13.7836644836221,125.774260226843,3.83063511909402,119.88627797546,68.8561464872,14.4433650530078,24.9357794903617,107.458922401636,2.22183509465531,33.5142898418932,147.860119570475,78.2814742585512,61.7318491209976,9.28597507235961,48.8585540586214,3.24532441333094,12.0202826836751,76.2423755657003,19.9662924287208,14.9126361633502,39.5956797691199,66.5806371907884,129.543710307911,1.84814068107692,0.401181388447105,0.0427538210705907,0.0213607904502628,6.8990623991725,17.3077731587519,114.471909823375,50.3955444776832,51.3103234658921,7.11290616267642,100.919993821794,3.27502722492187,4.98998094990604,39.0291372111751,4.69052534541699,16.4665694533861,15.6445123399571,122.709767234512,39.7125426963335,159.007284377777,176.429074034226,340.132103242363,0.915261125034906,1.26014003870161,2.1748073310214,0.0515697334050922,63.6368595964531,304.807799203588,79.9723264085833,0.0438766285163267,0.0174082220263061,0.235830130170155,4.48208057990815,11.3300005851334,18.4753174481465,35.8702944847347,0.64143670825545,229.324310197839,125.919531812699,113.712546541315,62.6622550176166,0.115109465903885,6.8248058408446,1.90451593574244,15.4009181787516,6.88945966837299,5.44508441628578,0.00562143831089942,14.0514282505363,83.2814592605557,11.07437069039,11.6369801793333,2.74336002119578,18.3700214462606,5.27616188104002,7.18461989660945,22.0494613900167,128.710776661027,1.39635929180363,108.846568424166,51.9033574985907,1.13264815672474,148.031588288256,11.3237448962953,62.5290824441789,9.24013651282491,7.53289057400392,32.8521711672482,0.00561373901799531,28.0677133857284,30.9717244236001,47.958346873306,1.81164235753664,141.197826081911,23.4111469426693,80.7703725010335,10.6271075738905,7.12754344537605,0.0109815459248492,10.1401917512259,12.5833453386051,105.128802787555,10.3620054062155,73.6010317314944,16.6912510233903,25.2409547474784,20.0586468982685,2.73342515820354,16.5817226805569
"GSM773622",0.0557279273934513,0.0323074794866474,18.5082314615363,6.01726740616166,0.0155864098045722,50.3153455835147,3.94877620785226,4.4898779779248,27.8353955851464,54.9049862271569,26.8009710324667,1.23264448907826,143.020154019049,84.8022042068323,14.8609828358872,0.0324459640779155,81.1797919076687,11.3106618913153,80.4939677547499,6.44794970773064,46.3832390316302,90.7776687712955,46.7374517519257,22.9839770005655,4.03856485606734,15.42188082198,23.6928583880962,46.3117646049338,0.162944524534617,4.84976827505234,0.833861441263018,0.851825570000643,2.26095306725153,106.897964672645,3.3202476128274,0.108317982513068,23.2566888855946,0.128668978903215,15.2397243996869,0.86783445200569,10.7792551421906,55.4319028259633,8.96618153501763,66.7139899822088,18.6900072896553,89.6745455091546,61.4601311948381,20.8613699922204,41.8361451343237,1.56404227409215,0.0600182942546117,0.249516547651646,0.0104865527485308,21.1434559082218,8.03999583094196,36.0223373170538,20.3595019591209,169.463277797675,10.4756018211419,0.0102624170605647,28.869166804908,5.19966996629124,14.8636204568159,77.7828201422916,0.529503156597579,117.549400472154,266.060030725885,7.98975923767469,130.878384785093,5.57721158969391,154.549859489824,28.9472181975546,120.625493175121,45.619417790273,0.338921343297569,160.691562808503,1.42180190968346,147.54296575394,22.414589815436,116.630353230942,49.2871515451086,0.0632018541951343,30.0945827787749,9.0189440416974,247.975969397922,7.83361095791752,16.0997998966825,155.558191893248,7.86629485911805,121.150064645539,70.1149282573298,28.6099903203588,34.1289975930294,136.750868444345,6.41734179154268,29.3186632587177,166.90792769866,56.4276070971539,67.2387231406229,18.3694320294674,102.204291256296,6.59232371923913,15.0503124898724,100.926721109448,35.2533167073287,26.0032545073385,52.613496507798,52.6514233363191,155.400329209153,2.91452797528978,0.555385770800674,0.0881290504624013,0.0360902643818614,5.55148317963419,20.3216421454231,117.108094505986,35.8788671955323,71.5949129550362,10.8924070455487,52.283868040872,15.191240608345,12.8821325868218,35.5986401271697,2.41497750580756,12.3168716482411,11.9495473055422,145.83521379516,32.7666445404262,147.01192764554,140.546627390788,396.096213307594,0.667200860422156,0.847534272913696,0.672641574688745,0.0724984953283509,111.658247749537,316.856277416867,103.918524994765,0.150484519335953,0.0839366264314981,0.367012274413226,3.22446280759268,15.7114903741116,29.7615882412004,36.289694510745,0.773923530215405,147.96294600561,58.8909133903079,113.461621591066,94.6217614265961,0.234563738982437,10.1572099473908,2.21726666993885,10.609389076568,6.21396612332331,8.866708285567,0.0104578323292277,17.0110810153747,100.130116079891,20.6563187812493,22.9689683928114,6.98319923605333,28.4473845934165,9.08571763188502,11.503465484768,59.160744057541,151.624125385013,1.34281897418231,157.324925676053,89.4632476555902,1.71616290429726,228.205854822801,12.5189233033114,94.9204689596256,13.4069173276892,13.4571156941369,50.0210095175752,0.016535784616087,44.680418071048,24.6889735679906,97.2948998279654,1.97964849813017,117.196017433426,28.1458884507159,133.722436187061,23.1059733930556,7.15317582561006,0.053838200221076,14.4164783164541,33.4568393413288,125.978832586717,10.7852762164779,94.9327056976759,60.7619446560058,27.1050645943641,27.3746331673326,1.05522649325146,5.70051515663388
"GSM773623",0.0678375230428999,0.0316066463690151,16.4561576359567,4.46502777770052,0.0156785852823034,29.3462654727907,6.13013059061118,3.35658951763417,26.7754302657849,57.1814017202764,21.4574733592216,1.67783360120118,157.242403227479,90.6380141125466,6.73968442509645,0.0616622237979596,109.894751924053,14.2640979742497,70.5130062978561,8.46008353394682,27.207617943986,121.47165263895,60.9300121242101,21.5903565954165,9.68400658429404,15.72959218964,18.6434400080584,39.3185912011836,0.261809295756069,3.50138859491596,0.790908289097147,1.33247247771874,5.68073429635183,115.242028796457,23.2849775062694,0.0760362376634733,21.5026509692264,0.136903375661614,15.8125120637108,1.29562840922397,11.2165033717653,36.6007986158659,11.0580375780111,78.8167789614288,18.8946036370771,49.4532471723802,72.7736376522353,13.2813612699608,49.753038921483,2.53940145043318,0.0552821991464459,0.395628221230207,0.00889886861243458,18.7537147045347,9.12352979065353,40.3580669329341,17.1447460949291,190.824905331835,13.1249936883115,0.00996069775996744,25.6597082106421,11.2999402988862,20.26033055793,91.3452208783994,1.33174351628553,123.27657916261,462.21265926737,8.93434696967093,265.947060421033,7.87915963252943,135.281120560607,60.413330052828,140.64702140532,35.3618063532916,0.271053743724073,155.006628241328,2.13057415520986,68.1295153718193,12.3792002002274,177.239145218621,22.2885576613947,0.152898254915906,29.1933606082332,5.49533748757281,274.972730866169,11.2755493609975,18.4987536149873,150.355523198881,6.28922406345931,96.1953384233875,50.5113116603923,21.4746595646813,35.8761234750743,160.168541328672,11.9592065546084,42.9187993343014,201.900742888423,60.9989095280887,56.7278600166514,26.7405245332201,117.646061465426,11.3974449119471,15.2951474272143,76.2771352194309,42.9866468380441,21.9812686357371,44.0376031541593,46.9312566124668,162.330202916991,4.88957549655436,0.530317415142617,0.0641844029199367,0.0421186310785967,11.0051107909546,26.1201460983777,136.769742960101,41.6516473533651,26.1982103612924,10.5989350081056,24.7757122080902,8.89747683261377,10.0651376886059,44.9264115288385,5.78933090966722,18.7145735731628,18.3952398240572,81.0962134423646,33.1602434628931,95.5548462142763,80.2592994437963,372.377638345665,0.717991973889074,1.36727465081835,1.04376470697643,0.073834043268374,120.632456372954,428.731844325862,83.6666324812587,0.215951103060486,0.174914805584568,0.602829246263578,2.31697789720499,14.5739373573473,22.1225250398029,30.2320325724476,0.398087421979796,169.403361180503,43.8563335647923,108.941594162104,71.5709856067941,0.222958134867273,10.6434874871096,2.2941606772833,13.39128576433,7.18232132903734,4.96448603981322,0.00660680524898158,9.71908541786489,104.035041895468,14.5823233138321,20.3856416859853,10.7368947356732,29.9388241779765,5.65278300061934,13.0531986655647,33.2244202045805,142.283771481027,1.58306456357097,127.298959953082,66.6606338443593,1.44360453326781,224.236385498302,13.5817693281702,76.2637148567701,12.1799432088113,20.0634276322195,42.9706468721853,0.0200544282055576,50.9431375270791,34.2512714714487,90.4512622480251,3.87917020813359,144.477680989253,24.0768522243533,139.050090107171,28.1577710912299,7.74358246772822,0.0538768736581085,13.4473230412028,12.1409567390421,128.417238585435,9.18163797532535,104.045385945322,66.8250882637956,26.0975445557811,33.4121516629935,0.895886545985935,6.54459441066317
"GSM773624",0.136597514955462,0.024963398186666,36.2495072755894,3.73760267153659,0.0134443521825527,34.3036662471923,4.2961860535881,3.36652631816924,38.785782471212,77.1519038549157,18.8529719927859,1.11894833953428,159.721093429683,90.3158880577125,5.62564314551245,0.0435023373911783,86.8367313626776,13.4577408194534,79.3249002014237,7.14333692111672,70.0327171904439,147.312705563365,67.1353858539749,18.3815562134833,7.61979041657508,14.3791355517908,17.4935933473496,33.8231946177371,0.143435211787961,2.75895536334921,0.842566900671303,0.936308525339569,4.53162124980067,227.905104866008,8.99419748438483,0.0700544362569195,20.9215919791006,0.142637998840815,13.8945986770331,0.671176955258053,16.3341446719882,41.1029406126216,6.87418901686733,81.5316083551998,12.3669989852138,57.7562603071883,85.4695000049021,14.7746139605871,79.3146998397929,1.74987986918868,0.094978650379524,0.525213735175451,0.00886746408331431,17.1780552829806,8.74689129267948,43.8838328115276,24.2150518947951,197.634988079973,11.1545433320876,0.00709888108836027,28.880551419126,17.5686250695816,22.3617921218569,93.6259201796253,0.350748443111188,111.095175947131,585.871960839621,17.1145255408712,322.147091506975,6.22413503754653,240.422072853845,60.8855811043026,173.466828942413,40.347064246548,0.395533117458606,203.505407683192,1.69953395904634,59.3929677798907,15.9465494004829,199.111807156235,18.6377383315059,0.112019736605816,29.484667471102,5.27531672419237,330.242190962007,5.70507330541871,21.1153527473066,183.207238119568,11.0891071513028,186.992523661162,70.2361841637589,21.9845156489336,58.4006874817727,199.133987917806,33.4815760146903,60.649025323454,222.601699748673,70.6760797850338,85.6425856359069,33.7794897256359,169.789620466559,13.9212836396158,19.803140096309,105.419350668431,68.4548941287225,29.2697742858788,47.1385059074502,66.7195445337522,210.845880501168,5.53383286800614,1.13404853936736,0.200394540591787,0.059630328715777,10.6764682573502,24.7954863907844,174.164323514703,98.4336626068383,242.170194976439,14.942356389167,51.4062232329123,22.3171173663848,16.9036032763363,37.9343158828141,3.35092730190676,23.1293428801054,15.2762249270706,118.165910126705,52.549282995306,50.5996242985913,178.60643214614,579.94938068912,1.44578070161081,3.03306448862102,1.60099028377959,0.123654779945339,206.263831931865,499.013361698102,130.773292467938,0.225720807902498,0.171147004448743,0.690779783471658,3.09411988687978,17.7765987537833,38.0795863799167,48.1935469597614,0.714109170961846,200.577395182307,59.8874272190355,131.138158945316,100.473622652721,0.201307474302166,10.9820696620733,2.26836774382453,6.94726292568056,8.99966744307458,3.47572958390088,0.00677386132270784,10.3265091277367,124.229207794966,12.5427963474189,21.1224967851653,5.71798872091412,24.7838219274047,6.25376873459,6.89677335946606,33.7788511697639,150.708472410782,0.92669120882397,190.013531754525,93.9259000011483,1.36520418920411,264.215067708451,10.9091937022237,102.641684777386,11.2467653003231,12.5354856452385,43.0934103515634,0.0187581186224787,60.2857976867054,28.5081712636776,113.07979031515,1.57778277165227,137.279082694846,26.551682365453,153.158466004934,30.5615197798442,5.57006452367376,0.0481568009797523,7.74031491498067,11.0552939966783,159.037901863873,8.86361708905603,98.2432844008249,57.2254821849628,27.3419156098682,30.7192790376958,1.08032776022612,6.171407705992
"GSM773625",0.0327920024302668,0.0122983285446433,7.33758602524091,2.87662350115709,0.00890333374644512,39.8983588986823,4.70445324260185,3.60196286278388,18.0643964622613,33.7639763744684,21.0919771308016,0.598027002144125,104.186749829654,75.350929488744,12.4740104085373,0.0170733847270127,43.5242469788414,10.4391457312319,75.5050726631314,3.93944219580671,20.5193049958654,61.05534091876,25.7552821356071,17.7114652231517,1.8735976972439,13.9986192038329,15.6066951895152,32.6816046512688,0.106169683479718,3.04485924804903,0.626301026616981,0.741104227118093,1.86992783098643,45.9933448614985,1.42942916867513,0.0499284288087518,16.8424965065264,0.0880317943499439,9.48256643508454,1.2268654737888,5.21708951214499,32.719894176477,4.98388105414796,59.985078102072,15.1091702265297,61.6743297959264,47.069771489778,18.4379293885665,32.650519433396,0.914100861269278,0.0422571761161148,0.102263057010841,0.00695697229292394,15.5209290528286,9.5777503345089,28.0914141027364,14.2887819432502,99.2449809399965,4.44807002612559,0.00865692350342295,21.3231028717902,2.89165524623898,7.55777366814298,60.0022059933279,0.832695702179174,50.8810889470947,165.422303996073,4.64394476907137,93.6228964678085,3.76074390365837,105.346884412736,15.7088978356848,86.5431066259306,32.2878177813493,0.167709323213373,111.831277338582,0.892998015983827,114.692800117977,14.7337482404421,101.994229849957,42.2743547125102,0.0415313848337036,18.2469189513359,3.72317963564419,141.236511620829,7.19322545254132,11.5163546487636,121.272429782808,5.92565389119768,122.77839990569,41.0608771388832,20.8348107613297,21.5085742951938,93.6817799478106,6.33434050864307,20.3737495937511,137.273442066054,45.0971824601378,56.6153563633407,12.7956018395432,66.7907425678139,4.56435548147857,11.5703949735437,83.8487049924022,24.4278609601231,15.787499172988,40.1629855724473,44.8468526359905,116.591345481939,1.99295298031775,0.383195557364437,0.0501186319372502,0.0252665825816783,4.74456640095737,16.3723422222373,81.6969898534234,21.3201363846888,38.0324908370478,8.61204058981088,43.8169260858885,8.65605369458521,9.85862584333689,27.8720478434886,1.67203800673649,5.92104201769836,8.87065062582321,105.343476802068,24.5114319351313,243.026884338399,116.981161368628,339.21843490377,0.476141960746395,0.518049648510257,0.554950268910037,0.0517669152722563,62.1130995985405,255.517148661793,81.3364585989309,0.0582145684654394,0.043151992276683,0.247723606515356,3.02173643019028,12.4253376063342,25.4117029550599,28.8892572525821,0.569704797348036,102.387965559185,54.3540800468217,90.228153088425,56.2406931414565,0.18664037994921,6.56042409626936,1.61346016131359,10.7652393541477,4.98818427387618,6.67354122189978,0.00539327065222879,10.5776433804039,79.308327286648,17.3640941039089,12.0511328111197,4.82118505158613,16.3327339751174,9.01903365085174,7.32778294113225,39.433596826624,112.051390234666,0.945355753717575,115.88691603286,56.7242434497223,1.16176425706678,151.406535202515,8.07940837567035,73.6183253660745,8.93979609363673,13.2777878421003,39.9416486549391,0.0246208740300528,35.885210471821,26.3656344988587,58.3928490268446,1.26112131037888,95.2552232095293,19.6923635725565,71.9794968742914,8.64742907870011,6.94854056935243,0.0210657074512831,11.6445068524035,18.5703654624621,83.9057103158095,7.8428691401652,77.7036339773046,33.9463641007976,22.8857357420007,21.3409912907883,0.581414909428815,4.55859298469118
"GSM773626",0.2030287483589,0.0529110566724205,73.3144435785405,14.3920339872143,0.0243543957869267,23.0885176845364,6.19638439007382,8.19202195053252,51.0644848223861,158.254632593773,25.7566023994744,1.30792568522821,181.664031173806,86.8521659311781,5.05206548717576,0.0791226627608984,134.241128228822,14.2846088559209,98.3378804768176,14.3433802400267,386.51552411237,161.530741184394,80.7017206615019,19.3602426331963,7.02645583220858,17.6113465830348,29.0469459428595,56.8937635503448,0.304504365623025,5.74282023550882,0.806673639822549,2.53757329516407,6.42014592691438,331.974162014354,4.24325535019865,0.16753440420136,39.9170782833463,0.128182221989172,22.4477839489417,1.56020303438249,35.5014787662252,143.831103114319,11.4508848664221,98.4164623615283,18.5302978428744,46.1919549370847,152.195739383217,15.7255819725174,123.549335431965,2.17583632305398,0.107405434412471,0.884201468395742,0.0119392565054393,17.9986431943204,11.5619136461637,46.3806373480439,23.0054855113627,248.850127745444,17.205499974659,0.0202872962482306,32.7857603890798,8.13778734246782,55.7336551348834,80.3395337918763,2.82977426454214,196.163072540958,662.072165249011,16.4866604317238,293.822891429211,10.9081487090479,286.524450757081,53.7270981334222,181.551078099221,55.9480963746209,0.975916094425903,268.735170981389,4.22564438141409,41.6151112783637,25.5715356600924,221.105756810142,21.0761047197643,0.1926750553407,50.4287337210664,9.86814759632332,326.395977873014,19.5505942792957,21.5699657935985,186.654735527394,13.8716031928404,209.457508647146,103.83858475872,45.2853482678789,53.69611688054,201.033843876012,20.3983184471664,53.9293056871411,219.540388547695,122.026173215077,93.1986344317396,38.9072245142739,141.680417555857,17.6674390715297,22.0625620799376,149.757951620059,44.891471617994,29.2638054693905,42.1413701022873,94.10214153417,210.048159501429,7.23510100566986,1.11693682591864,0.189732086615656,0.0469139765609882,24.5221862137852,46.4550883784866,214.856877321801,106.314889035141,139.778627827061,12.098516250909,107.840371809355,19.87310728795,12.7787757936395,87.4658718955277,6.2535748601522,23.3014830710374,34.6774844418754,79.6361489950877,59.373285013071,198.306658609214,327.245236490879,619.877002701993,1.69687566726727,2.43027960105565,3.22173158506308,0.171379564513263,230.075506693753,524.208760799076,119.209641606527,0.304713309384589,0.200695728827453,0.664498665816885,4.10295387335359,18.7342356977284,87.0736851514391,53.3496414080241,1.19318747770241,226.093956760437,109.501076112074,149.007278747288,121.89356978189,0.273807394869512,16.1836985542961,3.83052584235401,22.8333483302176,10.7182130900461,8.5134408049892,0.0279793866947153,26.6849742606777,131.127121599524,15.386701723429,35.088489677888,12.9048899493595,32.07379731526,5.80677131541154,8.9381461542084,59.7191839023277,276.631580858552,2.38466965733771,184.112488974597,122.658002119556,3.54955332854343,343.778946647551,24.9793242641981,180.070651951889,23.132685921714,20.9078543911244,43.9604147341486,0.0180704422754027,72.6498488611431,36.5427379704043,146.545249160174,2.60170865929986,252.368269996818,39.5196428353483,163.437914817236,29.0324967379954,19.5866190351633,0.0878552555002967,20.4996372438768,28.107048502148,183.317878697029,15.631636795841,134.961102447411,84.4283257923048,21.1800586080962,60.3031006623562,1.88860660445926,9.26033987931932
"GSM773627",0.168939957446992,0.0551300168264157,56.6516612549288,10.6251911617074,0.0187363526077921,34.1069928548313,17.2626951937397,6.15414653557767,71.7659589649076,107.485291570012,22.0711520171122,2.53800093135222,245.363641312948,92.0467813046949,8.64120097259982,0.107717519206002,125.817958633093,15.6201447710327,106.379336567879,18.0088347469685,375.672711805064,148.693117592561,69.7502838886556,25.097026402162,11.5481139122749,19.4353791753669,35.7051008254677,60.6532322572801,0.342947569152183,8.15091545557373,0.807574921266061,3.15120830788745,5.42099902436327,271.184733957653,6.87873174078196,0.187967960015738,38.8746087910139,0.230868743227697,19.7605458781489,1.42751407529233,23.0174697474494,81.3899026488656,11.6044275162933,89.628634969611,18.5236743489751,46.9565787918071,145.974389561021,17.8406453564973,143.391729961852,4.13096744915415,0.0836046514065023,1.58371328880619,0.00909386265530444,22.9360308600603,8.95537242735745,50.3341137827235,29.357266248304,301.186410020174,19.3818284369178,0.010384689915845,45.2361598957328,10.662397254863,62.1492825035593,88.0947816161665,2.04519011023226,174.471498660232,583.571351721956,19.8010208655843,276.014295104386,12.8382322882761,314.638898524064,50.8044620259861,144.928249154523,72.3299684620099,0.748114179136777,272.958937150373,3.88253895782621,65.6630892131153,30.0480529571998,195.556117004775,45.5018693739277,0.231179875210179,87.359232642098,20.4802908332617,425.991656502668,21.4864919541062,22.0638786650222,188.27388172275,18.8500369416791,195.875885234908,66.8489017573308,82.4247540386721,43.8893208966251,205.833308068383,21.1097899301068,46.6109245748396,229.040982815482,144.632663274107,86.7946093750503,48.2551808644164,161.467783942399,27.0493202488909,22.1901106787893,111.138484899027,37.0431213449108,34.3917959614194,47.7769107812553,82.1768663417633,209.609354085658,12.9563250760888,1.57412957976563,0.241017875621824,0.111032203686955,25.5479888364753,36.1085306654675,167.07646597276,105.471009850528,144.315588714188,14.1064953514273,55.9260133306393,23.4169922981237,17.6897575766671,93.1612446515009,9.13683564011807,27.2041357372204,26.6372444143512,135.096872880151,61.3524728128412,245.399311523614,254.389933821305,592.738603442309,1.72941156028929,3.22146112227375,4.81476405360064,0.137646362329691,198.767005069344,529.848293436831,135.049528888568,0.716447427594819,0.310749878451057,0.926603968657962,2.64735651475755,16.0470490465943,42.6354828977584,51.0404302962607,1.05563515709565,277.170983993744,76.4831525424655,169.677650593818,148.704065080241,0.210170610992163,16.938639242913,3.95100757134795,24.6135698357941,9.41101081033754,23.3702141695677,0.0202769298672318,25.0431189126957,132.859979574724,18.3348351034745,39.4823647224985,21.2514358877838,38.5627711911872,7.09300959080301,7.19673925857894,65.6685050879334,197.647176869988,3.11468956194273,154.328137321742,136.604441641373,2.60053913512903,359.289419223131,30.9765365340263,126.217208967029,20.6126258843046,29.1005175065524,55.3203724651436,0.014818304459894,73.3859090326008,63.9821977115584,127.622879670982,3.54844040812846,218.764782784693,49.6968018468966,158.593595838393,53.0698526530382,11.2577812779408,0.157793927922024,32.9782637601333,41.6344649897759,349.329619285264,16.8051814501549,136.41407711585,127.71320495118,26.6894946692659,94.0807813278944,1.96433342001655,14.900870905256
"GSM773628",0.285609525890625,0.0404228680096202,53.5416157290937,11.2007451634182,0.0133622497644626,20.3218387494909,11.9649308071902,6.61524267575318,70.1959523833367,99.3784969466795,22.0380603501989,0.965629926073344,198.960688841721,82.9570676191906,3.85719946146854,0.0350061394716123,158.812725916608,12.9758085130563,98.5396688054763,10.4568023120602,286.29853499402,177.897997168433,90.356247354578,13.2402793250411,10.4921836218729,15.5573295872716,41.6471814493532,108.111670090675,0.450376811131617,4.88884566421372,0.770484351503792,3.54964138861262,4.03857334018473,228.79833181139,2.17802670878567,0.109903533884884,33.7986124558891,0.279465057289167,31.2394734293056,0.503938471560016,32.6892687647588,87.457700073726,10.533738803733,123.506503776994,10.5706530466757,48.4335617828255,149.653687193463,11.6416935397328,146.714665677717,1.93006251637832,0.119015013372566,2.40873250173841,0.00996460769429423,16.1400212742098,10.405956383447,54.6963046351547,27.645149136416,229.182023857557,15.4180413643484,0.013390866233653,48.3778759936515,13.178374793004,57.8126054839185,104.306062454957,2.70420152095149,219.472457870363,683.16877255816,13.5584989833912,227.834957041022,12.5422192363979,294.671864000597,61.2127907650777,202.122127653463,51.7107425189363,0.577671961335383,248.03380233852,6.98652499975764,49.6042898242001,27.9193585036934,205.121388194662,20.1252292529962,0.0932777949285568,34.5270243035726,6.39603116262216,425.038607443549,18.0133580219226,19.3401886739104,230.012118456422,10.7850969824106,159.843895629597,122.869403567127,41.389967821471,64.0411018501165,187.291841083924,10.5899987243046,87.9193639170923,235.482324064402,142.392079338638,136.258427300377,35.652880108911,149.931500140547,12.6105751652503,22.5130573835008,165.173446873724,64.4941828651133,35.9239631770117,67.873395262201,98.0580713116734,218.994902065935,8.76029129050699,1.09635016599406,0.159164925877011,0.115407115718662,16.0831544791681,34.1111853000519,214.707833062171,158.371031208696,243.567680661253,15.9746560060366,111.632132901767,7.22285991331125,12.9646431692787,79.4533775392973,4.59227155045431,26.3537463082066,35.0018941364964,127.495198128907,63.8420243916448,231.878426395711,295.555098252419,624.787004697248,3.83657599623741,4.25095534565705,5.75050980410439,0.118871451775949,179.288582858089,532.247673355608,135.362388488417,0.401126646573154,0.163060171907315,1.04696267549147,4.02952330515355,14.4816633812423,74.737914086222,63.2805728796547,0.938992122665782,267.784408844713,120.738598252494,115.823123994898,136.701459864979,0.192978766023227,12.7632034642754,4.15293968641665,28.7945867675953,10.2793075931361,9.74098102360388,0.0105358812871465,11.1608566719435,134.325796721972,12.0384409747203,17.5600019660883,10.5934070718745,30.1523524123225,4.4469523940144,7.13846103021129,35.4676078727777,227.680401755751,3.82383840462257,162.78455573722,126.096526598564,1.78869394612778,395.71143278401,20.2386550376229,177.27646459989,19.0142950706278,12.484388848663,41.1282261117092,0.0113520899153508,46.9055613933147,33.6795936210904,89.5512621156139,2.9572788930466,177.374111498423,33.590895430802,191.215145732028,54.0891109922765,20.2355785399644,0.0834000488499998,31.7086552655668,17.6001813830751,233.744738254855,14.5502960571999,153.315715116038,108.383076710235,23.9512256214712,48.1844455114078,2.53826343235378,9.02313700947307
"GSM773629",0.0409484573679155,0.0109415953451396,7.66190658295925,2.27578587422249,0.00757534517467335,31.4069105524317,3.42273347338494,3.56293406988948,15.2552728111923,29.8643884655125,16.8969526485009,0.527188371310727,87.7029298588242,72.4873412319078,10.6219524256702,0.0176703952599016,51.8656954107912,9.20021610880737,65.9122133890964,3.78518926004232,17.9954026024928,80.0932779461325,30.6182650349689,14.5929152610455,2.11110103776755,12.4201062176298,14.8520219680405,25.9695267528363,0.118651400960409,3.25149443831119,0.61417795273114,0.808219303055893,2.17112911938851,50.8176361783623,1.56153065192276,0.0450546760397441,17.477929232819,0.0880499417923991,9.50247108023217,0.989602421640355,6.81927653818233,22.5201756997904,5.8362833931372,69.0212418554402,12.2158239027176,50.1543672977521,35.6266497512223,14.9200633503007,32.8923784911291,1.0157350085793,0.0452563435064986,0.085791667983205,0.00587745436655408,12.3631869005759,9.56048848593653,25.924438496567,13.7152072837404,102.080956556501,4.48261084556717,0.00586413288119362,23.3048534576651,2.68268606054042,7.86588836433203,60.2828268616743,0.775357680179308,45.3248010113522,188.732387523654,6.2271104213625,94.4224013779998,4.41523912013991,109.711059307237,23.9526002837383,95.3115578063874,35.3194249567272,0.14958864268617,116.611072311326,0.910719054091261,112.269208823147,17.3027916102857,101.633148190527,36.0726737117683,0.0485384341162341,26.3535417035737,5.56853531800676,147.001710160331,8.95609617846425,11.3019507584824,123.522412684891,4.40933052769696,112.524448166989,47.8343529551189,16.0247195722792,24.0373308605589,86.3575897749654,6.34623655958492,23.3846938921583,118.022695478937,39.2542235468091,54.3636297402068,10.922396783103,65.7506133496414,4.23662738305828,10.9156380685546,90.0200822298632,24.0116220121102,13.4516689894114,32.3607592423043,45.1047014501147,103.342088863341,1.98593665807384,0.459000062847629,0.0566299553797186,0.0305515456929918,6.84296552971316,19.0402770842009,107.245487434798,35.577196610775,39.1783278735057,7.42667694687841,51.0189424940837,9.28208817821435,11.7147445262652,35.5358556903951,2.26603921724067,7.97231928319167,8.22794622759885,110.714500326972,26.8359732876665,233.625475178265,80.7524272965452,344.545841796853,0.52829531532867,0.590978399665324,0.326845701678368,0.0537034553521503,46.2610640947575,259.739502195917,82.233488196896,0.0498558604104184,0.0396783561276561,0.25831046701511,3.39689173140319,11.315024783344,21.9232521093897,35.5956390384669,0.48285074704966,101.912507144811,59.4639469515145,84.8296717307091,68.2114008611884,0.159877947925454,7.43538199175423,1.85413222983117,10.4042122908519,2.74260965694288,4.16575993514487,0.00399345172218875,9.68450035834885,74.5666836357393,16.3039853611019,12.3638159537429,3.96306921488967,15.0905334733569,7.10013071727839,6.84295850583942,33.3854387835905,111.130743781636,1.15759380488475,105.274455935923,57.7442819402171,1.19230673712385,157.915035296554,8.42186628806135,61.3524197017607,7.22379368537558,11.2104375041019,35.8461074874099,0.0190024509972174,25.3499483131164,24.4058712011079,60.8361687667209,1.22512281727175,87.6682787496504,18.4367073549118,65.3313880607732,7.92334910742828,7.98408910397317,0.0169882063255235,12.0041318299738,13.6530306521922,67.7555171044686,7.84743219059093,72.0126750233901,30.2622395888967,20.5459639324285,22.0052330147823,0.459351059203234,2.28059248800157
"GSM773630",0.0376398270642033,0.0240757744609404,3.28980412356958,5.10601398991549,0.0080425365755993,21.7043522708829,4.70603021195403,3.93791114406883,24.5181882937578,54.9394116615943,23.1309698692146,0.423510028928447,429.323207743697,96.9542810803895,6.74845805213662,0.094997894336819,121.238923031017,18.023123483446,117.668456207874,4.21714668229193,367.246500837987,76.3882878835051,49.586803228649,17.2175106199838,7.23951693059992,25.0272802350916,26.5749037148872,88.8451626601984,0.420442698650774,5.33024325364226,0.84376259068787,4.37351705155037,4.54326292337839,43.1732730313395,10.5373102265759,0.0402496148787256,18.7120640635793,0.0748624067613686,16.2643200489083,0.637813488132676,7.77921071661926,24.0870038041484,17.5521731123465,54.1760651995742,14.2259294408173,44.9899356651618,105.292984596667,8.20493962838938,79.9597594693043,0.761142943273944,0.0966455978579131,0.212889594524602,0.00398046221162874,22.9752318067366,13.7821446690735,35.7601723669726,16.0801117232362,160.8738642934,8.08612148089907,0.00865340771777545,15.3753309545505,5.73644139514708,28.6769870665148,61.0012085173277,13.8580674476506,189.028137511023,406.800214574238,8.09587966473353,62.1381626019864,14.3726917029365,162.697592580908,85.1030465606532,75.2929383035295,72.3654232227998,0.231349849312957,157.100974803726,1.54872177085993,52.6206448122586,16.590344281299,78.8147130985064,14.5998351832511,0.067619655137526,28.0333023591333,10.0821058461431,124.722490062998,44.6095631306398,12.2911383988558,137.285073801727,6.13169464632074,54.1698819623752,37.046102843471,15.4658833322505,67.3828458668616,135.685339548496,1.98869680070788,43.0257190816018,148.380058026255,86.0629305914088,47.0649313587203,21.2851020726036,66.5866513143718,12.8469476826341,11.0000120388904,48.5351484656345,41.4635071764568,36.843509393655,57.7800240864765,45.0315462155258,165.873971010893,5.93229655703007,0.635416699329938,0.0932448916122598,0.0398506067835589,43.286718512726,68.4935415849634,93.872697413678,59.228077290973,17.4013239819132,9.56649823063945,22.5715152925179,4.60262926148151,7.52445136796599,267.594638693169,13.2755212663872,38.0544239333729,10.1487448629357,101.439419184702,33.2023934909044,154.826154202148,202.388482280135,313.323993386987,0.668336387475282,0.510336388322415,1.80882328700796,0.0786144256684903,91.0165855331585,316.952034946665,56.7127328476355,0.0955364265780059,0.0649320884274681,0.439469834781321,1.12315822915567,6.79557476908267,28.9870318341465,26.152554437335,0.436622149145598,205.543610568564,48.1662444534406,82.9968910410655,53.1092013359833,0.126552690766549,13.0311554406659,2.78959446105412,48.9478501588516,8.14563502009996,4.81571636401746,0.00878074980172452,15.5757754631899,89.9760031413181,13.9450769357556,30.9609848925026,3.34535082676097,38.331370057486,9.00776603747555,18.496492650677,31.7782634205826,126.46991037796,3.79383733578164,108.123961908765,66.5151997523964,1.1512688028877,119.790274412172,29.9199650706519,33.0329743087819,6.33126254954086,7.81462132933619,32.2212486292501,0.00593535120132325,26.7738223810842,30.9208757828084,85.051551920705,6.36508889736466,143.217103761245,29.4269540442352,86.0031652573403,15.4934765022442,22.1009227372893,0.0473280685400259,48.575844990966,20.9554414444091,148.693131048504,20.591486402852,92.4362000091582,32.0576983955068,29.3430618920842,27.8146996705464,7.9884126299364,13.8555853997418
"GSM773631",0.0811362384244542,0.0248906299294813,34.8287781090824,3.54887619903694,0.0147495545800063,24.2550277921195,4.30287447676909,3.23759399130459,58.585375093407,88.9153956449299,27.3058423263783,2.19114871559874,193.417879677002,100.166594562424,3.72476264490751,0.0607723547005364,124.611620015422,16.3605986763644,83.4501634334656,7.50447869545848,79.0107748399784,105.236858964939,61.1794851594094,19.4407848691275,6.35838586630876,20.8433208911474,22.8265523945342,38.2540222903627,0.214764272510054,3.10894772525977,0.896009118288169,1.4571598307958,5.23443435195083,166.109681568932,7.72926838192657,0.0569777807363979,27.878773370869,0.169439887217128,12.7337636016239,1.21800198654205,10.9068769972007,55.5731054574933,9.8975565968733,113.116437445453,22.8818481668983,53.7603054835673,94.1845742985745,15.1757272284925,81.7231703662734,1.84501138611321,0.0695222198985692,0.529751818914112,0.00907783975728286,19.9177871201808,9.81391597490342,42.0890631066362,23.04654752867,204.674226407062,10.9620596014319,0.0141908158007886,41.062219571291,12.0320484240444,24.5131446932286,86.5386301579054,1.18905986466617,138.78725716483,485.955342210416,11.0878911262206,341.857197510135,7.45715426799939,198.964688587893,36.7404897190426,161.559122971411,44.3808457450189,0.312265162696547,208.559541600506,2.98711464240487,52.7780028921168,15.6845924735254,212.572577467363,15.0464137002344,0.10769360777139,17.8600354345572,4.25048897434055,325.367322788685,11.2715701566338,20.2776848313108,145.82832314167,9.35837663017389,122.458064234699,67.337236419224,39.7829655191036,43.2316771470676,193.655687320785,27.5294776076698,51.6355549147518,220.60312548697,83.5503073834318,77.5773448579709,36.1152796548043,148.913640299541,11.4873931261378,18.1646936487585,97.0145929218221,51.2306617172397,23.1537455172473,67.9635547051904,61.9258794647887,215.806583297783,5.20786054182333,0.71765692301769,0.0839215905807546,0.0413012582939308,10.9566481138575,27.7158696464562,158.161509593281,77.850182571117,166.988556257994,11.5257066571374,47.1265477819192,11.5737874118265,13.8906541758584,57.6381594444569,3.6455917398159,17.1208554241978,20.4214601714369,74.7376996026142,44.3392125946619,133.728916529991,125.279423276494,571.768611341467,1.39073039430716,1.12694076489382,1.64030849889928,0.0922702280870354,222.789583101191,496.249387849436,110.272995225662,0.141851433203467,0.0849139333385927,0.447547387981394,2.44914270982438,17.4941323154737,41.1149390777494,31.1126650694451,0.706778353062234,202.735127484469,52.4445752528479,108.675305148711,70.1268490014032,0.209847731551152,12.3235228675816,2.45377812541901,13.32416573338,9.4618260811338,7.00229021151453,0.00781331118544149,10.064195311392,120.493456840214,16.5065602125152,19.0122069890043,10.9535452304189,31.068768109022,4.64405571353726,8.71701720029522,33.5654069410096,172.870924108117,1.2666042157514,158.204470768759,78.6925500979433,1.39714168559522,241.220694976584,11.0383687179847,135.050860668551,14.2346863552994,16.1904129548823,39.4870515480659,0.0190759302612679,62.0322240486857,29.1414935157852,111.414452572814,2.86768075710685,170.218027976649,36.384502506841,223.319493443258,46.7841998500618,9.77462382350848,0.0480540317978359,12.527323505689,12.1903481888789,166.088184727735,10.7334767418395,130.959459358993,86.1718323609749,28.995148510862,32.8073787331762,2.20137047706684,12.3060591431934
"GSM773632",0.0864944900987369,0.0488225479955984,57.6117674526407,12.9956347209922,0.020137631807292,30.2057582969851,4.75757559984749,4.33300461619022,47.8489320439643,137.163876541487,33.0915539473529,1.78398204819678,241.686375799238,99.4428254206543,5.7462390970584,0.0698758647080881,137.544425279712,14.3766899142648,93.0025252025777,12.7988087268874,156.102709774832,141.734421561858,84.3392968073487,22.7373365712612,16.0887420899287,17.654531742916,38.1546220909304,76.902146820286,0.468236004295563,6.68877350860023,1.14784614405807,1.8733510931958,5.33133999288222,231.77203574133,4.23734678756254,0.112393413405182,33.2285528997,0.226372821150797,18.4754474215757,0.855068293857105,15.8022403400797,67.0411283159852,9.03948236403632,96.8507106421938,26.9877348629438,65.4501331817529,133.022766477757,15.0296167104685,122.81629477266,2.53612530919441,0.0772784652475179,0.573838417899995,0.00933129325525089,22.3494584615646,8.76580474040242,43.4261566681287,20.2397934220631,233.806146105301,22.0892761141027,0.0116076574894929,36.7587860938553,12.3922565312582,46.2726094155015,103.670599682187,2.45352338144771,182.109438498412,619.048344086704,23.3534212681549,278.554359586037,14.0691046392864,204.095042345293,64.2168944688254,165.573934964685,40.8404539191204,0.602650707911292,246.427924766503,3.30951200453898,52.099597768301,25.9158977286945,177.515824154774,24.0226416860736,0.17716002079887,48.7847887420536,16.1941532486985,340.1925357717,18.3499803368488,21.7723214697103,217.684303448334,14.6249494916619,183.431700497568,94.8375106981322,44.9202417985271,65.1666087632939,219.302544583867,17.659210763814,65.6152696162996,221.743875243112,103.915642367106,117.485931946029,43.6475574132117,157.317685557117,15.5278132085267,21.1958696791873,128.821877010959,54.8921757762648,40.6100696204003,64.1578356262155,93.2100921162293,253.309406953491,6.21192132130385,1.10791809689507,0.137898441040195,0.0582127372840437,15.1150561479346,36.8930096569534,179.883694756259,67.2516480334108,89.4431940483596,12.8706423299117,91.296522514312,16.3263351984547,16.5693592169287,70.0024171268835,5.84006480459,39.6437049999575,25.7950854005192,103.478329128569,47.1852778117419,135.221701801994,212.187728117033,505.749698602223,1.26486822640609,3.19425874142817,2.52699750868849,0.143804491947803,248.279395608715,521.031433647947,130.497561936834,0.422311682728948,0.221735955910192,0.796163401947248,3.27433144784181,17.0184825652508,50.7948777091115,41.0099566614235,0.864049645043266,174.506233544263,77.3722187904963,120.072986557915,107.278657792301,0.214642125718375,16.5302065206862,4.23673163248552,20.6617498339392,9.70515165027493,5.0511268626951,0.0189050066605187,23.660205755765,159.722129326679,18.9022988099138,44.8900820797213,15.3564724417698,46.4679873209241,6.97308827301719,10.6845351092726,68.264599790667,199.702457948279,3.35500168370287,181.137423271307,114.379955168655,2.08234031903088,288.230033648136,19.744046225289,118.498839589632,20.0273067683724,11.2027994815669,45.9095487456717,0.0103969784788659,66.0781689385249,29.8979943109188,107.869157630412,3.56690609386611,158.130257599735,41.9490287700052,174.229315347722,59.0616346044936,8.92628740505161,0.134823060351422,22.8905027515284,34.203312244648,255.639591142247,15.9484891520401,161.380791348673,153.393299688925,29.089313711931,56.8325452171446,3.46983287521585,10.4653169633577
"GSM773633",0.0621867915726607,0.0168668362539397,18.6469365300674,2.2061720423429,0.00857359791917984,15.4494627445626,3.44537847122057,3.78582238812654,24.5474771800133,36.9069852402531,20.9990352410087,0.692975396494609,233.613690561491,91.2567301822857,3.1406049734987,0.0299525279978463,121.372497349699,16.3352119520814,103.112875033836,7.28984186113685,115.354811582671,91.3992045458557,30.3210715987052,16.0738839411215,3.58446221337399,20.3349233908691,11.7179725721473,44.4573204511054,0.170131568173206,3.1329731924012,0.94352960167683,2.50587857880908,4.23651148904591,89.6385719921895,2.32517678039704,0.0405008091052532,17.928688809223,0.0841438612691981,11.7720591896788,1.3664459682065,7.72837153504709,23.6146365405512,7.38502241254757,46.431781987529,15.3273567626539,38.2991737966123,90.9539585895443,9.99043518458485,43.1348462013143,1.12894520758395,0.0606764953006792,0.260360160660837,0.00689414870069873,18.5573077308612,9.99166953458106,41.9203002361792,13.6201082004234,137.759189959819,6.50144631306335,0.00800489279426155,19.4265641176631,6.19074433594493,11.8010990201813,45.1590300205279,5.03179950743546,106.085351401709,279.678600592952,8.20018966015813,75.3681501421614,8.59774114212478,216.470660947911,59.4664093878451,76.7143845248373,23.7201987311077,0.352954902570908,132.959603894236,1.23757191416182,27.7317602883576,18.859695642395,80.5639032106967,9.70927809658841,0.0500322979721115,20.6103333838122,6.83002546969026,161.521383337863,20.3469556242116,10.3604169164026,93.8468183044119,7.33016743858332,93.8066992057988,37.2727991477667,15.9426014644008,62.7383946250218,136.099324037727,3.46067082828711,37.6380678671904,163.242137389311,65.168296019354,53.9355605973781,32.0533791002438,77.2591067629605,14.9015479827945,13.0915362481918,58.4840364203621,39.3654621367237,25.8447016106388,48.8011908682137,49.3133378505897,143.230239780902,10.6441541229592,0.868995153409706,0.12752553837407,0.0242320188048217,34.9864132589342,74.994531661546,135.118970901819,55.2260875239825,38.9444178746733,8.90779539325798,37.8452451200973,4.86014234064386,7.12334837047816,150.28474228174,3.16550886852178,14.1988515411029,6.20498321728459,41.6676219381989,33.5643513059207,71.6099364023013,92.5277930051314,336.944509815832,0.676788963687795,1.02617487584111,1.00476376205057,0.0643231924125766,125.08274924592,288.305791296647,65.4834911965574,0.0893827741512641,0.057551708197717,0.424376913030882,1.55428068872171,8.9838552420569,40.3198507992744,30.3267027161791,0.383787885321893,145.70796696698,52.4422754828652,78.6259782593793,73.8362616393973,0.190320127044866,10.2002334910758,2.76084207278219,26.5477643106423,6.70001261629284,3.73626324437649,0.00587121314901127,9.37239461442247,107.803547125883,8.87039823624412,13.519984618322,5.76851615851719,24.5280851528509,3.31979206280065,4.88375725303886,21.8620336611139,122.338793141383,1.7937119760124,127.833168827357,58.1618275595252,1.71368924181289,196.399565276754,14.452971585516,63.8494502794228,9.5907969988681,10.3307380548137,30.6409627778528,0.0100364514503532,30.3631218563984,20.5299343633644,70.2839289635813,2.26150963439675,85.9196232272735,21.243920215042,74.8949738849058,15.0148872949179,13.0940356416737,0.0231580800317224,23.234022118063,9.64930397066849,133.636422859742,10.2128418066946,81.565316651781,43.7463228211712,25.1381750554947,26.4986671624019,2.83131894489971,9.51223739325802
"GSM773634",0.0401666516905792,0.00870881712519388,17.1150065132138,2.35242863898406,0.00697795473459216,20.0740395231056,3.80411408416078,2.74451061542995,24.7634644771195,41.0211022608536,19.6424428889253,0.751309156765707,128.95900257693,86.9263694299112,3.32029007733583,0.0306222915287388,65.3329873110546,13.0030215183644,67.5811030451396,3.53077817080594,36.5814957637433,66.1574559579498,38.7233795476092,15.4194483186705,2.53140741633002,16.975800338131,13.6646970531134,19.0162302985945,0.119974777487228,3.19033863236582,0.692021476336484,0.935114727687561,3.14117821988001,64.8128478049308,6.41765879964961,0.0372658867169358,13.1313513042795,0.109781758612575,7.77900842366912,1.55888279822038,6.05043523914088,18.9862594602209,8.1263356625743,60.440026087284,19.4948581275623,41.2349747915924,52.7283348255223,10.1905230008966,38.5402139714123,0.900710428925824,0.0386281184203417,0.170146270387026,0.00628535571159928,12.5314597407267,10.6875864192865,28.2409940743654,15.936887042905,111.535159563269,4.15519978660258,0.00638028689774716,15.6400632021768,5.85187781961889,10.2827103248163,62.6492464025817,0.635690707817736,69.2533170845232,310.92763837824,5.90831618573168,129.175774433078,5.21320049645191,128.571180678885,40.5717184713436,86.2360384730767,38.059342683749,0.126164028517354,127.947839215821,0.720569598497262,36.8173283823609,8.17994901485716,96.2247470835735,13.4894560508286,0.0552422593519193,19.8346321725559,4.43548900369641,169.734630115765,6.86685534529892,11.2316021604361,98.276058364929,4.70220202764028,85.0970342520717,39.1938073333869,12.8681578758733,30.8200004677135,123.687585393582,5.14827053708875,26.9775547259869,139.659384471547,55.3449071031167,52.9171693231712,20.2770759771429,86.9915941778801,8.98669204125035,12.6997842646514,69.1107121311042,33.5543162334982,15.979406092218,35.7418724190746,44.3018377137356,122.784074435212,3.37605081883767,0.395799013344542,0.0466289515354615,0.0223886722412331,8.96870352997051,26.2392135518017,102.19536601781,37.416679167392,43.952894628675,7.43378850908392,33.1986667342009,4.59174481804141,9.56960212371538,43.5165352934497,3.31568808362954,12.4251740167637,7.51422047626646,49.8532729489842,26.6318597533728,71.8382381526522,72.3225093457857,326.379448777802,0.436563773350327,0.61623920438102,0.425978313561776,0.0440204020564031,76.7685879066591,284.172826495098,75.5503849706724,0.0490647832371737,0.0388569463640446,0.290138904288728,1.95150967943314,11.4744215955884,19.7658745509512,26.8931971893368,0.420498093362913,106.738444485734,39.225341125365,88.0512475777535,43.8367541013048,0.192846323921233,7.55514379921612,1.77377372414165,8.65614507348404,4.38447987544406,5.30258404526762,0.00350538018216039,7.50486632727492,74.4663519208408,11.7113153885934,10.1798823168067,3.84565341171677,22.6018930861585,3.5210819343875,7.95401536637829,24.9175971132526,89.9491951211176,1.02009199248917,118.584896184144,50.0533204420948,1.05300445894769,174.377303559897,10.3888251738525,61.6860493474113,9.69295838795934,11.7881773095571,34.7397074685046,0.0174105756846149,32.1849915756131,19.8787197294817,82.5424167397133,1.6438472489635,86.2565973921389,20.5628573995585,102.239295514625,12.6546498435865,6.62775180391273,0.0147768125810778,10.8982924277578,8.81252778623847,104.018900109167,7.96940548222063,61.5615957234403,32.6148240859338,21.3504082870454,18.5837820713979,0.935197006265393,4.86177304994504
"GSM773635",0.030056290657485,0.00999997911396879,7.47356729802292,1.67982144115497,0.00812419341118016,26.4470977269691,5.09092502087629,2.61268423652011,16.8560253584864,32.39204285476,16.0233885105205,0.733259008689772,103.588192202607,82.454112688469,7.46027773332757,0.0384207518845715,65.391293043607,12.4570304000432,73.1336513777824,3.75351965141681,24.7558205697867,85.5116461966632,30.3949984502591,16.8503917258621,4.43262426929072,15.0783848238725,10.6827711151389,17.6571096496327,0.106504935850575,3.11946437194626,0.671779255880449,0.990152165807022,3.00016775483495,43.8260552742804,6.52895779216723,0.0354718052188736,16.943332420081,0.0758044143922345,8.32276905894169,1.83969078312449,3.72587926264072,15.061090490057,5.75511664927311,62.1806849881179,14.9137407460944,43.6505969573296,45.555245982649,16.6078052872978,31.3138758611153,1.13384284023156,0.0413833843422878,0.112089224525499,0.00649748318648884,15.1977128276379,9.85780944763379,26.7548357471707,11.3503227447933,97.1450085921262,5.05696432593244,0.00533058722998865,17.5792820997909,4.82505234950701,7.89369231415351,61.9787551855274,1.82575536063857,55.4526550707702,232.842408350257,5.74597663933041,112.54667869414,5.57361760426921,104.246280974059,33.1291788654166,73.156122108367,25.274389181175,0.157984842523816,111.328467887038,0.939724358162958,72.0659258352838,14.2766236405832,123.718231711594,26.1590939011429,0.0566984689352183,23.1826917489555,4.49851182155959,148.262366996153,14.4797475591498,10.8238700962134,96.5831230063619,5.39265874198714,111.641398777718,35.8873761187588,13.0539234789422,33.8106870380094,108.115155235762,8.06559852105385,31.0516931049994,139.612412861848,41.781494172057,41.9438957831233,16.8184344428072,75.6928366867099,7.89785555355806,10.614286207607,62.2954044747811,33.2455660944426,15.4201310821293,31.4141691254093,42.2555376086109,102.757935333778,3.17382809853915,0.460189694299917,0.0584068494669573,0.0281899233843657,13.4039171840064,26.2506150715112,100.337583387717,37.8442115993066,40.7017229771778,7.63850437552494,24.3025926162918,7.39778247912664,9.61779343270214,53.3133168254589,4.3303765248794,12.2553904407047,12.1930121438292,79.5222693104452,27.936745299967,223.777316904747,72.2407833464231,301.310769363703,0.407147286080919,0.594184793125631,0.47307642695265,0.0538662674611327,64.0320264591225,251.197185295505,72.3992930382411,0.0584368578841859,0.0657031825740793,0.335905804711654,1.99145895232233,10.8970063728938,18.8837950127724,25.5290514770247,0.458396623795419,102.076859801839,37.0172338912966,80.578891808456,45.7483355987329,0.201121797031912,7.01255737754005,1.96549224104087,12.3886739368962,4.89175389319119,4.621437838635,0.00492270394480658,6.78709519906278,70.4760851399222,15.4886093279991,11.4163268493777,5.80761178616888,25.4127199772213,6.99926395891596,8.63902744259132,22.7487500456078,82.3868828713932,1.06663167791659,95.3574347214552,48.8028585591899,0.923248362285403,109.441625438005,9.3040260535126,60.0670483764729,10.2286409925287,11.9626985924423,41.854219018198,0.0153036567915632,30.7609147592894,25.3115518445889,70.5387001136552,2.16412083436946,79.7439646384645,15.1966967664228,80.5463726227536,11.2363901485333,6.65730741610019,0.0174716476589543,14.3900160623504,11.1640609042503,87.7871508443083,8.14742591887803,58.0794724943575,30.7544022000373,22.2356934776851,27.1400458340207,0.5147463572639,3.97127022245474
"GSM773636",0.118667514408315,0.02142009351499,27.5808330672057,3.87125428132436,0.00891438414116959,21.1292138552949,6.41509043673641,4.51063082510371,46.7464573618445,76.0252179624566,23.6787086242413,2.13870470100204,241.197225431145,95.1265467859356,5.74541710173921,0.11139294844861,143.088439978095,15.1731927194152,84.1249500472833,5.20954885298382,39.50830844441,137.83930035902,41.1898446219816,17.461603768803,11.5207296538838,19.3165229258887,30.248722741744,27.6646839269639,0.336009950055303,4.34781292387801,0.865179771097277,3.83294931282155,4.62851497027743,67.4646567076198,20.8949758529775,0.0469791732825153,25.5013853383624,0.108910297990267,11.4028754353394,1.51558894152425,19.0461470182005,36.3339238776344,9.12740846139871,55.8033624141504,16.8800277626629,43.7774364964876,227.57357432059,11.0448254257412,79.3307376724796,1.54069663220559,0.0617444807917145,1.3687088807446,0.00867896687460812,14.4319544686046,9.9179975210656,29.1230084999611,16.6335600793804,162.693279463911,8.7226720442716,0.00979651782336127,30.6242613211562,9.670143568191,19.7223222915327,75.4837447602407,5.43256193639593,92.5734528474247,342.957087171508,8.02269654678702,101.863363474984,13.9868067309519,170.708691651866,69.5527790486429,124.789087316524,27.9782950522638,0.279586517483173,146.096477901492,2.1789390445214,52.9944345077269,30.4429599518773,129.24980511321,12.07034181469,0.194820883092196,25.9169738411807,9.2915424814231,237.99945395083,28.8017222761616,13.5154538311475,143.319675820297,8.91660360134115,88.4123016851855,40.8865404462404,34.2742947122947,42.8627089040843,166.169638307385,7.92722303172925,55.0733514909093,213.839816104386,76.359432556859,64.4078516199297,43.0190987241125,112.359926108293,21.0852253407149,16.6929735771922,58.2933287721087,51.3793502598115,27.3055774664401,43.690897111619,54.4632378587429,177.33290785001,7.43752373900966,0.588722707164735,0.0982170193101924,0.0451841852678649,41.6041445085165,70.0387338781003,128.590688348623,56.141819195503,32.2831296601205,10.6356359300449,27.6229601902957,7.45788058380311,9.58855360684836,285.532345721064,8.02244999869844,25.5357539408826,7.72349335754769,82.7204202079086,39.3902818427238,138.343738127288,147.232695627178,442.368749212119,1.5632596045684,1.80608980541946,1.70808254271738,0.0780767575004212,246.456037785069,466.8845108096,74.224282325976,0.120162328359997,0.0813336948656408,0.580469089456647,1.31594403374336,12.1131301185274,36.551648445827,30.4592848784411,0.506431252124317,134.127989142181,33.6543236387981,94.4263821877894,72.9188618391672,0.248514683462795,9.35389947119938,2.76748336170176,22.8798034990421,10.1932535958475,10.4439552952008,0.00574888195906704,16.0485902295125,86.2223955407349,17.723501600215,28.1195964531228,6.83691632248529,45.0907460815791,3.31209904298951,10.4719209346671,43.9525164830366,78.0238376000483,2.18094807709118,112.978409652528,68.7834966543607,1.704349402205,147.250530287694,13.9703431664426,44.8882555914221,8.21157016320711,11.0672612887113,40.0755750155491,0.0105622803374769,43.1549729836141,46.4348500318981,96.7415021544075,4.05157324258648,153.457393713956,24.4235029205725,201.400855854535,22.118182470913,11.3631470508992,0.0446086806940958,32.1624425228963,21.8710906267559,183.824063670064,7.73679827892113,103.282727274303,49.9266319074928,29.5685776245217,31.5522513269583,2.09425398194751,12.2004058753934
"GSM773637",0.0623468044199224,0.0289206683570362,24.3482249756614,5.51669416766497,0.0122504752295149,24.2536225554888,9.95559046178012,4.31345349458539,47.7249854559478,102.365000242804,26.63622489458,1.11929313606576,210.293551511507,92.057182762223,5.60933983813242,0.0604783378552958,129.048671713009,15.3969905853113,89.1242110097774,10.6590223324493,109.735532201926,115.291026112242,102.555632358846,24.2454700701161,10.0520056945337,20.0530412770234,21.1778637601326,45.3360846491388,0.176717047036992,3.12687270770514,0.809075511607556,1.12069645964718,5.05332260009205,148.672610421733,7.97753310897711,0.0979306229216045,23.0445630649171,0.100816082428017,14.2820967345828,1.8995007591584,11.8025856398094,50.1133604596271,7.25843092492388,102.331028126724,26.1797837536404,44.3809538219505,114.250395132032,11.280438401432,95.6458332820552,2.24756644265789,0.0502412976258122,0.202916947326203,0.00811367199314916,19.141069826754,10.4435852747089,39.276072468695,20.6511111413362,243.46222360876,10.5189358414032,0.021001498790831,33.196360410728,9.26991262642325,17.2845140285864,92.6973820264469,0.605027404599881,140.764055691904,525.665940208945,8.2360177179025,236.468903899911,6.07681755153524,212.657628802848,43.7180293696515,143.12442035303,55.3308663614273,0.315653939566923,211.476136774971,1.30406228830116,47.6844050705071,11.7864731446714,165.983294426035,24.6356066552787,0.0987547750956391,42.2108648178984,5.95202187794911,357.914141822538,9.19245935456935,21.6245772346575,161.892515747811,8.66587818678252,113.853697494241,67.6132491864749,39.0675468882638,43.6251393554175,181.798185313545,16.6068485593318,40.2180884486056,232.23635606043,112.398619502874,71.7249838484002,25.507546984601,131.032182436322,12.1086004419166,19.942528485432,103.183890568322,34.2441463831048,25.3111481649013,41.4017084425778,66.6012111618768,203.662612094239,4.84410522675314,0.544902892978398,0.0769245215851699,0.0355558027304198,8.57803845378941,19.9611175904328,138.348115773426,48.7755900639857,110.930114300221,12.2708896875584,34.1045527529178,11.761058705892,12.2101430102343,30.2955023377462,5.00872075211594,20.2407247672463,24.225013509603,93.3836824142462,53.8634880180664,157.436405915385,132.783988228535,584.781796597826,0.950596674160181,1.75183148948816,2.17595904300197,0.0858754463082941,155.644388030004,515.483870675541,108.545338754783,0.197733367827781,0.141676361713944,0.534426612736187,2.0300214059867,15.8603599548161,24.5556150453704,33.1851481893782,0.577064324263413,241.719596545542,61.3446236521359,158.276415921872,94.7053125498025,0.212577388737782,9.61921107471229,2.29013504754244,9.82787680269318,9.49384287164987,8.46490013454692,0.00609609281979788,9.93198892367298,101.755704093185,12.2794956991674,14.4937045147176,7.81858246811691,20.9315882721998,6.30616140588291,7.73460536456604,32.3249304188094,152.23984696745,1.20534001021147,161.932582968999,79.912892144195,1.38615354399779,373.28739058253,18.3251605808785,98.7919119426372,15.9669551341099,18.6999774540809,39.4320987093166,0.0126345104371692,56.2951426828754,36.8198534793904,105.453246309246,2.39806067420349,198.789328712144,37.2606025220822,158.528014445058,29.4573299149224,8.54005005332806,0.0487705643854581,11.3042269358062,11.7527774386162,184.131444454896,9.83755753100415,111.437785445527,77.195720183413,22.5597598965408,35.6653257889171,1.9258698387637,13.3927213962677
"GSM773638",0.0344877343246612,0.00824603325853047,10.5243186265356,1.44006038069701,0.00689218560091346,33.3260879897265,3.35814575724149,2.15992216326864,10.1531121378678,31.1057423310938,15.9844883671716,0.581267683676977,96.5691193223005,83.8709238390629,6.8506565309535,0.0195253169118418,46.5369311035451,11.1744490291225,64.2208495029025,3.08759727117769,20.5837983276262,65.8124235766367,19.3365667193753,16.0470809197566,2.4474565002697,13.4139486606658,5.32426370745334,13.031294092877,0.0686635667082158,1.51469621086471,0.591394963656164,1.2332370380326,2.44193924769334,69.6082279298088,2.19853802068469,0.0260135431221981,13.3833798670295,0.0810351403308472,7.07576405879738,0.789831578117836,3.21925886182293,19.8132328973509,4.16563843613639,41.6335808701782,10.0956366039483,70.4358396631283,44.830230044309,16.7431803667232,35.9737818054949,0.862211017603925,0.0539096147487567,0.199456368240032,0.00765257391378695,16.0388147381625,8.90408837367026,25.7246625236473,13.1159634093991,104.155290022398,4.56970346746576,0.00351805155254674,21.4428271299423,6.82588943162323,6.96266176776612,74.1607886213395,0.823384243256221,57.7409202211566,226.17533816132,5.68235487041145,122.456013321774,3.61694333004006,106.644587665994,18.9425066097321,118.604641015855,17.4954468640819,0.180144477154638,104.25303873078,0.713190139877954,85.3200632185437,9.19864756400975,118.882816142604,20.2732805394589,0.0492208922360362,11.6607034815592,2.14803158124597,178.874723651391,8.61429047380165,10.9318785268123,121.739749066075,5.05270060597587,131.93529315493,44.3707620822967,11.4712148028809,40.0164268543229,123.619849631434,11.2874397795234,26.7883125014996,153.253351475447,41.1513061233005,54.4122986788836,15.9060250089112,98.6817796676306,5.72325595000538,11.9826643765437,69.5544856841555,44.4744782837292,16.6120276973716,38.9356932142859,39.8023772507032,124.545090490974,2.17357736771725,0.451494409516535,0.0554124868044545,0.020210253274958,10.069070768764,26.0284488522061,92.4854954039808,41.6627896633902,49.4734268679157,8.93565195263642,33.7947394110618,7.18352842258238,12.8520453682292,58.1589351845888,1.56550247818036,7.82061621360478,6.84218082756595,88.8743932631176,25.2293004089605,134.920848406341,110.624502936058,326.154238629097,0.422294347495672,0.689393083615821,0.400078009911051,0.0538366350996242,106.158428353517,262.509825438441,63.8387839876795,0.0549575981969119,0.0541003502529325,0.29728788989001,2.31074155970323,11.8880800121499,27.1682413038082,31.5885075361893,0.36243941110754,87.3522264859901,43.8386700981725,87.7155005901832,30.5742921465743,0.184075419867353,5.85523218586864,1.45494389016937,8.61145239160046,5.45726709286403,3.84212688376167,0.004093477655172,3.75404385275381,83.1905269312112,15.2322463113114,7.16629246248756,4.03223334319157,16.3516382129273,6.66653786907676,5.25073990939041,14.2925527106097,85.251962355962,0.628701827166391,108.547775988064,41.9858749576627,0.742113570939336,111.744632090923,5.42782661966505,64.8421826976087,7.85958874100589,10.3055573866002,42.653780204218,0.0215255959049199,31.1545399544457,24.9201182642998,66.4470103919803,1.17299863284972,82.4967036886991,11.8667540549871,87.7080097378495,12.1811538041655,5.15240406614217,0.0165312787340586,10.6273601228899,5.43324101928371,94.540090129791,8.24649313722315,76.9796264297948,28.4308921174642,22.2491797430748,19.6191601827893,0.291239934633816,2.91650334469474
"GSM773639",0.084682438299725,0.0259239853343196,19.8802464742847,4.26749171385864,0.013046526085051,25.2353875151529,4.13225715829745,3.76675644166405,65.426997054908,103.027244900077,20.1550695062838,1.60651538263755,433.179183336686,91.3972057835407,6.23124120351135,0.0514668948019681,82.7267622931338,15.5214520309606,94.2962139529803,11.3478554777944,83.8477394656096,127.903454964971,74.6370700021888,18.9440471523783,10.0136306925565,19.0315338828734,33.5104534051155,39.7382562651833,0.344621029742717,5.46656868074228,1.23165253581966,1.53237329340064,5.05552356074399,195.254673769387,7.30738209427322,0.103926338353457,46.3147161635736,0.152806180779802,14.9061675779468,1.29843088270624,15.2056650798544,27.6328562309855,5.77884624976061,90.6951112935097,15.2319702903233,42.898813312534,186.404448018987,11.3129868593184,124.449341469913,1.84562916700145,0.103764832229172,0.378400270401434,0.00753659598941864,20.7851640917961,10.7798866423388,40.9001554499421,27.0727135281266,301.722884801627,12.3385476620429,0.0120569502001978,39.8734007503138,13.4197532700377,31.4889269737974,93.9942591549542,0.547544808498501,88.6628963781132,662.101923762936,13.977697796293,450.383743444091,16.1906578258642,263.325569977004,34.8565022263077,138.654828541779,43.9062197114577,0.255083770105689,291.889859051409,1.93217085191127,42.8802286386992,20.6664995058934,294.904216467237,12.2536202112995,0.0813197396411486,50.7697694986948,10.4293243926426,371.426411935146,6.88774697126925,26.3142868429969,203.138826940902,19.1022610645111,212.370691244367,60.7889446922874,57.344790666163,56.175445389608,237.118047844127,121.995563517816,45.3548402566049,262.18531751748,98.8267033485795,82.5000398047494,35.532583753328,150.148996208636,17.7293617715153,22.6143334068424,73.8166084111354,44.6555985208346,41.1301840463601,47.9924262604637,61.4453898772468,242.663917427884,6.67037830735054,0.823779606567314,0.130526790988342,0.0833979377237102,9.80313021562827,18.2557835944868,103.472617305783,45.9939118677783,245.415958000953,12.7541764221315,23.1494401665081,13.8146310031841,11.3231500019829,48.0905129554106,5.95762018305681,22.3539420690605,16.7363302571052,134.559911821188,60.8658343898913,64.853449418806,110.042780959959,511.922015205433,1.44363776860389,2.23206776766487,3.06495571192409,0.0770083792036689,145.142148659666,492.304611773072,102.676328859445,0.485274825826939,0.320565153382302,0.984631833281136,1.86245481939983,15.4914768713365,36.7652249049918,36.193330687438,0.739005885098092,288.787203933495,50.8463189928186,156.199807924205,192.716690471459,0.177722502687377,13.4775130457972,2.83696805693217,8.7390605733582,9.3953449585088,5.85631449424593,0.00649641339991628,13.7703027430294,111.579881223071,16.5610411950502,35.2116271662363,8.61256609174568,43.4085822350203,5.64928052976594,7.87032783562789,46.5310730981578,166.348141497812,1.94893645682442,197.319746095545,104.057530461771,1.44309557247009,259.149470500793,10.6963644073352,91.1609436866013,22.2705590324068,17.4350317591386,35.6996805466826,0.0172187497052208,42.6527979599122,31.3287873126324,128.107866961418,3.1912583439671,225.281673255331,52.1044377318596,223.044724762916,49.8563863731133,7.46270537740847,0.0755341823203615,12.3253737388902,23.105913111284,203.283633262862,9.53981506273686,155.242870272016,108.259463811468,29.6423514931332,57.2001152021147,3.59675631927558,15.3414926066613
"GSM773640",0.207013254159771,0.0370740612773256,48.4673363455292,6.87434641319666,0.0123466765783647,30.9951570435643,17.4602549175882,8.79840687197883,43.5170892832141,76.8534570917944,22.159001538063,1.18766287611126,178.778973289719,82.4547075620275,8.39469050285063,0.0469056182124183,85.6388168638684,12.7474099123181,89.9887918787117,14.8235741900595,98.2662439296568,159.865876043129,88.0524921397695,20.0490838557681,14.8322857242043,18.9073429314966,31.919266104052,33.3727625828304,0.269404973662022,5.17697460864404,0.870911946597607,1.36927192982863,5.65446915011643,93.5608308018674,7.34406720596623,0.101928921218891,37.6268970598361,0.140705870705094,18.8074850564482,1.31977970986633,24.8540413840569,39.4432008275296,6.5571641646758,120.059914260105,19.9393566953178,43.0415657488489,140.941676699723,15.7816218861984,89.5975392612632,2.81130778237324,0.0519859749431577,0.867003215756656,0.00833247363578174,15.6734072055542,8.35218632910342,41.776543626894,20.5973390651812,217.456176248403,12.2922750577853,0.00952531714420455,27.0855094530909,8.32584208087518,32.3905304846315,94.5597318207302,1.25694471521816,81.5204617233944,442.94376307851,8.07468543470756,116.971971011682,7.44944782775939,220.326353466051,41.658247797615,139.270945721946,44.976259803808,0.583135255678832,201.496336305244,2.86974283153333,54.6680044199891,24.8123723844132,166.628093107264,30.8159390754022,0.111970242666785,46.5734172491912,9.49681797393176,300.242917186602,10.9311140448059,19.0533702517341,177.735910580051,19.8469238322562,112.904064027498,60.4177636412152,43.0224400808516,51.6845752580412,171.546853063174,8.07165861097957,48.8577853647231,215.312192759333,119.316406189595,88.5569399757736,42.4296180435546,154.879132578141,26.1675139669629,20.4550701005052,108.736901282678,42.4114221736679,34.6543235694552,39.4108617235634,71.4603691905562,161.291702683506,9.67833445328517,0.562596505756821,0.0827696489810753,0.051416722926206,10.6617881870127,21.4592187615464,138.515780812403,51.8975718827756,84.5921574872995,14.7005564166016,58.3339384701566,7.82548838635255,8.56631404140795,37.0100106419418,7.64725276255107,17.823308395581,19.9945666993924,94.458613158429,51.2398706218193,124.506700136799,133.009967017403,457.156323197902,2.06087322006875,5.27410027477041,4.00978389526665,0.0998808034271502,130.870870575329,514.729560764961,122.312102288132,0.357589079014437,0.140922634188863,0.895886648411072,2.40222176553216,13.9891551536923,30.545949228484,43.0751017477007,0.961151864930541,199.507141607916,65.8750989226494,133.508645729323,137.643628930013,0.250131916373608,9.62336598448945,3.16821159097465,16.7194487032878,9.03052010880891,17.7580875550183,0.0105750768060719,15.6739694564313,106.522763171417,16.408567742138,19.4662867137202,10.017617820633,21.1539036218373,6.02413178152296,9.54615993464283,30.6988548729249,166.581396166953,1.91694955582698,155.690315972155,101.267529130777,1.87930898678839,368.179043255952,19.798704071628,108.595086659003,17.6051038724261,19.0354310343262,47.5865385135149,0.0181270650589431,48.8468368425409,35.2472623445945,86.8618743378685,3.74969497805608,169.348903668229,40.0361571074222,146.795158377854,26.7500564299576,8.34729617096098,0.0501968296831805,15.3162752396013,21.0236377104633,177.290415453714,10.6915057312353,122.090769456126,84.2563952635758,22.6788776553415,58.3863175989466,1.26510082032178,9.32809234606418
"GSM773641",0.0915731797626478,0.0160689698060595,15.3849069137404,1.68513983911833,0.00481903659879924,18.5027693532519,7.48577795643781,1.80139948477526,13.3815130126735,63.2483886645588,26.0398570848159,1.34654172186459,278.764108907751,108.892979408231,3.447298851295,0.0648585569761827,90.7471041807124,17.7921677146342,96.2860877015031,4.88626479386029,58.4521968371928,101.597679498261,45.636708974883,24.5877664050658,4.52556412514751,22.1624478717544,15.282590745616,14.8567067272521,0.199251732071325,2.78464834980645,0.907946400997718,1.1674009110723,4.86333286789154,59.3440224905357,9.56811987003694,0.0136813353953857,12.2988832132619,0.0662483910423429,5.86538786612761,0.95988220404371,13.6774052916061,18.2954509880712,5.86657864338027,54.7628556782264,21.807454636445,44.4808540474151,53.8075494250592,11.139668537178,72.6153031053531,1.09899398760227,0.0367448007590815,0.42786850994838,0.00483278360922195,14.5830755358939,9.32820870938479,24.1668375548088,11.2253142544267,123.217888779479,4.90184219527296,0.00371019729147324,13.0321995383954,10.0844286198632,19.9412946944798,73.1048505985575,1.91612396306306,83.7824204102134,348.908818724341,7.77054296797293,118.080819154049,5.72200955297024,141.734291235459,66.8880987981401,103.009539429547,22.7015011874385,0.23943819591445,135.56513515439,1.16473385146641,35.0943632395794,18.746189134592,112.466951398237,6.89595060164574,0.09389246488467,26.7717870687073,8.52941476790872,164.507599317553,10.9797213906505,13.1543755294208,122.95346580193,5.33145662542926,43.2961959702328,33.5356978628296,22.6326331151182,32.402665736167,151.79478040158,6.12544812787049,40.0645207817476,162.699181055916,94.0344808123343,42.0877857481035,13.0767670119538,104.866318966815,4.67638464034084,12.2814954532274,45.1870108926421,60.5680066177281,25.5802863266923,50.0720068028153,50.0256837543875,122.231346680496,1.41677994549797,0.506528940836388,0.0850659960938458,0.0236482952328346,10.7459678704302,24.2819868788316,145.614155194783,58.4166881027044,23.5648989964426,9.05248985541148,25.6522356897357,6.74776417628793,7.19227761453917,57.124856491599,3.24572464276112,28.6195366181884,9.6883187523824,50.083371721538,34.4202539789658,18.6625982475049,63.770735899537,288.060416374349,1.7336536254423,1.98375956010634,2.76030954252512,0.0509867379577267,130.960810615183,400.729379306516,56.6093806291449,0.0853558581344152,0.037461498939988,0.350098426961799,0.970693232783255,7.74434467981267,12.7934231092564,18.9267046489343,0.484207731278886,143.716879055136,29.8756489122491,66.2737012455433,39.2876328540194,0.158806341619744,8.4399002356145,1.78821566957835,7.18020966500497,8.28834446399486,6.98142085880002,0.00359285052330901,7.51652315171887,74.964180136193,11.8132495450773,17.7447353669342,7.25615667608331,31.4053465175212,4.60340708351822,6.73417156491228,24.7238956973119,67.2971455341904,1.64479260462443,91.2164315613027,35.0162675466833,0.723968335443395,111.154159648431,8.52240329973839,24.6372102959244,5.6550720274034,12.1363956417047,23.5231855171155,0.0069240110328515,39.0982292878072,18.2843898535288,55.8250717227089,1.32085524588254,93.2985215074924,23.6082339316046,119.226324429945,35.5853829215012,2.76719418624193,0.0273562002545668,7.41266551851987,10.068663163349,129.180242582062,6.73867992761178,68.111771260501,48.6161629078184,31.6643858810741,11.531529752903,2.69405210451705,16.8267946398589
"GSM773642",0.0310928264512808,0.00580769323030578,8.95095533396496,0.615191000051483,0.00354900147199685,14.5796322874719,4.6491887350628,2.10794791467342,13.9676166336117,58.5243277543459,15.8629895475579,0.672824058047942,208.909549570929,104.322556813787,2.23716433444755,0.0437684963965695,80.3742682792565,17.5547859376194,96.6072413068837,2.93056473270598,59.4911677436591,76.8761329744443,43.2260641058134,24.4533947671746,2.05216632219924,20.0359558690845,10.7782761501469,11.6863720658663,0.132224524486103,2.06863908468626,0.863035629462218,0.535634605657149,4.22095050326442,20.1273048163299,8.60811981566044,0.00784154398148617,9.93892696692503,0.028787345630667,5.99007079588814,0.870888846088825,5.0569479652242,9.83175495804607,5.28394896036768,48.6933806575711,18.8410058408574,43.8492136613752,31.1100092417855,11.2989019522321,29.9559669739168,0.762683642838245,0.0304639139147099,0.0859898844398574,0.00482185325321575,16.2749209338235,10.4703817686446,20.0261620319946,9.21826422655412,112.31640055667,3.41579095977916,0.00671879853703148,9.30243815761278,4.86195767130993,8.8300066524742,61.7024666357719,0.813770123205648,40.7849175101015,309.605774967403,3.94444200322117,136.524552022529,3.69229110743431,96.908938928679,31.0446611010081,74.3494589267786,17.9270935456955,0.16204898398531,128.280710233102,0.480629917260694,24.5662473834469,7.87009379377911,85.1623262177732,4.74917458773186,0.0579253060853589,24.9008786186808,3.57541170657521,176.758887382287,3.17395770939937,11.9163032774092,93.0165681171686,4.81752778879997,28.6469993698944,45.4359833211021,14.0757857957896,31.9393287026959,132.105015434581,5.67594262016431,30.0242182324897,145.458360438282,66.2378416759991,35.733977323088,6.59587879565698,60.6433691367954,2.19087844772016,10.427297163382,42.4091234302389,31.610501868092,15.2622768086366,44.4194365501817,39.9357606446492,111.356410607072,0.830303526112255,0.297517854346572,0.0327526209782483,0.0126207822111222,3.92294974126896,9.30481479985237,86.059058371996,25.9583339122442,18.055007737715,5.89210631645415,24.0563645477286,3.59506996410365,4.04861605445607,18.1803349183632,2.41271930490812,14.1140526921408,20.712706519803,37.6712888810297,32.1880720276293,23.2493008237057,28.8887021036131,254.978220287997,0.550686959136658,0.535206062168483,0.796972186709542,0.0288258329563556,48.4973021972368,322.06851131743,46.0153689459028,0.0314907468820722,0.0152842543968851,0.227919899493437,1.21197700987436,9.12218527223055,8.62823908838029,14.7026870133898,0.447234116162337,159.417122860296,41.4017711127804,64.9755970922491,34.2350699807673,0.148888956746855,5.80926895061199,1.69809246349029,4.37481626250402,8.69187458045783,7.32380343495114,0.00286056426752138,4.21380235348038,77.2324281439485,9.61919233819448,7.13243679090378,3.37067522296327,30.5970714251962,3.9450802820109,8.56934394531553,12.1944632444217,96.3628497231821,1.18747491660524,76.4318801391949,20.7750751437843,0.728663449911428,146.182198115199,8.66135321076942,36.2534330697087,13.52719965154,13.5352340773525,23.835784955181,0.00772638526373763,35.805386253779,27.273190462162,41.5280018978418,2.51988748299757,114.699798686964,16.2191933714601,103.915268137193,17.3181247148275,2.17058951363953,0.00855683579801769,3.92185796084804,3.18053127566428,111.415114783892,7.18652898641928,60.9472840343822,24.8536328375344,31.5320921056911,11.0623941551447,3.27326141475947,20.3943624784952
"GSM773643",0.100149829036971,0.0106416959799226,12.895698263952,4.44537641336672,0.00603469759937863,22.9597359667174,3.93397786594641,3.76402116827685,30.3527544921952,46.9202611456805,21.3284426546791,0.802004395053224,162.850097871737,82.1338122431634,7.97382320644576,0.0315848177905336,61.6886266981758,13.1875187992439,82.9019393330746,5.17157545052716,53.0954717560499,75.7073752270842,34.8837411817105,17.7169643067651,4.77055001559825,18.9152304448291,15.6461018620776,23.187989749209,0.163351326506645,2.78870626339058,0.63786880709716,3.13146727560387,2.86529318123024,36.8915742010732,5.069909407125,0.0288626844521435,21.9581928526416,0.0822523698103165,9.36132570735584,1.75653404028561,14.0567566269786,35.2048217045887,5.72544543177698,60.9407382219289,18.8558617053309,41.3571675175714,95.8825506611262,9.91667700430309,52.0253839868754,1.18554035984027,0.0366301124897468,0.493857575673873,0.00636407906312705,14.5101092225603,10.2699172555801,30.6265091696525,14.340597632241,119.496619226757,5.02463673373794,0.0110042576252298,21.6766289272894,3.6123655436796,22.3688612814627,49.9494601879206,5.80723383261354,57.1793765134677,266.50632733366,4.97087325343738,100.395657114174,5.88924899333618,131.927762705169,35.6702699889609,81.0950013024334,26.6185806474837,0.271366175162669,130.112215214351,1.81489008072201,55.1859825593696,19.90521967015,113.94859623982,16.5952752084584,0.126263344708227,18.3796945620191,5.40291574579278,189.247432973143,31.3730664002913,10.6482261934211,111.598782944112,5.70754861041951,74.1824552903056,26.0166900210613,19.9074903280914,32.0628545723529,116.477198943231,3.91957642627778,29.9676955078643,154.523883239737,86.4552095830961,41.5098224825142,21.6904156589921,71.9181767868421,7.77447221912851,13.1510948043033,49.9112102313076,32.9177370680209,25.0059235191375,37.3041513783105,37.9598794613869,127.06231182314,3.45873719014099,0.365562127395552,0.0475482513711891,0.0291021351740135,23.2232198606785,35.3686803336309,92.1275656398403,36.367690002364,9.17617954650931,8.63759167370229,15.2148388283406,6.26639024923613,7.21936551361487,145.230690537541,3.80138020703864,11.0189542002389,6.92741707439415,93.7761405871608,29.5826022092869,84.6293149027779,161.210745218896,353.280143847174,0.948240864846459,0.940269038636256,1.63024870691681,0.0884104364148827,124.189487716001,306.220674919034,65.2889531518111,0.0568674684229069,0.0327159911298565,0.308157491310794,1.18483902275813,9.63955158112982,42.5331117047077,32.5032216406796,0.44315846670504,130.092086047076,31.597077659173,77.0174125849956,67.558619544055,0.206361520867256,8.04773242231669,1.66794225012739,21.6294973826886,6.06817586949899,8.27626682953757,0.00627302963442926,12.2596670679399,74.9367420224466,14.0283328444244,15.8859291573668,4.76469368644902,18.6086047513645,5.32399697728495,9.93479580361224,33.584814290826,99.0609099127644,1.36852096499983,102.724481232335,53.607423894714,1.51006326364019,143.693935824628,11.6946890096323,71.6333171231952,7.89781518960171,17.3258359350518,29.4090184759315,0.0171245356510467,39.5315194516081,31.7081216265759,58.0153162458491,2.38402879711486,120.802404823465,27.6811494703727,89.7139639848652,14.5596156229855,11.2317171673557,0.0168862905434671,20.612806051816,15.4153574223296,117.493327402397,9.84404711476678,86.5152083460748,35.4849301788079,23.7450823930985,29.4783782402653,1.39051658689591,8.68702592907683
"GSM773644",0.165531090972161,0.0356653548106817,37.9407273877996,11.8357095098516,0.0118155189840006,18.0713006144677,4.14794907859226,4.90764028953891,41.1140916020811,110.30714810678,18.5929406972387,0.962373741765359,194.202102982547,83.6432625555768,6.04808953360238,0.0659956958710883,62.1032902289478,14.0759791530898,79.7846059953653,7.22729140364327,345.702553778687,145.068995132329,67.6978742160273,15.9045533530974,11.8228072818952,18.8949005809393,31.0983792752609,38.7218116323306,0.198074697574481,7.40162421702311,0.799273245835334,2.2775437628966,4.3613454057177,187.600259923746,4.36678596188386,0.0716986301745964,43.7143374440806,0.138039677972803,13.3339079342197,2.21866459926836,25.4536935745135,84.7281943847453,8.49618816044608,59.5621950237649,19.9346128700186,46.8044206048681,156.577384454944,9.32769648440452,147.126530581479,1.88464807151071,0.0733531191536537,0.812730541085503,0.00512161689759774,20.7974435221942,11.0044914170779,31.8035664645072,20.9549489994773,216.16228645139,10.2389982777017,0.0263407982658152,32.0947529333805,10.5927518680316,53.5607732638995,79.7794423086958,3.31343948824537,143.012384430007,501.915768381531,13.6506660614826,277.887596101734,18.6853977399883,255.181230504068,85.0608491952645,125.50524624486,63.6398820292287,0.517595044264694,172.672462382852,1.51119929140156,38.6095406314661,35.2595188248531,170.810559686818,10.4243919006767,0.147399122095019,96.9862112170872,22.0277200426068,273.73977049813,21.5190877154406,16.4797959738124,146.140703172578,16.1691571591422,112.904233654566,54.3839273389055,33.1375135168628,41.3239791070239,143.660401754735,18.4412295722176,33.090930450129,191.431423082393,104.026494705142,52.7591367240769,37.2693267350483,129.022432301029,25.0192967644828,16.0575114957024,70.4963035563075,32.7513606394851,30.306555764847,37.8035768036948,53.6344119123553,172.242165160516,12.6204125869217,1.10295352349311,0.213820518017293,0.0753998991914057,31.0167363293547,45.3781253854225,137.350795267714,78.3392666055028,134.353543066153,12.8397966107625,45.4323347296649,15.1116244953992,14.2964095461739,120.685748122728,20.7349960743061,45.6640886021579,24.0892589361356,95.5730226262929,46.5887090200571,182.233458737438,368.098652262192,522.982513879292,2.28335844384787,3.35598542382047,7.00707655713818,0.149074282488886,200.558931153501,467.400130232281,89.3433014272615,0.323026830880704,0.140588508719926,0.656516153219597,2.34217304689216,13.9488994227052,45.1681912497863,36.1383613571121,1.01859319918729,179.71171277364,60.1807744045331,142.686768138324,76.3401683691943,0.163470365591242,10.882441440561,3.52134290863378,22.8698344913104,11.9345339421364,4.91787427589645,0.0112461469111062,24.9783819806399,124.645756550016,9.81891903092932,32.4726339367403,7.70700683621448,37.6977109558511,4.76223974535345,7.16253849425612,44.1893067178171,141.181737876883,2.20010067088259,149.323095667922,93.2417752206393,1.69261579422487,277.353684835281,23.0969946509158,82.493686027593,19.6836137873737,11.9168209842311,42.6560100466578,0.0145324489348718,53.8532765490008,29.1949132378632,125.703770752606,3.87449633239995,137.251643542425,27.4305572840026,116.833068926436,25.344346285978,12.9211647237033,0.0843066082948233,27.4706590243174,28.4905322173984,163.123653995771,14.907978174281,103.633741955166,45.5662070590872,22.014194168463,45.5814600347019,1.3284460569275,11.1186832452728
"GSM773645",0.233362912008536,0.0694606871557696,86.135924053572,17.4559414967899,0.0128076115386615,18.7910175934122,17.5297197465522,6.14538020155076,81.2046745805173,207.57540152315,19.0627521393953,1.26231682289729,298.572643562333,90.1727574079752,3.55471247884916,0.0643445129764012,101.700822842731,14.1439062252074,95.8229306551359,16.6399076410211,316.939908688126,179.350979015717,96.6970170820346,11.6805549408782,14.17235749095,16.4456402561245,25.9367063207379,70.4360867514093,0.498201547441002,4.82433050063475,0.878291804284623,4.79253380547032,8.51092400251098,438.623679344664,7.60826980314028,0.0783804120086962,35.4218798406157,0.113282983496397,28.1148649914075,1.08202872607165,33.8686276569781,149.756358474606,18.4274577256235,100.901709414775,15.3237084044039,36.2816939705409,200.764909428014,13.4151956929196,177.101344558349,3.23009577152996,0.0705510298471551,2.71994198801876,0.0109725395868811,15.8797127525666,13.5375619196965,52.6372790849452,24.9212363177065,215.770736475576,22.6208504971453,0.0558799865802472,47.1187434622168,10.3222730010503,63.8161777704208,98.9725803913839,5.48247785136282,253.794302771592,719.378843367059,10.0235780825288,211.980929937752,9.54836647460302,366.806273484333,56.1221322409873,194.654323111731,76.5667030179971,0.821814662572748,298.263913414417,3.93172724551395,27.8858280812892,14.0382111772097,173.074643550476,10.136301993735,0.209372057807005,61.6349274565267,13.8086009828367,412.291201289657,31.7450795686674,27.3469798966952,275.684807813787,14.0041513897364,139.258955144879,105.812086635668,66.7569200544485,58.3192045203833,227.144380999798,8.80492385027457,74.041891478104,263.027833185839,193.455497572913,119.08053939094,42.1675275504916,194.515433841204,14.7462686586968,27.3598350598124,156.004743961411,52.3640012142607,44.489758751145,51.0498328702117,99.8733787026133,324.460055219366,5.7223145290068,0.654750783149873,0.0734167404149729,0.0361022340862351,17.206131229719,51.2455394900184,242.894947931917,131.021056236418,86.1445425021444,16.4601266950526,93.2059814458013,6.51182856651253,6.2462126191196,126.32307777702,8.63583282548644,23.8340471689739,37.2810604565937,76.0262771919147,85.5061285113505,50.3913094579655,336.363253534493,763.323604444433,3.53209383247597,5.13216032554661,9.63469605621044,0.22952344361573,312.456404061416,623.1877693289,121.804610482253,0.55501065300445,0.221261249093646,0.936640703428935,3.636660528288,23.9341922965581,40.9192382648181,43.7287781141413,0.97989660929277,324.027467896171,135.904228861019,168.334707035132,138.496402042015,0.241053614646326,16.9803895506372,4.33278357402766,33.7219145158259,22.5369569559612,18.6265223352926,0.0141360013701295,18.8822297916084,136.687809609733,12.7235676473152,25.7346284331724,13.2442250223902,27.3572897620153,4.96270968867412,10.0900646951119,45.5862746810832,247.677491617917,3.83599024219049,226.169786723594,135.0509639195,2.32352285978333,290.667711852265,42.877046186352,145.911136900731,27.9064552501955,18.8945290265009,41.609703908005,0.00999759809509412,63.2872334873105,44.6056332142185,113.918206812161,4.0121674179966,250.761321737041,39.6873244680599,137.203976239679,33.159794129629,18.4965263421943,0.102538362839264,26.1870116781978,13.3534507759262,269.163213255253,17.4924158632637,137.095117923099,107.832914817739,19.2736835111951,48.8415816030096,2.85432035634949,13.7660422474466
"GSM773646",0.0569087374810709,0.0129285091992405,14.7588181237487,3.66934669403577,0.00692167362746407,27.2301599548795,3.87402071310768,4.1079637958425,29.3147843283442,64.1590951741306,17.5347116839879,0.601642334050455,114.566008770732,79.5614100575948,6.67405373274916,0.0195358602201526,63.5216758403917,11.8360322144164,78.2141739736157,5.12598880327876,108.891292072774,99.0433955574474,43.2766467220515,15.6637316288589,3.94575774391355,16.9647239162485,15.5726804289764,28.0623291711685,0.164445305491007,2.94555654639794,0.620292671799797,1.82574146431364,2.78126173126451,119.783193983716,2.31480806035683,0.0376647621598392,20.8316931434669,0.0772819112592144,12.8515923826995,1.51033663986403,9.2065793486479,32.6686671174323,6.35333941122142,67.3121029829847,14.5755432694154,50.1453253246943,64.8358181892485,14.1364275183995,58.2681581718406,1.41199396127061,0.0499702644387744,0.231675337557408,0.00494483716425165,16.74663499856,10.9758019639347,28.5141557803835,14.3192339806197,122.912047226507,5.75729957551918,0.010893919375276,27.8397680895258,3.35477944200035,16.1723912232081,69.2006406286973,2.40794746292489,88.2164598692138,371.153312674604,6.5864974125039,153.205198364331,7.96262347529415,172.706197310206,30.504654703872,98.3974498824149,37.9755105697035,0.241873012413564,146.952159808702,1.76989129236828,48.8050207607589,14.892680834754,129.770867740691,21.6249568351959,0.0489219266387756,31.658091824839,6.30189104212788,192.00834668507,21.7669704471739,12.4302740812934,126.026967174395,8.02195591784317,126.429986006874,60.7681235028285,25.9194016366423,31.7309736457945,115.294833335038,9.66315203914489,37.4289191304765,158.155923476419,76.7567669320734,69.4713061559137,19.2910343974757,84.7079265770023,7.34643226145642,14.2835078385296,92.596051340494,26.1581190741943,19.2821719458452,33.9599454334132,48.9981149626336,146.669842740135,4.05399441505437,0.555209990994637,0.07482096802275,0.0409754139631155,15.9714708803227,37.0480878847333,121.63551760191,58.8617962267578,45.077346348035,9.32894936267567,46.7687800613315,7.18391107266433,10.3415211066264,86.4001835995972,4.60572337071527,13.0892902827712,14.6389438381219,92.1077012904956,39.1886821581556,184.578634522117,109.75467407265,425.988408290816,0.856665909178305,1.07803906773991,1.02356296090497,0.0707509350879659,105.564297164801,325.069604000859,80.9646494777185,0.105331150412561,0.047825138448145,0.357966362146384,2.51423145819933,12.5609466642291,22.6185500893908,34.6761103629308,0.617686625202138,146.484235961306,58.2458058080831,89.9677218749891,68.0580940459011,0.154868030324259,8.24221675087525,2.21082778280852,19.6266113849422,5.66902858138216,5.41951775893426,0.00542816153502525,8.68288255070461,84.4827510477099,14.9652061429616,11.9173874186882,6.04863566027798,16.8843826035449,7.42071761093288,6.58571656575008,26.6865443423553,106.983664604382,1.40866495222475,119.028036116623,70.1920067318334,1.28661210463242,174.360500318538,14.4645492373521,80.7240665638065,11.7208186839434,11.9254242856539,37.82683418644,0.0116113600498047,30.5308694166569,30.4818069105231,68.6027186086184,1.97934343437729,111.56101491393,23.5224955437615,82.5203715672648,14.5263519118686,9.77514746589681,0.021182028359221,20.6617219729057,10.829308617527,118.710171393216,9.9459242728591,72.6373454304705,44.1793503527244,19.6383832915341,24.0180572479862,0.753691701610387,5.85065688540645
"GSM773647",0.0816510554323945,0.0275949048669114,27.500261793634,6.08789223506301,0.0140716475153845,23.1077930642258,9.11606326116413,4.29043166522175,48.9982917278852,69.7849074697036,18.1091646431332,1.64554291806214,138.532253035486,84.5652019069326,4.5988306087347,0.0591408678613441,71.7624224411126,14.4002368911464,83.9732775065791,10.1780042492731,177.659845922045,110.572534762911,62.1596998137409,19.8631652959575,8.14795936416322,18.9366669164502,25.5365854894526,31.3397218562691,0.195173150900475,5.00177199931964,0.743681729791363,2.45240369679417,5.02719409425395,184.553791660956,3.29576111347626,0.0997004294583719,35.0428165276347,0.143004710273377,15.3665995528659,2.41452681853544,12.8881938105016,41.1717826924022,8.79063335086692,73.3396885591436,17.2357369879395,32.6298731605911,111.639153430125,16.6119210912592,78.3024113071915,2.9124857538458,0.0767040301687107,0.797919702609965,0.00879629587301962,15.5749487629859,9.2632246421,34.5958832047212,17.740510375306,181.654780787405,9.96074351779514,0.00953291064625958,54.2820736073086,7.05033984942593,25.7125421304402,83.4366977274122,3.25981874931396,88.0435137177951,359.901368484368,13.6652586183524,159.479089014085,10.6932952812139,265.313449212546,57.5436720798456,121.37082613744,64.3662601052178,0.535968602928493,174.619268372654,2.99955205941287,37.3247642551742,34.6433836719347,123.115061414275,17.9483707728406,0.0885955829774194,38.4171562720467,9.76462933322944,250.813648656782,26.4744127404145,16.3417410505453,156.896864307109,12.0866472436221,200.791821797918,55.7422342937309,61.7606375222613,45.4768715853841,182.109667705328,11.8074318719831,39.4449629910619,202.133734125236,123.690130988432,74.0781923587479,29.6056813050294,102.829015533504,17.0154777110426,18.7186732045246,104.735603748788,46.8013377238822,28.6964991031569,31.4251239570641,74.293616475271,189.955092724763,7.43795169963039,0.967041639456716,0.143625865860767,0.05257565042495,25.1286855803057,43.0238247073794,176.627559906451,88.9549574662514,141.983324863384,11.3788265844797,62.2094835224804,18.1430659076535,13.7949104903898,124.497770191788,8.64696468463889,21.6818387324755,24.7758395968675,74.0267253712994,49.6006360747706,258.384105832222,178.892785391721,502.157200849862,1.30634013322598,2.21919710362836,2.59234737787256,0.0843843145524789,192.297249087895,360.257288936681,88.1085764662409,0.219619437793663,0.144021558672087,0.510633013590523,2.17176684953335,10.5037679234992,31.7367202878293,37.7723329200082,0.790364908644943,154.912838780474,78.4358973028424,139.230097589515,89.5343713629288,0.217135104703676,11.4412411197682,2.96770869362894,24.6928789672674,7.88077769271388,13.8013243355255,0.011338352220118,14.6443860193809,108.74048341788,15.343069641577,22.774499303445,16.7301809481201,27.1307393944676,4.6287906168092,6.13689748973518,40.6996780192153,101.596218662993,1.87929992819296,109.5514013171,82.2147655623679,2.10348198791063,204.324249738103,22.7622089219238,111.114436623262,19.7129116864173,13.6005886535777,49.5472413315904,0.0174031247481516,56.7578239383104,43.9824863614181,83.2102849629533,2.87818312891398,134.018282493247,25.6247615203685,80.9436726827604,22.6818100149491,10.3285240915956,0.0658543905616451,35.208958818001,32.0674291276847,199.192258417928,17.1507842456555,91.3963581665792,90.9858551344138,17.7823025949319,60.8962587437231,1.06439182850051,9.08692670440665
"GSM773648",0.194604469050476,0.063081118102684,46.0100201449636,17.3150277332956,0.0179666581988451,26.70070354151,8.63132497029998,6.17768982319042,57.5102094519851,133.23861198837,20.2713659014934,1.55124265476002,192.26431976428,85.5176128214747,5.47497963411141,0.0482086454847289,110.695698126195,13.629060296935,93.0801773112542,17.3213184779833,138.55649349019,166.876925189159,93.5329921205468,17.3469449226729,11.7862863217443,16.9063023462198,39.909587802962,89.6033216275399,0.347562493708616,6.80918006970641,0.835858428829526,3.53215952590881,6.30659162381251,274.272461046243,5.95121428422051,0.0844816937131514,28.9155261177222,0.185140534385771,18.121198157261,1.07466527887526,24.7132136607642,81.1401644699701,15.356863710716,121.930020187507,17.3547015330478,42.6360017064819,152.148195686974,16.2154883152477,124.29114004962,3.05013709240393,0.0849652958999959,1.97677741252549,0.0100207053860226,18.7748494942435,10.566779592611,59.7853644928219,22.1414838757916,206.425897172069,19.6257729708149,0.0356240739607401,61.368395202494,9.61736639852194,42.9272534592586,93.7365263760528,4.11434659609873,192.961458887722,522.887664167372,18.0976724979089,244.041330937804,9.82875332455848,258.416047579929,71.9928649785596,162.698997933116,74.1428449609612,0.447893295387135,268.655424658262,4.30108697811103,59.9946510569879,23.3581143261276,151.787059325003,27.327675568218,0.187570323193037,56.7657773154511,13.9401075918066,283.316238414626,24.9439471665565,21.8598371701276,229.20258857241,10.4795961663823,161.405069325475,76.4404125027406,69.1749993900039,58.6791991792837,185.472246541475,13.472085060651,68.972542172392,212.982000102245,160.325661957869,116.981868901845,39.7158067556149,147.915465555163,20.5372288772724,22.6390691740041,161.276056272403,58.1229337121008,38.1373113812115,50.7186933814819,101.55884991023,251.911254587775,8.44078608905865,1.11453876931132,0.122648431954365,0.0874254825938047,18.3191583677449,37.34243640172,193.023867488024,122.017262505908,125.005008476318,14.1613698657779,89.7795188279106,10.5405975865775,12.0376775733262,115.622700011387,10.0220757417279,32.4033343144539,31.0701161515726,138.451542028508,65.3328461581749,201.503867269462,312.36746131839,718.012760624942,1.45969767221906,3.39648831050847,2.4668457209556,0.152842699594921,256.293014894811,544.351150596655,154.863139980465,0.324366042061613,0.257583658595723,0.804992853582518,3.56760928812996,17.3145193640894,48.7447356816675,52.3159713595182,0.686573918473612,278.95684350716,108.968175958999,138.908702661535,145.656799943955,0.241743334418559,20.3117981855004,3.62073316923939,30.4076939971732,11.8538643025674,10.9442430573851,0.0100046705646899,19.8095554900885,137.625945833782,17.4336946854646,26.2128709536147,20.2079491520448,28.6701126020103,6.53825571440079,10.4288080606855,50.2396532884415,229.049605073722,3.62690207393248,177.756558914135,133.386191287647,3.05916875613954,306.960569715748,33.6019843276542,105.652649840058,19.0954585474333,17.5209338590005,39.2718331555321,0.0107654066561833,55.2006575472879,55.5662663218511,99.8177640954794,3.35239040004667,201.226621916367,48.0677261808282,129.048345168205,45.2219330641521,15.509129345849,0.101315617454161,25.4266064017659,23.30277458944,187.142455134467,13.6210024208821,156.189549960971,109.583134213983,26.4860826378153,52.2100507544926,1.76683105517086,10.4517487656617
"GSM773649",0.101576281965648,0.00732895249254517,12.6027334954353,5.93807137012243,0.00424874559299837,11.6427050570716,5.94360319945847,5.19365117786096,29.599558050359,67.6417934685497,15.4611742259843,0.529458237251494,155.862462261905,70.6486879729545,2.60342620258637,0.0217692645390725,44.4156109551809,12.1384966760948,104.867130166544,5.98180991317705,168.623648793731,87.8940347942203,69.7980315664036,12.6823321757755,4.07648859659972,15.6625811134534,20.0770642807361,29.835397393692,0.189224815314192,4.10079033886662,0.613326932779592,1.21209739900325,3.66153639773374,116.854127408868,1.60481367382708,0.0285431646865985,28.3059843546209,0.104579267441437,13.7315640181562,1.18798132389214,11.7280646238497,42.0808562482326,6.6392151420409,86.0967445036569,11.7872060199848,29.5587210997339,140.978537509138,4.5798738360036,111.134803340013,0.902546076144311,0.0435836803593226,0.22838181623954,0.0048902458780377,13.5485550130632,13.8851876517598,30.6051508334195,17.4393323835186,149.404441582081,3.72720570665479,0.0203726779038686,26.0108042145234,4.33247323710122,29.064503561397,66.9003013227674,1.32179535530721,59.4096683451344,249.84189728829,5.63607535564482,141.446377896784,8.12414232509296,273.599369081761,49.5758500789963,135.18390658224,61.9565372800135,0.221620841260825,157.483225300993,0.732667432386082,23.4264536479827,25.7336988315372,115.014765112422,13.7894501865938,0.0747294890910982,42.871594696431,5.78357850550209,219.547467784334,8.26248637365244,15.2747614277858,130.80938333171,7.83479589645411,114.215121928097,41.7990884732347,25.8584294197326,38.3301155844126,142.592055910693,4.96344099594684,25.9473998020677,178.678021946432,100.877635938728,67.1058330914733,28.6986151389701,113.028526405228,15.1836418539734,16.0256788689415,76.4727319717773,24.3233437195743,21.5137097191761,37.6295733089816,62.5624156631594,172.740601254742,7.8100648117581,0.502924453349132,0.0690778640136536,0.0244454813178686,10.146595907097,22.6668135420327,125.289488878337,69.2281651645345,113.932870995078,9.93058299617289,64.7718418223723,4.82637967409464,8.43190410032452,44.3782305977305,7.61960352429281,19.8181835827171,18.8218496990066,74.7233718274074,55.5830475970484,231.902910302558,219.748469268716,573.947145538061,0.801250075737607,0.922610897146475,1.44470346261057,0.0611213177455638,108.971009105202,478.735388483238,96.9433711649567,0.0530538011921851,0.0265388955838691,0.313949770692495,2.79491083137555,12.3547424371635,32.6028982079101,43.0040760048387,0.576105411417614,238.797628328914,72.0240172627177,106.21727508533,81.3701689565704,0.141472381908707,9.11258898763839,2.03748284587666,17.4639257686956,4.83260214120085,6.04357758051124,0.00433299989766323,9.82707526823779,82.6250902227445,7.57718468162299,11.8614961885292,4.77427809106469,18.859719320179,3.71833707662389,6.2995567087336,26.1550213706543,149.943787581422,1.73876415809557,134.276438852456,76.8944972245693,1.64574361844713,266.101277938612,21.4647222990618,74.0991789429241,11.0721011672931,14.643978281631,33.1495074030773,0.0118224051558253,38.4517214633665,37.2765087397289,84.7402405416023,1.79684330048706,156.088336951698,23.3075466146842,93.4115632557684,21.0499159439397,11.2067739344354,0.0187436056333141,17.146096660279,13.8005380018681,140.411340128712,11.667970102039,115.28933814346,48.8433417318576,19.5341318099585,39.8978419814147,2.52273087380869,11.6167114304521
"GSM773650",0.232471155324991,0.0671091360095093,50.954775945948,12.679236539577,0.0146660497877421,31.1168410956589,11.9846032931776,4.64928826494146,38.7320273172545,109.371955391781,27.5825652670297,2.51653742727086,218.675926648591,102.558348966861,7.62734840770203,0.106191678712589,178.057177894433,15.8939601187869,99.2426633517034,10.3350044977761,288.308109051621,195.733744002917,70.3809730811259,20.2735226884186,16.9156343960422,20.1042250737836,27.81001096585,79.0915326508499,0.386296635265019,7.5276771385297,0.802886266040474,4.12940047227302,6.4434279249818,196.613915466085,17.2433200254142,0.0665546063981812,32.3304529151364,0.138701123538705,17.4118272565693,1.15280796156537,32.5575825879428,79.2134322489591,15.927808661725,64.6414797747785,27.2325015467526,56.326678942671,91.2042822971401,18.8069175575617,104.732487509822,3.17319596415068,0.069129391172639,2.5868207489581,0.00854205286384812,19.8870867861023,7.5494007125607,46.9614740936254,17.513093295748,259.485664139434,24.9353049255804,0.00876568033869022,25.5075990656916,17.2243761170211,53.0133186562962,111.181774222833,11.9900900165341,164.713281058977,588.00078275268,18.9186271621844,114.495732618644,19.3333812356159,242.798698167132,115.502004207375,142.431188866581,45.9734135814629,0.876750573933277,196.367708045538,2.76807326548283,62.1272854299658,40.8786452624871,107.721608878875,26.0730778309651,0.466314377556962,66.5992716150268,28.3358032886472,371.717279225879,42.6094183895103,17.6419070803982,140.920949103759,10.4748303273607,95.664265191621,62.4945950054069,48.0489177134714,72.1337039122198,192.90770802442,3.44012656437847,85.1894258795786,226.666047294987,132.900729058887,57.8074718025849,37.1111649932352,150.52959330414,17.6217913842033,21.4209986373825,79.8708797991943,83.3646110756306,44.7842984419352,48.5808416528896,82.6363707661935,205.712765523185,7.94106262856897,1.04218769666128,0.179537649372987,0.0689969444381502,28.8866288293938,55.3199323507122,195.202858184508,104.112832142244,43.7266225861467,15.191219321617,45.8711261885913,9.88816013901296,11.4156616782739,223.360123186839,11.2855230131897,52.6938893412402,22.7542098441126,83.88873145503,52.249420391017,47.3391203089088,250.626767527771,456.548214870495,1.72484709976596,3.39838925688598,4.170551711187,0.133973996742028,334.59263990517,495.617629952736,85.9911349442649,0.47717068877505,0.221366106547748,0.815691989673377,1.90915127730514,12.7684307075601,29.9450358798073,30.0163340659905,0.777283666651652,164.106478971168,57.0797249876915,103.89613179298,87.1148532049941,0.221344650781522,18.1554554452368,4.03158532341629,37.2278291211694,17.5039760634918,33.2200886871906,0.0124665195873413,24.1036596466073,164.792802638828,18.7869472645671,55.0295542178713,23.4095946887913,49.1791977748878,6.29447897558987,14.5628511130484,56.2720020340308,137.976559039891,4.72728839882973,131.311007829517,89.1581159987751,2.18257518733218,235.015700179203,28.4985394023628,66.7234417427538,17.4399515840141,12.9181499542676,50.5465578572033,0.00575976052328146,64.210275329818,60.286263072076,123.533918767167,7.40516345596242,150.47801412961,39.176255961597,134.005907896532,56.9278355693059,7.64714042916704,0.0981748624453183,39.9675910228692,35.5350094453514,256.502768749809,17.1492226265121,77.4985363395874,90.0581956796417,24.7238760598603,46.2880681965294,2.4946446821626,14.5267290501043
"GSM773651",0.409169330276892,0.096931496823303,58.3806542217249,23.5363779701151,0.0146941770574934,21.4173973249769,32.4796171554162,12.6325521261287,72.8374267811205,211.720669657399,24.5932858470235,2.24840421949123,526.285406559889,97.6732981369151,2.53535334038761,0.0467960440632939,179.36308071271,15.3571119906539,118.295428709833,25.87868380537,561.817701737763,363.509002119225,89.5914819015773,22.2280984215129,34.5993208205645,19.8043011565091,20.5141157095152,116.663816909723,0.247581694809575,4.20775046687587,0.707767197567207,7.5607922508752,7.49579207427934,502.946740179156,4.09613651050589,0.123882883997674,70.4296040239125,0.0666985437613372,25.3080566225298,0.881447762879706,48.4635574685251,203.72390030633,25.4707983732324,93.866378570628,19.2688865094602,62.7800037100733,262.474277896993,16.040139961022,273.773647004274,5.99405048732285,0.118709228725191,5.34584988154692,0.00916815362819843,20.5597007095131,8.79917475666317,56.7648369804186,29.176288128509,346.545284551149,27.7354218697371,0.0515369819907231,84.967829123604,25.0157733151489,64.8154464978564,150.258384938036,6.253561124155,444.370626656292,1087.66150081162,28.6116232785047,216.138147512216,10.0181127873611,563.732047296571,75.1629719458802,275.231379486132,128.66850456359,0.678567540685416,265.982673944205,4.61678293367962,23.6219992898236,18.3287059661517,160.935611177802,7.46123720662866,0.143118007535877,102.763534162453,13.1622625418795,478.119230549988,29.6605401131894,33.596216156689,312.64137699586,37.4819037494739,93.5808472057167,128.276455600068,107.885591469848,81.5270087712316,252.303189949034,5.72350946471562,76.4993638514292,319.888836060965,228.726587469674,114.377786611115,49.9044990528853,223.547109957675,31.4321128746589,31.7224001541345,135.860150734442,54.2764404465278,73.4176761171031,68.1252251111786,160.434836367295,354.915983295779,17.5348532388306,1.72069251075479,0.209001570454856,0.112588631037841,21.7897036276965,64.3329643812058,238.14453055288,219.128604456963,259.876329341348,16.8107352055871,132.086304294939,8.62815656175754,12.6835041874662,273.777985162791,22.1243897775134,54.9846513246892,28.1260336740823,74.0043096491378,107.079760582829,37.9446507137051,629.24181722237,920.149910984876,7.39801942507056,17.2745383195042,21.3520259671524,0.183539525067354,420.842109792091,784.523367881757,171.994426869349,2.52024973144089,0.888615230779008,1.5449862437758,3.37096563494796,17.1142780636361,38.992635822511,49.3276316385757,1.03637828343293,547.172048383272,169.17154323457,187.707993145296,238.5505898055,0.172748210106761,18.8097448279912,4.50788310922361,46.8264539341952,22.1464543372403,36.3806631204214,0.0150051596247844,11.191089492595,186.921032053009,13.5950961986486,16.3467058176975,19.6114690358692,27.6865955327802,3.45609379586468,5.93729939558903,23.0283516580963,162.678176212166,3.355325574019,167.166921278954,156.260530166018,2.22661916759535,331.334540310279,46.150877455241,97.0574142780804,23.8446459388432,9.60288319649301,59.6577676947575,0.00572828415858734,62.432793328704,74.5426626508186,136.580926212142,4.52613006781682,204.592698431953,21.5250373194068,172.501243446469,45.9755036460153,14.0392150036311,0.175618146469708,34.1563317220906,8.00488054210336,325.391865877338,18.7857210233091,100.540471465367,93.6788884505511,24.8162975870859,34.889121654482,3.95446683906442,41.3868848010616
"GSM773652",0.151577067665099,0.0375276158232343,46.0541446310752,7.03336519261211,0.0155362656667739,24.5750404997206,4.1387472841871,4.06384991717608,49.0759102439506,100.534836123387,18.8317246524213,1.81836569091451,205.91917198046,91.8136636158632,6.20247053333805,0.0669399812390742,93.5018745592023,15.2036188650005,90.9797190458338,9.589929554817,183.944244848458,143.231624386618,72.1850783267664,19.6177556205278,7.66740533621816,20.1790982411039,28.2666848602542,39.8432137277919,0.359151733581105,4.53060143214907,0.766243663591838,2.89126364525239,4.43240169763115,197.608521004491,9.64099582076698,0.0939866702212941,27.8649372840671,0.132075893132117,12.0762778591488,1.4963863231892,26.8902948002505,57.757899698985,11.2776589163109,66.9423175210595,20.9806408676661,38.3275015298622,83.7369715882875,13.7440315017639,74.606906838942,2.45057982873272,0.0551088956358332,0.805875063101376,0.00520740294100141,14.9833699344534,10.3094748415882,33.2182394720101,15.8537360133232,205.046439412374,14.6200794577045,0.0113734426913622,27.956913077569,7.41201801722258,33.3502536760413,75.8627418587233,4.18693146510301,104.785005860142,451.106253043856,13.1154732929592,251.589374137121,12.7891843588455,245.060356867789,74.7555836534773,128.457914628383,55.684674021273,0.431187150815938,176.228892480219,2.53254718189931,42.5497544192217,23.5098181373791,155.883381373165,16.0881152259483,0.113466683878244,52.2543171408023,16.5461546205336,237.407054259805,23.3649560065823,19.350396344563,145.874170806765,10.1919777193446,79.7719024542931,53.3192499421865,42.6752357361602,39.5870101253222,164.352520583145,14.5171877175265,40.7174007781873,185.742163215688,96.5509769076119,65.3634328517403,20.9306191669508,102.269448194872,8.72192876011935,16.9262903446544,75.7219181151439,43.792796811997,28.4107274979585,40.8427837460052,51.2852688492891,176.152018498448,4.14076107169697,0.797636975400441,0.130526590678925,0.0614961481484773,26.4518299533489,45.1997130516108,153.056949064858,74.7868957517138,72.0441393040513,10.4401922085247,36.7846862667893,10.2320466755347,16.2330418469828,137.475544327794,7.60162176353195,40.7895914366778,21.3899901017308,93.9469062019696,48.2203085137666,59.3390128433335,139.406689617778,474.174391802335,1.40737496102553,1.66383613210809,2.23207609612337,0.103869740792149,172.373483851009,559.551842046406,102.776256585953,0.154777612934891,0.111677476341284,0.502502974359836,1.81746947922235,14.2629892674542,33.2012921310758,30.0464913549944,0.785416986224095,225.915455195138,46.8733270452261,114.052732387902,80.8955518827043,0.161982369955526,15.7614951147726,2.71551727817457,19.6119942742198,8.69454013262341,8.09298181372349,0.00884971274775532,17.9014693175318,96.9915832842999,12.4736785478069,27.7893710509406,11.1650293339226,25.2180049471396,4.78500830268003,10.7449907715179,47.6002210442199,124.210046389729,2.55422317828378,130.277537396925,57.4491258813128,1.8614938848688,247.49226986595,24.2591570775955,60.9798254640192,10.715556130755,21.7760813421078,35.5000504031066,0.0100643654453584,60.3143012508858,30.4843879195094,138.77214133081,3.21952874138274,132.313140873385,43.3999820825425,133.199523976907,29.2808773781882,9.06732560442447,0.0734466781513867,24.5793130066686,21.1335244095311,147.725953662502,10.0631857129477,85.9688742041539,73.1041385321475,24.3543438077701,35.7948414818956,2.47777443094485,14.4418583861
"GSM773653",0.0907663844582834,0.0348114429843669,19.0908224514714,7.65072236102377,0.0167156753482868,28.981443320091,3.5282919889573,4.29617673112386,43.1933316660875,74.0747570235306,17.9914182855692,1.50064939843866,150.070785271534,91.4133867591981,6.36660240134602,0.0867532790138722,87.6367927234681,13.8694871311961,72.4409371546779,8.31389847492463,80.2292574303834,141.552550738588,56.3702050998951,14.204415785581,6.92800857119589,15.770943390879,21.0708453995911,46.8385323472719,0.182294019483771,4.48616871615194,0.663522293995667,2.78519114597323,4.54071529044629,124.563899748128,7.53077941592991,0.0829300300521111,28.7940849002457,0.104653942434794,10.9855551263774,1.57829135301811,13.0983940391562,53.1241940049651,9.94147868562315,80.8858497598218,15.9131517680869,40.2246645474772,62.8614974486411,16.4328366851936,87.288466690301,2.01417165363688,0.0893747550854533,0.49432028009563,0.00697998394464996,13.5299474554419,9.8255540470455,38.5857775517361,19.9822634988619,157.357027985528,16.0466779548169,0.0166809979173449,33.3509818298649,9.03318441513327,22.7550058389503,78.0602039128697,4.22014313610472,134.663823612744,411.729953336027,12.5970671807228,240.076497966212,7.96930030866433,204.723666807625,44.7180137366052,138.858310052538,48.0456350835946,0.29671639230465,182.273171293892,1.99662209594859,53.2636543845437,22.4523097450735,152.204066747857,24.1414824993415,0.132299030555543,36.437059374501,8.15102751761111,237.367848806819,29.3300857468837,16.7166256032667,130.799388399826,10.3061064102298,134.542054482529,53.6547933244088,27.3807768395353,42.2337963366371,147.477687492379,16.5860552600524,45.4577417242808,180.391533700863,87.833594155651,69.4268592926426,33.6287971797042,132.614736056045,16.5005655507365,15.6906082961831,94.7540583493014,52.1429080657917,24.066709972738,41.7014398794998,64.1606517093575,176.275766877784,6.76685700562513,0.929801097048638,0.145874526578575,0.0714362810693444,22.4003296775734,45.8205000653386,162.285721621377,83.8071715743804,105.418254622473,11.5500172268489,47.6221383080957,16.6553402093236,14.5088556572281,115.514250187829,6.39247635163616,21.4069463751268,23.1586266464135,80.1519482084904,38.2922068149806,140.851451544632,169.186319102641,461.659600348085,1.28460740514796,1.41388538604568,1.44909369469912,0.106124436132923,181.031882401804,386.795591743913,84.2117768884239,0.26350660760495,0.227121937254088,0.654293194866724,2.36815047300306,12.6303105088433,28.8983034297719,38.3390533655907,0.525462554565316,173.311950784905,67.2378130909452,100.00304295331,76.7403405363263,0.174500423576741,13.5436741662665,3.1663057992523,25.8574604512542,8.57921844973027,5.90942345172584,0.0111038499023186,14.675616535354,117.942891207348,17.7162325716262,19.0722362878336,10.116123808686,27.6495709223472,5.09161546915711,7.2523494836649,36.8599506863009,165.499185792096,1.77161391100558,128.813030844918,80.0703957182278,1.28001642283165,206.859804013399,18.6363337561301,75.3141690068982,16.8631851634516,14.6972437879157,38.3637819505772,0.00900737748030747,61.0064820474138,25.5181647045788,109.11659685802,3.08389602120184,127.848844999187,25.7383804554329,130.734332842243,32.4194244995472,16.3789771040221,0.0682220526403257,24.5558585648395,17.1506787521085,153.649434861195,10.881744395816,102.712470312778,63.6720660617388,23.790672272864,34.3480611648907,0.7834034383126,5.015562928169
"GSM773654",0.0894262139575482,0.045291164995245,19.837582296434,6.55543670295094,0.015363012211073,36.1795135491503,6.5223030424759,4.66674456969317,33.2408990806813,58.4637329189293,30.3929647040612,1.0503422045107,193.605577785553,87.1386211075597,11.3506064930396,0.0558510389105118,75.7766742196777,15.5183429653604,104.997032969462,6.57727619264103,128.113894006006,107.088038906132,62.8011330497312,27.9992956505685,9.36143793440516,23.0573138033774,34.5727916448466,61.4697270123737,0.32916700311443,8.16792087689888,0.936784473217312,2.62942541045605,3.71760542599841,64.443194580608,4.06522220218545,0.0841255697296359,28.7226132494445,0.147386287674762,12.6455212211559,2.14405413159344,15.6206438701873,27.5108809333008,14.3479305532164,78.0015493957239,29.0818573865922,48.7968053409711,81.8773555553766,15.3579247132151,67.4573374566903,2.09995486424081,0.0469705557911876,0.476743986890375,0.00613114309005691,24.4731587554368,10.4368531540585,37.8041826585871,14.9257703924799,151.311169613358,12.9493856374562,0.00645690181616949,36.3628245040222,5.28764751334739,29.9837400484006,81.951492352047,4.55736711221844,95.0652455262963,303.388382500346,7.56690605883815,102.190960203506,13.2769472314098,170.415960084011,58.8329954156905,89.9670897560343,84.8589467539873,0.327318477103984,154.973465907183,1.93181393272873,68.6562477370985,33.0637708883211,102.265080336184,32.7535439944492,0.0764856351929687,60.9127915001472,17.6609821301143,204.514105125567,25.8364004835803,13.827551864801,156.564004376549,11.0580354941251,115.579515866905,39.6972755543532,39.3512909033849,47.0586894826736,132.611549743484,6.0918524599285,40.7006925609087,161.304225720578,105.962091309668,60.0903184697189,22.1749328924122,76.1970714487225,9.73048884383049,13.8625311088788,64.2209356252262,38.6270599082355,32.8007975180901,41.1914253865131,55.2822540150877,149.753651495134,4.9178203791788,0.521315053806226,0.0723386087852674,0.0879399074665606,19.3001698708434,39.3959239411471,117.779768836519,59.8698666474088,36.6099345095332,11.3937884794318,35.956739859202,9.00187902563234,9.76788435545354,103.45892048486,10.6309267678133,26.403707752889,17.3796994225554,130.950561963922,35.8512908408814,101.136527223171,136.263586845867,358.068221937452,1.12746221427157,1.12718469195141,2.40713433236166,0.0958157652745676,123.761717638765,313.253107959687,86.5212475647259,0.259769232799249,0.169779184997179,0.655814165810815,1.79431370963032,9.90552267644338,25.0075994366335,32.9912797814129,0.609590080907771,136.654741960734,46.9181488123733,117.020199888338,98.4143162929731,0.186680231339897,11.0350032966767,3.75597264553832,25.3351618923208,8.14327014691212,14.1956605106278,0.00873442548241162,22.3982266764569,82.1915763895888,16.5333234876972,28.20313345948,8.57477114655188,32.4489276721713,8.81624163952897,10.6467648969765,52.0519308448958,102.387241367773,2.74884421089517,108.239380252311,61.2069121340172,1.58672646462755,180.413651761057,35.9829905361481,50.5552840943127,9.14752305733169,11.412265049947,36.2209198539531,0.0111711648680147,40.8423404539752,43.7775078595312,68.4231897044837,3.65549022904007,131.312104521962,30.5225156594528,83.8087213309937,16.9398401817202,10.1538351321138,0.0740590011234248,27.2251200856679,31.8989501235922,153.985079881131,12.635202997563,98.5720612272795,59.5547017050887,27.2946134088995,44.4045886786359,2.76300907848838,14.1413361927284
"GSM773655",0.0658485019113206,0.0376259393344401,34.7865481947646,5.39638803677449,0.0125829664246929,34.6883842404766,9.11878125101764,5.35092311580003,67.3511120278473,91.4626822212947,19.4837622042512,1.70594705791753,227.01908222718,88.2871349272873,7.46308293521568,0.0628724438103271,80.7227867233383,14.7255376662814,96.7763440248301,13.5043647996016,103.876935858575,137.143699802932,69.9034576096256,16.4546341438943,15.794455031003,17.3597316635054,21.4348197250412,40.328932953433,0.275059433088107,4.70882467277882,1.08786425123829,1.96769741117094,4.77287549547234,170.872254701059,8.66094320580126,0.0691732503233654,30.5345897872717,0.152595383484527,22.6156173466254,1.77394552363482,11.9375288812513,42.7512368049218,9.3017806304386,90.678495166447,17.1711615209068,34.5333401907898,98.9458417227533,19.9505705479851,70.9331208729265,3.27023568435753,0.0692493117848556,0.258077466242589,0.0103664955549734,17.4520208367088,10.2087602038461,48.6447439367431,22.7827559841524,197.962125716275,16.94101790608,0.0151453803695374,31.0972447500075,10.0965640108546,29.6497842865625,99.7862079722477,1.85958254455262,123.047092042022,525.903825835653,11.5809834456355,264.293294101063,7.94354131506877,239.039483526962,48.1262025514838,181.96897465193,52.6474066370634,0.414348588144237,219.599257175808,3.34587865832064,61.537452501446,21.7073286947546,265.507203101647,17.3932725231092,0.16647192431338,56.4508500448633,10.8705956512239,370.746650826659,14.5135794106859,19.1199178816816,149.849544471841,12.6153071547786,205.623200191183,68.4522232861324,36.0583155979568,35.9780411935503,211.367775021069,17.177087581111,60.5946663154786,260.52399300558,142.152550218618,101.494588631012,52.2627325227468,197.159416460126,20.4045009064129,20.9836133102365,106.875805273156,50.1095639286621,24.7913588436066,46.7962105210915,90.8485383818555,249.244883774552,5.9801188608866,0.679508271756677,0.0896823317079459,0.0733396876501033,10.6038119691215,28.9422102623632,149.932503715498,70.555744196329,149.653600587697,10.786529733678,53.5089775536119,7.74744900463086,8.63374697419283,51.1768929055565,5.63401133321653,20.1701484256779,26.1017373560016,114.085285863308,58.5738208439052,130.24153537371,136.792367432545,444.913020420609,0.752405913131976,2.17695575713981,1.98725787581135,0.0847129661491025,180.266799410128,546.445376464092,122.1168328869,0.303598947435105,0.172342055569106,0.844633060035889,2.54937584663781,18.3137891136192,30.6788682214746,31.3990887219333,0.749174992101665,266.562871588294,76.9432353411643,127.102522898413,91.2027460205851,0.215862047286812,13.6854409234664,3.99612412441066,17.7942781014121,16.78882046577,12.2228238319096,0.00858023415837214,14.519779397455,136.373196819927,23.9457803245407,22.2611567903909,11.6815111900772,33.6042443918222,9.54719660925847,10.6674696305324,33.2802431721234,239.278979383205,1.99890081937733,183.755965091986,101.568012613555,1.91328397803063,280.724065235051,20.2073433688641,118.058087777331,20.0487423825449,18.6381549565338,47.3351082849436,0.015074347263871,65.647895460548,54.429880041381,137.891290472225,2.81890779764307,210.778514812237,28.9762211170719,155.611385643517,33.1866898629772,7.19457933910804,0.082659389985855,18.6166222571642,20.0511844230963,263.600483791398,11.5027183530161,128.472467669026,122.540311396574,26.6476491766814,74.5595299826268,1.37306429214869,10.2691011589112
"GSM773656",0.0355972472877793,0.0129379499047634,6.58250788076326,2.00226503272667,0.00752774530871786,27.493364872384,3.6739548516301,2.43746799954188,14.1315926704003,30.0493060605655,15.7987237065342,0.503666136823769,104.088555025209,75.4373490067769,8.49837658106555,0.0227392322482025,51.6220189792282,10.8242614417204,70.9128785364232,3.46236181466406,28.3437494723682,57.9040739476923,21.6681520178117,14.1623974073328,1.9828359717921,14.2216178399796,10.1581218696607,24.929307984454,0.0977294916439518,2.27454542028688,0.62652688178963,0.97753832541508,2.27685090399825,42.1009846961925,2.62654639958929,0.0405604009997824,12.5180514414221,0.0510329378862043,7.67770200474265,1.50068195539592,4.59992780976338,18.288127981902,5.8752474653933,45.4554472539337,11.3389536044194,42.3376791306942,39.0961591317602,14.6710012425678,30.3891281927741,0.84940247287202,0.0393678226407366,0.105279943795021,0.00597599029510094,13.065830613893,9.99078578091449,24.4534577172185,10.4752580577653,76.1918034531194,4.86559923304623,0.00649008306725711,16.2807018628546,3.4939476853636,7.89424678614873,59.1523992563375,1.42432086118552,53.0938947671042,166.245861735082,3.8296343629732,64.2122658738022,4.24291637332998,102.302588916994,25.1301931970287,70.7548348178469,26.187825787254,0.193538211856747,97.4761567681785,0.837741950483359,77.4583007800848,10.5987299931405,88.117245784139,23.4223836611137,0.0404862826592126,15.8737656864452,3.31316167161043,121.238425687397,11.7921134648915,9.15218139738666,99.8975507777242,3.27493282539962,116.040406704024,29.8571830355933,10.899321524178,29.0439010919554,90.1873424056977,3.26083247490503,20.9417486260644,121.63566104334,44.6357559298978,40.5488500174482,10.6966602312262,56.512302975261,4.03841385271093,9.83270362380684,58.9877386548834,24.698761094118,15.1614777701707,31.1174881768123,32.6198436071537,95.4548805920934,2.14460732515255,0.382988061492709,0.0480192949342826,0.0256937820088423,9.50239340985937,33.6412187415716,91.7396403059616,27.8527865625198,15.9863320121902,7.15874913832875,25.422647312873,6.1485942708329,7.64591671833982,53.3930403181069,2.11087262881524,8.4926656738723,6.46685677808054,78.9189538986968,23.1025344810052,200.304430714807,78.1804068408798,290.14174384427,0.3956597262109,0.399615109856923,0.334820403898002,0.0448354470749067,61.4290973877046,239.076282827943,57.1044687925136,0.0466536089276173,0.0312040838599649,0.247948357873513,1.89167425305595,9.35235133934417,17.3308006408009,24.0124679441418,0.360662939207269,104.85357263781,39.9414474182587,91.4567532581225,41.7321824656897,0.178390420566864,7.12572040240912,1.72513887289335,12.3363446565085,3.45508119654991,4.62037542488899,0.0045256484321492,6.28803823785101,59.3740832270373,12.4275280376015,9.07882561113697,3.59007469103916,16.2198507759578,6.51210430456201,6.58238009563516,20.4784752144538,73.5827228483143,0.971600172084404,87.4239412426921,38.9377544779735,0.925656216079849,97.4402910184267,8.74821861216837,48.3215005774134,7.00717987869338,12.7391468216674,37.8700495528527,0.0207411755852525,28.4417094560841,26.4863544133373,52.9708201343231,1.33846515079591,70.4039725649488,14.3755873307771,51.1557157833313,6.93882668567529,7.63151957522112,0.0163293011186845,12.4614026521356,7.86479125265119,76.7248213196074,8.99622988183,56.8249563136117,23.8493493566478,18.7207669579644,17.1615850684969,0.65858983804372,4.04911998296835
"GSM773657",0.0596634997601432,0.0248248528412738,14.1727724810459,5.02529822964348,0.0137384535237348,31.1579848938454,4.68724099723032,3.29160299637005,29.9603117738106,50.2778030086883,21.5143861574887,1.29252739101641,155.583427560656,88.4206919424461,8.91825396362767,0.0321643250111414,87.1527076498521,13.4209554357921,82.6268690099889,6.66170867186358,59.5575535789381,94.8646725033579,41.0936339654913,20.1961592726131,4.23439509558936,18.0121547652867,24.0919522064987,40.1761483085518,0.225069336916689,4.83142535585383,0.912962541693617,1.59471698301104,3.45434195243586,120.550208622509,4.84504275216897,0.0772451059918415,28.9094712302123,0.115432365610572,11.6945057750055,1.3624846846465,9.05400847696244,54.4840807140891,8.29942600350602,80.3942368372559,16.73931003125,51.8454279275561,68.6470393302111,17.2113586392574,54.7564808389532,1.58886262353963,0.0535136563593472,0.222402060088842,0.00834127610940937,19.6919792136353,9.74696299601941,38.8656612074168,16.141399258165,166.553498776022,8.91046136138908,0.0090931340298033,30.0694096045603,5.03522015984815,12.0500195410323,69.6857683383042,1.59461146140308,102.707947846134,359.373548126004,9.62742647316567,175.676057669083,8.27610614871585,163.628164487927,39.7527467148423,112.542031766785,41.9163617528043,0.268958661705063,151.901504498897,1.65077265205703,82.9673978350708,25.3689386578528,146.902357143869,27.680472590044,0.0950016185505084,28.6901479960766,8.27862339971324,239.682030480601,13.6192571383216,16.8029073670347,137.182717977662,6.59604143616939,134.439865093419,58.3453060497159,31.8222410343612,37.3723035946001,133.312511121093,10.6360317193102,35.0025816877144,164.321560119249,55.3122471092941,62.8164424423289,20.0964790699071,94.0682035240118,6.93757010732934,14.0378493649211,90.4032486921554,31.6218124493668,23.2900789627717,46.4964739616013,56.8905920874093,160.114009487578,3.37774496001878,0.643797919288146,0.101929575115399,0.0442212718139949,10.4061064397605,24.3171669095359,119.342362840859,49.5176350493341,48.8639120346087,9.69675587839549,42.6247768435726,12.3147908020705,13.4134170319252,58.1373080274608,3.27515969085186,14.5685548911573,13.6093138785868,118.502911313833,36.6189007709933,125.84275909347,132.821988235892,433.844715074686,0.653278853984278,0.762457698889677,0.90190144981884,0.0892564062863451,107.057131089296,353.9618431867,90.8546228070346,0.124696832607225,0.09867587272042,0.374838245641071,2.52396992032656,14.4620989640814,30.3063215652959,33.1408727662501,0.588403984146246,158.422483363214,60.4625302803929,107.246162018481,76.7747987098477,0.201429623631987,10.9574508961446,2.18813243158797,13.3899464223733,5.64968338606776,7.58579750147208,0.00752435839525895,13.9521471303871,98.6968849062265,17.9793408194198,21.0597906333209,8.06934204885924,27.6338865682119,6.76987425773724,9.34510038754007,47.8047625953448,129.679491181047,1.41940293358995,118.409170885107,77.1716432508049,1.32173032421068,178.7812807693,12.1681019807144,71.6832385174466,10.7849039022697,14.8093557188719,33.849927827249,0.0161118968775409,46.242855698163,23.4705776301358,87.7960782802675,2.11278140469431,124.006872412524,29.2569413546577,120.895063048868,20.1356114310963,8.73976693259238,0.0369428680826417,16.7751992701154,25.475906161531,123.190240050426,10.1226545440433,93.2837104219382,68.0560035717304,27.8371635979888,37.6070523574293,1.20700196253779,5.12991433265954
"GSM773658",0.0427052539201237,0.0370778454217696,8.84728228785663,7.27469501813843,0.0068472142560874,14.4958949387305,5.93460441996106,7.32471066865655,61.5092280262567,48.4829061635971,26.9402810970624,0.686434894231846,444.376000203241,91.3006431479053,2.85921736445397,0.0341501329828062,83.84089396921,16.7324640659104,113.880268524252,7.09353676616964,392.966292752211,118.043033376852,66.199644962296,16.0153516471103,4.25576690842597,22.8238614241329,22.97930452599,107.669848828708,0.253236937767462,3.63960182893033,0.919088300390264,4.51172576414679,3.32267052037262,128.611885727869,5.02195857567842,0.041669150006308,25.5807976906748,0.0893737978686837,16.4892753870068,1.07044126453271,5.79980962754297,38.2708601464361,12.0225591097822,58.7675161400674,16.0357520006935,42.6434374115336,121.508742916849,7.40093907923312,73.2789518935098,0.994212306132379,0.0561484390138493,0.59547839597033,0.00770604776137333,19.8314630204933,8.81861963047573,53.1478469282997,17.7912813244057,193.571639550609,7.40046241486626,0.0216851279086196,40.9522173612278,7.19170104484977,12.2042794943763,68.13171009817,7.14937576931788,149.461969969082,443.408522493295,11.6215526026707,62.2810889894463,9.44499067072674,255.610680469848,53.7107395490232,117.979202622432,88.2964393309797,0.363656835252063,189.156671081584,1.28338172542002,22.3463490911838,12.322285383009,63.5719408436785,12.8358668328026,0.0687098207193958,21.517600840156,3.9040017639754,194.769191594711,24.9699000711404,14.4460042726472,151.936672199577,12.4014910125166,53.7812111837904,41.9892922181508,41.2901793590428,85.2899717808302,166.52287481749,2.995857652188,44.3437196044033,188.031250157716,99.3498882873573,64.5805803815045,33.011931719787,101.803647327195,18.1794141602179,17.7528702235323,74.9870693197858,41.9586356167992,55.5879721425432,74.5824343378066,60.347089000766,197.016522842218,11.1640655714396,0.973129682718137,0.164591883880189,0.0533917429342583,19.3686084346547,52.4765615578605,120.847283290811,87.2079985212848,77.4795076147413,14.2059967332829,36.4182793755533,5.40872326378326,12.5758492915459,175.15634559902,4.52815164191267,15.5948425136276,11.0823396460291,39.0096944355013,47.675894862247,135.960678118046,190.006287242504,403.723841258667,0.709692418622788,1.04275360138074,3.38290316272813,0.077014649049357,274.570395505468,375.041386476956,79.396384533715,0.321538269366474,0.0717372929986983,0.559023684524702,1.14917160295113,7.71687364581544,30.3279813141565,29.8976536348406,0.57236203393411,179.309265266111,51.1099840213342,87.0639411366021,94.8347898225311,0.167119266810579,13.1239897380714,2.53142426121865,45.486815449193,8.43501008501652,10.2770437188155,0.00696177954903417,7.17759672896754,134.661810245811,8.5931249475058,10.164318501639,7.35088942848037,28.6312361692647,3.86635841503769,5.99305696927274,22.389613683827,137.130645151691,2.24262576447985,147.073289187197,92.9399819964344,1.67400301815465,228.577710678916,28.7069425537145,56.164284133813,12.5037516374323,9.33660257437677,42.8372698422436,0.00537308255915195,43.9182029789645,13.8186690607244,74.673422252647,3.27594095229949,148.675658058442,22.5651550738473,132.105023286452,24.3254461885502,17.3806505005011,0.043456159106698,38.4476231801211,11.2695824564863,173.138318030277,13.9187131448593,81.4651847743865,103.49404320244,26.315226609561,25.6252273844029,5.24384838002079,15.9615700186818
"GSM773659",0.124313964614229,0.020744294749789,10.2513919062567,12.7030320199841,0.00663160843215182,16.1091836129473,13.0385215018303,8.09737114467385,76.405907025737,79.6125451474864,22.46269307362,0.931116608678412,222.398339323683,84.9656946677504,3.67562415964726,0.0254097217671038,80.0857187865976,15.4428149444761,141.629127411715,8.57014471000168,298.055303400467,162.649194869374,99.1322047094861,15.2824661248417,9.65072848418225,22.5502069747452,46.3759895204994,105.15934167575,0.310748543176406,5.02779364605751,0.732371743278376,2.15175381376083,4.51734999950271,81.639944307211,1.22409774333457,0.0354124965451492,45.5294255545252,0.171300455443929,29.990745069696,1.19980001101117,20.0549393891005,56.3290561701569,9.1660274951267,105.735804790916,14.9482888580518,44.5423579074817,172.402031436736,10.6067205593921,120.307591228834,1.10496387130966,0.0620222488681325,0.923661253390676,0.009095570827352,21.2929124256544,11.4287865707916,48.1909196761559,22.6022206538213,223.126441709798,5.64102014347866,0.016014375190271,44.3575407092095,8.05676081419292,30.4392952895106,78.49342811239,2.65239540798906,137.714592863993,462.102513422704,9.10865171271142,111.993792769463,12.3510510774309,316.986687423685,48.3835553264326,159.056584265522,51.8520445955048,0.448043446897089,189.248288471721,3.31767839093305,25.9634131908498,51.0127918473283,136.607809957833,15.7776172400672,0.0659280364773244,28.8250770713217,6.71192268550154,268.50426170625,14.5164517498932,15.824990162294,172.801434644048,10.5263376243115,90.2755620100925,98.4020338629919,34.3311535416299,39.7432145845706,167.559448411945,3.12737022482661,72.7881407778365,215.087867248316,144.497546351317,83.7122730968696,32.6520936749149,117.934886392779,13.8201158033069,20.6721985114912,146.907258244537,43.9247685211079,32.637233996405,63.3321694996285,86.981085240167,186.215973958779,10.3771035805667,0.762830723492139,0.109708783064111,0.0606165255174293,10.6116034725203,28.8567279066701,136.614038676768,110.28390231117,178.43236718691,13.7381852663566,85.6634947695651,7.26054161596971,11.2701210121602,76.3789430514062,4.43248482420462,22.5343818942181,34.6152683601186,97.745388674912,63.5142042232748,470.83768684292,257.066248874128,544.768350951213,1.4977255323394,1.98817868711298,3.85180438581739,0.0832333802221256,191.17287931098,501.784852685627,123.25514475698,0.158181696466413,0.0517527929007076,0.50826938402188,3.32387613092707,12.8244350122935,45.9956937606478,46.0075238008666,0.986085817438628,289.088616792297,118.970340173489,121.413909462045,206.835456015378,0.20683371840017,12.2450983639247,2.93368252402391,34.8029877615138,8.0585606044258,14.8279116016732,0.00708854431474867,21.7082247694018,136.757983170159,12.2163509288098,32.0221735056444,7.81373033070062,36.2420537940423,5.47307903627748,12.4373997556495,60.7733071804343,136.051007755023,2.6992246247225,154.720735117973,121.465699781192,1.79436503316612,289.774117026418,21.0429102051627,124.01509352873,16.9404799400162,13.9075256406979,39.427916434558,0.00836486382129136,44.9381218115099,28.532635986049,92.9569008865239,4.26498904533883,207.693831185678,31.1268413655462,194.169952823077,38.9855067463475,20.8732979217867,0.0363999780090305,24.3124997697099,43.5099280348968,208.352520562523,15.6772882116716,129.440621694705,86.9568316832624,28.0763260380981,62.7528395491307,3.76039280578172,15.7672211463376
"GSM773660",0.118320895675057,0.125621494643744,40.4527150366748,17.9479026624759,0.0268507567649251,37.3622689330729,6.96822226550535,9.47054231688669,90.3615508375202,103.161231736876,25.0029417292663,4.24678451013468,346.951222203669,93.9868372876436,10.5063393171062,0.105952108108849,117.297104349146,15.8805446674399,98.9239578981912,26.0742944031951,186.672450259863,186.024445134511,91.9283699282711,22.1374674666346,19.8203128267004,22.921633613449,73.2912279359316,116.207483783047,0.570217387311114,10.3947631846835,1.22797996367393,3.83790501521629,7.32115261301124,342.941429652587,8.83624315525931,0.258893869771299,73.6978839388218,0.135005264094599,23.1531156174187,1.69624156920002,21.0561578179831,88.4956729481564,19.4196886832187,101.271516426324,25.0259368678338,54.6096305281147,165.454869222924,20.6492218776497,106.492610357509,6.86895035906081,0.096923484209904,1.03690784839982,0.0112906992265362,22.5894577683354,8.64381544000048,44.7798477625997,21.3226178732794,289.198219661263,37.6218371021173,0.0214475959678992,77.1157297383273,13.2667457665277,36.3224398530739,110.454884015027,6.06295675132371,190.628402181952,649.984671842272,24.0432177063274,267.732123134308,23.1257678569822,313.371884320466,76.6408613257896,183.371604001992,94.729384032576,0.638540284905102,240.625245920329,4.31117274897474,63.6404914728865,51.0783333492926,193.454877047044,35.9434390972186,0.254182260469172,146.206597683813,31.9159785133705,401.772377790751,40.2694976772851,25.6886226578701,234.748722888286,29.6143119526013,174.398270084181,89.1006190534034,103.256114210311,63.4528450308558,218.292226382899,29.0904643527995,72.8936242323833,253.545068774433,153.242989587113,96.4711842935856,47.7699800978035,193.35380941368,22.9808391167702,26.9834869961549,127.920517398222,57.5950869232655,52.8737431504688,45.3526066713276,98.9609876394235,228.9393863212,9.9261649741729,1.72416635347812,0.299611320826375,0.249021441326381,27.8288772909404,72.6962387520278,186.239675972983,100.595462936158,131.607013677495,16.144537943868,57.9895677854337,19.9004605667219,15.3783427879491,231.191148426634,16.8213425839477,46.9621143776301,31.5015184558718,136.401346977462,72.5531503266818,103.135520088562,347.086442530464,623.733537302708,1.42340058799633,5.70955830690669,5.46996675046601,0.170460750792646,391.214710401528,677.657597415719,154.250612642448,1.5571241855544,1.39867286228683,1.37446805379404,2.36767840635653,17.4094128344855,34.3546686929038,45.4798194039389,0.929925324573319,219.329839149891,76.7250888974839,153.495915804919,162.554402287769,0.250806347356086,24.5452929105768,5.8821675715867,34.1486005045432,10.6020657530836,13.5183735003943,0.0125065401283142,33.8997890463443,133.923134983875,18.049317016335,52.7185687115185,36.4969537291421,49.1263820329904,8.10358198367193,10.9617941079594,68.0555450622649,130.667893927443,4.57320530811296,166.29359524299,118.865644209278,2.80053720185303,340.764968178086,49.7150537873153,101.730330550523,23.7430842147743,16.6561201659541,55.8268273482314,0.0123907572365983,73.382805231431,33.8516592214529,189.343833908548,5.25424321347631,206.425751267394,35.7152067345068,161.648331440168,62.7491568754567,9.50025976445224,0.182368755232257,35.9046087367803,57.2875989573932,236.962638956884,16.2856228880637,105.635493673342,133.861018007391,28.310920472402,54.0219796815087,2.64383485225227,12.8784038913545
"GSM773661",0.138740321235312,0.0464397975430703,48.5499258863145,10.5005425290815,0.0151641477487436,31.9332451616901,12.9443038229732,6.30724258234628,74.5571558070548,96.9358996621678,25.6742471568687,1.93280313397933,222.875961288068,78.9854368616129,9.07135374420518,0.0559854267901289,96.0686675349246,13.6222532107726,91.9118613952024,15.6765140162491,199.48632586893,92.3254629406585,69.7324818865387,17.9214889052211,10.5148173149339,18.8664519501389,30.9226685776993,72.0974581147747,0.356268734524446,7.23822215605941,0.952960423511767,2.35069923424647,3.77322380737593,160.027269967104,4.11738606292099,0.129620790868239,39.7937675274094,0.172607645925296,18.518055103774,2.23142216986882,19.0311143188422,55.5429825162398,12.7025222327549,90.3747956123919,24.2832617148056,33.8000594397388,140.457013940855,14.7574968626913,104.108754802522,4.30936531596076,0.0622942717979764,1.32095246561608,0.00865326057661472,18.1455601450911,10.1212726183338,37.3862903037189,20.1503259142494,185.565057069577,15.1358017308236,0.0299893283820352,51.9629079182753,6.24067422295254,39.4799084957031,68.4150375292698,2.96558973025815,125.706953024582,456.75613202833,9.18423858667881,166.418746153384,7.94914685377479,231.555444402777,47.2778632949263,122.278386797691,72.2774633359784,0.708192312375693,208.44346670402,4.90455325593857,36.4228804299521,31.7270930574482,156.164081789378,29.7309802281932,0.117160157161841,72.7608194553869,16.9600764045527,298.94780853807,19.2987838192741,19.2603926480535,193.325231856357,15.1213730582045,123.042178328953,52.0030719427369,56.7555737475144,39.5814117608563,163.471704469175,14.0313570124138,42.2271006665496,202.585662026844,133.157079731216,95.7412622770409,44.6492061138941,120.314486201216,23.9047427284413,20.5467080068835,116.780423139173,44.8885824214984,42.1276116558759,38.9683776794161,75.0776701126947,216.783250940276,7.99102420685792,0.726184625727762,0.0995144046679277,0.0555868100667361,22.1484825046887,41.6588828431504,129.1470816551,64.2372835423018,72.3948365984589,12.2164220796062,43.8737777185365,10.6021991312452,9.99514535441661,68.8303041813169,9.60909851796017,19.7030693764996,20.6952395426383,104.337851556085,54.0379992861619,77.7634316460148,186.027558507999,515.355260584609,1.39484019571823,3.10508588128115,4.02688434151294,0.117702751757522,229.873032439695,518.146692962171,116.425480856528,0.33510080161647,0.209787058637328,0.768812634505297,2.25769331753605,15.0293520538551,54.3633531991706,42.7005086206496,1.05704917505805,176.338043839865,56.1493004547989,113.412012387643,144.599722675954,0.232898797313961,16.1136254027318,3.75846800749322,31.318592688663,8.77331477388542,13.5730042029184,0.0159614886071135,25.5223055670224,102.34612785599,14.1304174467406,28.5564518519979,12.6236921025602,23.4125610167603,7.20196714971187,7.27615588895161,50.7159538268767,131.541488356585,2.24950314805571,143.454503424333,110.21408109088,2.4874795421023,298.522322633857,36.8720449882409,136.766774334837,19.7169035695618,20.0027270751428,40.3923291710706,0.0237287935249588,57.4659421425925,42.1275799980325,116.690741562165,3.46932855010203,194.334210685747,48.2230272272653,130.377907581961,20.6612321507756,15.6534527494982,0.0977461278403679,28.3925679771957,46.6500425760629,255.746960178803,13.6382385084593,139.919586426905,79.386736709036,22.1176232251091,70.228112931378,2.16900141335756,10.4319833275035
"GSM773662",0.0478356082894406,0.016063997373182,10.1440915094642,2.5813737419217,0.0086573721811774,26.9951432861235,4.94287121718472,3.1644310901597,17.8033019578439,33.8465458073121,17.9269695729122,0.840230524569673,90.5781735661022,80.4368220389421,7.69148585647475,0.0382014398993129,57.1450623570957,11.9711519457186,76.5029521700014,4.90933329006773,67.3578376969798,89.058573881951,45.5765566678876,20.5873421413395,3.70659168625301,16.0122589697867,15.0465930126463,29.5570824843842,0.114702373497096,3.96728548855677,0.524708835242614,1.23278147778184,2.09727586533861,108.038496712695,4.20575041833456,0.0657019928797883,22.7490666664379,0.104711046877786,9.46108638459197,1.31017088074446,6.67543045651486,25.1780056187368,8.41950880201117,63.5870166393529,14.8014536891522,52.6403248472002,52.8498145233717,10.3224225520182,45.2295848096112,1.31271486177919,0.0473723100080432,0.132345217920348,0.00566060417044912,17.7164919638891,8.26412788154587,32.5289565457804,14.6911205937312,141.300870629824,6.55398970229399,0.00525191784374178,19.9684673683053,5.50818669145152,11.5605871285509,67.579133868551,0.691096311226767,51.705850819528,267.590131948563,5.3496499411618,118.609522497884,5.07604514609861,147.572782297835,39.2655041423383,106.275248799965,43.7719936974051,0.234663327495765,133.4052037833,0.670329912189646,62.54668628494,16.8691668887017,99.8922249885846,34.2173590636498,0.0751865453316806,33.9022054354952,8.29246974822066,173.158872293922,10.2760718074813,14.2584933085629,101.02428858323,5.68436988593455,87.1377209385529,37.2666894687138,18.3613385089339,33.3799012547725,117.837460496369,7.09000943671167,23.953662363425,142.135611670668,41.2926736074372,42.2351695602971,18.3911373879202,92.9349495215782,10.3960890867934,12.2661184134704,57.6966533746392,32.6382615728112,21.2217030445546,35.4750812663839,34.3656116763515,120.592116439792,4.22401085317331,0.547377873240471,0.080618856488097,0.0370900229634919,10.276285219566,21.5985844764343,102.501617297095,42.1662993113917,50.9982306400511,8.64255994491852,24.5377079377236,11.2706659434318,12.7925727420411,54.9865433614465,4.10194232657052,14.6762094100746,10.6683118089575,72.7936215907672,30.7372655359854,167.621302919957,96.3684139912465,368.787745123686,0.49838444852442,0.646112898647932,0.534336492254842,0.0646781150001175,72.3164203275069,320.983272324107,74.6525216118978,0.0783815138826907,0.0467056854197171,0.310157357047293,1.94222253593754,9.51933745062477,21.716544951648,33.4761729104371,0.389019727731523,131.045240380641,35.1573436363245,94.925660863688,58.9257500499207,0.159397184580585,8.91558559644627,1.8957594872452,10.0597285769563,3.54706835148913,5.80611261266223,0.00541819458296656,12.1031602722991,88.586755186309,11.8246676261713,17.0799107860147,5.46941832069994,19.9038079007643,7.25052625302002,8.40486178412444,37.7133252204254,105.162761237715,1.05015806899308,112.011761127558,75.7573484447399,1.02727875528326,217.389962765402,13.2131901863881,81.8949809566282,8.08026319983095,13.7539490815702,42.98989465355,0.0164007706069679,39.3141810180951,19.0656148025713,92.1965541352071,1.93642228532096,104.911424044928,23.9354925118266,96.8861943481807,19.0343174309921,8.57249473689745,0.0312028494150384,12.2306318299609,14.6910050894457,81.3522274954187,10.7444171540202,66.5004451221663,41.7959362849962,19.8889185299751,27.1304145258862,0.722981629468588,4.70832089962644
"GSM773663",0.146022752666159,0.0502357790054099,28.0321257873614,6.90224338258369,0.0186004971770163,29.5981929221992,19.8094253733902,4.1442431160157,49.3885681570467,85.5010315939653,20.7667546921463,1.28712999857029,246.904012765502,93.3655853612527,8.06651349810175,0.0929766156826044,103.164029143481,16.5980930287524,89.9447933702509,10.8369668351704,126.785288448107,143.011200982715,51.3143395853233,24.0741446039671,18.4168934825844,22.3654965328592,17.8150480138054,45.6968742252488,0.141981179656003,4.83677919695765,1.02001087739367,3.13393670067387,5.73556525738713,105.014782866752,8.00597519443919,0.140847130035682,37.2333796089614,0.109659005498973,15.406123580822,2.14260099673254,14.7880408203399,38.7042421176124,10.5634018142916,72.8721883325953,24.4593135628195,54.0305228910607,96.7656924573586,18.8508052087252,85.0556945718812,4.11435206686269,0.0842290901379975,1.19989052724305,0.00968857461016793,21.0692569592804,9.89344879010119,40.7265772513122,18.0772975324742,199.661581647673,18.7703834441348,0.0129119341588401,47.4560986976581,13.1410170569443,21.6087269886862,119.008397542317,2.58218673680474,208.402184639524,423.135061120432,13.212091042864,195.029298779191,8.12695520518217,265.33290505331,43.2030915794774,151.535700214884,58.9125929370264,0.467500790797699,157.012649830962,4.46415769168898,52.0737312048477,18.3886017421302,173.060502457982,35.7899727899717,0.0736162566315102,69.0820760658603,16.7677246809393,312.12118155644,25.8644798614789,18.3714547231175,198.572073556745,19.815261270277,94.9068974717367,69.7731700694263,48.5835403466796,33.0318675213357,173.036007901089,10.576657363448,46.348994090064,216.998062268619,113.289990551516,73.4239586609312,49.6931389188374,148.589956442649,27.35052171279,17.5845323281022,100.090315510833,43.7000708519968,28.8235512385469,43.1617050566631,86.1528132694842,214.509655087088,14.6287202892909,0.968984760123441,0.109933710627134,0.157086285920642,25.4016691291533,51.1732611651796,146.34049706136,63.550678489558,162.940492264255,13.2154858340277,50.2194799493783,19.7384862361847,13.7611119134905,130.436840413668,11.2160900440255,31.9633608757775,35.287459047586,114.825843917551,51.4415734546809,68.4297051403082,124.212260164975,448.249998877445,2.62485612518972,4.52970543847913,6.83364497803016,0.0845584236159881,210.642548355776,485.523908456241,112.056157868284,0.814170981626986,0.745373012128891,0.96244996181666,2.27217440431524,14.4333348370943,19.5632822817511,33.537529089587,0.669422280096299,217.254543531638,69.875063606814,145.377329048556,71.0974672962651,0.202139319286557,10.6763977832179,3.45168831543585,22.8071419999562,14.7338739348765,30.5874909273653,0.00972685686506656,12.5236510071764,118.676794601888,16.4966407493883,16.7128643102983,9.03475822952592,31.6117675662803,6.04721483722054,7.16047052121935,29.8283332382634,127.060268876959,1.52084207963677,101.9147899447,77.6754167134007,1.10418213028336,210.438273121437,24.8153479718216,73.6869223125546,26.030758501983,16.6034364036901,56.5155429193401,0.0125141580807456,80.6881367170062,50.5249098385646,112.919138331055,4.06828158347281,158.436318015369,25.2276278281833,146.479480388711,21.9780066338383,8.52966818168745,0.167698769851162,20.3638034958582,20.1804970507392,239.866135633894,13.4028465213508,71.6975458331366,67.6207401810463,24.3354896943842,65.4802261767589,2.03433947671657,18.6432039966009
"GSM773664",0.179395082793999,0.079760425555619,83.8740677347956,14.1390354362187,0.031794106125043,31.9748213653108,13.4536083754432,6.08602340731271,71.8698298580668,128.005022695441,20.6268099680445,2.26729371546066,196.638978635361,104.727078004151,7.92731273357249,0.208662405036753,136.700949300344,17.9165849751006,92.2537575157525,16.0947869436316,256.246349815222,196.646102592243,130.053716320418,23.3832500210996,13.3779041251878,20.9191855558335,37.0053366772939,60.464939071532,0.375442092877583,7.25150303342575,1.16964145407514,2.87093971817282,9.6106245898238,177.605586950143,17.5544129587459,0.199423670272747,31.5107310237615,0.268201954801261,21.8072848156822,2.19399086504573,30.7803481748414,48.7939070785089,12.7107673843178,85.9621947991166,24.4281352057271,46.8022266290792,115.25368309048,20.4580313513169,104.81038139803,3.78457247064446,0.110357295364448,2.85607814220623,0.0106389210842739,24.441897987875,9.12894230802672,50.2141695780464,28.0450910196399,305.295321982244,25.7135979758534,0.0141112132179589,37.150833193406,12.2565009689728,53.0618148837806,107.85603694405,2.51243497377155,200.387750680373,733.252035662632,21.6727394948959,298.201385355787,12.7957737750507,299.128134733331,81.3426261486062,131.565489154669,50.4816872109666,0.717571101440127,267.245763436877,6.66302098717585,58.1330963988727,25.1509350076,176.287014336423,25.7805074220072,0.225997602814018,71.4159089274789,14.2018023639367,475.373859073171,21.5290423026918,21.714146103686,191.594271405191,12.8772739713709,122.865756916289,77.076993689994,53.5965766367838,51.7945283628311,234.816939261117,18.57276488436,62.1062036588886,257.645800291648,180.790722156217,75.9121564442958,43.8813897102873,174.601843728063,28.7640881932135,21.2329745213104,108.511821857983,59.5213259102192,25.7359600455836,44.425524643198,88.3034059934659,254.14941474196,10.4913597340242,1.18785051407264,0.186376149059711,0.0650449094980872,20.8826549205306,33.1051599689898,193.788621025814,85.8991519946833,186.505011056328,12.4787547095687,62.1779679328666,19.7127485405876,15.1453655914848,90.7327948233259,8.6639752568277,38.6963704436713,43.305879226374,106.350601480492,55.1202624267177,252.351832199124,172.117623941614,623.785073356183,1.80691413433908,2.32059889631437,2.02043646792916,0.130239971406129,247.93981205377,599.35860996271,100.983445300582,0.447868795552095,0.384508837396756,1.07020274479999,2.3446107258625,17.146362437249,41.2634739080082,33.6692518854943,0.996584808982168,242.778693445161,83.1014040033255,167.891781533856,143.427895810393,0.24980772305823,17.5428712429719,4.61056830200776,21.0574508784084,13.8363464630522,17.0925644908126,0.0206656304063418,27.0883338978357,124.257455954164,20.9406524194026,41.23635926702,22.334836094877,43.7607195226778,4.91222543414072,11.9758472955302,58.7388206148718,201.61186545007,2.73976388683629,152.786388601355,103.150768980773,3.26026232574799,376.759768140776,27.8072074160911,123.706814648201,28.3987599178219,25.0869136151279,49.6509849650593,0.0126919607041444,99.0328468683034,64.6816688951291,120.1741729241,4.48094941105289,221.657069900783,41.2716931462721,196.133478431701,59.2679901399945,14.255261836104,0.198541560109235,32.7959266294973,39.2582592384371,366.93176643528,17.1596308614512,152.665949832228,171.512372478826,29.5700428508199,80.9095213461607,2.04453550002954,13.4637922999565
"GSM773665",0.0414389229788639,0.0162884085686825,11.0368125892459,4.47660750785564,0.00828318544078336,28.3815154379895,7.42528783141207,5.78468032346947,33.2805182733346,60.0505842628134,25.349110544818,0.591758284115158,145.28388616179,77.3993450353484,6.40809720875805,0.0345586636532286,87.1696736934434,14.3641130811921,103.231533134127,4.02592285253528,158.165861081691,84.578382726566,51.0111943827513,19.0223107795123,3.51648510617169,18.3314603038152,40.7301274966828,40.712504561391,0.215184889981597,5.33303400331808,0.5821532820971,1.25701859768508,2.86472755665618,38.5734614230177,1.67899522476531,0.0646548580882122,26.7396050042569,0.0690531564796536,12.4162689570064,1.99918013829033,8.59884754994532,25.0367942008337,9.08641103067912,81.5331124303619,21.3987160237738,41.8088337948228,88.2203847791541,11.1090817699219,62.7367626178216,1.07047463574148,0.0483242775449443,0.114101012278019,0.00550164797678433,18.6993711702592,11.9669653589559,31.0257475739386,17.3168058284624,149.634563305515,7.31616985944979,0.0122945122651473,21.6086837679594,3.16173786948311,20.1496929846227,69.6736904247528,1.87114577999061,66.3075624595778,190.671388418548,7.07500226224111,137.054581208355,7.03668461685969,176.811188581984,38.2689094352689,88.1485982178294,59.266706068023,0.226981476588404,140.110277561197,1.27837533498407,45.1042134464155,35.7707147796481,116.187875468891,25.5568776841518,0.0718965916524925,52.9809534270226,12.4690305080453,185.298319599934,9.50861279771535,11.1403646555361,104.449115452585,7.89877598493306,118.215394296952,41.8637054170116,15.2126629276054,32.0481506107099,116.235283484081,5.86093514240249,21.8907107116646,139.483046146053,109.142854447701,45.3213651661398,18.6210324053556,72.2836898543619,9.43691043108386,13.5665244201064,76.6242650115167,21.6214826719242,18.1545477524517,32.8813851559409,51.9491179564419,141.787142888905,4.18378701309418,0.58755117361389,0.0821946717349945,0.0451674744960609,12.339512958437,24.2309283404394,90.2598959391641,39.0123231571088,45.1545594150416,7.28613201855756,43.3524114397603,6.71906917443603,9.206237610788,56.3651800745854,8.08186566406978,14.0104796647701,15.2580868111778,72.9718128588285,37.3190040866289,371.601848802233,104.603277882973,374.901619702228,0.473456105078356,0.467383771135545,0.712915858154979,0.0582516055579693,72.5879263218313,393.947683628905,80.8227993858441,0.0773726925258318,0.0424629787762664,0.349815368432638,2.80969861801558,12.5863466919478,27.6655934779543,36.8520597282729,0.631664994015069,173.839718592911,68.4077168404628,108.242401315657,69.2790219302032,0.168812455304965,8.91342191358805,2.71611673185042,17.9423883711637,7.00689573605048,9.48936854188091,0.00694560440812318,24.6215072476895,90.33591457463,12.5369310248462,21.729127734681,4.25397516455788,21.9102847570115,6.05135196157653,9.03406353388503,46.1784111312332,123.381711790838,2.01754509329206,110.24570844245,71.739611986478,1.46438431905828,181.846697300845,22.5752873315897,58.928437021356,10.8827422001608,13.851917706055,37.6948532018708,0.0127521426832676,38.6006920717549,40.4116163245861,81.250671023754,3.15567156283531,128.899213912162,26.5145086564123,75.8442152051899,8.12955595366635,9.42485305051616,0.0230908261571495,17.8866364729971,27.0716830375599,124.03253254501,12.5798096765383,73.8589504245081,33.89311226868,20.2901064038793,51.6871251307187,2.5051410371884,11.8030569049736
"GSM773666",0.140959837037973,0.0299519001070737,40.9106127626032,17.1984074934908,0.0106407189992871,21.1847698462833,9.24179266342874,5.20630591970081,67.6961752171651,95.9731297678419,22.6132195474664,2.43837450912717,179.624071327447,86.8877202389712,5.44857836081229,0.0630607385827007,153.615952533357,13.622161347615,96.0191325892167,14.4119266694715,305.985655531209,169.474651227925,92.7827231849013,18.6614892733662,13.3671172514924,15.6966294346445,38.237297325702,83.1174287470213,0.325709586696728,5.76565249774792,0.631602657234543,4.01365106909091,5.79296167820182,325.823043526651,6.79789554239364,0.122955651972525,41.5854427188546,0.176292699304671,23.9736189635537,1.27037664346842,20.2297797327086,109.196273379812,9.74242511256399,104.226126342511,18.0657433876316,45.3584302363476,156.434268643674,11.7790805987253,134.109141644441,2.65105559004593,0.0962449813014855,1.18638385984812,0.00872198815012031,19.1496176933362,9.7019486951263,47.2200286760111,26.7209417452091,283.429678014422,12.4459793237677,0.0186921084239994,54.4900226115807,13.6867198123082,34.1165560639908,94.0966212716743,3.83546451909323,172.593786781301,457.447334606889,21.188570358887,233.335944934188,17.5554495218899,296.2877554461,92.2975469821017,176.32286488716,58.7814093004554,0.611392664454736,226.533227884549,3.21459832059592,42.082000313888,37.7321743017136,168.44307620739,20.0810248035813,0.268764348596141,53.903626976661,13.4588372551628,387.96268981777,30.0781372677627,24.475383974301,203.621206692153,19.8274042982676,166.923382007906,72.6607133992955,78.1012613563996,76.3958236790399,211.120903516008,23.1737022109424,57.4436111145412,240.346610135179,108.257982533218,93.2505736868658,46.7968136928786,174.790751831774,27.4119943529199,24.3371881220321,135.926877007499,50.9507871752415,49.9292130945235,45.9881715611152,100.427604942295,260.842288612358,10.0826541351232,1.47882870256301,0.280186210517299,0.0631122299565199,24.7813881454568,53.9128163161497,173.255009082581,104.169781119208,177.583595496612,15.8385839339263,67.9619790702789,20.0795740639764,15.5239713909825,114.502780164228,12.798588314044,35.5883392066151,34.5653669641146,119.10417023719,67.5178980902247,262.685301493476,378.851591953552,726.649743470458,1.39726421132261,3.39017607124843,4.0923818285469,0.161062953451467,319.253807327857,617.143865692351,122.819413755666,0.453136680304621,0.133321203662151,0.769949997058381,2.91613755851995,15.9584956136192,55.04699919376,44.0458456132337,1.31354936175267,257.712490110205,86.1030861723677,172.126704991179,156.57824361851,0.202042736714902,19.4928283807472,3.16768494547152,29.2728190905079,11.1950289910818,10.9031433433075,0.0148521857451898,24.9847938796141,148.114877837138,14.9339329226352,34.8143897062257,16.8110779618727,36.1088267039159,5.56702440945273,8.33555391784153,60.3891089524227,192.898395658399,2.06342725453374,195.645905343263,161.957799552404,2.35626187839953,368.602340388887,22.4733270541171,133.493109392204,18.4248690800225,16.2119538066602,47.3632821977296,0.010674195795317,62.9429725217175,30.7602085569139,164.685563918037,4.29126713286657,169.842009564901,36.8724169001188,205.300446092558,59.0629350002034,16.2777956846216,0.0843843128643548,41.492354774642,41.3459473107329,249.286048442093,15.4875092508086,152.841749480407,159.300502538823,20.3767002999585,71.6327073643006,1.58953655981229,11.8509774143141
"GSM773667",0.0395059098672944,0.0453068012922348,12.5442953606507,6.50436894169843,0.0132169347202991,34.6781410649405,2.87241357896748,3.44785769643577,29.0287541625655,64.5533030830184,21.7744231492938,1.60011306459515,253.267051352214,85.9043307540679,8.82665330213485,0.0998307486477451,77.4745064132996,15.5743088683564,88.1708748995991,8.17815593814237,347.972432522943,121.901000151158,62.0555643874288,19.6467278740309,8.88121777654731,20.2109853291426,35.7941475883502,58.0037296114701,0.303686614702422,9.37191748823067,0.924080836038234,1.22775715224658,4.64288020589413,81.8484734974569,10.0211244117138,0.0712491287138889,32.1737469475409,0.0920677149670341,14.3797008510691,2.84485981990379,6.72678495164681,54.0223596838981,19.1201257701808,64.6533888073097,25.4571296394985,29.7271576427607,100.68720815485,21.9961198562037,70.6212778836661,2.70012200242975,0.0716566562792571,0.224728701950859,0.00754315128988884,19.2271769923752,9.48809792436689,30.8838897443046,17.8185242454113,139.583400466272,12.1459823903097,0.0192366644722982,37.7289109929476,9.5312944698137,26.6762399957826,71.1794787162368,3.80097893194546,44.6404029689223,353.707894912552,9.22868064200605,168.653877909863,19.5340408057113,214.189518202125,96.1183369350909,112.232885441544,64.8448121272117,0.318933993934276,135.517486001496,1.77202642604193,67.952514806644,48.2972291381659,111.147518622822,14.8751944054528,0.178763950519156,66.7213352155243,19.4700840418627,212.726538274212,13.6901753018733,14.6210849768721,116.90061687122,10.8265274329289,108.3266789776,37.1367680675401,24.0201646710126,32.5739621655778,135.938130192488,10.0697831929915,41.2406140465372,160.955777991642,102.554732762903,43.4150854240677,30.699824659134,95.5096774649742,15.1923663423419,15.0956124236629,56.6614045114492,37.866394220894,28.0084947116224,34.8973242237407,50.5486808676074,160.393279687829,8.19635321253506,0.690885836436476,0.103273262868127,0.0781090783663263,15.7054964104338,32.0278235381884,133.375803272635,67.1391274619719,45.9312744077394,9.79044300160771,25.6998290358003,9.06536281661275,8.17895166192227,76.0944471500945,19.4084415621059,39.2647552235083,26.3612338579557,63.1380644685504,39.6325179260931,189.827680354004,208.296455367596,476.206059635685,0.405360473309765,0.978239351660546,2.06331101811002,0.106217377451677,167.927059974148,406.133430791239,73.8513135733823,0.422741362004846,0.211342611051923,0.846718107536335,1.58383492143786,13.1981160803857,22.7478194955281,34.3913582976104,0.946879412582384,134.916752022326,47.3341274787027,96.6132376420622,57.4728836806692,0.219764975467523,14.9174713591517,4.8805719272345,23.1929499721712,7.71867395946886,5.36060141168064,0.0139642526304927,23.51018748389,95.1062745647751,21.8327755083514,43.0232496538462,13.4329441414527,51.2147955266615,8.17782271478479,14.7656578133845,50.2301456421532,103.849894327911,3.75810667443885,105.627073934149,66.815828521523,2.25653120701257,178.154523623407,30.1344078665251,56.3534499076242,17.2043684244643,14.2942605116034,42.9233564214257,0.0120557748548849,50.7983299162181,23.2249407350032,103.484469229605,5.0458058426047,121.249910093923,27.7723474076766,91.4895846181233,21.1637131428749,7.38840490153932,0.0578259195863832,22.0191710605668,46.0285005919458,155.00165839463,19.4493619721032,86.4621267160582,60.2059039740315,23.5804043477803,58.912051017547,1.54691602248848,11.9048294132345
"GSM773668",0.371660355736347,0.210688423132024,243.463067164953,49.0049706225911,0.0496232405448002,40.6244200605066,10.0627022344383,8.04133143793899,126.115145879799,304.934847433954,28.8873692870117,6.13239251663464,323.041728563358,107.008330887867,9.06691347018473,0.437194051803934,271.86255970964,17.8794338143097,84.7147412310634,35.8509447807562,661.807224144862,268.957064658799,176.564370262897,23.435548871203,36.1473967062448,21.234785899723,73.574047899738,228.476668620623,0.991234711292127,16.920932475022,1.15048013320779,7.75732395325616,10.0009891828167,892.116817250335,30.8442780876235,0.367500630825503,60.9297315304582,0.557290707038957,39.6767663152797,1.81783728376506,70.959924589024,197.245047926612,24.6017577934256,106.906893152003,33.3994560351134,78.4524519239802,253.314419818975,21.4808163377384,221.490766046619,9.00341797051511,0.163409996685734,14.3062104173742,0.0157455787462117,27.5715423459312,9.46512329558208,70.114948003495,35.2581462299314,464.800280854566,62.2407577984447,0.0630636771595924,86.9326205570279,27.1819692700522,132.871826828011,147.585046715392,14.1108177724579,353.374400106933,985.726602409027,39.2457520421833,425.414125821839,31.5688223895916,389.008130232173,170.398483403276,231.154509765566,81.5145284685937,2.09496227533433,360.990213497409,13.9768465494701,85.0835637598793,35.483132288284,191.905470192487,43.737409320484,2.14677565236292,105.009870081598,49.0891137997626,695.925373622848,68.4651068739833,26.3698851823648,234.820356557919,30.3520833843913,229.658882307069,96.9809388155932,137.818829542672,99.0037414001165,341.429902191914,16.5793366495443,112.562971075814,313.567254996543,181.382366826701,105.582577777368,93.263411416223,248.13911913328,45.8102695739153,31.4780085311298,130.408916733917,86.5329895696142,58.1308460915453,62.840959311904,102.41299294492,362.603733044866,19.2174519951577,2.26383577154899,0.290253099539743,0.148314757623303,52.0701295271274,86.9046453977884,252.013392072502,145.610242349365,180.988615369439,21.817452242742,66.2927913730434,30.2782397633486,21.6013476988708,296.986444076371,29.7898690198343,90.056275780346,57.9581450756319,131.22509491078,85.6579989303586,448.671805472293,625.503905747094,904.186644922854,3.07825537402261,8.14048014451554,12.3175521841264,0.37819854428458,678.789896167987,884.004993178851,137.455474452208,1.43513046861822,0.627656369237037,1.84698312925846,2.66142781492784,20.6869297923822,91.3359505337227,49.002989927596,1.34574453720374,315.189447204466,79.1205279243165,197.013430524367,148.193170017391,0.337274844418863,42.0304761671004,7.98800060622051,54.4649764837974,18.472503254338,17.2030805667236,0.0655204281756713,36.2712501384075,188.555464416169,24.119721737201,63.1517699126879,78.7982330325399,71.150244719098,7.14375406679898,19.3497003680313,85.3945286013568,311.535023568174,7.55983873633893,229.088450450749,183.173717043047,6.52304017198538,637.701752277253,73.395487304878,294.078402716532,41.8319498680828,19.3458629419855,68.8172626067034,0.00833723530948984,107.331571843244,51.878514952705,221.619896175626,14.2886787938615,253.161868362815,89.3920237590891,321.859938728637,166.328312298199,21.5399204004379,0.630289719103372,88.0104828217136,103.894691831401,493.229355918121,35.580331180073,156.394697570461,347.008133661743,28.9214252174441,231.493994873426,3.28691521859521,23.8874689921809
"GSM773669",0.0303335253518213,0.00714554146080428,8.19515963571905,1.79969882394757,0.00547403513863866,22.2145897612583,5.16865161917461,3.15588480034727,31.56666793722,46.2844930912989,18.0844130649287,0.841375002073722,135.476642750244,85.5803380235395,5.23002692044779,0.0299214848795343,81.7582408449691,13.898833878851,85.3350770762023,4.55960011496212,37.1250457055846,75.0498404647169,41.141687263992,14.7888277898723,2.78814240768952,17.4744688344216,9.46104160882713,21.0638572317872,0.0948372720702493,2.28208770371267,0.728925364704485,1.73236920848502,2.76683943650301,52.5374858440959,2.3961867464994,0.0213016211546114,14.5410494580823,0.0382943543904662,11.0395030488218,1.64928303926489,4.47556035958762,22.1047108774059,7.95104429098708,68.1264430684989,14.1771243744141,37.2782412736935,55.5995387919397,14.1748471511596,39.373469954779,1.04670198642954,0.0463676804861282,0.0831342466680569,0.00640879512215265,15.4808892411569,10.5194086779607,32.7729210493488,13.8034149384401,103.787755279732,4.46673587521636,0.00873368239626447,22.1779067904602,3.39983076038756,8.07001814449534,50.3943741374885,3.16755970327491,78.0763026429915,271.985381499194,7.00714575627559,133.841554803451,6.05434677847268,198.203044638081,37.2693353476626,92.1839038514004,42.6835512156688,0.163827005422137,140.804226113158,0.861857788777184,47.7593220667584,12.3471040946056,122.821737722231,16.0249112986102,0.0554515477111587,24.4011599740452,5.23094684052461,199.172313032981,18.7846788253715,11.6924586623296,84.540743295579,6.20278681777454,130.318793551783,40.7553435563306,18.532817601323,32.6345480418541,113.682708598316,7.94403001019899,33.149356095218,155.507079372724,70.3518294903383,54.5990236345126,21.0947581615181,84.3614246857233,8.65170876175968,11.9654903158668,73.3578208767064,33.4766823970318,20.2423631619888,37.1919837647861,55.7149807575476,137.324001298256,3.58072250462166,0.53741921131103,0.0748231567300661,0.0238982589777338,16.952849503359,35.5653970852432,119.700022662394,72.4939763074885,62.2617671699669,7.36750151269662,34.3588300293158,5.56228046628874,7.36766206939952,83.8013733337823,3.32840930809064,12.6272967610441,15.9804630674372,77.5215874355654,37.9775133799569,211.699475599465,96.3975604147045,421.110083180471,0.345392535176656,0.672482946323137,0.589917952900762,0.0600023658509786,133.297546577039,332.282544419126,76.7171173729698,0.0524402474403579,0.0307919627485754,0.289325275080917,2.05495700065529,11.0965030971627,21.5520723201499,34.4136859340353,0.337215690245287,158.881625364926,58.2961290673828,93.8325991084998,61.1707061900593,0.17779377925444,7.96360081083507,2.00625574668311,20.2324783492925,6.27162387283304,7.73560949066856,0.00332642608371437,7.42795780727841,91.4535827929858,13.0217812790022,7.57585494803831,4.18437038585552,17.1207600748842,5.16646738528023,6.75069928297277,19.5934966815969,109.302084703141,0.924359397808715,123.211067029671,57.2321498143645,1.05163654654192,148.726050128894,13.9672781581473,62.2612978587406,9.2206666432649,16.5261154074992,32.4611236810319,0.0112888944187696,39.3044545623007,37.5550369003675,62.4414425424829,1.75722738107125,109.020807946852,18.2785296666362,76.0581834551027,10.4220262885439,9.55085437203487,0.0111800455809347,14.7921034067157,5.6518623012407,113.140855281343,7.17673036964645,68.5651389327446,32.0767496189359,22.3963770987544,18.0662863697168,1.1316657852368,5.09418044953123
"GSM773670",0.0922847725141968,0.0126337725711008,30.6947431370494,5.83747653435521,0.00797493479281322,26.7121767612483,8.5813536426899,3.72967770393092,27.4902655044568,59.8089235454196,17.7596927799219,0.961850020679494,135.076529272338,78.2447555955756,7.19113080796512,0.0215219900699237,57.9332306186001,11.1048964990145,75.5890181999035,6.20785038656856,32.7204739695556,87.6356747525147,36.98011939698,14.6024393798198,5.7191475186905,16.1887459395687,13.3498142600789,31.0002428036827,0.153558346130262,3.16760191092781,0.702998643849264,2.0919543741014,3.62073165976488,122.199394446412,2.31859336018883,0.0329862958260691,24.3273538470812,0.115649888966776,13.5870901450174,0.988223690544785,11.0387933160488,42.8130434576701,5.95784788198174,64.0356264895968,14.3498747447828,53.5656024435979,78.2445998500361,16.6176678676094,50.2866806390413,1.64111631063725,0.0428867474022835,0.759798594408896,0.00710990006576433,13.2101621492991,9.55802171993789,30.2484085274203,15.1694781649092,127.512314808755,7.46921327033195,0.00862077502958084,27.0455211246886,4.20430636304822,25.8344250573427,73.6068537412488,2.41464951276504,91.8056069713628,325.855262091182,6.62570055564412,164.700239152289,6.11590821723443,177.373222555833,21.8992545291369,115.979055371254,29.7996846576272,0.315022035938929,164.474115325891,2.90681770588157,74.5997930375833,15.0178847109165,161.030758452869,20.2414476661806,0.0512357667123352,28.9217024915502,6.07890024729396,225.900149233723,16.8692320347294,14.6291796628322,157.40144183142,8.13839614642498,122.603529884455,62.8629476161101,25.8387319478009,32.6798119869241,154.576208832728,8.40337465795431,41.4724225127621,174.027183605803,79.1606553480097,82.5599365685047,17.019539820015,87.5617259596226,5.10652539049574,14.2845817346029,103.722077519289,33.648831646363,19.9120928676688,38.7990239137272,63.8198416025893,152.320272509514,2.1645789057518,0.45527051777925,0.0474932521972707,0.0369251337411913,10.2980720614399,26.3535636594115,121.187246376906,45.2733360834155,41.7452370696569,9.4612284472728,70.6987807972761,5.35732201768952,9.15093394543703,70.4079961208061,2.57638722694758,9.63976942332594,12.9520091459794,135.859765374083,40.2579215210949,79.4000186198418,151.866161607541,415.270259176816,0.993465979557894,1.695439742324,1.19676612531419,0.0669697095685746,122.30604893131,378.491340173756,94.2611400447247,0.0840526114970097,0.0574086885629203,0.355415184730602,3.50257130713111,13.1503497445324,28.1310934354838,33.0274450762891,0.71283023262254,156.200768469147,72.7289793479935,97.5264433666913,99.608056573079,0.171157291530147,8.59730714455928,2.37723911399598,17.2869760885314,7.71894958488293,11.4953819546888,0.0062696581181653,9.93184715078417,96.0318046173439,16.9406259076991,12.1432103070711,6.29699278149078,19.8340329304573,5.86508801826552,6.38424927531225,21.216086880361,116.963346185912,1.44068062579991,133.744844712048,51.8195126993356,1.29286254073892,204.338202856506,10.0238859225727,93.358028642585,13.5803707214842,10.8562700017853,36.0643595287327,0.0164705206286417,47.0198641940895,52.7573321917973,68.9943540022271,1.65327474644864,131.482034220051,25.7767855460424,112.121997331511,20.5903045808449,8.6350096914183,0.0309744149800281,16.5589744272064,12.4641041057844,144.330127138309,8.87208405205356,100.139878826211,54.9534660207201,23.553409691196,30.9991212378487,0.922904836121429,5.4347592532451
"GSM773671",0.0880783666794069,0.0152975204946276,28.9066975919338,4.5619110631647,0.0110685151279406,35.7459513022739,4.52565663782252,3.52418739942799,28.0275747496224,58.5155124495336,16.6000687042039,0.919153898994322,133.603458744866,83.2433234920486,11.0991456947095,0.0278519961210979,64.8695843642222,11.5615824458057,76.0574984956282,5.89112989707075,42.6887307231094,89.1396968671698,42.6461610295588,15.1417708117629,4.61775082795821,14.5936551764132,14.7143871337464,24.3394575218468,0.1908546353934,3.51233477440411,0.845453692933352,1.13958028329498,3.36012329688348,129.396109130401,5.00243069294578,0.0581362559644377,23.0261182041347,0.128825401970668,11.5411534632561,0.865498106888339,12.1929712955672,36.6481297250211,5.83810724085779,68.3390993936969,13.3769422530029,56.4473972804034,71.3604824666612,18.7968200054586,56.5257124392777,1.60989812635193,0.0500960378520929,0.441549656116613,0.00779859844945752,16.20042810943,9.19015390080497,28.9267537593396,16.9907247689942,139.590624960678,8.06103942074365,0.00643196573474088,22.9496165065061,4.39602870657237,20.0685386969,69.8427618814547,1.00146407207662,75.8144956367749,333.124550484159,8.27204591847433,147.042482800586,8.56617372803768,160.795828215672,33.007137079154,97.9491308394852,25.7471974498066,0.3054052567363,168.9304510469,1.90049310437343,95.2804120935422,22.9497755126017,158.514928067176,29.4218232490807,0.0796216821930625,28.5433390831953,7.94217898614834,245.486780242895,9.97405180643306,14.7857833363246,145.388004211576,6.45718952658382,148.91996545579,59.6948492007695,24.1918068673662,33.7658490463103,135.694816064499,9.12706543667898,35.8935702542399,167.514794576938,66.7932088215191,65.2145454051323,25.493703000736,117.809618339077,10.1218014482699,15.6356536572291,100.130499678035,36.1604617148173,17.5547749439642,37.4980941382921,61.3261267027413,145.303895226071,5.07344054771402,0.549828185619603,0.0687940688271887,0.0370716984574119,8.06074247485494,20.8070797276245,121.404204576561,45.2769339466832,59.1431524447453,10.2235034060507,62.1302635796462,13.6356913365348,13.7427192303194,47.2014864489138,2.59488490389859,9.8494528612947,10.2049907464411,125.137362661231,38.0295002500694,173.529056767728,112.387811006275,390.491884247283,0.707211177942067,1.23483734385559,0.624697433824438,0.0670478850412121,111.341008658906,330.099298384096,88.3258318489236,0.114909390246136,0.0984538287768281,0.417674806537401,3.56102525267001,14.8782147082715,37.1515971308637,35.9314277591408,0.592091698319726,126.329230138287,60.5639543820354,86.1340113366628,68.0390405352056,0.192021638497066,9.12275729301802,2.07317187218471,9.96428258447579,4.89329754475774,6.63418257440284,0.00588975721475129,12.8806435089829,92.7939217183901,20.7840484484073,16.7850469326739,6.1634743867158,16.3116356102923,5.99243892041992,7.51722065064871,34.5343077929268,128.126036262546,1.25297510989216,128.264719536055,90.3861489068129,1.4529965781315,189.137486781381,7.88891525221416,67.7710630815196,11.3147371442872,12.4622286908376,35.3156997038011,0.0252461557374947,41.5852158013134,28.9041617545307,82.5139200023738,1.37603304373325,97.9079177018738,28.3168776718188,95.6030461506155,18.3888803340508,7.41217958980123,0.0245427233622528,14.0918197667568,14.9296233992737,126.243251361378,8.62947793493633,99.4543112055628,50.2031178856507,26.183003164022,34.546128356263,0.677849781669518,3.29090011491139
"GSM773672",0.0428278737417667,0.0317670997870741,13.0587145623259,3.30497950570685,0.0109916174080051,20.9440784687496,3.99542474815003,3.2595119663182,27.0218161157183,62.5335653973665,15.8736188379343,0.595000653964281,124.713351469537,84.9262619715785,5.50489975278126,0.0523321058814887,66.6887384531865,13.800075439886,87.860862758877,5.97923954756369,111.019082811296,111.335746937454,50.5040849924814,14.5940894485017,5.76548338190296,16.1310150923109,13.9978092590541,29.6794684423087,0.170890506057685,4.23830608723699,0.775627384665894,1.28535620563021,4.82710149271951,101.691660886901,3.78205590925836,0.0476491459874015,14.741458345765,0.072542229672137,14.9925951538381,1.67329910322955,6.17932895958729,23.3376548432863,9.66244087530047,59.6263687117349,13.8878579143996,38.8398583071333,62.7718907958623,13.6269761170207,43.7821788252259,1.26332974487097,0.0618096926168875,0.275368342570819,0.00710678521926545,16.5910294110498,10.3776816100999,35.9778035850145,12.7263791496495,103.452391192714,9.08173909986377,0.0157661434153975,24.9270837987737,6.61468469079643,13.4944219509901,70.0949379452253,2.81799185947774,111.974727951431,400.499014286204,8.82298228122157,140.303650050457,11.2554141085623,165.40660156725,54.0363491475705,99.052879342978,33.438005995551,0.33665394147713,158.06623370175,1.90535594823323,43.5582886759321,18.3732022620463,107.401041712084,16.304578331389,0.084469027996079,32.6067230441703,9.43768843324053,183.535337901793,20.0878105667844,12.3539440095945,131.354158610637,6.18284793627389,117.31303823288,59.9210483062558,16.7897457444638,45.0073322492094,117.923158505821,7.80559667358295,50.8936870791729,175.52471210269,82.3103450302392,70.4694691870825,31.8481990544406,122.537127769204,16.14328764021,14.4754468030749,98.7196957629543,39.958629321885,25.507233224425,32.9019628123759,68.2974840198192,158.188167540849,8.9311087569205,0.755773438121838,0.128864938505468,0.0578493138375432,20.12449236629,39.9642090640439,177.467463272548,86.9124419553858,61.5943374126986,11.1737279733305,52.955081670198,15.9489285771676,9.37056952087813,69.2999632910178,6.28055179882341,24.1265819335138,29.9434541164759,85.3231218437769,39.4709949203907,108.751418812962,101.015021895536,356.083456135813,0.604111185003641,0.933099549763406,1.10147436225841,0.0891215862412071,129.658179327019,282.281276989851,80.2740554337529,0.255604331790008,0.169141858586458,0.6355376705549,2.29410680543678,12.5982443512318,29.7716216766416,28.067845982388,0.484669055391083,165.148583051553,75.3750814586279,100.896734157831,55.9277767312474,0.197555008879782,10.0937107373064,3.08128167647313,21.7447184196314,12.1969071206704,7.37255905665233,0.00714346307505357,14.3139642482917,107.36797174436,11.7119194929832,23.0127458698252,5.82096771284651,22.4900054257565,5.65756336121167,9.16690331566591,33.1003924722097,137.81096021806,2.04204316712595,119.209355900225,86.5994743663493,1.52064652448412,147.040005145033,20.6051953898026,58.3309470859162,15.9442786728189,14.5108527867294,42.1825862201244,0.00984546857944966,45.3410617961056,25.7741580933439,78.1692389012443,2.41794632364542,116.120618103248,19.1706006940127,67.7610863745156,13.4003418487046,8.19456629217994,0.0403601943907718,15.5202576022619,11.5471357311922,119.633503204322,10.7493346986419,68.3604242651277,39.2640877274334,21.0886139334769,33.0146078607165,1.34228831402391,6.94352995391461
"GSM773673",0.13635743228388,0.0524564958747368,19.8272412306461,10.6574229024235,0.013581410712304,15.9653874737492,10.4311394888264,7.11750726637061,84.5834715797619,108.06098747145,19.7850613153433,2.10224913562992,248.148560045039,91.5608535491871,3.42203728962199,0.084088958229978,99.6471455637967,15.5179778675236,102.126117652403,15.2032585716077,417.134261457243,211.14837464474,93.4641663765086,14.2620372435415,14.6971138020431,19.6544384450542,30.6658137095601,80.4094604064908,0.443370717814877,6.50398852438097,0.738870318463389,3.08159687803818,6.7149863201632,209.386449026778,7.50977923749796,0.0926117485172108,41.3044857214292,0.0958853569091528,22.1266276515319,1.20703515710423,23.8284590064047,75.0181630565936,21.3539500894103,65.1362556679042,15.1183950890377,35.8699067744921,212.225597277493,10.9141746390968,95.1010756846159,3.78915814565719,0.0630742485564249,2.12101031155125,0.0083630736865196,17.9594446491726,10.2023361149434,36.6010517027462,24.8393697296076,247.20273750809,17.6865095723197,0.0133145552580811,56.0106310962274,12.5619172376399,45.4045251461482,100.611739349942,5.53129152987039,158.492590932413,643.731257920596,10.9619673966097,169.203864680286,21.048365835748,378.339176113672,95.8347461971863,159.269697079013,78.2322268875203,0.990318571461103,210.643992511161,3.19201299432433,27.0077675531251,25.3191391766926,113.380330268159,14.3372379771517,0.344022184903994,88.2590498246181,18.2798055044941,327.286269777974,20.7587909290502,19.5897972061495,170.921427838441,16.8429528069258,149.029932413685,61.0694585437958,65.4860360496818,35.785657651922,188.094050621597,10.06140248813,63.1286504160189,220.189127412984,124.605928166054,69.7679653925224,34.1515187755509,135.409952459612,12.4419205058359,21.5915687446363,103.053859516205,52.1187617400356,40.8894510317082,47.781334448386,61.7684624808117,217.589223704497,6.71239067767585,0.854625099113823,0.10145245168075,0.0785402358407024,26.1415306953984,37.8322409355992,163.10896133029,117.900117980458,101.819586117253,13.3097315205608,62.8550802591171,15.0667896844122,7.76532664104395,110.559090737945,17.0493459997566,47.71229223928,38.1215720444075,60.9113013108673,60.7186586738358,206.437918751537,235.609250252623,551.31000280707,1.9669809804263,5.04242395726594,7.6887200585206,0.125110401775993,407.156951592083,527.101729087687,107.244209953797,0.643666225918906,0.207905579966395,0.738635612906993,1.87263233685674,12.7411733662298,48.1770600475406,35.2619780227726,1.17077772998214,277.233434619837,79.9460802617839,116.332666479195,123.836453464618,0.160629850532734,19.1719338749072,5.10009427795543,31.7870719643041,10.7240713207929,23.3153394630469,0.0157352795734776,21.7072733832982,123.158745105066,11.2389837989372,38.1396300023716,24.0218946941118,49.4384412071376,4.33196840896051,8.85959982747916,55.5679428242252,141.021683018044,4.47143787755175,138.808750079391,105.098396329813,2.46198841106195,312.362840519689,42.6119721642568,135.829387220532,23.5003407815387,18.474614191439,52.3646754150086,0.00693026086235903,73.5200895101542,101.324084229927,110.18933550742,5.2059324141738,192.149191705981,37.150282025908,141.671472881256,34.0550003791478,9.90268704741854,0.121135935951754,29.4383433672554,20.4356203358075,297.493623714315,16.0049038747266,112.073543946643,92.2024655382374,19.7224207239944,49.9788444404198,3.66792194446194,12.279940154957
"GSM773674",0.0440280632101758,0.00708815880308237,6.28587668885294,1.80336127654065,0.00383419028132962,15.6822579326696,6.65600132224663,4.07900689147665,23.108344841101,50.5935056222931,20.9687076201989,0.185027167675689,162.73534204573,73.7883694817288,9.33612339938378,0.018340429658433,54.6308612611353,12.0009841339758,114.357528156435,1.97334560943132,83.8791843254708,64.5942628944335,50.7822711721385,17.5216806865276,3.1049586862688,18.2902508612966,41.4783830950751,19.6602255182956,0.181747792106195,4.04023847127173,0.784897941805264,0.323487184374188,1.40215837590535,13.6393276879422,0.82556445461979,0.0219861825882353,18.7934173475329,0.0857828994060121,9.99804768244693,1.26577255404871,8.78221454726252,20.9170965292733,3.67487522997664,69.4295568223374,15.7935854592705,49.2287587813749,58.8717121346507,7.16496236542875,68.1814916922401,0.421076956628012,0.029992760209821,0.0509509625315523,0.00408848851276751,16.5584655122374,14.1443576585391,24.1693097934999,12.0032353579806,137.714930070792,3.35400306281226,0.00362788118027742,18.7166294702463,3.15233433166486,11.9773111694436,53.0755167319853,0.412471804631764,27.049042323938,143.82889676036,3.447149192748,51.1862813616578,6.40425801593139,139.847089982227,40.8084271595214,74.7719422251261,31.5053824929212,0.130760817863558,100.778525357365,0.362862491037834,33.844350314636,38.3176719852433,89.9872312730837,18.3902653336986,0.0240137916375408,27.2449351896259,10.0067582422623,156.366183804495,3.95566869981044,9.08098069965064,100.68255307662,6.64072327911386,97.7682978682597,31.6934032106874,8.11301026269759,26.1343385073387,84.4339106072149,1.67107356936896,26.5576607448721,126.467405171054,68.3105393111029,41.2241404557238,10.4903777090264,58.6934203518005,3.11237103570918,11.2737156541652,53.7994440765849,22.045866522669,15.3820943711769,32.7690345875705,41.0208456319929,112.024873591825,1.76887119540369,0.302019504704939,0.0307267571132812,0.022902219932076,6.06317674045016,10.4236564348402,106.182548720175,46.995564284928,26.3895580978844,7.71034384639621,30.1409116145091,4.39066280429971,5.9820841840623,17.9643545395025,3.24079300669725,18.3411129094104,15.3351545844944,106.33574769691,34.4653509278442,144.495256952664,116.501752788536,311.786457855855,0.59398371190139,0.313029925559531,0.851435432342722,0.0433793089947613,67.9124823590631,289.82148239935,53.4767423734883,0.0286537261657404,0.0105714921192913,0.209767953984429,1.78690372193459,9.45984556427505,18.2091117933647,28.6657023466515,0.629236819768499,129.498372286368,53.3359966832815,94.5842603687554,47.2026816259055,0.134365809682147,5.31511925529758,1.9078587441337,5.75494932715282,5.9716707892163,13.2036533009195,0.00297271519489325,23.132222427984,70.7212135565472,8.73900331166889,26.1488591385354,1.39779172338392,26.3852966446563,7.47079349511217,9.41785897647957,59.5844599383806,88.2722415382611,1.81435575705284,95.1826340497412,60.8297948887664,0.816158946840614,123.25491374635,13.8594447653875,71.1056009541641,4.27798345815429,9.12856256227568,22.7003002894593,0.00661253581412533,23.2704621921307,32.7357375156909,43.3418238886947,2.17220498661248,97.8483504931545,19.3753887266693,66.7260794284281,3.18929775093352,2.86677359700451,0.00930996835194387,8.21499055796854,28.7631579098166,87.6725633947395,9.59394415714409,60.220783159631,11.687116831862,22.6773962027606,25.0368343832287,3.61739054610357,10.9445612675509
"GSM773675",0.126950436603596,0.0374919802571292,16.1476233429533,7.99246228123597,0.00916102305996696,24.3771623316969,4.92045991574057,4.25337939444166,42.9333279333147,86.1806294690693,15.0023591426696,1.13319374547906,205.647697067453,75.0534932320791,5.96171608470733,0.0407524793242904,60.4770242154107,11.4596122183767,87.7958772852157,10.2474266645,208.736831756261,117.746672270535,66.407874653975,11.7103872203356,10.5695108056703,13.4215581928242,32.7714866141752,52.9134125035316,0.315516872615004,5.83250710290212,0.861711826382723,1.27872111468254,5.53545116012063,145.307309289169,6.81540023675464,0.0434842081029538,31.592796370176,0.148735384487199,14.2508394407001,1.1164799227817,17.25836356856,52.535001460213,9.96905063080959,72.2125730210116,14.9878502275812,28.9194607305975,127.419969706106,12.0349616409795,79.1666897428753,2.48659099754196,0.0518739313098768,1.09109716712859,0.00660210206910279,12.5020985633667,11.3985788733699,32.6639224026285,17.7448090803378,169.806284843699,9.39814839003241,0.0113458574305249,42.9437117624609,8.27776637806909,30.1326115385554,89.4770630203922,1.45793249509958,97.9102746715588,417.806242787362,8.63811958735064,161.984624852483,13.6993282184375,225.574980713217,72.0404142260125,157.695173888912,60.5797206748856,0.505117201059622,158.498714506406,1.90687010057484,50.2188354607304,25.4963194771153,139.030761817143,19.0923592740194,0.108052142751234,70.9746292263369,16.3589510792715,244.52321262484,11.2055276245482,17.4258084697436,160.350872463309,9.60736333907759,125.705434233929,44.0205344295263,39.1523911699872,30.4850111423081,145.914187408749,9.35640348463686,39.1016707042588,197.53980159325,125.059388542467,86.3631240488428,29.6655422727148,126.350244922505,9.78156272643894,19.6079935760689,89.9761145871624,41.3304041720097,25.6419794608412,37.3043737735794,66.7362203226824,208.596477648419,5.60642009526358,0.595277521398367,0.0577700853929684,0.0638686263504824,11.8587930771471,27.1352892704371,149.406720921759,62.3780779958491,46.9325052361171,11.1494073763994,56.0187061268279,6.57615041174549,7.61291050415823,40.9406699497553,10.2482712926801,34.4735280798109,24.949714000543,122.284134126435,47.0331553101614,41.0818901637351,177.041144509492,473.028119938029,1.82190377481856,3.63553905302127,4.8479693865667,0.102851097975825,157.638755694696,452.055830838518,116.286506474443,0.315885679956841,0.146484557062596,0.774362966276675,2.96731620843995,16.9486213433562,26.2872529441741,33.9083702784619,0.967860526605399,236.503284064504,74.086761233792,107.319852424209,99.5582804618419,0.181971254763049,14.3773840746701,3.49847509012798,19.5512098390481,7.41600598078027,7.09856243993493,0.00890607308307607,21.3411319854097,86.2132556067504,14.7190550829299,31.5177129845785,10.6222526917783,27.0199923661957,6.15712896990298,9.1923513042471,43.6999074204235,146.511543385683,2.72801309530714,137.767693640389,72.2573593943453,1.54656937608683,231.960650224451,22.1799769459417,61.5659183110441,17.8812195271582,14.0599403124103,38.6758612341659,0.0100523545047104,54.2492156844102,37.5892902941265,93.1884667143535,2.74062560365173,151.429587592134,32.2670538410387,87.4496712053366,30.028698180426,6.05968808820655,0.0718168795601747,17.3230955907176,23.4663644039737,178.974578107282,12.1418134534373,98.1040652627698,75.7226135225867,19.7815822415624,39.7435540941235,1.90568901830131,8.40608452245245
"GSM773676",0.0984439231408999,0.025301003325053,19.4598341042086,8.90663735826477,0.00979645413087358,22.6050675005241,4.59845881780256,5.80501328243854,40.3653787831011,69.2845649336035,21.1777443809682,1.09709254567817,167.765463527212,81.196046030765,6.09406161883803,0.0527253075974348,72.02590258604,13.8951426023818,101.389046037635,9.16844478912375,126.951012642016,107.528627784788,60.213554594598,18.2172379429185,5.95302663293602,17.0007981746253,23.5836759473211,48.8426418853273,0.173040830477163,4.6051524560651,0.674242500644762,1.91694104939246,4.243056068442,147.935584529547,2.85921405246737,0.069568825242094,28.6449953037737,0.121407283540293,13.2524442551977,1.87494274051232,14.9298531847765,49.4055986731813,7.44385571552557,79.1769473955966,17.5365077731565,39.3189613790924,144.464993826322,9.64182076820357,81.9889389049186,2.15232898921409,0.0594173160290859,0.620353871132004,0.00770594803821559,17.2161491529949,10.43987667193,29.0623475961785,18.8421032451796,152.786497004912,8.00052074131291,0.016804020067038,37.7341123033525,6.71321533667903,23.7574535784457,70.2548922685503,2.15864319141843,98.7866204699811,385.166996474355,9.51123201685035,186.423121824665,8.02219924621178,220.613524246717,47.6681052673131,120.323653334961,54.3567123782548,0.408725080080603,164.809227392959,1.88490001806139,48.8571184522463,26.5841154039212,142.330749002342,29.2747384254454,0.111362489916827,41.5345375248561,9.52601431506402,235.215028312964,20.4173087587059,15.0825011758927,142.384736880361,12.7676515977547,127.47839970064,48.7013305492807,39.2439354395539,33.8007864554184,135.236116155267,11.5941600061517,33.7805826657309,191.415131658555,89.4830423669767,73.4242109044616,40.0933923298106,125.283775505064,20.5158908845024,16.7422418704904,96.6050229177336,29.6353723582961,25.784152515286,41.754824751341,66.349065941869,174.03966763527,9.05793125747106,0.81511733454593,0.126282748684335,0.053897476387196,14.5692698567891,29.189460325184,127.441337726428,57.8528820126226,123.416992284293,12.2244230277346,59.5183424602811,12.5697045974945,11.7745870847809,67.1554329059272,6.89110580862094,20.5522660764506,19.5244724165796,100.503921279864,42.147332038842,198.215986484256,196.767731529975,476.944239851329,1.21720406085338,2.02432877876045,2.49320264226849,0.0899168619901278,162.973951571469,426.970708719467,97.5853886824839,0.178055660641085,0.0893813309273719,0.500952682718181,2.74843944123983,12.8204477067554,38.0852005146164,32.4172726630197,0.762435986581269,179.408805135253,68.4177182923607,112.456697662085,98.3160925737526,0.20013094170802,14.2585212314513,2.75209985768639,24.1468896167975,7.82033206077705,8.38244487076549,0.00805561213235661,15.9603074966256,99.8097881545458,12.9903818377375,21.035289615621,10.0082226770456,24.8149113208445,5.36331093976092,7.85177491218239,39.5842172026755,137.913669550529,1.49268847809913,139.00037131194,102.046911666671,1.60167795093776,268.286469308173,22.4137580142716,93.6248924353084,13.4827835093535,16.3890778449201,39.0891139058737,0.0107445274156055,63.3742990562237,29.3808936306867,111.743239138117,2.44797051279873,159.750966507376,31.2373962557551,122.77088271419,28.1793436843006,12.1079544884581,0.0558906455535241,20.8746090397252,20.8345579636106,146.441978757791,10.263091950474,100.273298149301,60.0119273825696,22.0970990830662,41.0756836005186,1.57340162575502,12.8964810221462
"GSM773677",0.0692810693021443,0.0121152603058149,12.4693719117227,4.59459077911265,0.00640245092123147,20.4507733872049,6.20681654652452,5.50000231103869,33.615263297497,55.4428574611073,19.3293195476857,0.756028664710542,120.93131534027,79.0886489671773,5.42760224510627,0.0337165811183816,72.1439183078923,13.1075913671741,92.0553946019211,6.61671219455838,105.797553762277,93.1363974083178,44.4281597759441,16.9413381697556,4.63161334177959,17.6292938267613,14.4446114874517,28.0056501738386,0.181539948804572,3.23180217227357,0.553752253682909,1.70928863528917,3.76240625259916,63.0509489673987,2.32263873706937,0.0363678650706413,22.1928299272357,0.0777911800792016,11.8187759841761,2.16064033913534,11.5707434411129,24.6349950915338,6.50988331156627,87.6057545590482,15.8632277034398,34.6219624910812,63.5344642141941,10.5933229340575,67.2612620999466,1.31797236531819,0.0437652871746261,0.198431240485167,0.00524237782289286,15.3734096142595,10.7179074853775,31.7700291794044,13.7547434550992,135.464318925199,5.70619030624174,0.00868411448147024,21.9571511514861,3.67617432433923,20.3144219689047,62.9398728715334,2.62376364681768,67.6443984149641,230.813007385682,6.48514732510507,126.91251693803,8.56541641095397,178.655460687472,35.4966094259176,80.5260151056825,41.0206732062601,0.190685388126997,153.257910595912,1.25298858210761,34.3881877789862,17.5077345463414,119.181629007721,18.9672826521441,0.0681360302145121,34.5438586281464,6.56244876077489,171.660895930767,18.9648711574028,12.061603174585,117.751693047123,9.0747286557817,100.324354788229,34.9563921139857,27.0545634058083,30.5595659914645,112.715772625187,7.3773928701345,31.9947308078055,149.353557182708,72.5869876337518,49.4285857667013,19.1770105353302,79.946687534796,10.6912952514125,13.6772715730226,69.7155025163832,27.6756937831819,20.6459032883615,32.0461857836242,53.8482238268205,125.453059676099,4.16886646996538,0.547458429745394,0.0789020621755222,0.0360567600663469,17.5872261633057,36.9552276631764,117.91878997318,51.0993289208733,37.7157810082493,8.7277446256202,32.3318010250662,5.76369360607968,8.09022162515465,71.2949094225441,6.16590996777006,15.5987463146642,15.1061703054041,102.801774755825,37.1145542764042,207.400290255946,110.850577640328,388.98504748384,0.746353622668458,0.606611096188852,0.892693042512432,0.07109918395127,104.627690706754,340.789826736229,82.7276027113276,0.0721607979589746,0.0461931321179763,0.35630025763812,2.02970267388341,10.3435434490235,21.0425502959837,30.4824617891023,0.44943046602958,165.12714674207,53.8794521095438,112.754061373594,96.239259298141,0.162135427614164,8.28806363390654,2.25100281690735,20.2571118915457,6.43394263768182,10.0644351234808,0.0061579505300577,10.9173974447234,87.8381878571198,10.2427459644464,16.1819282680427,6.49877858341434,16.980554967073,5.40555654145137,6.52001898616598,27.05795428639,114.647122907344,1.4339560783307,111.014834043893,56.2053340599254,1.26068478091403,159.413889911367,14.0223323832122,72.0069479044192,10.8513202526674,19.3929089343008,33.2683857353473,0.00925357385747666,31.1519243796306,32.3569071544622,65.2282363649453,2.5199225917067,131.921099688779,23.5104911877331,70.3130163226279,10.7341927768586,9.38227949363758,0.01794395737457,18.6593770598271,12.0124426845829,130.448389884849,9.98748581469309,65.2149890470291,37.4795103028093,18.4890606498069,34.744020657161,1.28701367011491,9.65673954005286
"GSM773678",0.0500077087208316,0.0184597439007094,10.5690478445816,4.15146193185406,0.00690166724701711,29.4544398858429,3.08681878913996,3.34312286513428,21.7999949660612,40.5383182199235,19.4597570361105,0.764662824046271,177.018930615415,83.0262728047251,5.87394724926265,0.0262432749687344,46.4092946304459,12.7333978467606,79.67053431123,4.63990421436028,45.4750270799176,64.7367574731572,23.2991335668195,14.4323438021848,2.9339681025724,16.6555197179906,13.1018227439686,27.5767001787785,0.136175685262724,2.72919866338106,0.772930136209019,1.8525491789405,2.7150678719178,79.0074092896447,2.83407449025862,0.0276353917863166,25.7694278030377,0.0691455796508733,10.7922125741495,0.955978516459263,5.08540810069132,36.6685022417658,5.66928535359087,48.7845539407402,12.9798480358318,59.9761965761143,73.0181407469636,16.0940622815971,47.8508949762127,1.06058424546489,0.0462334165032957,0.345298020689442,0.00642089634485923,16.0278316448277,10.3789645324673,25.9152729252627,15.5432277244581,123.009861706629,6.4807777746795,0.00640991816725857,31.2121389896733,4.2940818370246,9.8973377251979,64.0068677983234,1.97245223603097,90.5759494516951,298.320749743704,5.30669307456569,123.388950990131,4.35791143405331,132.057758197391,16.5701749267316,122.324146184403,35.5276007554334,0.216037815867285,133.306058572479,1.63790282695883,58.117690214036,12.0657444645755,131.616291325228,16.1287526204156,0.0416498415524079,15.3388116105585,3.75689849117878,223.431533031277,14.1590119446193,15.0816572008701,141.334535390258,10.3407453219632,103.077496825386,55.6031314267857,22.0794144155952,34.281311487626,125.202832042647,8.82167908293467,33.8612812886256,178.242892729683,55.4421119120605,66.3052705093546,23.764901914632,91.4136296011737,6.48069476861853,14.018995150401,97.6546886232468,37.5968836502697,23.0416191732853,46.1070737131825,55.3432822542417,156.883388185846,3.09831371736279,0.412286364950045,0.0510555974590872,0.0276658923309527,12.5046794005635,27.2754997573909,104.087783693038,42.6885556003014,58.2101382083177,10.1061057696614,53.6065739964875,6.68533831406378,9.24600105400167,79.1266482637071,2.33174485492032,7.12641015743466,11.2517200657213,64.1401801437558,30.0855082961389,115.316309662252,136.559224082318,327.893467647263,0.575960965467393,0.793001342442541,1.06815678129313,0.058860255685525,162.961183706602,295.012239510314,77.7775389914278,0.101441595847851,0.0508589682780247,0.40249866539952,2.89232368062879,13.1244387914982,28.5905827710191,31.5624722175434,0.510620022235035,106.70431519975,57.6408227443991,78.4919413813633,40.5330230368826,0.167122662972325,7.28417837271676,2.04010442344991,16.2424366547182,8.18652505052931,4.7303451475865,0.00518330791669173,6.92492531143631,94.5152133889285,13.8937643867352,10.7584086934426,4.87685253560174,21.0774071938902,5.68098724286264,5.5078608611352,20.9101136161686,104.818185986191,1.07371729530677,99.7079166400227,59.5401960674196,0.888753772878877,140.464782141529,10.9551921968825,78.8731559339441,14.178783436875,12.2974923937432,40.0207222687689,0.0178800705116746,41.4524517280159,14.3190379410853,66.0560366473944,2.09678865145474,122.288338683209,16.873241421421,111.155779538001,18.590743816336,8.05603519301033,0.0290041106886568,15.6816441041405,8.79383163981828,117.573910417384,8.22820599937086,81.5623982461095,41.2397091448843,24.3941264205205,20.3664760816587,0.989744182967477,5.50544302424645
"GSM773679",0.0429238091644451,0.0099334489203976,9.78147390225339,3.61057181981984,0.00623920798667847,26.5571248916207,3.60876985872831,4.11502472404046,27.50436845797,40.2570755138608,20.6660562616911,0.482962293796018,103.639686879964,73.1806058105734,7.72276687182282,0.014873212630181,61.3699319049756,10.90175959173,79.517788106129,3.71860987324657,52.0428190242108,74.8676602334236,43.9362728994828,15.1441553892039,2.02868289168748,14.3662470960939,17.0118075845328,23.1759735540785,0.107492784423877,2.77995250214873,0.590157128495736,0.720056636005855,2.01831638186127,52.467611269393,0.699684918158057,0.0350182099703477,14.7201333040287,0.0652738675616206,13.6627511003767,1.38993666337188,7.14561891937408,25.4953582757255,5.31942693109703,98.1520184130223,15.046502362689,47.734610544588,42.677321691503,13.4872632693274,37.959459714334,0.958944858014451,0.04276073269286,0.124172932380075,0.00602638771230406,14.0213652491981,10.4421645499015,32.463596098209,14.8517353325248,113.85200198274,4.41894293366454,0.00646494688824088,20.2758139405824,2.74523944737256,11.4200189900938,53.0657686858593,0.795698116010853,49.0874155440525,229.504359809324,6.44855395462511,112.299878864975,4.85870801643362,151.47743590682,23.9721195447396,89.1204633067962,35.1935893026097,0.176500909500667,136.726239028578,1.05847884130186,60.1977570934781,18.6834461721653,111.196017343295,18.6508615936452,0.0429846050921095,20.1822511539156,4.04881723516748,170.123670784736,7.26693066788943,10.3413278959511,116.373223313323,6.02160805275999,167.815932370781,50.5329445320961,14.3112923904454,27.6229066389746,96.641167756095,4.56507032756632,30.1210498056281,136.142188689934,67.9656111991458,60.1088943612513,14.9262294752444,72.1358866528254,5.62545099264712,12.3164097576358,96.4600411180842,25.390906065732,15.2130595754983,34.1094712185051,53.3019132881984,114.176309433642,2.63341060749619,0.517536671007093,0.0650448262566242,0.0324920799189537,7.07608368366284,18.8302556737974,124.145231465232,46.7498875191111,65.190705227558,7.62775629693804,68.4789675198785,5.0756980657482,9.42251934874795,34.1739944718211,2.22763859296519,8.30361424532212,11.0338408169345,92.1144615490736,29.6783521162915,205.954478139819,89.9766344974407,371.296299435488,0.477952578006324,0.504522971451689,0.461638329258475,0.0443607272180534,93.1325123096364,277.599456349149,77.1452960344773,0.0512366650496325,0.0355746204601185,0.292600630105157,3.32629025421204,10.9694670491308,24.6703823142806,37.0298673727727,0.526660237855718,127.318214538783,77.4097849802986,98.3754798237789,72.5485963696299,0.151244188586892,6.86079126967845,1.81173538962189,12.748898717884,5.1898440320689,6.61282581118563,0.00447051957889133,9.20407300770903,91.2410334299506,14.2022463188108,9.90305411107036,3.39541237479707,15.7234153475183,7.16034427887292,6.69697389421122,28.1329015075911,112.821211380596,0.999316946113525,122.769499259239,61.250561993804,1.1140795561187,147.532096989431,9.60349605338229,68.0696326096288,7.81979573461341,10.8973483587108,32.9817246523615,0.0124097210898384,25.8825955401196,22.8356432492733,60.6010467324236,1.4226114218388,111.517195514055,19.0317238887437,69.5667876469012,9.51890904427455,6.86438180084777,0.0129191001864251,10.1179373855435,9.94711709802379,84.9191595856134,7.59793053236165,76.4665132854441,29.702556234996,20.4046001333379,21.114071303137,0.790272156534178,3.99981207880641
"GSM773680",0.0878305901109401,0.0299371214886041,40.0391700071778,4.88108387241074,0.0120434315890731,40.0776058526166,11.1842331929476,5.06284205187342,54.4642159849009,67.8399573436418,14.9538363414543,1.13596931701486,130.80809554633,75.7388172401704,9.10812335109028,0.0681421815892667,71.6632444501092,12.7883196259361,80.3100926824476,9.22877959106154,156.930511291083,113.993756212166,59.6959059878958,14.3753579800405,9.43304303983741,15.3856490596283,17.5192324823455,31.024108111702,0.190530487750479,4.9559217610606,0.743573483459656,1.34113095693252,4.0531741793559,87.6372995805819,8.23909433837483,0.10227849527356,25.3575105887385,0.0924789624070847,15.2426327632649,2.72615618528218,11.3575137063423,32.047980486609,9.86162041853262,55.5329126665292,13.3036196726412,27.1087076303782,147.726779414192,16.3126385105871,58.9536965576494,2.13563020038367,0.0613909311784856,0.615642174300733,0.00887485007341618,13.856643780449,9.83128417279502,31.2791157111377,21.669930881814,164.983786454771,10.0911003384526,0.00990804211039808,28.269773924414,8.20086403508912,21.2742183040391,89.1895778519279,1.07466125618145,80.9329572817568,330.243809448137,7.7366409067014,179.249084511239,5.78827560146242,209.044057981148,39.7737390170716,136.60005316915,56.1616817103372,0.5163020069935,171.940668891587,2.6721999481137,55.047986753087,20.1917746439329,169.848555862585,35.5547765959772,0.118202472817863,72.5231468411531,15.3835992787931,281.744088892975,12.6584367546894,14.4795412393563,130.296281582323,15.387434107491,141.468844030148,43.4504945839338,27.0309806988683,32.9248278333686,162.127345324343,18.1563761660641,39.3537848847516,200.942761639928,120.475405036638,65.9269209356297,37.4095452872764,132.071832558171,15.5689267830249,17.1522984365198,82.4973046694555,44.7295384218795,23.0646113236899,30.433028940399,60.3915179669376,176.354880208952,5.28998725875682,0.519935097097153,0.0800169422752513,0.0557816064416738,16.4086262522186,25.4223666027269,123.812503521987,57.035831019558,125.950356023522,9.75461748205684,35.2798923741545,13.0389887649152,8.39428610768167,46.2910585984647,7.41391705987308,18.9245341721026,23.8167362473897,98.7878665204648,42.8728229894286,144.925517360233,108.338874015299,415.876029578252,1.20234929248981,2.74664283635952,2.26629007394534,0.0707648355815055,192.229011412399,523.4126293306,95.2948230065854,0.222468791059142,0.136614847312046,0.611117093605404,2.251190424867,12.7710525651286,31.681721200975,34.1025846665181,0.903893136643463,140.60886478296,60.9002326699663,130.970093924246,65.272165272569,0.227745973063711,9.99865949508883,3.29849553881691,14.9175485868703,10.6031842530002,20.3753484126795,0.00996225549179565,13.4518360456376,89.6294600305715,18.6840125924023,18.2333159978671,6.61236060029938,26.0402776722139,7.26846459041614,8.18446401925668,33.4556423146804,134.183467055764,1.68800947471443,145.633755558041,85.3247889642983,2.22346421685788,261.685157892505,22.570130640225,121.804054425308,17.1096557436554,26.438797854279,47.6581090433727,0.0261716455758897,64.9155755278528,78.4271181644741,107.654512010531,2.71968920099783,160.833411251088,29.1471314347174,124.973938183739,13.0280917693178,8.67706766162508,0.0640435084467743,15.445847100384,18.1817064163161,236.092722178484,12.0189506474529,93.3071193768495,50.0305814257858,16.1413213307274,63.328071663036,1.00184429961782,8.06799410648059
"GSM773681",0.0332111910631956,0.0104185050424989,7.76024596563881,2.12484511935357,0.00722186385372836,30.5834414271702,3.9500169846041,2.49295299186507,12.9349870932144,26.8795809830669,18.4269655694132,0.603852561369661,95.8198632756028,82.577921614892,8.18299990049201,0.0207526614131557,49.5981701305662,11.0370951551495,70.6972182212668,3.4956008997107,25.8171676666746,68.7289778306208,22.8438920681901,16.1940512472671,2.26467138610624,13.6741956139362,9.46663723603062,20.822548679366,0.0942671997897593,2.56048966604179,0.682137019365189,1.02845082230329,2.13703613856343,76.9134946122786,2.26655501190097,0.0330481516427487,16.1580599487533,0.077719818286711,9.40756979131177,0.748674060991876,3.5592405810326,24.4889179185353,4.89504737980961,47.702637887885,11.7244124060688,68.5591327034175,48.8242141716285,16.3313274556909,32.4191634592352,0.963755405911213,0.0438721549256012,0.113883377633873,0.00650377580783352,16.2930168325369,8.16992573801882,27.3228407344218,13.3522732592174,112.2858607783,4.90844074811775,0.00382001850651255,19.869125592015,4.21266418203462,6.99393626863642,66.6945565883431,0.792247637757588,64.7064488252847,223.35372782774,5.40185416482986,122.946220639321,5.08774027139623,107.415060848207,21.8519953753631,95.4758086382234,20.461468594198,0.17510686794851,117.826292461679,0.800365050047538,82.9048081865464,14.3593464650898,116.357246796792,23.4279751149262,0.047303935338534,15.1555371917085,3.38295487881267,172.957001774046,8.80749499960496,12.0703843623612,121.97775038011,4.51220914674083,122.803374559208,45.9684414962336,13.6036638929025,32.2552960301348,113.730764155026,9.87609370423127,24.6737323815409,141.724041565602,36.4491015470021,55.1161294733618,15.8933951866224,85.0532277551149,6.84384491440587,11.0969304452451,76.2058491034042,33.3369019906413,16.564652702761,40.5909827854242,40.0745071178467,121.673064049502,3.10874118424095,0.475677296146176,0.0553049746952299,0.021043753373073,8.90382561135615,22.4467189084333,88.2481933551655,34.3782182675718,37.0472343624326,8.78713801551899,39.7184836781321,7.54565357216521,12.5992835047224,55.3610182214334,1.56278758573599,7.69250454652974,8.49632380374753,81.9092556469476,26.1727551638272,101.448232903777,87.7791042531092,320.419712169569,0.344837957463585,0.555295041632623,0.305803761270245,0.0564867887482011,72.3690722919601,248.446356759447,72.7833263433723,0.0412254218980695,0.0339859962419936,0.248914527490894,2.50007362524689,11.3873071269333,26.3759785133495,29.3353931003359,0.378937543283659,85.9532995480261,46.6084679775294,84.073840375752,39.0488617725063,0.151971640155045,7.0418619830495,1.65287407686824,10.0820652118405,4.64819066990391,4.21883534173679,0.00460639769984971,7.92737203344169,82.640806971063,13.8580737621563,12.9957641230314,4.40152575238707,17.990655088763,5.89779484101886,6.02015328252305,25.7919862738645,102.921996287485,0.788247536596075,106.082913583347,54.1748173478252,0.850818109185054,136.243750925033,5.90317568970236,74.7235677103291,8.63825742229229,10.1668345595612,43.2569448274529,0.0219619574907929,33.5868157494692,19.4148419157512,68.0514111031566,1.26817686177182,81.4398867543133,12.7758188333392,89.208209508223,12.7975183548774,6.76690072453706,0.016939636379723,11.7034409329608,10.3781904750215,89.3968383353643,9.13540454860258,74.5304139246574,30.7816434560307,23.2771075107562,22.7319192271303,0.368205111630807,3.23429187646718
"GSM773682",0.161669993170702,0.0255846994547108,54.7069984980265,5.45269635558425,0.0120774071950209,32.133881084365,14.8006552446656,3.56362002335053,39.6952624671983,72.0892100691044,20.2566407736462,1.16437530602036,167.789918374671,89.0755111088212,8.3677234717908,0.046237327268762,78.7097086244158,13.7676963603563,85.3181749961023,8.63368045851781,149.227169562591,141.469973531801,49.6661018811519,20.898024782272,7.6124059887751,18.1251345988712,15.3601146423738,36.1881044567852,0.215135041606488,3.40843246046486,0.742055484874499,2.78719760281694,4.61550825814081,185.945973582061,5.52918870816884,0.0780776070598846,28.0486894298299,0.16634311843737,15.6989189132919,1.25485169535486,18.8601592468865,44.3292781693359,8.55465342624482,71.0177531220167,16.429936654369,45.4827610986328,126.291690978743,16.69243549942,78.0202851049125,2.049036172615,0.0710771958477749,1.5209635584188,0.00837871675653935,18.135625312303,8.2868937986763,35.4562585033299,22.9241306692705,195.731435034413,11.612085009121,0.00803101790384248,34.1808248838674,9.39105808233343,33.4439756814697,101.727131604733,2.04635110857163,120.694218344982,489.250107366687,14.7963251403534,188.719603480787,12.2060425240445,216.783415861585,37.3617798189942,141.302229870904,35.3404011985989,0.44440486124949,191.616695566742,4.79100309891882,60.8873029636316,17.5887161566468,171.851050368194,23.9237811998021,0.111653224286136,37.5641011643272,6.93305341088598,282.596875770075,20.9201932199626,17.8535365472211,174.803022743747,13.0130598714857,109.521839466592,65.5667010729109,34.5209149050735,38.6505069798522,180.604544219524,14.1120928490312,45.8592317121056,200.529213671971,97.2637528765951,66.8577926160807,38.9345056365889,133.663927077987,16.3325377387255,17.3762018541592,83.6622772488367,39.5766826949279,27.4560779724042,45.0000281923389,62.464880325517,187.02098313947,8.67018799746251,0.840231595416091,0.130054273191402,0.0532855281315353,22.9440412152427,44.003642388872,135.493458641323,66.950271072713,94.7195279045607,11.4407673518866,43.994906597193,13.9783069913029,15.5361342555032,122.610712109761,4.12921045672709,20.0315983276982,18.7033955997725,119.281803999748,43.7004419818447,130.844925538574,175.820361699342,534.471279155152,2.23022059100602,2.77829660237322,2.52621259051611,0.100580054421963,173.14116942843,425.863896788809,122.910267981908,0.255939568818211,0.140379201107586,0.569420569208524,2.04827329086335,13.7047622644997,42.9897006346885,37.5900136105666,0.983584741306162,200.741372416459,48.7813517729781,128.424507372694,108.547536957363,0.201406663687822,10.8859122629301,2.4743818778625,20.4850612516419,9.79854418855458,14.4540467794224,0.00859606290823026,11.5494734875573,117.510616109473,17.0251211658541,19.6563923357055,10.0319814822772,26.0541906438629,6.98671654771866,7.67228078560349,27.9291564204678,125.500379848386,1.70570151270544,132.463271306537,82.6713880389465,2.24933870325413,242.628745197215,11.6642044057346,99.1641763797121,15.1358015229106,19.9039053140372,44.6562380747455,0.0213687730627364,51.1909310859056,61.0474994432385,115.009787375514,1.98019992832204,151.696714807228,26.491459750858,153.967832679186,27.2228417619621,11.6932929164735,0.0584522623942169,23.4990125632851,14.8238329061756,218.237286636505,10.840615366587,120.009336639384,66.0284770994144,23.8523706838688,38.2827075809581,1.10002495927234,8.24707872263089
"GSM773683",0.702182663136266,0.0838616139933503,118.485059490788,24.1524708591297,0.0197968212048229,28.1131937294437,34.1790026115598,11.5262925377687,95.1762367663734,198.324886401669,24.8833479914961,1.96742878873109,293.086711903292,82.9594730673229,5.61249426004565,0.0485448419855271,132.330443901799,13.3818658164147,117.189778671463,20.4562602563497,706.105098296176,324.032426453839,131.463359446468,17.6957806123859,21.2467750021087,15.1770136599252,65.9584410241198,125.02974015364,0.381201113086977,9.13630528215088,0.683334356791601,5.63087707748085,5.72563672607205,796.890597454985,4.08844811752714,0.249032639706644,50.7497626500372,0.168971905119024,38.9114644625132,0.60719641271991,86.7249962663349,280.570144085494,12.5348934161157,139.219119796957,19.170852377487,42.8901049544623,444.529409348414,12.2646465300198,289.630232003845,4.46755233948757,0.144348518909631,8.97219397297707,0.00981175904208341,15.605341504196,12.0755792586542,61.0806565833549,34.3277172466163,355.679884052818,28.4300392458724,0.0638199013693978,84.3294793655347,15.3717436815764,91.9307127212039,131.526028622711,4.74029898660769,363.703119799933,971.602163588744,19.1884809290929,264.562412285105,10.0722086534431,381.045370112347,61.3810509629015,295.552108543328,87.2201993181571,1.17016517031052,334.510356907261,5.13827995286683,45.3072728818862,47.2964781129495,189.668044343989,26.8658894385883,0.269953974655611,156.852065747508,28.0311224932537,492.105214714342,30.8575401369457,30.4857252250897,292.653083249128,22.5754203904667,163.613487445477,178.588393304424,76.6944051839799,62.4936584207171,242.401444138968,8.05805431694834,74.2495841637661,252.921786398648,210.801851691626,157.15962975047,68.5609336813407,204.924954922276,29.633673327079,28.4537372615193,176.485076131747,54.5207996623455,56.8149190120285,66.6244890101062,121.9169230119,362.095443424051,18.4153703842705,1.72516106975542,0.237306884557655,0.112409076372265,26.1536963409249,48.9429276990818,240.698995258899,186.592523016617,261.671400176695,18.5500913009264,163.652840010968,8.82377442664084,12.1474311897147,106.123592641893,9.14733164409424,36.4191314408956,32.986145463265,130.982513226046,85.4545260313925,134.370675528478,565.725765746448,840.14405410898,7.10344075617085,12.5598598875813,15.2348273085187,0.263699688193346,281.502814672293,787.858102649281,188.016334004267,0.941254496078625,0.322131334442453,1.16068423021041,5.90536382503909,21.3022332147,91.8703742750264,77.8896371192524,1.12711666045448,423.63860951456,172.626520888042,161.228719578258,228.463130700672,0.203160255932188,22.5019533909256,4.32368301243288,38.0196733693227,19.3150108559977,21.9406369378968,0.0179660037782303,33.1221108879526,156.155887081113,19.5048784403248,39.4631075844352,15.1546000481227,36.4270971686974,6.87486467983184,9.01041567821374,76.7469109515588,279.768703656369,4.68879825195473,179.847358993618,208.219433077017,2.64937935299759,489.758694998536,36.9686155745258,134.887558245409,21.6910390372752,13.3968919615868,41.3044501811345,0.00746449884907479,59.1638777425568,56.4845272059965,145.354887114277,4.77552393432768,273.585824328266,47.8536948767577,220.260611743241,50.5342233173666,21.498764406443,0.250465534693025,37.9210139006323,27.402944394902,382.760059927669,21.0401805626336,214.794118595638,134.170758444581,23.4717306269633,80.2450577367864,4.04273148674234,23.5188496276699
"GSM773684",0.102826832254156,0.0534212468407837,42.4429840346873,7.32280299307019,0.0227901417581115,34.6079249088538,7.80705629806348,3.45387870510407,42.6609665077859,90.1983352339218,22.5324651295739,2.89930997369256,214.727212846838,102.722989076101,6.84879693159133,0.13704104802358,137.658607873068,16.404648901287,75.1969262453785,11.4849546955855,79.2336218352728,186.617300529995,63.4754034510254,20.3684673686302,13.8443648468702,22.2837334888266,16.7603200032485,57.3855822092748,0.305709982935789,5.4001536651355,1.08125223508062,5.59793322710716,5.63303343005599,176.609536218162,8.88319190960846,0.129894625462902,28.6867847553667,0.142600111293327,13.7510058190438,1.97223038012075,12.5972084862908,43.3824852442684,17.6356582388047,68.3962522433559,24.7337133901122,60.460843413964,144.627257700811,19.1078361683187,73.0052640130274,2.48996287783925,0.0814408626387442,0.683936055035,0.0100639097960963,19.5263267314169,9.20105785034533,40.4770494953248,20.5262972175793,202.440954035036,21.9387634761759,0.0128718811245921,39.7234112464762,14.6733426205279,27.9471496812596,110.868739666902,6.7031567676058,171.853700494042,507.792359056268,16.6173335992892,271.443777957697,11.7892730981825,237.547165790466,54.5537309832152,143.176722399896,56.7335192099526,0.444493175075358,189.427703427652,2.89006686607044,66.8201747162557,23.9930085400791,209.796258439071,24.1680068835104,0.20324639087348,46.7340799978674,13.5389491119636,353.168101873288,43.5078504323707,18.6958480197454,170.848299859719,14.8551525409638,126.472878323514,58.4075470478227,45.3690896342496,55.0776482480691,206.069852373937,23.8445538868494,53.4074307408594,229.512905346422,100.649607283053,71.4479780514277,39.6846021818319,141.838255726053,20.6720873980787,18.6634152284047,76.3988778330753,66.6206283242809,36.6100225833892,45.5073250749364,66.6917483573168,206.551742214199,7.23834814359479,1.03112902229831,0.141418226902825,0.0761000159540852,34.6001967596642,64.1222900101132,132.759097103539,73.8947752288029,92.7246900156103,9.60504118361282,41.8975374951815,13.4207278058685,14.8023821940128,254.47232435473,9.33607927904322,31.6523802131948,20.3832888623046,115.044975635078,48.4182757763657,98.705264414214,207.381480642775,604.178932877664,1.42505481554164,2.86482801862565,2.21795219621644,0.121916908063583,305.74543505421,494.342759351749,92.6200562859073,0.390709228667325,0.47932896148172,0.826497628984875,1.9735611808675,15.402128850519,41.7541090113262,38.328939872032,0.736466459409886,152.900202177154,54.6602275600682,156.942401154121,81.282253922953,0.21903100325098,14.3348035257165,3.86781506459207,33.5627231643004,11.8058011493243,11.3657506372461,0.0109207635903824,15.551627432219,126.377796033432,17.3148311236639,23.7456809931323,16.3848444440377,45.2310092475469,6.42381361810468,10.0823094855325,36.9324031441671,125.382344408102,2.32895905465036,162.681482063722,77.6316716404161,2.25499719751288,256.577489132935,23.2638522927095,117.465015053041,17.1609656210589,16.1758442685002,44.979300707459,0.0200734977423542,70.9639400207856,58.9205969299639,122.222837810896,2.8386461855688,143.950769217742,24.5125315155797,162.984818013249,37.3997818462605,13.0775015868832,0.0925069782835268,32.9352085671914,19.3678416273448,202.743554557973,11.9202716771488,114.85133509531,86.3032868659443,30.3252972716604,55.4197068181927,1.1177915544661,6.6340344724822
"GSM773685",0.330057783761877,0.137211405729331,97.7085608397829,25.9188495570086,0.031735883232641,37.3330619153352,7.81598886554422,4.68270289744384,64.3205858934767,139.294857654544,33.9455647854291,3.22791063789592,248.86766798123,100.721362029357,7.6375431869645,0.104389395794244,139.594948822745,16.9374923202615,80.2749232739523,15.3323309130273,186.190009110049,190.658975542556,105.69144015808,23.9925032727172,15.1782881409183,24.2238391692039,39.6928727011937,88.9393862007536,0.682404973724712,8.67380852929306,1.1744491850185,3.23245883412317,6.04665754876375,452.680548680645,13.2289329400268,0.232607359503408,36.8270204367932,0.310637878841156,19.0746858624667,1.70466664782645,47.6354741244446,107.069277187884,12.5219492328584,109.665060538078,40.9793575552725,63.217409378197,216.603554102455,18.9918488619449,123.343830981094,3.49636381066701,0.086020468568538,3.32308231223648,0.0115069684200872,22.559039696046,8.59417570293757,52.591473082057,24.4187729225563,304.507700833944,29.6081861951264,0.0239990758503987,49.4813533167316,14.5456092240453,56.0578508060842,114.477229678749,3.53603954265068,190.052245227438,707.729241009953,18.6894713251044,295.416133589505,20.8446819358372,301.529147653001,87.0001253535896,190.31823354732,53.0466804914118,1.34544047092708,223.644948034859,6.91805119651841,53.7476214763514,33.6678046155891,179.335417853485,31.1010875635309,0.340684287786678,49.2936055698469,17.6988358059352,433.761766171558,26.9817319537698,20.5852571431392,179.862731471138,14.4353797378017,130.865203720113,73.1992716816929,44.633023678299,62.4207163888752,253.994662191395,12.8625424325292,65.9456976119571,271.345371489382,125.188742617543,81.5969324175675,53.9137763027709,208.351948619964,27.7906083363132,23.122518407356,101.654786940352,60.2478318350728,44.0092608119724,62.8659344048543,72.035288101394,238.98643494917,11.7785690394525,1.35515063199825,0.273714254607577,0.101331228884625,23.6244116310115,47.8242565786405,179.224982610547,86.324213312922,115.514089198581,15.4838988588208,41.5616563489131,24.1030062192242,21.4627285359265,127.395926719705,9.47139033959127,37.0816836433538,24.1736815505216,109.04186533071,58.3556350028211,80.2160607824701,309.855889037372,695.924668105314,2.45691950711626,3.8294312521797,4.36387158844006,0.15388209255788,350.763957067191,655.070325217067,111.068760394033,0.535628198815313,0.354361934546644,0.932223548040256,2.19871698986359,16.877814000583,70.6156616226429,43.6016218712411,0.926231938550545,204.743490880268,59.0447784711922,155.976321417897,112.043817920877,0.266597469896603,23.966082614138,3.58654126417132,24.59619998642,12.584810904044,10.2805930263555,0.0232989139420823,26.1032510606133,150.03398575481,20.1861737707446,41.7591398878886,19.1258522040687,42.7309400121519,6.7456819983824,19.2173701919755,78.7441550728166,204.964355091085,3.39869892748131,202.322492953165,138.96632636168,3.48823620671539,388.864754105333,24.9935255469992,117.619808041314,20.4208873755339,20.869382884757,47.3240414898677,0.0178643256501334,104.16683747254,31.7091212112024,206.608995082642,4.0984029970162,184.397730320103,67.6283386698386,252.362695627204,68.4060654158336,15.2403965283217,0.225924757583069,28.7322103870698,54.7274227873743,217.406752840331,16.9881261708314,129.174286660129,165.499231104007,30.2926467599228,80.0694030780245,2.23601920198751,14.1931918044315
"GSM773686",0.0828269238495673,0.0234491466696555,30.6186060683194,4.40238736891228,0.0125788247332561,28.7708438767432,6.1738108127648,3.27912533419175,24.2075285496702,64.1270521287583,18.3370925116675,0.969797652702235,105.569980228894,84.6955062025333,5.75451122478226,0.0328692784680018,70.3014922284045,11.3056287181633,69.7680903800607,6.5618734060955,53.6036334229018,101.147383252324,46.6306507054843,17.4250655166068,4.44218812866112,13.3172922197682,10.2534041268938,29.2879371178006,0.137632009135128,2.69584897835655,0.658268954790093,1.53614286339259,3.52872141560551,164.402034331985,5.89166498279445,0.0610057080549866,18.70642086974,0.130934948652806,10.9310256116939,0.798600851924783,8.65425752370639,41.1754893641245,6.94605540118886,68.3583798483261,13.0163774755504,57.7390830421371,75.7405984831253,15.9469786865428,62.0832841002831,1.79205299841079,0.0504695176317438,0.449077312880819,0.0086732484955945,17.4332279539777,8.06617106714476,32.9833047599216,17.0277704985983,157.372006361704,9.83554395877526,0.00536800542849483,24.2106337307617,8.66358933433106,20.792314400017,82.9360561733781,0.933217372345389,85.909167653557,373.387490705808,7.43940854020593,144.931194835666,5.80471804326117,137.528100202867,37.584584641814,121.624849507564,28.3859125740128,0.355746058464469,163.014372642215,1.62540000275449,70.721220160426,12.2826445549412,141.66601674497,28.2312820543183,0.076828437032102,21.5733239589385,4.38432657899023,263.279804468961,12.2381284130375,16.7721045721837,142.355887795614,6.09341766351997,103.94359347597,54.9970092469979,21.6303018127856,35.3764180323706,139.792448218211,9.80933512484905,38.4902333784549,171.498795271185,52.2994667652132,66.4547521499272,28.51496099519,122.598518773092,13.3590259574221,16.0791241992077,94.259503940833,39.2885278277439,19.9893181866869,41.7586609208953,49.2368075951345,154.735837417791,5.06647530814728,0.552899350695224,0.0675146483940209,0.0376414404919946,10.6693421126287,30.2554459385325,127.005007586642,60.9562457699908,66.3102103585344,10.8917291997277,42.3018390341506,9.4014610464324,12.1201698279364,59.2995918968013,2.87615659878531,12.5609672086303,12.10028892452,73.2364368015898,40.5700439590031,141.402225321405,121.756934898392,396.50794927774,0.93725830226924,1.68083424090962,0.948151935429543,0.0786476211838953,132.201483942782,343.271295580025,95.3832212846557,0.129970036520776,0.118550244919835,0.462479614723557,2.83316490267852,14.0153392971046,28.8113337742912,33.2152165015957,0.457849392699459,126.003035310689,49.6182757888115,98.763394855168,61.6757779118768,0.206490046825114,8.87695791333971,1.98307715460361,12.2296825422319,7.90268891758445,6.3659654156643,0.00628940926678282,8.0439791433716,101.453342790163,14.5992864720295,10.9049847901878,7.78217803090127,17.5817283856397,5.78903854909614,6.60657519810634,25.4374155535273,130.418544266335,1.10445986523857,142.76138142866,87.6550441281609,1.26876800818318,215.071194797342,8.56240798356877,104.988251219843,10.3287344701878,14.0765792834806,44.7786410409062,0.0207770145392274,45.5379355717911,24.7200316962514,85.3486598664591,1.64657221523598,121.202471359272,21.8904544989672,111.351732635699,20.9285408942627,8.56831877887607,0.0450431846350948,15.3594091365103,8.38116246825561,112.006467707394,10.231968485891,107.565304028453,58.1053098441237,21.6061473549213,22.395450622421,0.422637878238204,3.92618341986548
"GSM773687",0.184978279652896,0.055873358340317,44.1225160552062,12.1333142819479,0.0177742965685356,37.1320968881439,15.5121596355812,5.04240516554166,55.4097264312699,79.6904290980322,24.5723432330785,1.22024159772021,210.033110281645,84.4255197436045,11.8507485649737,0.0468279188369172,107.638186082495,13.8602529267874,94.4546322011134,13.145032509402,82.615453678557,157.48485855587,66.3169883686483,20.3717145962345,8.96284876005438,18.1760654567623,29.1570134674825,63.6526921498266,0.354921613244192,6.95537053511379,1.01607551555413,1.46573944453227,5.48256549347594,166.67725464946,7.6670664700323,0.119855456810388,34.17956786076,0.225864682469451,22.5319502173484,1.56798118304532,26.6464582886097,91.6151113214182,7.76641146055927,95.1830951905933,22.0403574180978,63.2039346516306,169.25533149773,15.5475584443779,83.3448886664336,2.59612198774191,0.0631211762065302,1.25653029107978,0.0106038551011144,25.3229189119383,9.19072406202938,45.8716908351049,22.3432761752802,213.680534168685,15.3964158968395,0.0158550138389491,51.0053535019065,8.59016804899444,23.0022848211682,89.750438283097,1.33979109890414,191.420938710668,529.300201131534,10.9949091894802,178.70100840773,13.0502503619776,192.818243222269,41.9677225663513,154.096200495368,55.6010783299453,0.572789220306283,213.108945454643,5.01231407373068,88.1864677782647,25.3229879799687,190.77591293804,51.2550919672666,0.139588331977858,52.6432539411926,17.3571970362206,355.595366890305,14.1626061473747,20.364563030649,210.53194813098,12.2506476637291,172.17529583824,93.2448297189906,47.7715179947012,34.8868880601734,179.291772799139,11.2264679784608,51.7637041732107,246.773887919758,91.3950733875318,101.618384898517,45.0861922821621,162.070552797373,16.6830856643174,20.8334006805247,136.34108996039,42.2062987141792,31.2414673738301,51.4843744475666,92.6549449936376,218.289455454456,7.55945668293461,0.781345675534595,0.0869035161935113,0.0709864702819635,11.3730744939606,30.1775118042056,159.300154233916,51.8057684356244,114.003178439652,14.520266947662,64.9722587379591,13.2734072612677,13.7049778683344,37.190572143496,4.2851192294305,16.0879226593457,22.8131282070824,164.716077305979,53.5179929822214,138.318927806026,225.351314651921,634.254924048416,2.66548125003137,3.88338734610225,3.62008111837504,0.126254130849104,224.485749855465,519.186461323752,149.039530862752,0.457326176913915,0.270312771045852,0.828726049556117,3.78453137177233,19.2032004406975,47.0728235781522,37.4607662144792,1.27831635021477,227.774546759838,75.7977730101838,154.57139130707,144.0310805662,0.27695806352003,13.4459815348396,3.11969967353563,16.0445312845425,11.2348575046956,14.7644870873134,0.0126756723246373,21.3564795077782,115.25830996607,16.5865194256267,24.5036854450584,11.1265533208186,25.8985830005749,6.89685900864747,9.21976069710686,59.4775160869813,212.648466666492,2.25043595196872,182.212383118482,136.993841555585,2.4927564488358,361.956816509935,16.4539398095741,158.18447039892,19.0446362707383,19.2728013940461,44.0520036781154,0.0198793465333635,78.1344729023789,50.2319257482079,125.384593282193,2.56350266830997,190.296182773586,40.256005138958,181.084125342918,34.6055645192246,9.93682934564466,0.140175858321886,20.6644313664897,32.8075640288439,186.260770381868,10.185255384223,108.775855916905,97.6000366095003,27.2935438188462,63.4035176886548,1.54338188652118,10.8040564971748
"GSM773688",0.241629213311261,0.017813069175054,72.2568198568351,12.0167956191819,0.0135246832594177,31.6531401104613,16.1812262269927,5.10926524270059,48.3536676532105,103.621821068356,17.6720671366489,1.24271612299691,142.795738952284,78.8953362254267,7.75209006899839,0.0606067546866295,124.458881501257,12.1781760880503,80.8913771722202,11.8874746047606,82.8032341620322,105.990912815333,70.4074697258713,17.5553011551971,8.45375499921652,14.4644491586663,21.1859570279701,41.8786748066101,0.272394665311835,5.40434264021621,0.583398293280246,1.44948211282474,3.77308238750524,171.348619614286,6.02484969480864,0.159623073969615,34.5616273007901,0.161572232987026,18.3439755037277,1.2048709378405,33.4821154329954,51.5578009261135,9.86245944537359,80.8855443717177,12.0846172440546,39.6549110432771,140.217801141363,15.6315200268859,106.04531817761,2.87231057447366,0.047625317922638,1.18138372361466,0.00725565437554174,14.8117744583189,10.1160307834033,40.3540413235625,20.4249413088493,218.785960834188,12.483568664661,0.00733293464830537,32.0399151206646,6.75664860740943,53.86570973727,101.350306428066,0.927023039770614,90.0558325933942,362.845305700024,7.83749135949744,237.735568491836,8.64436904476828,269.298734184347,38.2803080508205,140.773069938621,60.2318359136637,0.607500009253543,175.617260806087,3.4286340231809,73.4353157941858,19.7569280093148,236.533848650178,36.0134647915068,0.0726109176283436,63.7145267585163,13.930404979616,314.701235189603,10.0310065761007,17.3451963279651,184.626955067383,12.8147932701147,186.621507143976,75.7187315388067,42.5138296577962,35.0673966984475,189.115041794381,18.4162502914871,40.3218938040876,205.910463671876,105.043371097423,78.8425025785675,30.6326270224518,113.644843159637,12.0128089182504,18.0452018571644,97.7193480111945,32.4923474623001,21.67177629716,36.4264221339444,67.8989910609991,177.767068777675,5.65318804153754,0.522819493775657,0.0523588028156318,0.0386573819314638,9.952192868371,18.3563570919039,156.665996645307,56.3571018104773,118.684324218633,11.1619798544006,50.7716055585195,12.7759434061036,13.5571961862212,33.6336703819476,4.61717917862719,13.5616611268978,19.627072333442,130.104660618901,57.6074757783927,260.430713485003,161.690749421086,609.168832673584,2.21729120463495,3.32241063308116,3.06954948866138,0.100181550540687,155.069146942812,532.690257001052,111.13408004522,0.112907959171922,0.0723558861037958,0.418315544218252,2.61769864992913,12.7031719099746,32.7494405742592,44.2583063993744,0.693844399167829,191.103757685295,65.9205620377746,162.294972201327,93.6329116801747,0.17304465143046,10.8217904670037,2.86528930776582,14.3263540351215,6.8143138376619,17.7010682291783,0.0100452086375002,11.0381636948699,92.4195226002929,15.9283446516898,16.0140871991291,9.13946231772187,28.6544792364538,6.45526495940386,6.19158224481577,38.2838616312045,145.281302980292,2.11260217039663,134.416025699334,87.5139426633187,1.9036294404911,307.340415867424,19.1987971906618,137.096037686568,12.1311085963926,20.2613063242027,45.6928155656696,0.0274866718301658,56.5792304601015,76.8416290603281,85.1902260747017,2.28585296674815,156.864719763132,33.0204755081393,142.132195256355,19.1977039403891,9.35410655981619,0.0598333064579529,17.2533321951365,18.2768468164835,223.681595289664,11.8493305363059,103.58434460896,66.7704310481174,17.3794158829094,76.3216375929691,1.26683772618873,9.17008378118908
"GSM773689",0.0677748268982946,0.0255151785069278,27.1351918092869,5.73094659781216,0.0107670495922613,29.6572945957379,6.46378769667578,3.11202543045014,26.6863332677798,59.562785136186,17.4520338755763,1.63152670924025,128.635370656333,85.2605775285216,5.91148028484179,0.0418306690966734,93.619052062728,11.5189469803478,63.6765802070913,8.3493878656526,54.8447750115259,98.2908664846025,46.6769593836015,15.3561350247695,5.25334975943154,13.2262691332594,10.3020043154324,38.2378621548668,0.175048854653608,3.15888210048608,0.725155389824206,2.08558499454517,3.2488900530644,191.153116939341,6.80524853083195,0.0735248508794278,19.8231350180069,0.114546069412202,15.250565817583,0.859159531925418,8.83542729620994,45.8632302862388,8.67799221328039,71.3724426377293,14.1382618803171,57.9679644959247,63.7849064905946,14.7638004189469,52.6298484790013,2.34711821908141,0.0627251534441887,0.520503216009262,0.0117548877023244,14.2562782599911,8.54214971632674,39.4827097075548,16.6735421549616,133.540532555692,12.5184034319309,0.00730918122560041,24.0909036176999,8.19018708385554,24.1032219078171,74.106195142296,1.96585961223127,111.559731475324,379.251773939856,8.81601183218481,148.801842301061,5.908106825637,153.26339671836,31.9125703340864,120.300039203708,27.2106621129612,0.374058981402596,153.270216907039,1.91318443505954,57.4852647975817,12.1088568024146,118.680418850072,27.2913605668827,0.106016464431301,22.4545855399724,4.94503415169509,244.535975252953,16.9050662028145,14.2537423241912,133.492340426876,5.28108161883021,135.218789768132,55.8349909937487,16.5391980880081,45.4707918149312,152.114242401164,9.05732300730396,45.0799878335143,182.551608034579,60.4217334451387,57.8339269074912,30.4628410947948,126.379132843589,12.2121548901498,15.5224744234377,84.9707403859818,48.6925933274996,22.4146439926049,40.169010210907,57.7943803322889,164.088046689167,4.04016473481072,0.574695114361614,0.0808845025940334,0.038664385124411,13.6103769039567,29.7972765446008,130.941579767395,48.4139360484796,68.4882150133537,9.82402816370541,33.0994789398444,7.92157591857104,10.0522826992559,90.6366395759861,3.17960263329202,12.2995795472857,14.8294187875067,65.2341518214956,35.0114668025701,136.176081692687,176.482705519007,393.950061130246,0.626846176647791,1.53450689533819,0.890805126572022,0.0890961286592432,143.432037920433,353.639234532377,90.41988581504,0.143998700730699,0.141191188972714,0.519005817049896,2.50940252746872,13.7650182458393,28.9952912110127,29.5309662946337,0.373417090570309,119.119075825446,42.6778281177574,81.0763223188834,40.9815438590041,0.223396420534542,9.9174787313726,2.31083129203807,19.7049955182659,8.4582193701753,9.38752335191288,0.00744888431444848,7.04042086468983,99.7158933153751,15.8852811006802,11.5440654188483,8.4329914563364,20.7764974683914,5.8273538165007,10.7476554325558,24.8329745809747,122.484496838281,1.15756550205978,123.796169412709,86.0088393087869,1.57558879130994,198.38030740343,12.33801136155,77.7480487572643,12.7108577515212,17.8922688976289,43.7821059058794,0.0166031913076554,53.352273967776,32.7980075565524,123.216383030904,2.39128190918952,96.6266427511678,17.9246024931134,120.071827575231,29.8968002829721,8.56784323895388,0.0367998312434108,21.7515551271555,9.03383776276028,133.834860862519,9.94783695188784,81.9800459391761,68.8705752920191,22.2840798969402,22.7088184980923,0.762870621641455,3.7648806892322
"GSM773690",0.0735107163978009,0.0193092396578535,28.245190238579,4.22195554934877,0.00942426572748478,21.2833431457913,5.21334748787982,2.9597530949929,38.0828688503505,76.0336595821526,19.2715090915204,1.10824949599393,156.870649778397,89.5831878480828,5.18904984399376,0.0808381490145572,98.76974882641,14.6133256173677,74.0876219643423,5.31325855066975,30.5453468336319,118.676318906838,60.125067676364,22.6243330982062,6.89143260668165,18.7559565010888,13.79794093854,22.2855308317818,0.154483333692503,3.34253237212454,0.729978391579502,1.51948769531748,4.26338980633475,69.299279266733,13.4132199312648,0.0572670984492827,20.8045633630394,0.146269325791352,15.3377718882907,1.84194831519801,11.92154981174,22.9455814820503,5.92397582031959,72.517340519073,22.1805050541987,54.2774466970139,87.6787020111958,12.2013563733473,60.2442128417333,1.49552205117746,0.0609445872138088,0.429940243343594,0.00701869046188835,17.5213992976858,9.11558614921677,29.681565196211,16.8801212511149,140.988786415287,8.06281293316994,0.0126543890684379,22.5314620977894,6.89926185407741,19.2805994457292,87.3347676893445,1.96391405637266,111.282799087668,356.684801894354,7.32892898409272,211.416607210607,5.64447645144963,185.332770760522,33.4882942709022,131.357566423425,35.998874309562,0.245349195455739,152.289222981656,2.02679903955139,43.4385585808549,10.3117461762959,150.41406291779,21.0370601479923,0.0631340287018994,25.2849445295976,5.31752120314222,221.898665613605,15.1611559633341,15.1631044439698,146.997447268771,10.0479572679657,93.1271432466363,51.4338357248852,21.1052320349806,33.7722686207896,176.065091084346,12.7902580642317,49.1078902927538,198.967188750751,78.2615499568768,63.3370136177477,24.1333347475021,113.130010232475,10.3923213860228,14.1103710081701,76.3981131051823,34.5386386631248,19.3364822885994,38.8048666660797,55.124803222863,174.606910785108,4.50431879310726,0.437965766393805,0.0682452449883611,0.0300769206728229,11.8890577973523,29.9058434567512,137.763057222627,39.1040454335676,83.8060507909869,9.16302422768319,32.8727388768197,12.9981640608888,9.37024417789054,63.036738918693,5.48840287571053,15.0973581747749,20.9169215823669,88.5965376692984,40.4735547906413,268.274625172683,92.5538750787835,447.038774396831,1.21586434279607,1.15063319807913,1.50138665031369,0.0549601415947176,155.294889519444,437.163409900219,87.1459576655661,0.117181403038878,0.0903644908038867,0.471355082333968,2.35476011878934,13.3339015856402,22.8593593156557,29.2205004373016,0.569355575216496,194.209707686318,52.7231696382382,140.994972493,49.0886805169606,0.194869921153074,8.81189645343371,2.04779702110598,15.1743752603174,9.31870858883734,10.9451114969575,0.00530835536958842,6.81102302168914,96.5646386731487,13.1347576965332,11.639716855024,5.04411299152026,21.3201422597104,4.46411550001185,8.19265698151809,21.4773330103017,141.155791413845,1.20521052370294,129.833460149738,58.2819771843795,1.36365386413945,226.123228367836,11.1462265188457,86.1544832811058,16.0349843120314,19.8254884605293,42.2185250716966,0.0173643913734551,62.1471898752153,35.3549785704966,99.2849846551196,3.00565962927803,146.738994326675,28.8932880172075,162.028232602756,24.7369708806058,10.5674254365699,0.0476755644485664,17.4764030187954,14.1453524038669,158.882370739332,9.0698923831856,72.8630759377451,67.3589925563288,25.2549282998734,57.2314981768804,1.72620495063482,15.6163125121557
"GSM773691",0.0916234185898138,0.0438218449078872,45.8165468592869,6.81633618239441,0.0161496144394775,20.7441042119323,5.31660371784459,4.11882704165094,50.7268879122408,95.1929490991762,23.2205954911127,1.23745020842355,188.312855499345,90.6529878551063,3.35641482643705,0.0455704028798334,85.8489022760401,13.2773877101079,75.4339942153089,7.51105664548387,120.017808168703,113.955073004034,68.9240783538841,15.3005335435399,11.8361970606392,18.4876846603972,16.64225040153,44.1019872210925,0.233006870135052,3.18663828281544,0.872685056278511,1.67744818442331,4.36339449714635,310.31987102762,5.99420458824831,0.102034416730515,22.6286699810936,0.143868640245376,17.064110650801,1.13798423097951,12.788247881819,53.3511960149659,7.3767685276359,74.0284448720584,22.307171385607,62.5566308138211,141.124180999081,11.3471471912226,66.819943944129,1.95048347882351,0.0761125353703718,0.73729615200911,0.0113689119024688,17.3469778406019,8.94957783557129,40.4319090445664,20.634317134029,183.794971553984,21.2119079019171,0.0204828307350883,29.5919937944518,13.1035427129725,22.6097645801221,75.5962779881006,1.62558976824682,122.034390211861,525.878054225761,9.77171149031465,168.479204010739,8.69107455476486,209.988155986891,42.1787600622573,123.567004897438,32.0820548756297,0.574973505620131,174.519524354825,1.78417038105955,25.6671374229569,12.112041761232,113.152659319155,16.7953219397792,0.111857793069518,21.7133576227026,4.97399000720057,296.993286612025,12.4482600291855,15.1781700335078,138.58781236347,7.36747519040002,113.241319497568,71.3029198986684,17.3335615908744,46.7598935578975,176.020613553776,8.9409060842971,36.610863101942,203.250005298407,87.1795626838808,69.8941985672842,30.8695105576626,130.353144815414,12.5278335270221,15.9861584040666,96.5779844153187,39.1123106227365,24.6183466583735,47.8160970147933,60.3232344654791,180.37213737899,5.93928187925297,0.785660835849788,0.109374649923225,0.0483106078695648,13.1306607912459,29.4955148602302,144.962725000798,53.9775148879591,159.693096787028,12.6484517961655,37.5955354887019,7.41126746563971,12.910997902982,56.6362086565663,5.6324337903639,16.443845644927,19.3405140587403,35.2024230399925,47.6183843045757,102.091031989188,138.248102527185,448.415500975413,0.906220940735943,2.23840966647903,1.89324358267011,0.0840162003107632,210.100976514905,425.194562890769,112.911138456374,0.178971278646518,0.203564404316936,0.576269085746802,2.23740043306913,17.4426485085617,36.8458319184354,34.4140104167755,0.691211003871196,136.722086236514,50.9371078797002,101.86425349984,52.5976492101693,0.255539651359173,13.4014300792715,3.10782348090234,17.7718661819993,11.5210913633455,6.67719325098211,0.00850590939509208,10.772426354433,156.634168844457,10.9814280647902,14.7707138689894,9.74104102635374,21.9533551209514,3.34556732952493,8.88537537988731,30.3627226533765,156.498807200159,1.60499194195253,192.201205089669,101.896737506029,1.7463701899196,252.456232428999,14.6388732696277,103.107063804187,17.5220586156427,12.6851827642773,46.4079102611858,0.0113005413739884,63.8872336518504,29.3196254209706,145.229484385659,2.75537864586765,133.308166526222,24.6442749063589,164.763277649567,23.4408587601947,10.8983731133398,0.0719601469529214,19.9999157001455,15.5700970033578,162.821828795321,12.2332738158541,85.9826132031256,75.9039289422835,23.4104127830395,30.7775013979756,1.7291697982695,6.74606291447951
"GSM773692",0.0725449474676473,0.0272056747450109,19.6455740894536,8.85749330441949,0.0130568630379898,29.8364627303603,6.89230361056731,4.05702995009208,45.2226027350443,62.7293330771802,18.8976478095567,1.36390724907325,126.167863504577,78.4051893366227,6.24421828027635,0.0391214810535461,67.585964916448,11.8175106694926,72.4361317367351,8.96599694096663,63.438602912581,132.677248105834,50.0354813096673,14.4348107732923,6.22578515073281,15.2931867367546,21.968627989349,52.2494828989575,0.198748672189592,4.59662254510257,0.716080452854958,1.26241697322802,4.12749018182517,160.219565958416,6.59743173530814,0.0726039062975491,21.3790838145149,0.137772466409494,14.5694354104201,1.475473416466,10.1457645938741,48.068599099242,8.82602427958419,87.0678702555043,18.2791902857135,47.1760152911176,97.4331709463494,17.3079531691123,60.6712452216524,2.67276810313401,0.0574895424443965,0.520993527187227,0.00997359398869552,15.094890956225,9.83454097483455,38.6439325910622,19.4481585064688,156.372056023866,8.56231923427942,0.024330957999123,47.7788983935808,7.71132801777974,13.9575652020265,80.1063681019938,1.43683423130746,117.773165058082,374.50191233906,7.25081784679681,211.758280682784,6.37377467131814,196.336145511184,33.4898172387782,139.024456500632,44.7300077721628,0.392367564225391,148.691416098589,2.5754039625455,67.9796453958304,16.0829867206932,176.234766166002,41.4428209103051,0.0892413140158473,30.9843436390266,6.13471766187453,258.329519191489,14.1946341951478,17.9099311352037,163.383525357256,6.12978500358679,155.241606907632,52.9016928756423,35.9872799293916,31.1364606513824,164.91920186145,14.5093628322271,42.4411219426724,213.469862192725,82.8232740296785,82.0282229494437,32.4750992527461,118.422903457121,11.2676069227731,16.5097329772744,124.098697700111,35.437785386416,21.606597217495,40.2352781089421,63.2920186874395,172.358410742746,5.4615861974188,0.515019947101834,0.0663601201560664,0.0444606738605583,8.28052029656825,27.6412485550259,138.299079153996,50.5900719603021,78.2644074809211,13.0336722127634,42.3091721709743,11.2139119520659,10.8978033660264,42.9378238993154,4.91043777306071,11.0814421586652,19.7698161886046,98.5115400761583,46.2478522996351,148.478999828268,137.092306565374,551.876302579787,1.06728812436587,1.62088387846297,1.56748872358541,0.0854074570743401,159.134242704408,421.139175161991,115.190496240782,0.207111334254533,0.118599972855941,0.537115586335715,2.93368962531172,16.4461906571876,26.6011043590616,33.7235308919429,0.565783148314919,171.139899052625,61.1468689592243,111.689654616257,70.7164543138903,0.262363528318842,11.203013026734,2.5351656202725,17.7200105258927,7.17050051065836,7.26709297923414,0.00856540589645076,11.2056987971765,94.3261436201215,16.714918412219,12.8285131536164,9.78831539994866,22.0745066165465,5.57962628414812,9.2167341457316,31.6946751979531,167.502989588302,1.55974542905684,136.780856665051,91.9888421629844,1.76642577690484,248.657901962835,16.5339145020182,110.129337362444,19.971868347473,21.2517179807993,45.5571697410674,0.0256738101035866,66.9735183574664,43.1773019059872,102.109518915137,2.61724267318212,164.566306186792,30.7887004543355,124.988089513743,30.6963231932948,11.5707246923604,0.0640485867187435,17.3191536328576,16.6592882898711,121.538182322416,10.4331782696507,74.2710485998107,76.2520208826352,21.2289388157975,36.4860964815726,0.798267307109795,6.59703186703352
"GSM773693",0.141044848678581,0.0280504788592931,30.225420403888,6.52651400099772,0.014044080014911,27.6186768733654,7.24370120908795,3.98430019135866,43.1138468380313,88.0460800354935,23.7870342167579,1.54590752102296,182.158216151225,88.6372551614712,9.00887572285521,0.0559595992043606,94.1149553338013,13.5681581672305,79.8797250845463,8.33593039470251,76.1012609030565,101.958782273109,59.5537584069477,20.4972268639182,9.90281521796945,18.0933034556734,27.1818861899731,34.152823458493,0.240941521143582,5.64019016332157,0.956474353215382,1.68653783510409,4.36959666466605,160.833937076055,8.89378823645287,0.103764466789892,23.5423206513435,0.20730696322416,14.150553677861,1.49978169807485,19.7090433065096,43.0501277705338,7.29896575708578,83.6123742397938,22.9278852046821,62.3799718500787,134.995556069324,13.963826403437,68.1888913493495,2.08163274766807,0.0610304455325977,0.761405051099089,0.0115098188621328,19.8939256470293,8.92903093441863,37.2373627029906,20.2607112321269,205.883000866,12.5380163213636,0.0076830019306991,30.2645635192619,10.623726822428,28.9878637076853,92.1092213371453,1.0880087042911,111.086868812774,512.079413804743,8.63019805882364,159.872534160089,11.0484073252006,160.807284955836,47.5945857637811,111.297702216569,39.9030664820428,0.541910584168164,187.657701032449,2.35064199987309,56.5603348492366,18.8209417431528,143.74281180055,31.9646270009708,0.106397957850445,43.3972940093177,12.3055873620631,324.993688337465,13.3239856879292,16.5824916858741,161.584721909613,8.09065762126814,137.769163893134,60.0248520407636,43.3617908356302,39.6510409586336,181.346788260678,9.97727378000381,41.3427240527328,205.124993877516,80.3856233820949,68.2960574676094,31.3101650228143,135.04028741281,13.1539063760614,17.6834650475112,92.0157665655188,44.7514842427958,24.9098228792013,41.6067917678749,65.9226957120443,166.959159608086,5.04549881317794,0.614534138867071,0.0935358739006056,0.0366526200780247,14.4217490759852,22.6434439454209,122.868820385,52.7040437960307,82.593749313294,12.671216190047,30.8000822522118,12.1418555059996,12.3984470311498,55.8473314666065,4.88851892040666,13.7639942886878,15.9664759877073,115.490173007876,43.7873017401683,143.399780864669,137.720903882278,465.017717621201,1.33393470634386,2.33377181473098,1.97551712909902,0.0902524057352459,159.267599202546,409.345234076541,105.836600708939,0.185180805785389,0.121937802354534,0.54761295392344,1.95965100939187,14.3893783113768,44.4804646122523,37.7856973779537,0.761581831020514,159.947911948397,43.4311728978242,158.011662565347,103.507834953604,0.256743896760326,10.9324382028385,3.02170573438768,12.8125039692248,8.54708467059257,9.64920547701974,0.00884077443509873,16.7417387569281,112.743887912982,14.5422880535631,26.3959050148399,9.61166953281377,32.3286704754922,5.80522740013217,10.6625550977354,54.9120099329586,148.061669610979,1.97299494967774,156.792976707158,96.0786847607599,1.86661827930902,244.796906777058,12.0941595439391,128.929195243521,17.5023570866708,16.458883165759,50.9174494241095,0.0260752946249509,63.7930434367038,37.4326129725443,107.430082361198,2.78589087413642,149.360876544501,40.1099471442483,180.475567690757,31.4965292806404,9.91558815061416,0.0579348178147652,17.2088749690787,29.6408710954076,150.938367669113,10.9409072278616,88.4305191231944,64.9427317917263,23.6472122229699,43.5171050333825,1.34866889041931,9.53982603540618
"GSM773694",0.0338834497315984,0.00986416466924356,12.6407684719775,1.7706605796732,0.00739136015874262,27.3727005641881,3.29714118644536,3.11614889288531,23.9342714040664,32.2760793140697,18.8496187222816,0.620343161606461,111.002750432665,84.3056391770106,6.17287121737386,0.0430861787922703,66.398393677429,13.7900107544712,77.2958693975979,3.11282737350091,58.4008307606475,79.9989996934703,26.5325425079243,19.9059943298412,3.36158545649902,18.5972248571275,8.51275445839523,18.7800601365478,0.0817931320091501,2.561829907033,0.575107374646983,1.3716413676506,3.00690648306569,53.6177905952162,2.97322093445629,0.0440015845684698,20.0479030086735,0.0669657292077206,9.39297607118354,2.16276200815833,5.75439167933742,11.9986859949786,5.6543747971451,60.4357295278195,15.6213050457357,36.5577634289606,45.4019771741244,13.2963774115947,39.4131953994171,0.916062643165961,0.060001304734739,0.107558796071134,0.00518357198401211,15.6673234509375,9.78340478123675,24.7716569353542,14.5783081211828,113.234269487131,4.74210269046285,0.00628319270877417,19.7103365512462,4.31685533613144,10.1325175974354,66.5711110423506,1.63200809361975,56.3872463335469,241.290735283373,8.55055440892305,171.992612541263,5.23872243085241,145.525824560468,30.6485242947619,87.558526395136,35.52319840288,0.132130444913214,119.409688963956,1.37576118714888,43.304344119429,15.9012375186797,116.398821132142,23.1375661524773,0.0536272999464647,26.052710523431,4.98582940316869,168.931467111977,14.1817335297118,10.5819284019208,84.1879773556682,8.01856522646888,90.9273110825939,36.8761956578337,13.6152452678393,29.4090096695789,118.239388748875,12.0995921063384,24.4939881363901,137.890550946867,53.8829533736013,38.680060331679,18.2298770025021,72.1244695613853,9.94657219025785,10.4718930081575,58.7831094919086,23.5579002180799,13.3388277397651,29.5482095246824,40.4559301086543,114.580945621827,4.39551901079865,0.652906475039766,0.108407665441841,0.0411110937040288,20.2324254945398,32.281205182482,93.8048462530344,42.409781679032,51.002387698082,6.72652776101803,28.6012905735585,11.0572426768231,11.8673025010083,82.1062068507905,4.2704051723865,13.3326600896794,10.4391051073246,57.1822805663165,30.5019083040864,166.12065612567,64.4317615035456,315.622057410952,0.501655251842057,0.451332208927902,0.518897800882925,0.0477435570403666,60.9860281964091,281.224523519848,58.676037456941,0.056116979546798,0.0456106021217844,0.331353433296981,1.83404469984657,9.61699531075209,17.019388213352,26.642869319005,0.361783196005832,110.641990454113,42.2303892571751,101.088472493572,46.5170179972314,0.147229409362788,7.30676092839525,1.87046871894624,13.2155543690417,4.94094539670811,4.20059801964475,0.0042077459840819,7.44246779353528,85.7360414903507,14.7756323216412,10.8569001562633,3.48612382135087,16.4434440758713,5.58005982723184,5.73674244449772,19.8863230172198,97.4852421450929,0.827451246128129,98.8303889539808,48.7176685738857,1.06830219019567,162.761284043297,10.3764375245658,48.126585969834,9.7625330488353,11.9130289004779,34.8639965959659,0.0131888984252676,27.8962862164517,22.8165914859208,74.9804386998964,2.3316114707092,98.124363477297,19.8350957084086,75.5077401081638,11.1619335222573,9.76162995581166,0.0216339533406405,16.9606654683106,12.446255237311,120.788423889786,10.147528970037,69.1922214868393,26.7103794928769,19.6627431953119,38.4125567583097,0.899442181278849,6.63272400926112
"GSM773695",0.0538672412408593,0.0155656195666675,14.6794785024168,3.34429858099243,0.00985302245520309,44.0274772138677,5.83437785472943,2.83204132389463,15.6797808988,40.0592155669284,18.8998007403666,0.694281900119379,114.93061616055,79.9755813085848,11.0323259564698,0.0200579368695099,53.6539161801827,10.8881156509055,74.01065304754,4.68494333958966,25.8563780414171,76.3166976134109,29.1579024178024,18.9051795577655,3.46779840041262,14.0394388311843,10.4998449064172,27.9343764106893,0.11250097894133,2.92929315356782,0.720734419668908,1.10755225102771,2.50999255747456,106.175019248826,2.92234341738031,0.0535171580700721,17.0351654347444,0.120207190289916,9.89114622760357,0.785427129450456,6.7216290983423,34.9939698979178,5.94252005454889,54.2533654680696,13.1192098594495,80.0318078423401,68.9542840923722,19.7851657126983,46.7158420134524,1.33142304634438,0.0536710920725658,0.276795755242486,0.0079155708715424,20.4281535527077,8.67558351923217,27.8237595763757,13.6764210714104,117.623486340438,6.28227539087209,0.00682258990094937,30.7019992973723,5.92763461756242,10.8646901156727,67.6086622530887,1.10526532654461,74.018785562942,239.526020457135,6.50622779419895,102.917879817084,5.55280010457881,117.7253746153,24.7644267052056,107.813192727047,30.6541537153225,0.252905595918975,134.225409476592,1.2917692628492,122.073277538819,13.9899969811727,117.93339005196,42.8822940331782,0.063933084231918,18.9451079095353,4.33840804955447,194.593829027756,10.2443756205462,12.9443272851994,137.628396153274,5.16224211198405,153.376254330335,43.2383919516,16.0871224729775,30.2055774381573,112.977167427899,10.171114240345,27.8306962742146,149.665325519335,48.9530412011908,62.8340612685971,17.8300949535255,86.9362948038575,5.86144164966161,13.492602806868,88.3710498030466,33.7147812526238,19.1933382120398,43.4860611232579,42.2866431748488,134.55628692685,2.8376915665077,0.603208546728319,0.0706461723620769,0.0316753051306993,8.13490365823682,25.465593528377,104.904597112269,38.3919903265558,43.9973067403933,10.5505130464243,37.6438327725964,8.51207460204685,12.3924239088684,48.2585092879147,2.07217494147204,8.51081389148922,9.72031274121173,120.699176948996,30.25167576534,172.146584258953,117.523639309152,370.619830373345,0.640762594222866,0.964300781965621,0.548069498908031,0.0678781428914932,97.3811864310129,284.03984107693,82.5745941130909,0.097627876630144,0.080443854253937,0.350438220053698,2.83978016261193,13.0879834190821,33.7297533319957,35.3755915516546,0.475280561941901,113.41456160188,47.9730533173963,83.5829180978398,61.9421395976092,0.208294623378654,8.53705396405003,1.71153216480732,10.6086040393632,5.03906765539476,5.50939380268978,0.00536984319203644,6.65609379488832,79.7417547324662,18.2013436304658,10.0754023109307,5.56408355069875,15.8227035602052,8.89079502857774,7.83411353287967,27.3235356336517,116.141815726802,1.07264690389226,124.494565738625,64.3573558458306,1.11146420752304,149.304717978638,8.80115954786638,91.0660307020186,7.9702253604004,13.1512322995428,42.1142081931566,0.0221221610441975,36.2479028016508,32.8515687796715,79.1892306472821,1.21401184919726,98.5665448528325,17.9035883611033,78.0992726061884,15.9712774594414,6.62936896560871,0.0307735638421359,13.4939664519011,12.9626882477581,90.6802597173345,9.78607809896672,76.1630741742972,44.7524802956273,25.1633951152748,23.7919494856939,0.525477670512229,3.76685741164766
"GSM773696",0.139679010135427,0.0473849065668805,77.7670835893961,13.0854158270294,0.0203777500734726,34.4235417218734,4.16347896032208,4.11639391718539,43.93214969542,76.5580656337772,18.8723392611307,4.42995052683496,169.116134326026,95.8420191870432,6.42771589097378,0.0867068172053533,119.378078051063,14.1005207234597,68.7284062829734,14.9076221023193,108.54988936228,146.064905431567,90.0306876706567,18.2862350374625,7.21161260065994,17.5404481804873,35.2631480136367,43.791373247671,0.491326820433018,6.07271114607824,0.74717139807451,2.46259546232058,5.4899229347354,267.107894878263,19.0671584486795,0.126675737839528,20.6227492617633,0.172457088263112,12.4908154579925,1.25639872125973,26.0272343567401,56.7815666174655,10.3735214546521,71.2802510218433,21.5658956553487,44.0024184635725,108.847931396852,18.6530297662053,54.7086209340696,3.52081258620345,0.0739676956499343,1.55829274650222,0.0109909031986552,13.128280552662,8.52393972134425,42.5780717649417,21.8642671269631,197.897208553611,19.3037962357428,0.0137725326207766,21.7615239798032,10.1810004612238,44.9361658901083,100.133152457558,2.83157583281527,105.071183300099,605.70590565855,12.3600180717826,268.649952393255,8.24921733681381,198.048845059311,65.6880047941982,134.837021905745,23.2248921818797,0.688314689088872,213.097921375538,2.85349198483507,70.9835559056104,22.5535849381404,128.61435274157,29.1854022008299,0.191183986196714,33.0282899181492,9.91114879167198,272.952166073197,17.2106595155524,17.0870669646389,144.894866060664,8.84588938119693,67.4585886561812,57.5925531316105,24.2483061241434,55.465090670743,206.981250685138,11.18013232418,52.0120422732211,201.910576762143,102.331621845116,72.5021891844465,31.0690043812199,131.304852135353,14.2051402061049,17.4364604751234,83.0615271306704,54.8280420767698,25.5101227619097,44.5848771801235,60.7532667053845,166.986920771266,5.9711899836603,0.788856178891854,0.130849849139786,0.0327745294397175,15.0129937118634,32.6718258425437,145.33884968613,50.6231915101859,38.4006352363109,9.26436516019219,42.709819574656,6.5161517369541,10.2847181511549,101.416787084328,5.0572577516317,24.0011859059843,16.8811906232396,81.0057112312019,41.0528589820013,96.9009168977717,167.682409009775,515.997857954538,1.36277873214417,2.35920424578867,1.35809832999195,0.126960277588861,197.563295630308,548.041925577068,88.353733235033,0.149540368045111,0.107355519953445,0.539036861972951,2.14036645511976,14.5226616332836,41.7213467896229,36.1167220180351,0.673045089674726,171.875650232686,57.104724717955,119.491202903478,81.1355619078312,0.233422328920399,16.2860235726871,3.16863840009727,16.7085078512386,6.13674708461112,3.63483281006931,0.0126498448687616,22.4051734690211,126.094256837386,19.8291067646032,34.1904979931466,26.4997851388941,50.7992802949266,6.40936080488399,18.7773107258218,64.732140676369,179.420140212849,2.63843701742134,185.500078260852,90.155257059984,2.66747944346308,320.957235385999,13.3566145854744,89.8510440466405,14.5573247015185,16.5492606678775,49.9725706814821,0.0148540551671249,66.9361654156294,27.5985582050605,170.572519571879,2.76813187975439,127.148426886822,43.123611038637,218.59624899866,70.6479043483058,9.85231353585523,0.0536853863940004,20.7470874754587,28.2369042712507,151.347237440752,12.9612672976686,121.476998521563,132.82685016182,28.874239666295,45.5649310535591,0.949389423445696,7.42568825567029
"GSM773697",0.203026837290879,0.053868372680825,53.4232074053206,12.7995117847144,0.0145677227254145,14.6744617084725,19.0777701043352,5.75165010143429,91.666776521285,185.91873118505,19.867188453571,1.37531576763669,297.818270324609,88.3010092099695,2.79969531784847,0.060094737227733,167.103819030496,14.8379786752327,112.901447703696,18.7572925158046,782.97898853224,337.139499741987,122.333938799165,13.0308860084379,13.552600090094,17.0345086600037,65.7542511963187,96.6666800730094,0.438421132912999,8.44021351938935,0.995944483618525,2.2127963848967,8.4881238654804,617.469305824586,3.90456000277996,0.129721741886255,41.3784300935316,0.222537694930155,36.7601343008463,0.91870482525739,25.5457994678027,188.09521659561,10.2445099317266,139.984943810496,12.7080470112961,43.1763719849498,234.843744180839,10.9553652301144,237.363657012756,3.27020553247442,0.21537872836562,1.54664341203582,0.00922252280813838,21.3132266441833,12.6716549649802,54.7188788257578,30.3649818726714,251.762335655578,19.6728868290272,0.0419279124591908,65.5659321827483,30.5774492412591,74.7489319076241,135.534121159074,1.8455659757281,296.724399355047,780.079386364643,31.4309433176225,482.704042713094,21.7939381772702,480.670328994957,102.218846636147,263.759135473522,74.4431264162463,0.5340885846847,290.229919577579,3.45708748875401,26.2463128031298,43.6780026112087,229.088371614767,10.6602803410601,0.13039293167488,81.700865691211,11.9740327359478,499.431044761099,14.8634644526629,29.7315894516074,257.860767852044,14.7139079980722,228.85494623703,137.24323950663,60.0119992390072,81.1429323575565,245.376608741221,23.3893741475219,83.6922432332955,312.233006262881,213.628380254361,144.766701274523,65.3924618820362,242.94496457656,33.5321930505307,27.2410321313897,185.131248593376,56.4280096046486,40.011164885407,69.7474115327055,147.081223279512,335.671014517133,27.6384802633611,2.65585515961975,0.497798754011311,0.133961700884673,22.2405843167058,50.0531411958535,304.881340607705,239.238047613911,370.263707665896,16.6854768352861,135.416356893897,8.72326188201069,15.6114298567532,63.8958505779112,13.8908197347732,46.5653009591796,51.6122901603867,126.7842100216,86.8366644736542,146.742760561281,488.867624935439,883.128425881592,3.94719896401002,6.3880794903572,10.3572406850565,0.18153197199496,238.540167582706,769.460562953858,188.927513952182,1.25253373236058,0.473433949544095,1.78078455176593,4.52958278942429,25.9002329008246,56.8917807545191,54.0290676276398,1.33209078881458,488.926329889755,194.687403319019,177.172934349059,178.288997016365,0.171436299501867,18.2699056543905,5.6837930364772,22.3317921668707,17.2292942887788,8.55481753589207,0.0137359166413151,22.4009396522419,155.447559893848,9.90578282749787,35.3505044617631,20.4191009514989,55.7659076485295,4.09377929546376,7.98734618261798,42.9342049440446,310.841895195782,4.82956785818253,203.125708916707,140.689142833949,1.67317178695075,362.922373022439,27.6117481993877,165.036051133865,28.5088807907882,10.6503457961748,44.8527450414774,0.00668712500931807,50.0441978541977,45.68573766353,171.489821946267,3.35217926723675,256.585570323999,24.079990515224,213.454137078052,75.1268097820113,15.8873969884233,0.126696102978525,30.1807343731794,30.7800735548841,297.941973544646,26.8848728075804,141.940435224003,106.187501475206,28.6907919570885,71.0635576744771,3.1601612016314,16.9214746722488
"GSM773698",0.136743349064017,0.0992919538268332,45.8223067488466,8.38057648682965,0.0241778772668514,37.5653864053212,5.87258516480651,3.65331723259924,56.2694060812692,105.017617553747,34.4674536540779,1.74824469556591,235.01788157103,111.876465906377,7.17983706692861,0.0770026261430845,173.451335334528,20.4757080316168,108.461692050183,9.13823465536595,174.120556138461,161.889921075183,93.0321745621615,36.1466653976301,17.1531946246585,30.6275947297682,33.0822385413991,44.1883688355418,0.223890814938266,5.14126842702372,1.10603564086129,2.79127328731466,5.10794560275774,181.382635608827,16.8376108780567,0.104055090554078,37.5979515177863,0.155236053372846,23.6371820277389,1.95256850576559,21.7840905173519,48.0959509425152,11.9709415418094,90.0396282620974,41.8542435293503,79.3874934849566,86.6852893140676,17.7138254538272,81.0508597215777,2.42498423647226,0.0594090613227804,1.35686848057149,0.0049753446297402,31.576550916169,6.94216174941167,43.9816409364726,22.7547698359351,331.072078921803,17.9628403701415,0.0119203187308926,31.2731213384588,11.9102056248306,37.8927642964839,105.972672219743,2.5468542425614,184.985670188116,805.69054343195,10.9622803484032,317.332740606318,10.1041469065716,237.282001090664,83.8366820355318,144.277809790835,54.1386046398101,0.629657619031537,221.607637955749,3.37061086392207,45.7752960378609,26.3847315862035,239.53264472493,16.881132521338,0.180644632740917,45.8782967366618,12.9598411217085,342.639791786239,22.4212142357592,23.334364756729,162.432000451179,10.2447250218578,37.4174231136611,57.6683019979981,38.8357133422165,58.13993845855,211.029400691736,22.5485007662853,75.6235513775935,231.550184511566,99.7396089843907,62.3037279188646,25.1851441047994,119.736268966212,14.2168320650429,18.2754269115862,70.7038238889846,64.9450394588589,34.4717134502575,64.3167601220056,68.5882787917349,205.670244801972,6.86403484996266,0.756387415562652,0.164281642641093,0.078118619982992,23.3715512956202,35.5719216154362,97.6617189009805,90.3885685523071,57.4889974093795,12.5500851877976,29.5915535515039,13.5582278119565,12.2374632888043,130.030906986282,8.60889646064933,41.2340603635036,33.7962003006498,145.003409659735,48.9415700305906,62.7482317633757,163.678009109501,517.876582134988,1.8340985715446,1.770202740248,3.07164290136058,0.139776516950658,216.689234676194,462.780927379024,98.6083501233483,0.489608311950823,0.283653937049873,1.0623344894891,1.61316246493819,13.9996578052401,43.4209568872873,34.1438487105939,0.830950937514005,192.271197328373,43.9209814281427,116.529515100373,89.9268840202727,0.14713678967623,11.2027235035121,2.77097904008337,17.8226862907961,11.7495484807249,5.9755621604768,0.0121214139396691,21.4258633847209,125.389852288975,16.0336752577283,36.9195006821516,10.9583444370538,36.4659616643878,6.50064746303898,16.3786150496028,39.4578519915995,166.077238844826,1.1655358976292,159.710118617078,75.3382437330897,2.30349373031836,281.107244241602,22.5211192820219,81.9045712072316,20.0369104030866,14.5692514201974,39.1758884323812,0.00987488236561143,80.7976155146787,23.1970499504796,129.036786961278,5.84858668108446,176.749209025784,45.4287873732166,198.240137413054,69.9693806744058,10.8794419019054,0.10797368894421,21.9821499529187,29.7697678395684,220.965183345915,13.9152253146036,109.443446125891,107.185434785865,40.2594755613144,33.8074697039509,2.48677134291591,26.6731208532865
"GSM773699",0.119406417657367,0.0216838267095455,37.5066402789704,7.4907462638355,0.0116952761852898,30.3721198641901,10.7018107903728,3.20736241618639,36.9955077856665,72.9644679864594,20.309666662756,1.84070670262277,153.676718157922,92.9381050214019,7.57732623555604,0.0575555029725208,98.8665613763094,15.0022225116471,86.5087790494412,7.31454368540472,104.839901692592,117.670092867442,73.1650406277426,21.9462936724506,7.8695555949453,18.0324273665622,19.2734201503178,45.710709085623,0.224965741253327,4.32116058308137,0.751283897072865,1.39102967183163,3.86256213783939,103.095074360959,9.79266563002528,0.0696737725385284,20.0636381527529,0.121849426125432,12.7747567762107,1.548194418196,19.3236949725729,39.1128565068179,8.34587124496998,69.0962528344603,20.7542719818088,44.6554019450616,65.9543129161506,17.7136729700972,71.9558490440721,1.97572525925014,0.0692364233522832,0.711466313394911,0.00819283919880983,16.1993760477232,8.81379490558214,36.1683308577429,16.5658144985952,165.515195631203,9.00889694577944,0.0130130318306569,22.102449901049,10.3262807839388,26.3929124246673,83.8193777805912,1.0817678075561,112.848396735196,433.581347792326,9.28412173145843,209.383198119185,6.65441844013793,166.442456819551,54.238614144807,142.245072946524,27.8979703928313,0.590305514339293,155.148636609411,3.76316183149257,63.4819634687296,17.6352122711021,127.153701596183,30.5908353081515,0.137801899485133,28.3807364011462,8.11448987936291,248.047440148452,12.4776603994674,14.4510616660778,132.142768948403,7.52760197580643,89.0589082010281,49.8241586770825,32.8209568247867,47.5090633733899,163.585465041413,12.6877002845947,41.8262106581206,186.18843875885,71.1884942764219,52.2535056067983,25.3707838753143,117.522332080982,9.22119231435164,14.0834684038898,69.9522918385937,59.074736657504,26.3187836096771,49.2700381921281,51.0356383466767,159.809980094863,4.31516045012134,0.684605775777364,0.0974379239568553,0.0389766749128824,13.5567935128826,28.7887407787304,142.856792604566,79.3318084426357,77.7488765330185,9.96491871712113,23.3488468880387,11.3540735593397,11.6740749509266,43.3185142672468,3.0861048165115,22.8546341766012,23.893743814827,109.704470958253,36.3542131622175,76.7095529625409,119.938043688247,376.012762261976,1.91804509959516,2.1979591445906,2.62354343256587,0.0727317218639017,235.377197926734,428.236260667077,89.919724368081,0.102525745649446,0.0712225931603025,0.452715651930442,1.61681072558535,12.9735189514042,39.3193842149905,29.5409749174976,0.745959960432846,200.544210743373,40.9697269489826,104.371332497159,71.5777071375497,0.198188928997732,11.5229405256765,2.32221443889558,13.3860329126328,8.39433106132927,9.29417560911095,0.0111566968482767,11.4243767318065,99.4141614783483,18.4122697768672,18.6237747041367,9.60880923741441,33.722924077807,6.67644370240645,11.2925869081729,35.5260984180659,111.841061798733,1.41172872166845,115.136459431923,70.5095576048747,1.33418002756718,240.688720213821,9.80862760058204,100.111174742922,16.0841786031843,14.6132093823682,39.0309459369146,0.0110031672735649,66.3186833418087,23.4189448950764,118.47135402933,3.04265296138359,140.94787276846,33.2562921343711,204.935722158023,39.1519816046464,9.67907656540906,0.0500894043548636,12.2432228998934,16.9841041654185,154.976010865711,9.49530592210005,99.6700869097718,88.312514443307,26.9618179221668,27.1125024943217,1.40686674594953,11.4375534998256
"GSM773700",0.0708562030043212,0.0215823978336377,13.9042696128161,5.32117221930714,0.0113216910531315,26.9723205790124,3.29283084991451,3.5907188451045,20.249604365494,47.1554245830127,17.3109579287056,0.727656112716973,112.117724851706,77.2231057328639,6.12183932346263,0.0276344006920352,70.2443892298807,11.6745426756352,78.666962580187,4.86743234960171,81.7112114538217,109.601163618933,31.5852460433402,12.7339551785018,4.05076857058997,14.7734141604751,13.4441114061033,38.7132393435318,0.217488899149547,4.09409015829912,0.638451975224719,1.50073098854614,3.02524583557812,97.8147681217949,4.24256904231277,0.0478242318429406,14.4209169975145,0.0796641027874641,13.6771824149794,1.36405067683422,13.3522999664272,39.2134729167242,9.30207530760771,50.144858304348,14.5338951106489,37.7074017695551,37.2799812688332,15.3233895107122,37.6264023031859,1.24086884503072,0.0473678673811452,0.396999089244112,0.00700076143059817,12.4786604997524,10.7175583775808,31.4708562740846,11.8094897560731,90.209297146821,8.33648099624067,0.0115324724035054,21.7261697111591,4.16627722410822,17.3123941301883,63.6842296272472,3.5348806618357,91.2389198140992,296.001894455048,5.75182706830877,65.6120999511059,8.71794026228654,131.268663271649,42.3512611716195,86.0950079264233,30.6042647984176,0.315636749523034,108.820444833555,1.71724564825124,57.9730835086017,15.107374621355,96.0283774958888,19.7884985943098,0.107243517063848,29.3473893080214,7.78670759473184,151.027193900573,19.2076664778929,10.3242811445879,112.155011373365,4.92581440340584,119.204861113294,48.6026529144396,12.8499067432938,30.1912789274079,98.2829603062052,2.29321256438215,40.2039919061299,129.834871532642,50.3626322703046,52.7384993538425,19.7183031334454,74.4339599853409,6.17954213702409,11.3806887435918,75.4719088439012,27.9965678004228,18.5898468483276,32.0877908633846,46.2556858792047,104.793692542318,2.83990865453699,0.451721840695034,0.0573099220757662,0.0414120672919555,14.5825121710619,47.8195259954227,133.436684651424,47.9816602566187,26.3883865756422,9.17000568323409,43.7740234993133,6.8414524776255,6.35063215124717,75.1595283734056,3.71309889286998,12.7626414257782,14.5462138833878,65.1709581892934,28.7583615383352,60.3369514829726,101.31000022001,316.367004759245,0.614987490785298,0.887824719242421,0.867452351380492,0.0705197842926104,120.18258414275,223.771393077615,73.6047781601351,0.132627031761745,0.0854261452121152,0.457168882835692,3.09880927878585,11.1498663164408,17.171418643989,26.4123014579783,0.419538215095913,118.838148739332,59.1851121024482,78.5353320114699,50.4254627422864,0.199448920113639,10.1135697251316,2.80294890769902,20.0040436819224,6.60163590677806,4.2688519848872,0.00800681049744827,11.5851410141079,77.7985832642129,14.0636448534016,17.9861863985416,6.49501844210992,18.7186817897641,5.93522518656357,11.0493248856095,31.372550478925,110.289554297809,2.13923727410994,105.354871282711,66.4393542837844,1.49955903097507,112.757688467276,14.8952494480896,46.9177040790869,8.47452310437656,10.4889754823117,34.7083121422256,0.0118882029929311,26.6717252407641,20.6040047944329,76.8205071160515,2.51581386162724,93.7891878049047,22.1545534112519,66.1529445181687,11.9416317614086,10.1116603167089,0.0320400080995226,15.7733697810397,13.7515309046208,103.330643838426,9.4661558627473,55.5163006599442,36.5369981221639,18.3627965109002,25.8761938163194,0.761494408511765,4.85872968067628
"GSM773701",0.0841428209151789,0.01812311294834,21.1878827353612,4.39272606180603,0.0126742126822616,36.2942161149473,4.01667972460458,3.72186619969671,25.9359513981435,45.0122694331183,17.5440286095331,0.80842846070114,123.842811577115,81.2906861118416,9.61825624797313,0.0286961046733275,76.0080111787938,11.5096415549008,80.6819021560691,6.12722861569229,71.6084576294166,86.6844381197311,42.3196819869611,16.8451262395191,3.44947823209988,14.3152168825037,15.1529524148745,35.7714712480277,0.164770470575302,4.21219066607155,0.778416223886884,1.45415059542968,2.92705023884568,128.054594922305,4.52032081811794,0.0904845705497428,23.3051791036878,0.122786519830855,14.1426885322562,0.809283411676079,13.2616214365797,56.2839557870694,7.87209667620984,56.5313432726895,11.6910027082054,61.1938503280932,63.9497768384964,16.8221681284555,40.4986140542677,1.37222233905865,0.0526058298176323,0.33305478790629,0.00882148074494402,17.8220775645146,9.2012331848787,30.9212631646878,17.9875362800045,136.412896980695,8.3590361760703,0.0055257214804651,23.8630648351748,4.2826184397882,17.6365309766094,72.4604008007944,1.43089630703687,124.269544704144,315.642355382057,8.04096560875077,138.904749991774,6.81127943542303,170.466449154119,31.316391894917,99.9947315383121,33.7664897389308,0.318224614831282,146.190949779235,1.66699118886134,98.8866452570832,15.5793579130991,130.086397224908,28.4483076038252,0.0690059102872509,27.6692613363686,6.35667863436475,235.797871361826,14.2027227488903,14.8122482567018,158.94570664974,7.4386052484558,142.425354817315,59.9631422974764,25.1021318766148,33.096014409908,140.295312221429,8.1308438589672,35.2640236189147,163.365284728083,59.6909936782166,75.4127611701588,24.5948540344503,111.586263098983,9.74377851519793,15.9815880590946,104.661901379717,36.6305459321605,21.792163436584,42.5262736570483,56.8110075687004,153.01412324815,4.28237805578915,0.555483206983519,0.0736585924387271,0.0322560062306582,11.6452420404875,33.2683343013724,126.461204642784,47.4276016337327,72.7415680938894,10.1724122595518,79.6142687839231,13.9674929667861,12.6949393766539,61.3907610626253,2.46581781549238,10.7368289431014,14.2692603351188,99.6970372582091,35.5144991307843,165.31418290469,157.110403676149,388.663115967923,0.758725531573155,1.01230267334106,0.890346924756232,0.0845780550895239,99.7784583993852,313.293490735903,95.5884378105781,0.12657209275239,0.0776189764413339,0.420160988828077,3.39588122516642,14.9103799631196,32.6846345502363,34.4823071787606,0.688251302807785,135.152885288935,63.6780350825967,97.4454858136107,70.9787710595544,0.205587092674616,9.92559443772863,2.20866615728494,14.3043639941265,4.87314555338489,5.23385169766526,0.00867367634903025,9.72623153131346,86.3784499964452,15.05547073738,15.4970384577074,5.51809787926619,22.6809801594289,4.85854661860145,8.20376868776438,28.1244965290104,122.780498903117,1.45353909279325,118.706243670731,78.7027158368256,1.38567974085011,193.97266711051,10.8034848281504,84.1668279422717,12.0733050774319,12.7569755423927,41.8742304059761,0.0217773767849527,34.6709434477862,21.7057606757043,85.2310738634264,1.64700354574039,114.387315501649,20.6585177275581,105.690242173135,13.6182030829446,8.22650614754959,0.0311218154607863,16.9278745384078,12.7025927655486,130.148576227995,8.66008978665571,87.7375741562929,45.7004225676126,26.0790786073793,24.8134658282358,0.908629847669531,4.03970710345897
"GSM773702",0.404562700685293,0.0502850084981919,164.071679626392,18.811547090441,0.0231204856987898,38.2500641522999,22.47317985359,6.19798854060072,62.9261681168588,158.848149823215,28.587436141486,2.01963780728246,232.875586715893,103.221601563286,9.1473396201681,0.187168076968009,204.79587245928,19.5880584337313,111.993633126901,18.9489309911708,393.452003276611,163.970922929906,97.168330081668,26.9547771087215,11.5770670663185,24.3079708148247,47.5415459252956,81.9862695935453,0.701168588986184,10.2546379884747,1.17245963395453,3.01343258020605,6.92212385562925,282.761721662522,11.991645406308,0.193447306595265,49.6332585938146,0.255627751195186,20.8592749012847,1.8218348903248,62.3820902529759,112.318707019861,12.2014070337312,79.2831767140614,32.4589916508348,47.6686901169039,229.21133972879,18.7355451210653,140.684070203842,3.37941280699171,0.126429575416321,3.22947609234585,0.0126258794713563,28.0210808269349,9.87135252479576,40.6524257997269,28.0945413745451,383.63083703943,21.7567697545972,0.0148861981615262,46.2030329165586,13.1977259060592,81.3517878881831,94.6461078193376,2.78814772503144,227.171248178956,671.643783905471,23.7768873350601,314.031159278077,16.8653768255699,306.422738870916,77.0227092216186,182.127666127261,48.1983459054464,1.43246032181557,269.216981482769,6.4645902783206,62.5142283296127,53.0612060919135,225.764534265862,43.7723970907047,0.430294461679857,91.0843633636399,28.2772737984183,557.982769844459,19.4044924211873,23.5414157958851,183.59078960106,22.8939977118361,183.830790753894,83.2075727982318,80.915826607005,55.668876666116,282.219943915019,24.5087105187238,54.9816307789839,287.24613336864,173.951609698478,103.214707098184,36.8265671360857,153.765408571427,12.3497831648218,25.4705910308215,117.876527335112,54.357670622935,37.6568090918146,52.9315384721007,102.413050045398,264.571406171458,5.1613441541473,1.35777132011522,0.221240911521377,0.0513458936063109,18.6253589703706,34.7391899434085,192.264814506296,96.7261700687581,152.564987401617,13.1676359992423,65.0862802060749,23.4727082901061,15.6379539434533,83.9799001354966,5.41569321573722,34.0079749871428,36.9008012324115,112.842557364157,77.739655415402,132.060048850315,227.700933389474,709.449466590699,3.05096174336006,3.91979864391104,4.63058265456558,0.117748455444683,274.112948731233,744.851335949655,98.0052504985204,0.315511911805812,0.16956082010438,0.711537443767501,2.39659431724838,17.9268898221253,66.9191292983829,48.2808995452206,1.09020566610569,247.828340464976,75.7891792046426,158.634493941167,157.283857319842,0.321716794633492,21.9694874128725,4.05106818225513,16.5606423034968,15.3710738484386,24.483091242106,0.0237725554097129,49.0889220017167,141.558134224241,20.7547240462758,60.1432714364555,23.8087425797387,46.1819943040169,7.26174945399441,12.1009426851935,81.2518932622449,243.572072193583,4.74053964199366,172.627824227492,124.086630700155,3.92105602888081,501.476713884886,29.2107155644611,185.011901388381,26.6480835302847,28.4862391004906,40.1952602701844,0.014532441326262,108.995733269387,86.1727525965993,156.166906692207,4.0623238765071,259.375218738566,79.135329583934,279.49396164828,60.9680382551076,11.9957515193171,0.173655909527134,26.2463781576181,81.7040587823735,306.953814688181,20.259343193997,127.069274550843,153.932183315937,25.9803794179317,149.575556744718,3.71295128243804,22.9997104304085
"GSM773703",0.0346061459617232,0.00840851118791599,7.48732161212568,1.31934252459069,0.00578154236370515,18.7422792396735,3.4373552083469,2.56830984438212,29.9726279442424,38.2778282747,13.7552657889248,0.378804819664479,172.327646632995,88.1845434307937,2.04578999915927,0.0267710540679825,47.9899072399837,14.722190675157,92.0501821421293,3.64260655551346,80.3702487685288,68.6447401572524,39.6162370746448,8.68648842201863,2.07083244955319,18.06271266563,5.4424249959796,17.7555219008798,0.14212393491396,1.77444755013811,0.616660517219848,1.48983941648118,3.55110068705822,25.4355863565961,4.19132917994091,0.0154439268755821,7.96525217410952,0.075701971803984,9.50084913929535,1.07995896999611,2.93575099339916,15.1130133066076,8.95103505715937,58.1730375063192,7.71090228616325,26.3680295817175,52.4647135240596,13.1697748778912,18.6787335801542,0.622993424763569,0.0473727635795644,0.15776909298702,0.00796470905118639,10.7562173591116,11.0718760629273,41.6882670479936,15.7018828384584,99.9629461546231,4.31860707846923,0.00411381489537472,25.6017904196601,3.91959273486076,7.57053208533085,47.427529092196,1.95423231640869,49.5994917360407,246.415625201036,5.65238477337135,77.7277507669508,4.80044810801663,127.007868286051,29.7141655617853,76.4078660212845,34.5072958127786,0.190305780593362,160.47275197859,1.66727589765428,22.35621745482,5.54138623767311,78.5244442421329,7.12046912016228,0.0457304729131711,5.13581795335489,1.15153611748466,157.909608121695,9.54086485482142,10.5551872697314,104.395273843552,3.28434264520548,76.3884786286959,42.5735758840263,11.0809387448825,25.3197953207942,113.817829379186,3.0354347515324,39.7180255222338,149.99401409484,66.8115709706762,54.0210108102618,23.3196101967812,79.8695635222554,6.61554275764747,13.0372830110817,83.6938470657788,36.6632686937107,16.4455884081301,39.6930423935732,50.0438970541244,157.730751637999,3.31664540559816,0.467137490237942,0.0482977908605034,0.0148468637829919,10.4202930217307,22.7496958627059,102.759641327987,60.8601805780241,54.5913621283407,7.09573024125749,47.8501905667814,4.50900810536901,4.74591083260222,53.4178820365399,1.78563722925347,6.6632307053901,20.8944308775528,21.6633069023554,27.7238964627975,80.0473924799998,53.3993002333152,296.263161251711,0.308144819868714,0.305070268960896,0.380247273433171,0.0394388117402135,155.939632423842,186.714743782642,45.7899904938489,0.0422004182909883,0.0278917397029433,0.306146103822306,1.84330896715682,8.34940641323277,20.8116096179304,23.3987803012616,0.356631370801797,132.458367331437,62.1181250833857,61.5039951921151,44.0412605624918,0.182072707026001,8.41760059100513,1.96586809232883,20.5203240393033,10.1512666606881,13.1527375088,0.00590557535524135,4.48270727047299,104.332377738691,11.5468852416767,5.48981029486745,2.97058769788865,17.143699631656,2.88830019236456,5.26518199648756,10.0147613519124,141.290039666046,1.24704154958844,98.1436822016388,61.7741475693876,1.29777332766816,141.826215411538,10.8182940193785,84.326151486117,15.0951703535659,14.9205942243228,29.6119683988703,0.0140512360186403,42.7389504537795,29.9885402756255,46.0852088587783,1.98416304065628,140.09943424282,20.6704755746531,86.2952160099332,8.95907905266393,10.0798618483861,0.0125673561524783,8.58130712595668,2.76620519463358,123.571995396571,7.02027767771621,83.089437074452,27.1505311942401,20.9351830447204,22.6553446805142,1.72947839261473,4.78576631711362
"GSM773704",0.070813855780698,0.0106851510188136,18.4985150180757,4.02821138794321,0.00822592946497324,24.7384864977558,3.78098016120227,2.91712047579796,22.2931014908471,59.1365939222451,12.4997764854418,0.920329634207745,146.804614069668,82.8889407944747,6.67003592501104,0.0485868021085713,51.063103147818,12.5042002227275,74.0683356589391,5.41798646064274,69.0365874940936,76.6712466864064,35.4084401374037,12.8529955575036,4.31333292292166,14.0749947278834,6.55997600290347,15.3664577855539,0.118107866362737,2.37315683794229,0.597614478865489,0.969148434867366,3.97845982893592,51.4859670641586,7.05589397907635,0.029595942332327,20.6614359859614,0.0854124941281239,10.9920270931855,1.70774456038617,9.57180529825531,24.1535291376712,6.58832772618447,58.3461697950962,10.0270187411682,31.7457502996037,58.0815759234175,17.1860656556847,51.3496213805845,1.40287173835905,0.045620294648266,0.346624423285913,0.0066691103203271,11.6929094094679,10.3582887378739,30.1979461487779,16.1785875347715,129.935607436577,5.36021730531301,0.00425679284600267,18.1417021022663,5.2227757571371,25.2052596964571,69.5908929740145,1.00762196283551,49.3939730510054,287.253165386631,7.56419408241146,202.198586398794,7.01918799448402,163.695071262803,37.983554190347,101.819256355533,24.9949563084193,0.335874232189475,148.055507529297,1.46369828515145,72.5883989373361,11.5918055534779,180.574653373473,18.6673351237528,0.0775193604217914,20.200318741023,4.3677758048552,234.730053249246,12.6373675095832,12.2167548169354,109.217077516887,6.91379745830787,111.99648667272,38.8423469333286,19.483250500696,25.8578368878598,125.591273700648,10.3698871103678,33.3240783421213,154.958201156788,70.4742180509224,45.8201567509465,26.864299881139,105.942901335632,9.26056224937975,13.7728513011063,61.6315392938588,32.9415306284576,13.9937453802602,28.7315213482406,49.6373156084384,130.476882850837,3.6227833903981,0.449907306708186,0.0578974645879284,0.0249752564695934,10.8168759454768,24.2514698924436,125.323850630317,49.1945528794314,39.6856500887016,8.65627116082411,31.2526925016443,12.1927774705469,10.0723162871383,50.0345480332135,3.50141545892149,13.4395176339827,14.3781443150055,79.6995855103503,35.5774911471254,108.029689091553,91.0178718349115,373.3492613753,0.959632097586295,1.31899506756635,1.25686599380386,0.0628235282938762,135.247061223331,303.98726588185,67.3736091463833,0.0827248430653642,0.0542754602902302,0.387569874980992,2.05216091847595,13.3867570480032,20.2639761672556,31.2647996362569,0.727668922920326,133.580152271842,54.5161015003413,93.0158496495293,57.9447205358031,0.184615470838234,8.45735239914736,2.07499552459565,10.1208113017468,5.16323452619235,7.50006453708422,0.00586590711747672,8.2963587221223,88.1582656575682,15.2579041097232,12.3612820858304,5.67959014125428,18.0366726113542,5.35585973030199,7.73442277088378,18.9464031479706,125.396060155774,0.940117081850513,112.185038309524,58.5293372415976,1.30006802423788,159.650665324596,8.79019764285077,76.9442843307337,13.7886419893119,16.3519956625302,39.4829520950866,0.0186097801161572,51.9009836901941,30.7956585340521,70.738033303761,1.54152256861084,101.530553233303,21.0799022591016,83.1298658319273,20.1779156544389,6.73814108370857,0.0229254160082824,11.0331063356527,9.87831130400916,130.497216562898,10.4978629535185,79.031776858522,38.5609862234236,19.1485793633181,30.4949254033388,0.58591197691493,5.16192911427758
"GSM773705",0.0698985975220518,0.0235446507263583,17.7608203116845,5.40340970198315,0.014788033999252,34.9261565066467,5.39292590237074,4.45303953673189,24.0293915113474,51.9382497553151,20.6422614104714,1.02085242683632,118.477994475989,84.4058888704962,10.0912116230351,0.0406492087342024,66.0475835901966,12.3929568837141,82.723264117653,5.68033703607531,90.8686469042614,92.6209578201754,39.2240429114158,18.1019556978442,3.48887911569833,15.596331880958,20.8667524058842,36.8881330765081,0.179207589764483,5.07621661536009,0.76841592699618,1.42963701050808,2.81027998447575,97.6151087604142,3.32701269367887,0.105984023451186,22.6667905013665,0.114708313464765,10.7566811861004,1.2678857730103,10.2012721466902,42.5011594535124,9.22049768280873,48.4861116107468,17.129997240025,52.8801025349699,68.9223449414632,15.2138346953968,45.7354841022613,1.44833621916884,0.052784162747881,0.373879627363396,0.00819203542251391,17.0643405979232,9.51044197569504,31.6922088743791,17.1366312097282,154.963649400871,8.50963116118085,0.00799318541264032,24.0651409590331,5.57826914025581,16.2549003529101,69.3371048804877,1.36802483805677,89.5349948302385,260.459212716409,7.9722479126544,129.912317291246,7.35485561527516,151.53895149854,37.7914865760654,104.544153560275,39.2453438555355,0.378741804823019,159.268952999784,1.31093073660485,81.3719238863237,19.3116975017601,111.752246200816,32.4401975665633,0.0895487558908394,32.9612861397236,9.54919584196158,235.027022179769,12.6242975961477,13.6307485571884,125.342203864719,8.09413378383712,110.24982148979,46.9579897891712,21.7289677936497,35.0389447081252,130.259208936642,9.58097456999094,23.8534068636254,160.358113595112,60.6631295946224,54.6871203772891,23.2992200860695,103.705792188413,9.09015539353895,14.6046632760967,75.1048024527475,33.4285502877388,23.8526852033926,39.9579223164415,48.2705895886444,141.812093205128,4.46170275770229,0.640859463511158,0.105854411931177,0.0380472825483813,10.6840026703297,28.1048823281268,112.62372006525,41.8591957804022,51.8318958301644,9.64523567693492,37.6851581078099,15.4716788779843,12.8993702044991,57.9659374277848,3.13407338373802,13.657832342403,13.3521911170386,75.4967926693258,30.9005827425249,84.1472064173646,117.794488149095,336.583321185333,0.584445612957403,0.813506644158652,0.697761026688395,0.0739799239318536,117.003704107321,304.748017595663,74.3849645726426,0.123524940150527,0.0849999691574899,0.389631581130558,2.23127960540558,12.2329935051825,35.581784832051,29.6988600557877,0.661494728840782,111.790475793441,41.9448179088489,87.278098229598,73.5089392127882,0.226507276120643,11.5014472555811,2.34862110808171,12.8325681241151,5.70189813117363,7.73504828578405,0.0113168927017607,16.1852305693589,93.9045155899422,15.284633021611,21.2152863962536,6.69157394576362,29.3877260241955,5.61439838018549,8.47583188656018,45.7569406695564,124.824726086929,1.66330807431086,122.096022993049,86.0239477692485,1.64351977218161,214.8226415021,14.7229224078625,92.7238313702231,11.7472595398115,13.9712577201163,41.788193435811,0.0228109450280263,48.7398093456149,28.0976164197954,100.385307095887,1.77072965384235,106.732119155073,27.4585662505774,118.771734773468,19.8648321191592,8.02271117508723,0.0476067551543575,16.4582594187824,22.4820658651135,125.876780605516,10.6108105147856,87.1892711544345,44.8752534251527,23.8463710937965,26.971291277636,1.04567461986797,4.50385487389284
"GSM773706",0.201124424874385,0.0187697066209052,66.4434206625208,6.44599388640284,0.0100585107156341,32.1354125851211,8.63474850821612,3.48792251167446,21.9818294389959,69.8396882695066,20.0325686924233,1.47887666659992,125.228084247157,94.9446016460334,6.55746957648963,0.0630045469342196,119.791238250026,14.0903132398373,73.4243561556764,9.25026850576871,59.2505830892561,133.092364766829,60.1008094918285,19.1687160049736,9.68049628400778,15.5911002982802,11.4728758012111,35.4638017136182,0.165700696015549,3.39041709872593,0.681284213747466,1.60012650105194,6.0819431638086,131.75459463681,15.2649058455295,0.0463617775081988,22.2025101761176,0.114352482114753,9.71233289185601,1.07437497933,21.2971675974071,51.3768869298181,8.16818679737374,71.607006901115,20.2648950125708,40.4729604763202,107.661383808529,19.5984312247958,74.1235221922357,2.3464447528666,0.0681863691221199,0.74895102830482,0.0115547786924089,13.9014816775501,8.17671232640664,38.9900711640656,17.3509971799282,157.152709571698,10.4255685577848,0.0115041221877705,28.6556657587325,10.6601615826756,25.6058477725107,98.2601940766219,1.83463243822583,121.285033820394,454.04226255861,12.8421719075196,218.84131348278,4.17213274653779,188.800833248341,53.8029745077014,161.247430268686,39.0988374763774,0.384936615536026,175.746987495617,1.66086474443958,92.6291836913012,14.2330131331957,160.590009871623,31.6473333632193,0.130570709532328,32.7966320320519,7.10042062167646,286.197046512487,13.572492946122,17.6822497234517,186.137316135095,7.15564884450721,90.6242848118776,63.3728140780672,38.8969696003065,43.2593277333288,194.545060063811,10.0054898289055,49.2296439990305,223.165336606937,100.960940574947,89.3477136828067,29.7807837526715,154.323998698031,12.7763178549725,17.9100990720069,104.161199144766,61.0998630550384,20.8167013125412,50.1794583410314,72.5308972074146,180.780077028706,5.42018400173394,0.833864392237635,0.108769879665425,0.0297880611055198,12.5984090045868,38.592811786131,185.843196298418,72.7437309480729,114.904044957965,11.235165736424,51.4879809080001,10.9573915977787,14.1998883633098,60.9675856390099,3.93734782477,19.1589148022611,18.0613526143191,95.4719005991753,45.2720247391271,160.563889033176,146.719408527998,553.666970464036,1.94382211306034,2.47541087986641,2.09553140669649,0.10142664338785,218.39376368842,538.914808493979,106.423817289854,0.109058478509693,0.0740982316744427,0.504149797630141,2.95797990245459,17.5738183493698,36.8703192582813,39.2439957676833,0.565313799209696,147.689436638363,71.359298563905,110.920784810289,67.2992788235861,0.280002240348431,10.6424899417474,2.28757008273056,15.3695100798767,9.26959418813347,9.92323444989102,0.00826214055428644,10.1604858027809,105.706921436882,19.380675996064,11.4854921641052,10.2660868825085,26.2995152754951,6.34515910601021,8.01627415529778,25.4901505306172,171.542584186682,1.4106814559372,146.257354367082,72.5094766975668,1.75217433897996,252.04360550205,9.59187182764484,84.968316314175,13.5448107577346,18.3427891341135,40.3812739879358,0.0116687250364231,72.5549969909149,48.0752360735629,104.031135950392,1.76146671063791,143.277314641217,20.831352722691,138.326996071336,31.9111450147519,10.0682115626275,0.0409987808407921,15.7161653605113,8.54479665075815,138.911252422348,10.5155122185977,104.891462001964,78.8898221827397,27.6956273739585,33.6385322186534,0.905997115881141,8.60203551082716
"GSM773707",0.10127525692017,0.0524667383246382,25.5821891407073,8.95854735070434,0.0162474006286948,30.1918897718039,7.55295771634689,4.68542840774926,58.1427280204193,79.753679575128,27.2469880714688,1.76462914142617,227.913420798396,94.6450632289599,8.9829783174552,0.104490283872924,94.3137278502792,17.2270606052782,93.9531182569972,11.238342237838,170.749525031303,128.695860178632,89.3123172212796,25.6696900960839,15.3918478586674,22.697157836247,34.3984572439593,61.1636507017744,0.227303626579133,6.20941540491886,1.03523181430726,2.18970280261251,4.97097120875129,159.100503249897,12.3203198619132,0.114234778497891,33.2171674123469,0.19588963791867,14.8200960271845,2.67162678203894,14.9220824010825,66.0437837891586,11.6430849022981,84.8817459871996,35.4063362182419,46.8924802477741,110.154192408111,16.0487726590538,83.8773946934627,2.59649677505081,0.0696102738111681,0.691440088687689,0.00810664662068421,22.6657324490772,9.26293392591984,41.2790209872752,21.809326927719,207.092222848023,14.1082117565561,0.0197095144006519,40.6026291804418,10.5266206371088,25.7415827250255,87.0029229738036,1.89133225009323,198.046945053664,430.549430133269,10.5523717589126,222.13351591172,10.4213937986987,233.516007292493,59.0713877266656,144.330656192995,74.3654274222966,0.382638274583703,200.957404558816,2.24787725512605,53.7295781030836,25.9660612586918,146.98961017347,39.624131984659,0.15962840282293,56.8057570903033,13.8884519441937,281.781227351717,22.4789792691465,18.4692569201502,163.106363758802,15.2414731707668,123.661591823506,50.0067758293232,61.6074080207424,43.5979174885198,172.214613276886,11.084791615594,39.8798807320934,204.909701146107,125.468372570131,71.0187461587175,41.626541796026,141.944570507901,19.4563557564811,17.1004314761662,95.6967973714217,44.0310647325077,35.1101554386405,45.2864619661031,68.6568651637389,188.813684551074,7.54339204024617,0.865796427991902,0.130975315723826,0.0598971410485464,18.1045679708463,37.6415584055348,144.349242056043,68.4954936351198,89.9137062122132,14.2415782661301,40.4861481361756,17.0554124114534,15.5898023544224,82.2948935565381,10.2472996313478,40.7502215938905,27.8636401289472,109.672724323494,44.5620260925023,180.942845433851,251.889465612278,483.180428569794,1.36340771313852,1.73011988842122,2.74826503025581,0.119640912808644,202.845988971715,481.931483501681,108.461472882244,0.338251946885254,0.197816343016028,0.704781728003414,2.12497675259502,12.8033187027423,37.9641813746023,30.4673840426763,1.08204206736071,196.048931525256,56.5072882014565,153.564195191429,101.99746405448,0.222000701066296,15.3447017413344,2.93474908316849,21.4243932614835,9.73555457901369,12.9489664344564,0.0121641705523958,26.7761434495246,117.954094121793,17.8455936941791,33.4365063653634,12.3652468719056,30.4169260643602,6.15246486828555,12.3323447074916,60.8530685202738,142.134196320626,1.95666508085726,166.91710816268,108.868037327406,1.98384880845449,294.29504317165,27.2598519549188,90.6543608737768,19.1185658179589,21.00609053976,44.7372705723419,0.0118484293880868,80.3461987749001,38.430210591263,130.446010858828,4.10841801171736,173.432710995637,43.8056496417294,170.384086883809,54.7604196115416,12.5689098224124,0.126998229733771,26.9940724121691,42.6067832364726,223.83103459386,14.4195788370906,120.421918200269,106.372436093501,27.372589758582,65.4007436407757,2.0621417026134,14.1807425384552
"GSM773708",0.2166072650687,0.0295368130178444,44.6860395188645,3.47692767068547,0.0130938100407524,18.1746545187827,12.2802320563213,3.59456608932099,46.7439014084501,65.8700033603169,23.9391028152529,2.45826929670504,335.711929170649,108.742886840089,3.51715884108541,0.101079610670475,103.119137692956,16.7655649038293,87.4273301413669,15.141714642659,93.7260755928144,132.415416794829,73.2167894474795,23.3989311424152,10.3703648202352,21.4131996459733,18.0332972575717,20.3899646728824,0.201163520007124,3.04794470798697,1.22762677237209,1.25769452493329,5.27497808226771,273.248262773677,22.7266796841245,0.068505829681201,25.0699150055413,0.142114128674214,14.1095240824894,0.926808623537862,19.9274259470911,33.4162118687213,8.26091804888545,65.4170657648855,20.2289154538288,46.2355794695045,90.5703017612657,8.05535819020568,87.7345429163095,3.86271223283267,0.0550729074694305,1.94586211726433,0.0087686856186201,17.7801168046645,8.24750782525509,45.440327917354,25.6952645318575,267.214882756096,17.5731196382204,0.00798663501565923,15.0507062421674,14.6135482406198,33.8422854930977,82.0177168756659,0.904218051995003,117.763649448139,674.760559314327,7.82271025421995,128.841901916523,5.11618294798303,186.17641417671,48.5383693413355,128.169134171947,23.0156431575448,0.388047603440896,200.441130658648,1.97869312058537,24.9634887557539,12.0859567441236,125.868306218382,14.0890266910029,0.118634090978578,34.0249561927579,6.60801144780835,294.295662955734,7.72027695803156,23.625070291442,154.159023911033,9.14273558697853,63.1537537029355,57.3762301782668,29.1617316509101,48.6207957554583,224.340840200711,10.6132491714352,41.3140756284477,219.556066671007,75.9639411912774,60.6785244055895,29.9359361902159,136.401057883404,15.374494706352,16.4913443528154,57.7861490523894,41.5669827915956,24.7081079218263,58.8023850665207,55.4820394149584,171.520797678183,4.40807836890962,0.533901393585039,0.0747941037835614,0.0293782354977033,8.55437930481023,17.947311641383,98.1637773031597,27.9741841981625,31.601710425807,9.17299804115088,29.1381769139194,5.01629952259513,7.14772218551377,44.7990110472302,3.83757859575077,19.8315327997059,16.4016875023991,45.8812348840329,42.4268139254185,23.048610432744,98.2871732061823,397.084853541232,2.4794188269121,4.89967650426272,2.43682776433274,0.0856393748027654,154.883028599364,483.908633546924,88.0835009050282,0.280250565885415,0.246245600633228,0.886771774753108,1.42413526677665,13.034148055815,16.3919097335939,24.8324100949366,0.481704764243313,219.850032456686,40.4404011164132,86.086821363693,89.4708262913701,0.192657815077438,10.1584936111186,2.32047375251271,8.51113671035527,11.2960845921668,7.96627222363654,0.00707474990982042,10.5910595102468,120.67694742154,12.2549939332513,23.0292987223206,14.7833841171032,37.4635717888878,3.70927985342264,11.5242229263078,27.5479546161532,129.258970808617,1.50754140890266,172.607752777451,70.5828208018072,1.56292400846342,259.968993410949,11.6353202538039,41.181047220091,13.2139010438701,14.4462337924663,37.6251807033964,0.00808283377646652,51.6519931598298,47.744288215689,113.148915981656,3.53052841722124,143.835751798875,35.397411315906,247.82630513181,73.2440863795777,5.10630762393038,0.0636843995867212,14.8314386671769,14.9067723359321,236.953545811831,10.6637822567467,122.419797601303,110.972911642513,32.0335808623574,33.9028582859164,3.2613108963869,11.6496923930102
"GSM773709",0.0423824877210101,0.00999330463777952,14.7021182707921,2.59106014657008,0.00909364039312682,28.247923513875,1.23534309523838,2.95242786065389,22.2470066094341,40.1820494421481,16.1053924892637,0.567024876022051,109.726343783214,81.5463661724984,5.83224993257019,0.0285836085271127,51.481662080023,11.5391301725722,72.6109667411268,3.60767360241683,35.0851845529378,69.5243014041018,28.1149646383557,13.0650845650591,1.99924296049113,13.9604956583498,12.9071212240154,26.2297693591528,0.126197253882914,2.58343629060748,0.629845443586986,1.43343077230048,2.47487072053431,102.874078070769,2.6040473954811,0.0397182066253137,16.4224531779975,0.107032160894413,10.5774704728111,1.00106801830755,6.29314664085299,32.6150683037454,6.85649874848202,58.8582727995565,10.4310947202566,44.2323644768726,40.0381833953028,14.2554273573102,32.5167908762695,0.861924101083284,0.0459160067562217,0.105407392916895,0.00695901281091525,12.6311080964141,10.8158173669071,32.4473285994934,14.5133927927031,102.792591135481,4.94476199537972,0.00643217120928061,21.3508692220725,3.32671882048538,12.7248943666443,56.4359593776175,2.29157888403526,62.7215375315406,237.706009164874,5.33842839519758,120.521322309359,6.79565395278108,121.426707794781,21.7585608459772,101.059858193032,30.1094258085359,0.190134594887493,129.009873604361,1.15053225268253,67.157825728017,13.1263256177591,120.585336373312,24.6895526944247,0.0664117434581229,17.1561178201821,4.30472976491955,190.237447331439,17.7355740011768,11.3074460434079,100.329331909168,5.17064223944569,132.001423612305,47.2814386585442,12.9036849466637,27.5370242809298,105.538891961267,9.69674602222794,30.5257335495365,137.838586723778,45.2764381791909,54.8564042782845,18.7087120687962,91.6433237267308,6.97712041262537,13.329290283451,89.0915663090189,29.8828577146185,14.3115314887128,36.5580861113447,48.057648755561,121.79218046052,2.65178902895821,0.452116235577575,0.0531402220632097,0.0203260876531279,11.0566980912636,31.945600594509,125.718977009574,42.8947257502398,45.9973947990548,8.04883346165321,48.3479555796484,7.76456082854866,9.60072422869042,71.4699930291177,1.58077932679965,7.04021994485356,12.3387434423107,64.2161230687112,28.0379543496268,171.86050133634,100.482720950329,336.702763251384,0.397243802310522,0.435019449935648,0.382958900632991,0.0647098609015725,66.6312014254902,238.545601233309,68.8016169001026,0.048826270048492,0.0364542811204276,0.296179292169778,2.92178553204882,11.839569159447,24.9183725967888,31.3980673524314,0.408893142107854,116.950283320402,51.5478354264369,68.7700334984532,38.6229413169776,0.18436884502696,8.15038640085055,2.07858995962552,16.6397587282512,4.33376395098951,1.62190878511641,0.00529606602074432,10.145389082155,88.082390079807,13.0584357720614,11.6078545628368,4.14421158273102,15.3313670153731,5.65576656458285,7.22328841740492,28.9616631876618,133.442468824325,1.15318193183346,113.683552485362,63.2581121013413,1.15445300770427,135.302732946474,11.0187041156341,81.2088155419263,10.7764292244644,11.5939819019611,33.9327746143121,0.0169801310905803,33.2698285746256,10.5221563819755,67.7366358690597,1.41276598938621,99.2918925458006,20.0542400935953,68.7082199918988,13.538448138749,9.51072287896622,0.0180165433545198,16.7563058408725,10.5901231219572,89.919060558867,8.3518306484281,77.1429500320415,33.5937414645432,21.2393113721055,20.0157423304439,0.657257251968655,2.61214397227591
"GSM773710",0.0938105410859894,0.0432413252857269,59.2745060987638,7.53599269996813,0.0203883882343397,26.8262467795468,7.90412799960423,4.72709857272269,43.9415950535992,84.0694969201716,23.1838386702165,1.3259812211829,174.412318963443,94.8596553403646,5.46713671935157,0.0857544076557198,84.817355913131,16.4802453022378,81.1779708342175,7.84110775708972,143.744193670496,134.534232855319,61.4101447402202,19.092384320994,9.51444674138703,21.5742349284002,18.7911677402791,58.4884159952497,0.211059506490892,5.39306545193187,1.06950383058577,1.84814670843136,5.10035707731599,129.997106061584,10.9562629836892,0.100169386601074,24.3972323518061,0.13809034912991,15.615132706884,2.05261688540139,13.5519635977319,35.825614839052,12.1259539438881,51.824715374487,24.7815632376995,56.4553034746157,71.3239705506957,15.3531475781159,64.4012558035427,2.67597310469262,0.0779913230906878,1.7366438972494,0.00915583620525006,21.3907032265059,8.87227085904181,39.8870005630901,20.1014757462376,179.167156693219,15.4156782593883,0.0224638179622581,26.5718726052893,8.94334905592,29.3638722293139,94.4564517862037,2.73269680021827,143.230941714065,551.846496241457,11.8374171485851,149.949774047963,8.20906578043733,188.999144939374,54.9310176856642,114.732823649257,42.4467680536047,0.476316887228748,161.174060771965,3.57627296009112,45.9311333297568,13.3442504895924,117.177157210847,25.0497546481028,0.105411689978608,33.1054843766258,9.08714392293,246.267335413013,17.1915057170452,15.1857656046426,164.079274326694,11.1842690568232,126.051336603651,58.6236304547055,27.2790622647017,48.0853598639677,163.131715216175,8.51721945118221,46.5201494795206,188.742091817414,95.589295561654,65.4408592687741,33.5623777467256,124.120827638412,15.5803977004552,15.953439302923,88.1097301605181,45.0658625227994,22.0595324814331,42.4702092334165,66.3899115392284,177.145031075309,7.82717831576109,0.878191823293154,0.140388769804643,0.0784201441521787,19.9298142746262,42.4325322878628,139.592436600397,61.2750627695662,72.5160823578517,11.4202149890969,54.3432320938357,11.7145754732629,9.71798939592125,78.8527708645355,7.71784353468091,26.0190121353425,30.3133763297533,58.7871168822637,39.1141427315847,106.763863399248,129.528186820295,375.687394016485,1.07828222807813,2.1305124409436,2.10854427104578,0.0969090169536232,206.453486881923,381.775532343903,95.7320707593836,0.434824663738262,0.334963759920374,0.931587590142128,2.47657836663007,13.4967576769487,28.9080877286834,29.9863612812588,0.756915166098844,129.601039484254,56.6164504500932,86.0097213884094,64.3365975018907,0.227164176798459,10.9283311691255,3.10253685917291,17.8014380337331,10.3531360161922,9.55477923517996,0.0120171808970827,12.7712923752664,133.45422690993,13.8574872977642,18.9191166681878,13.8733902333743,26.9730770764039,4.34204011448028,10.0968921607769,29.6507182043543,134.68145874642,1.9039187636936,134.989602830844,85.2430398819119,1.79311397402133,255.852759513755,23.1129837552723,75.0295167882921,18.4425972528549,13.4018206786791,49.8671555310011,0.0115467072206713,57.7836095705394,31.9649016417834,123.290576000584,4.41642830645593,147.471077242955,30.3480691398981,143.56076594391,36.9594762865155,9.05954604104582,0.108890910802216,21.4044041510978,16.7726410992631,197.653112497342,12.3613548482368,78.8876976294772,83.5859793386826,26.9458834311736,45.4243206401712,1.87004499027539,9.96369669542526
"GSM773711",0.119487098097206,0.0293164361826065,41.6787034589233,7.36835679191992,0.011215717983598,33.1004932456529,6.81460416356735,4.26365562066095,26.3542179278196,69.4277240862013,18.4924182960834,1.21848340216616,129.6522018526,79.8914777777584,9.18794932972482,0.0484555033047814,70.8705945986632,11.9993335947225,73.6850464176529,9.73311304065012,78.5994867967607,106.378060431995,56.4344377150644,18.1959912659768,5.18468022149239,15.7251131460959,16.3440870462495,35.790756352574,0.215096067283372,4.19768604112024,0.668317653692668,1.14018362740744,3.98419566059462,102.522981373569,5.0544701912523,0.0795678723024376,22.768943548497,0.098388322116639,11.9082911174163,1.65491527517536,18.1829472377349,38.8405725713328,8.1054103282267,61.561479288464,15.8906339804976,38.7174957087694,71.9111955510136,17.3589826974558,73.6981730326521,2.42409489990216,0.0469778413141874,0.665643268605156,0.00708024288223351,14.0131692786581,9.16451814313696,30.3029728113417,15.5680252556611,145.432504347474,9.3378298491206,0.00825392449158194,28.0753585618382,4.94513363890205,32.8964614390081,77.2354427294698,1.18478695026501,68.8952546770543,385.240242871642,7.70026986497181,152.019072766835,7.71628046283543,191.404285636694,50.5094417929659,119.004453910011,42.4519049735257,0.399009490285164,153.981578294648,1.88792882876053,74.7893993887187,15.9497870994666,120.80747227741,41.2023816809553,0.0853216730924297,34.6035526116081,8.84012343904389,201.130457231717,13.4987938109773,15.0465647207834,155.170783686196,6.96898109481733,113.114888412608,51.77241835434,27.7473609017667,29.3078648953309,133.744004743569,7.73410508038136,32.8344826182405,160.133889968611,75.6563381995166,55.9474204472771,18.8516971688984,92.4814567107243,7.8575534981308,14.4011091253456,73.853014477806,35.3303198368353,19.5532595120978,32.5309692173111,50.3311228785048,143.845884548278,3.78766912320882,0.545610779840299,0.0688262496952492,0.0367379316921266,11.1953904204644,28.9704754258301,143.55102456772,44.0281063982946,36.5175784135323,8.99200064588666,34.5691744883483,13.1300781135531,11.5101870219751,42.7993205545763,3.84711338731179,16.3639726378084,16.2486911587714,90.3983770511784,36.4505501832963,170.497022481882,103.008868667738,421.651638680049,1.30501617404259,1.28981611700484,1.23398804037067,0.0683315064346858,122.789802658231,399.878233105076,80.9448535442126,0.131609983027346,0.0682933674263814,0.477109833217348,2.22880488334951,13.0154344378882,26.3507692970063,33.8274484632033,0.564061966996427,133.315579074587,46.3208023306618,92.9344307469159,70.8904110104076,0.187865294203755,10.8960017995247,2.48199325950181,13.0463374993366,4.55923907917928,6.90102096880456,0.00867712323017848,11.0722292015851,84.2572759623067,16.3784958553601,17.3474568005443,10.094057928783,19.7457541315027,6.39595082225875,8.64441861041281,30.2320439828249,104.902270130035,1.6283766093436,107.516836469328,72.3146433208682,1.85199516871992,218.95221850429,14.4411596325828,63.4561035229625,11.0659588403326,15.9996629508427,40.4366351708295,0.0148428075800899,52.2859321405253,34.5787081696954,88.6765695250401,2.00880168694433,121.74373689343,30.1839194886976,104.522141149364,27.1350523355498,9.15659782595917,0.0455733687691667,16.483172143802,14.899925236864,125.239294853219,9.68102562012155,84.5667356555766,72.127464766532,19.9034960164167,34.0267968866248,0.875175560281794,6.10811189205243
"GSM773712",0.0763423610042821,0.0442211410993203,28.7291125087271,4.85299347737772,0.022633213280212,37.6239102347,4.98134909008558,3.37519005505355,41.6805761957194,80.0678930811542,14.5399317847188,1.65636853609277,120.31129485347,88.700151159694,6.68638995579382,0.0774385012173706,84.6065635646536,12.6519899775174,70.6236483296473,10.6766060389405,59.9372246994551,118.548730163872,94.7138535437201,14.3958725853696,7.61285477226457,13.0622098031732,15.2992694244631,45.8794061463727,0.284276835229988,3.86269235030682,0.768967027365818,1.23273386482518,4.38241961280582,184.099135699926,18.1082719010199,0.149555469986073,14.8417906654337,0.143196577819495,15.3452464391002,0.769525833589015,10.0408963219163,31.1658433106192,13.5454632910117,77.0091297187333,11.4523598831133,44.413260001788,80.3707542195115,19.661680722232,61.5276399652853,2.30547426210645,0.0711171902127703,0.370364174624705,0.0128194501279361,14.4790759455306,9.17683055061909,50.3117640881314,22.9210437668484,163.838649926075,17.7689744995933,0.0144364192525647,26.2055034887001,9.93509612589194,23.455394690471,90.8198294860135,1.04238146730999,121.54411085722,497.643394877889,9.90627723376273,311.542369569172,8.33116222471745,191.154888871843,50.3665903517962,153.766083668483,30.9881441408964,0.326057262856016,188.96062554511,4.13061485613976,89.2139059298173,13.4350728893794,196.290722255009,28.884530622239,0.179072956153531,27.4484371502112,7.01272043008067,306.435112232866,11.7541911796989,18.5044717867863,166.372191296153,6.49109101263021,158.006948977846,70.5006130842241,15.827230115868,34.7277296901673,171.481730283467,24.5582375313804,59.2647971184046,205.536619885079,72.3034756405591,65.0645090970284,34.955461870346,157.619365430848,12.5392877829913,17.1707231275779,93.9922088716001,49.0190094599041,21.2296472054012,43.9651219473171,50.0250830332862,194.960909556036,5.86334541482472,0.611768277628284,0.0800441678012339,0.0630213568434184,10.200031399043,30.7807833950401,186.256985360562,65.5831223929272,97.1462155750228,10.9641979472723,38.8046194417891,14.8085674227856,11.0542581270195,37.2599726245769,3.86347226518564,21.302387656629,37.6956027498544,96.7045264706037,43.524086092235,172.456858800728,102.361527311497,446.964082405964,0.902082188199367,1.45776524236675,0.932250634676886,0.0728320067262965,184.582208797083,395.393910338843,91.5807116638481,0.203193197298331,0.26479180312131,0.690887309172781,3.04857339310305,22.1576224735383,30.1165331424296,44.1754942754135,0.407407444211023,157.314032916029,58.5440597057117,97.3694268865498,48.0357244859676,0.241487799828656,14.7885287718965,2.89224099841589,12.1058717076797,8.30887185676612,4.96523647718113,0.0073763632416518,9.76550392518985,111.100016818819,19.6812458374152,19.5707988708312,9.59809039694934,26.0942352733749,6.45014038907154,14.1325810816325,33.3985149108815,176.848151889404,1.95221698199428,163.366369032257,93.8405772900603,1.60000631874441,254.364730489064,14.2074169170012,104.419411215933,14.6448402674325,16.1193549047856,44.0346515631525,0.0147562343582566,56.3461459929148,23.5806540649251,148.230549075014,2.13169684803724,147.288316326834,29.2510306095859,136.846480620208,37.2272190227002,10.4718970036856,0.067346185355666,10.514807938142,10.9942818359902,144.378778271994,9.92241704269551,124.201481632902,93.1294802775065,24.9696355048567,42.6911934412307,0.91178394584231,4.01173565693111
"GSM773713",0.181510778693857,0.0319297427793169,39.0712788309351,7.15376868340554,0.0118150228347606,25.168908310251,10.2699024576042,4.70812228534921,46.6621333993812,77.3147913125213,18.1423829317883,1.23635135585632,143.139127549743,84.5900724114531,3.87286024918843,0.0595489407605408,101.287694302456,12.7610980387066,74.8208832063886,10.6404853821011,163.666555934988,114.671357242382,69.319912215978,14.2525180515519,9.58165016369985,17.8310996599039,15.9005897974945,75.8688566587937,0.350352080764531,5.01137850859925,0.599601643634501,3.6295299778901,4.77424238547587,160.451412229753,8.34788661375496,0.0875183045489239,27.9402768884261,0.12290413354815,14.7401216765807,1.29698344061501,19.6256973507822,55.543484748723,19.7468892325447,71.3774245846592,14.4077857380482,34.7570092687464,112.886008479943,12.7685206857395,80.9410099399567,3.01060492181023,0.0472850636292444,1.57032699829965,0.00842749807846728,14.1879689475084,9.65300580211672,48.3513027320841,17.2645055681066,175.822476983538,11.4750898873959,0.016517020776239,28.6339123984508,7.51270578790622,26.674976440387,87.419380508674,6.34437129089603,110.463730474088,529.203431152731,8.37249528766302,109.934014080334,8.55422878904081,201.710161001237,59.8711759858395,120.384303745031,68.6088252587259,0.467363209524634,179.796210306413,2.09426794903753,42.2837772502481,12.5726498130533,101.96965949084,23.2864699568406,0.168730218961799,36.4780402096604,9.12606050317694,279.551831726746,25.0297682596902,16.0909643652152,195.719636942752,6.88064656910821,59.5979661014167,52.2783700957566,41.8049390062875,46.4139420460187,151.822346812931,4.29111793803036,39.7270624000326,190.915563401882,76.0273906074731,70.0717522002244,33.0306112134951,115.128447252487,18.1158093983904,16.9147100616081,88.4473704989511,47.0108956311988,33.0862471304706,44.2427335292253,57.9665513507231,169.635843876555,9.69035951179188,0.682866262247644,0.0815734674243924,0.0440860414879896,22.0295140952536,47.9113588536045,148.058151954633,71.8745558569821,43.977321498931,10.9574880272589,46.3048094527767,7.78038588506757,11.2042419799599,143.366568426231,7.61412511575713,22.7427149934691,18.0845316737618,63.7219641053595,47.7204406038391,133.630228117432,206.753382826921,564.035757492434,1.5782443399106,2.52336887073319,2.79040977213343,0.139893473342512,252.822616544486,459.050625724678,101.148393309812,0.171821323646554,0.0915748548806224,0.460359576330524,2.25078161742279,13.2450356690461,35.2465993218531,36.6785730745243,0.607078956483842,153.575391900509,58.353987316722,92.9239719609214,77.6656306321725,0.218464342394302,12.60352441138,3.13927491021405,33.5103696827772,8.75407817521383,14.7402542001584,0.0100401792000785,10.2680920850539,95.8207905530311,12.2334373238726,13.325712237729,10.9260141632126,23.6169359572654,4.14823538890229,9.2291949645977,29.9345092932179,152.204560071367,2.64601836746632,125.578694759412,84.1624613373176,1.84537026881203,254.559035928267,32.1933978613571,95.7985946802778,13.6399059635656,17.3300459878342,42.7377797744358,0.0101709541995755,49.163665179885,45.6356495387002,105.298073330242,3.61337748904703,153.357590291948,33.2933151411662,118.580227231488,21.0773710641557,15.404999282117,0.0526586754686212,31.6047825886648,12.0738413402833,184.124045872182,11.7855464160646,97.9740420715658,71.7882401881919,20.8333073580201,30.7902764133799,1.22621964445608,7.1221797859176
"GSM773714",0.109059668000037,0.0420180133616403,88.1937391850197,6.23109275583976,0.0128467089955225,24.0071204007635,9.0186603831951,6.46077932316752,53.8437491351843,161.402523201644,37.2908163947356,2.60284885538501,262.677061549839,100.966993160775,6.93416405237224,0.164611881431324,159.986783242379,17.5081491406234,99.2530475516963,10.8969079803333,317.056392128211,181.352170482509,133.362790214785,32.3836636676145,12.1075442541837,22.2192132492103,44.8243372276215,70.387782198382,0.262065309229869,6.06652440259539,0.872710012052813,1.67692633192354,5.94014138113173,164.005271762019,21.3718946322389,0.101799936323934,39.803650377848,0.118078877929654,16.5167741911308,1.76508949436211,18.2204852438431,40.2364545840212,10.7415155525371,90.9495180366222,41.519067783212,54.4012913486374,264.598609167744,9.06129547881468,165.21350893524,2.78282929386264,0.0791809758879327,0.771368783799604,0.0069772924683343,23.985721086877,7.5728658051898,32.8560871561754,27.4653661480709,316.7099082793,15.0820846407933,0.0321326247218724,33.3613508907374,15.0717649619497,39.2954517223506,111.630962854179,1.9135528772927,119.622418164652,579.004574892616,10.7273171347187,268.229681498739,9.7020730366563,223.225871005369,71.1223819663716,172.563302180483,79.3631949187941,0.492834354471243,252.442260252759,2.12462304702261,34.0363931453574,33.5562806020715,185.271084944597,26.1882728810154,0.289733547469423,81.9224520998322,21.4410229054907,363.104737437794,12.5053381525653,22.2759951659191,168.460341063601,21.1477905961281,84.3666531315957,54.6387469611201,52.9070023798855,62.617612667981,236.593533004555,38.5345091714691,45.300466238003,253.177998311311,188.913916905571,63.9889202940976,52.0573427901387,205.399292906356,37.2910322083379,27.5526235088393,94.9706222470463,54.7465850844769,52.0999722955587,51.1628844253377,70.760456076625,242.156875395321,13.1466942483628,0.935771719192097,0.229720281752173,0.0590568148288675,19.0399571406532,33.0474086506349,132.160174919889,59.843236777545,111.617632980388,14.4748915796048,20.433633069863,17.8842021504913,13.2056073040687,67.7927005541304,11.6830952758102,30.4428021141772,18.9880192854777,66.9848554376244,50.410472041381,95.6345868963378,141.629494264407,495.649104522849,1.4004002945185,1.8680075995449,3.14360715331062,0.0918501237507937,240.418571595031,706.598033109864,117.614430654761,0.499068305751623,0.151529213996546,0.919396130038653,1.73452798716253,16.4307436111355,78.1089827980957,37.2855629720405,0.98853462851917,168.942460362475,31.4745847192936,114.361554319857,72.5107184689108,0.228726683928916,12.4003429121813,3.00846664407261,13.4326429751001,12.0352469702957,12.5126470842956,0.00857025426784955,21.4035388792166,120.44318252667,14.2413324247127,33.1000402370133,14.7260641562065,30.1575740260781,5.19240105052412,13.6778911111446,46.9565640736056,148.40501671862,1.88193031175238,185.998115730323,133.144810563804,2.40068968830442,482.334967315589,31.6032792393945,93.2561333459796,14.3380252926813,25.2865933650475,46.1013136106122,0.0127394923364382,83.976381577148,23.9819044339893,159.782755508406,5.43236201695272,189.236576642097,63.8391146957069,294.992339354728,58.8619149044025,14.8958854852317,0.0874132807344501,18.941847156101,29.6881813643897,265.224651078283,13.1643772178053,100.136609502761,124.297451245341,25.2992896964532,62.3803472497505,3.74933505080984,35.0639415353328
"GSM773715",0.288033169223727,0.128674759462382,91.5360512962502,21.1534881496439,0.0255568494780245,16.6030042848606,11.7057898230897,7.15731768922927,67.9547039392816,162.653606803934,26.8268134750839,2.32419525944721,379.082659931509,96.9679308179086,3.72146540966969,0.170415047668045,93.6061657743797,19.9325134268931,106.539614091259,22.1682642721263,672.264766533733,347.895147702827,116.246872547009,21.5742459925969,47.5017520078589,25.4336786535933,34.3019648964839,67.4636120953239,0.153435718545057,6.81111004003534,1.07321005766067,3.66760466121312,10.8922748330234,405.706222874309,12.9539998877564,0.269287889645063,60.8774910117785,0.137531080319103,22.4691161194294,2.93116059554178,51.5632744789378,103.291516038112,11.0411301313388,56.5072716684748,40.4830585565685,52.0957027217687,330.997069888883,9.62166618807028,179.194313820563,8.3188073668534,0.174255521012954,10.5903593128918,0.0116186422348426,25.3679757761919,10.451405214822,34.5260769046126,29.7163683628852,375.622877356126,36.0903475586711,0.0658716899797814,42.2227990888729,31.23668260616,86.5355123693475,128.170224582483,4.29895641898374,172.499494957075,847.101975247812,17.7644765077559,320.17460539893,15.9446717838708,333.590404928025,136.997960198985,168.39125247266,79.9633937870694,1.86499921497699,249.101912668334,3.67288213156416,22.8166884197907,26.9038672974748,160.788508329248,9.87579049832115,0.43854249078649,123.056383658934,27.6426840143861,427.783009033835,29.1225819005996,23.8178609774264,191.792465520617,23.107085448064,165.173873096291,84.4129919177547,54.660265406929,68.2170049888192,262.45674863624,25.9894512403086,44.6741664976343,261.077590985715,254.746897523528,67.4931205660125,62.6215214932438,170.420639659559,40.9973378428191,25.140737727113,78.8807299635947,38.2092303273171,36.9969066067001,42.7019523342187,90.3667003577364,264.645980436454,23.3731763070946,1.23016542634219,0.252284110347903,0.19718817074665,41.5420084736314,52.2336390355736,178.086531156517,87.6364814759808,234.119170356969,16.8310942690101,51.6648319847312,35.6570984963993,12.0464007081481,124.540562037786,54.4184600241498,80.1280437189468,47.8085412650368,56.7005361639892,68.9124882077711,183.311453405928,425.712718598811,663.500806109339,3.51596578236848,14.5517231705444,14.2540462776275,0.164230750150437,297.921908958612,643.71102902017,151.197288964689,2.3886272226276,0.854816809576939,2.17255370458235,2.16062282027687,18.0386038901021,57.9306953604724,45.6370923215383,1.82017065641042,285.12372339227,66.8116921758743,181.794940839284,131.996702988631,0.322702610287664,13.2364331405022,5.05819476796294,24.5784287588377,14.8159533333939,6.66887604420113,0.0206989236369477,19.0043934376085,163.830097232814,11.7134285720505,36.5901506918654,24.0703219896602,35.9366618385887,3.21846878869503,12.0636183732216,35.5483024630463,157.509824910435,2.52980247450589,162.077383978578,117.791500228043,5.9734869151077,472.286028714553,36.2587147075929,88.6427040236783,36.4814941718665,21.8208295267951,58.7180525038702,0.0185712366326703,92.6170992209772,54.5930711937533,150.547262334895,9.34541219937714,226.350507556253,55.9427450204109,186.82160071508,88.6336706930688,17.3585546227691,0.483851706936023,40.0615645570574,29.6602755511879,361.08287454229,33.6003021961055,96.784765833246,127.760029781405,26.1722256647645,114.06422795524,4.76517486102601,41.5407811816295
"GSM773716",0.0683041279672715,0.0186297314892226,13.7030425464047,6.06300311846206,0.00736509773067839,19.6752037161911,7.19963178417461,7.78862659112165,28.2052998388027,56.2638200320072,21.4383191664029,0.649463267472566,199.737912703145,80.6711707460771,3.51512856937048,0.0301113788298954,76.5916160726176,13.1228679861061,92.7442405642309,6.20585890977918,143.525416420364,72.319518961354,43.7148553121201,13.8414167100777,3.54093025234436,16.9193165156412,13.3453317628049,62.7470265319849,0.319257252662501,3.26574422142694,0.628192660069165,3.03217391922017,4.10935974179653,73.170960717368,2.64431730668933,0.0424535569324296,23.0629888137102,0.0484945821292984,13.8408594512384,1.37538829001467,10.0674261085504,37.9164701285517,12.3627542918254,49.6182026703797,16.2528236129278,35.6955484650575,94.580605769387,8.36901777437986,66.185714491657,1.12483713298876,0.0421089512196947,0.58406983273358,0.00701602883931787,14.2244199743872,10.9014396934023,39.5680709086777,13.1962306362538,110.799922217591,6.40001611552373,0.0143137559057345,19.7614173533519,3.73769411373846,16.3880985834302,63.2209327137941,7.86200711087823,114.384236413613,338.543217988271,6.65407591623558,38.2336086836411,8.72974724776278,163.086686639704,39.8848988274506,84.2449094115719,48.6217752351319,0.285337549261083,121.874633350383,1.71474713684825,20.3791346826332,9.38005057719215,54.1122514208252,13.2205753587529,0.0423826731845653,20.0773884242824,4.9880753137288,166.098501795369,23.3335181059642,11.1087615810901,125.087768763757,8.9208228513815,48.204835734977,40.823205116017,22.790246059604,45.4953884409768,116.364285419128,1.22751112645522,29.0079296748852,163.461684064303,60.6329336260376,54.4892269733897,18.7355653549388,73.9522562226663,9.30507277526441,13.4886324166791,78.255338269508,24.5648525398119,32.3134810360211,40.4096683513652,55.220409248777,136.177459026514,6.20145940274104,0.50443621253161,0.0561043476304109,0.0353205426978907,25.2429177040156,60.243433498343,117.613373132713,56.2628689044632,28.7991828179918,8.74838642579091,47.7226164401955,3.17243386157171,7.18427826355339,133.884460696049,4.74961054939685,12.114608318619,9.66153776859776,45.6935687785775,37.1262176713442,83.7567149071453,119.838396005322,382.326602657151,0.700196350451613,1.15129595114516,1.76829592124755,0.0697428984793333,153.831145446583,360.484490303309,65.4781914097235,0.122467766173688,0.0445206588795169,0.427677901525081,2.11761561153965,9.37752135738258,27.9270643762488,29.9910226844899,0.521880266284164,149.385809946807,55.2412284863978,92.9697087473479,62.605972516103,0.188126261275449,9.25015239156743,2.45115489991356,31.59437805691,8.73817865334797,11.4398872037244,0.00654276223555705,5.87411224006958,86.3140479122983,7.90277538956668,9.31133026823071,5.81147566730079,13.6790677571905,4.19072407050226,6.31769235723732,17.0763222984115,99.832654040516,2.23794581487552,109.115382399747,61.9144483667782,1.36305530729457,162.917553340548,26.5535180573441,58.6546013098266,8.96383737971659,11.549520813439,37.4941212238424,0.0107019311800343,29.8326099237994,24.8578902242681,72.1423153648903,3.69828080082334,111.06553104641,15.8533061375708,66.9714310015584,9.80068543419422,13.3732611967956,0.0308121121993974,29.9644431819024,7.73405251012677,112.280100703917,11.2409110054348,54.8562397042382,40.4468481034899,17.9052865042716,18.8314839767004,2.49223244243599,10.5314787751256
"GSM773717",0.0493395401199151,0.0275426876680008,11.9718514098296,4.9803493797387,0.00958031551406631,19.1360692054159,5.40456141282437,2.88339021998603,25.7004603817554,64.6414921904361,20.4632288311875,0.996932734759177,211.120765637404,94.1536108542039,4.22294010447211,0.0456729981114902,91.3100926559204,15.5907232717856,83.7986772858169,7.69641092353794,168.563276919466,88.2768138238771,36.684328967239,14.3233957781269,6.69541033347761,21.7778862576185,7.61912951747422,47.6658818821751,0.276559483407663,2.91740554617892,0.871524567276552,2.11620247851907,4.03333722021275,67.2946735944941,3.62379331876101,0.0302785418985834,14.3858126513944,0.0746498151686554,13.5664592113736,2.10534422049494,6.9049373100753,24.4050511013023,11.8640699323601,54.6709416390945,19.3736048356934,34.5516093794234,43.7376282636525,13.1845787552092,56.0217702566367,1.57954922598944,0.0508550012151773,0.442060334699253,0.00723689702159336,16.3446901846231,10.2016548834681,41.2321249131261,13.9961454942249,108.400515586934,10.0338593329448,0.00652809417213503,19.3207786829627,6.38519962447695,24.9825158782735,65.6605659565872,5.1964572412961,86.9462903524638,405.558991299868,9.37756188707844,74.6469922724825,9.43891604398111,151.631010669479,72.400790419023,86.6856186527232,27.6323294955616,0.333476139428017,147.955038827253,2.73867872168213,34.7887908759883,10.1486267352007,95.8624715188304,8.90412761021912,0.0789324491155576,14.7302308240672,4.08280800232479,207.257979512982,25.5120497361599,11.2808686826343,112.822843276435,5.38621121694754,82.2138337193347,43.1701237642925,23.0591054594791,41.2468223489887,108.19219084788,1.73376275876793,46.0722588505306,152.363968470071,67.8253348734745,47.1481235257357,18.8742833577994,86.0802770414722,7.55393982454817,12.4433799872507,66.1497768099894,43.8275252386799,21.8112863082406,35.923571628669,58.4417989466788,141.119401485685,3.54245276103863,0.609262669585098,0.0577972245379949,0.0430462321470253,21.9037167138675,44.7142081900918,166.316129513209,81.9833550084054,20.2297672126018,8.82576958839052,37.2014194077849,4.72259970933084,7.271575485336,105.3461231334,5.35746609521664,25.1445241040856,14.4873226137695,53.3247963105953,36.4866369691055,85.5828327898606,97.7531837710594,332.902681055699,0.556279930319399,1.16784685596628,1.53752705806265,0.0766324458748507,239.255754179297,268.311932770236,64.2570092409057,0.171025662616551,0.124224870633226,0.549204697620611,1.60609490694549,9.10956682597809,17.2429051827594,29.3067360140429,0.455702036579217,157.115187693171,64.8280019861879,85.6291431968334,85.0347722782036,0.171147560591129,10.237351091057,3.21969224875493,26.4838540410806,9.88575700295708,8.93816590068663,0.00827342042421891,8.34627290325489,113.889871302975,13.1856209629023,15.7718294309064,13.5213848174955,26.8546020888671,4.37932019026918,8.35836495611834,23.46102340881,98.284144365225,2.34181208819417,127.109438772918,56.8275236695371,1.50871254474735,119.606283032901,14.1914707419768,60.6260592278324,13.7676186597078,9.11021927296073,39.9860475347561,0.00753790043529129,34.1794008388659,28.8946498799025,69.1100404065446,3.05761885134414,113.225864579846,17.5119514605207,68.5276272443116,22.8378298782303,9.47856653913738,0.028358601746193,20.9082098344395,7.12579798350873,146.303803436751,11.3968460360511,60.9523799821993,55.3367595121343,22.0521897516599,29.1717649164802,1.38494069773145,4.64781717501153
"GSM773718",0.0670607163289278,0.0164922259807553,22.0984821626214,3.25284417928629,0.00983101424480671,24.4332559967362,2.60713827489305,3.79009027666364,21.4555574674474,40.2411929028391,15.9892125189995,0.75976152424582,113.530484881027,82.2960887271769,4.84743696192897,0.0318461307654033,65.3853598734281,11.7587113853028,70.5114048298593,5.53801535749546,46.4797605986199,90.7972860440681,43.3397591232046,14.903663686078,2.76226587267178,13.7970477305602,14.4545335170477,28.6291761596936,0.154208495856898,3.43661895694066,0.687377414562643,1.34938121741591,2.95075618904209,143.901142823935,3.05161439648908,0.0514400590351931,15.7031142743322,0.091336433047424,9.1761852921778,0.995837947707776,10.1709933439078,27.7034769483956,5.88296888835704,64.9294612550967,11.6358162636908,44.6427656377958,61.5862117560682,12.7321025803848,42.061802473909,1.15462356904283,0.0455232927610938,0.239621192848076,0.00595928129123217,14.1219940581271,8.51262455323774,25.9072473494535,13.6905107124704,113.654053039125,7.59663874300627,0.0054718535394829,18.840015938616,3.91150352852584,14.5285811622007,63.858709152427,1.4669242334435,66.3302154235424,362.805405147495,7.32595361245843,195.167953153616,7.98548540425901,148.419482145808,32.6308329308159,91.7154877141025,30.2040043219566,0.182983037390287,144.778399944409,1.18365017153322,55.8846362784054,16.264429331821,136.010299435572,19.379305131264,0.0543264252589065,26.2209595084806,6.35232168475347,172.058180960072,12.3492739049431,11.5665085458036,110.316293093653,6.12507754492797,117.323711487719,56.0819806711654,17.1453226974884,31.1799424646596,123.953756154857,10.4854737898054,34.4258365068352,156.995479171058,51.5707118957617,54.4963258676711,17.6828105764732,101.066142151539,7.17485222144558,12.4229409980266,79.6114781681211,28.3999545506012,16.6872444971219,37.0409208394859,49.4256478068341,114.566828190337,2.93923443696796,0.551803764839864,0.0821160824299576,0.0448906197910386,12.9517231056758,30.2084164459177,122.933934185463,52.1647702388663,73.1457955014412,8.04032988456286,45.5531992689655,8.10213322276796,12.0955989136779,67.0718384913142,2.64865409068683,11.2574188522585,10.6144798463425,67.0815574241995,33.6913136868367,131.530669493081,107.249555452212,406.096402495486,0.656749405181797,0.842391624513366,0.685575977773368,0.0599861164612306,92.0673526853566,326.777344382462,83.3618452921557,0.0872622352085397,0.0578873885572537,0.407039282412108,2.66968142688845,12.3023291171745,26.464602402976,33.21069647211,0.399024917195094,125.338586914257,52.0047460035958,87.1583834475932,46.8867733525864,0.157031173858136,8.24083079108114,2.02217151748314,12.0428113041434,4.4735030361762,2.231882536382,0.00415123776134769,7.61028262995497,85.76001842575,12.4739531012888,13.572564166541,4.89919215855605,23.4070059033643,4.25683378009716,6.84031078802622,27.3087527907984,112.616574953022,1.31475024431886,121.897492623215,59.0239579443198,1.28330345082348,177.774238870632,9.83609559077125,58.46045826586,8.04435025750319,14.2679844524802,34.2455222631711,0.0190729857451816,29.5460473717613,16.6230142315746,88.4263425137615,1.34452911302053,98.5368989533194,26.148404049027,108.332912537483,18.1295693297745,9.32548757042862,0.0238552310762082,13.2205029973734,8.51438524984713,94.657276855652,6.79570441436867,63.2562340171026,38.6474909500268,21.9876421445442,18.0114517920975,0.734364273928992,3.88971020900649
"GSM773719",0.117330739489392,0.0251858761762034,28.8269212223053,4.41778646334847,0.0116181547241994,26.4069809859605,4.20175465873443,3.10929030188973,29.0250119021381,55.1355431364897,17.313429415486,1.51040893060108,130.394562954179,90.2832511311115,5.83424151907818,0.054673131769367,68.883046690422,12.715184476719,69.5499197958261,10.508210411669,39.5489746349149,120.129217675012,53.31799037613,15.6128820210501,6.99955437980158,17.17821743475,12.3973537433775,29.4786525625093,0.141085033916097,2.95042670643074,0.672348906193242,2.50953825660094,5.18396434580141,192.276542315001,3.87459108847523,0.0496629859096192,27.114269849191,0.112351523605293,12.4274817030034,0.884563121394191,13.5200989735798,56.3516743722655,8.85751589447744,64.8244916248952,13.2220371702186,54.8073447418921,88.0331812286829,14.787242479486,56.9428699410546,2.13172008981356,0.0558642383036786,0.559716238399632,0.00805789444228218,14.017353387188,8.83269226259784,34.36583931937,16.5313936968998,147.230553968968,12.3334671834218,0.00939973956595694,38.8450608376677,7.1104648892612,17.4671639830623,78.9029310591336,3.22678983527026,122.36158475742,455.727144698342,9.76402334862898,219.391638849864,9.78193191893514,201.104724954049,45.2902309481565,127.992476435005,32.3834657673853,0.303236214973427,158.642559407682,2.13541141249177,54.6596854419032,14.4695166993036,153.853119143564,19.6826978579724,0.11349901953221,21.7963898753828,5.52628468279822,217.700717359549,23.4000254309268,16.8077168945943,160.602364713468,9.18344072276337,97.7241760055812,60.8901377967314,34.9259042771625,33.1260976622749,152.902880878126,11.6640542268765,36.3101730159168,175.60377246767,66.7547631104724,71.6497513447302,24.9556189637758,115.085220495713,10.8485330137302,14.3121375606216,84.0310981868712,37.8689504556854,21.9284016136261,44.6239075422808,52.9663011197933,161.178668615762,5.63393840907145,0.732126179870999,0.0792356977432253,0.0631206361744152,22.2363125006135,51.0578882651973,148.987746502424,60.7475569519558,68.9963096505871,11.1188740763332,58.028113837202,12.9295959987206,17.3284137749492,139.33495293365,3.92570177496251,23.5218380594592,21.3963512119933,80.12696586186,36.6048492407141,82.2945771618074,207.105883731196,457.677776638519,1.31665232340737,1.81299279632968,1.30351976353556,0.0938459753757628,124.904337117288,317.409363056216,89.1995325330617,0.166608896322392,0.127214660051253,0.505653416177944,2.51833572371395,11.852933330774,27.6021148142363,37.8749128321853,0.485279571592074,133.783381500083,55.5400754439092,78.0939368265859,69.1616001100876,0.183640204066138,12.4062422366725,2.15850864618409,20.7127425262235,8.02225698138669,6.04508545520999,0.00651559750529122,9.52157888325036,109.98266921731,12.8656233785674,15.8240149498024,10.3266063627886,23.5671872901985,4.82438127436104,7.49532191984337,26.0085730181621,132.158768310892,1.30030387277334,131.09006932285,64.8310287967265,1.48687406956946,211.319265003059,10.7183673450436,80.127208839939,13.6207199663994,11.7468916591864,36.1037931126236,0.0141896495135594,56.1609570855558,33.0415487657583,115.094446810501,1.98769707680201,118.697471925038,21.8924070948526,125.301384480254,45.9458785124629,10.3263171474589,0.0546491921584542,21.1486037295039,10.8300539097431,110.206916238471,9.39519142097502,94.7975563717001,68.9425505359293,25.8441226008737,25.1870068411312,0.625751299301391,5.07606361443904
"GSM773720",0.16417503929645,0.0963361619506706,84.3344119423147,22.3368056856379,0.0259776039038088,38.8091443115727,16.4952547380368,6.65275668539097,81.1274095326669,174.720127762005,21.4396642360257,1.95961060197845,160.382136021186,86.4004086862302,10.9421559252289,0.0983623171287032,139.796187274546,14.0978412502414,95.1459121778231,17.8574024358659,283.413898789708,162.085965780221,99.7644284325756,24.4470951898897,9.96956924916865,15.1338372783022,51.794973192193,93.9068517286109,0.685957506739669,12.1540034114359,0.807898835339044,2.81392862798971,4.188103890516,299.875860241121,12.7570931042555,0.357848636842354,34.008729836462,0.30824720930209,21.200287675367,1.66393231512008,34.9118305331725,73.7157461421594,15.5857336423082,85.6468974463367,22.4948059565926,39.7497305288018,157.816690072674,21.5989142261732,124.847842922592,3.47555668019791,0.106260656579942,2.06103723910018,0.0109333014963648,20.0763408317033,9.21261772032634,51.0752692289164,25.334448885276,260.721716268787,23.3211482454717,0.0244638332222472,54.6647502859878,11.0405258933517,64.4370256641555,103.14638184942,3.87035108426433,202.376189291399,636.940952900968,17.4540350650077,199.007698638349,18.4386753920273,329.838401241214,67.666120966309,140.044963523604,87.1472489413706,0.746639844919498,234.955067784442,5.00532473427173,81.0424325523126,34.7946087670581,148.079366860929,52.0214540913088,0.390984097427572,123.899693411593,36.7100037187448,374.506283767036,26.1365231333021,16.4848971776868,193.26669035613,9.86457759181074,188.408341205387,69.8175128459062,71.992963300155,44.18279943191,201.485457265623,15.7257378195101,51.7284737448321,259.161825690071,153.48463481058,107.681664661583,38.2485032973188,146.910344168767,15.902266059288,23.5535222937055,117.841605011776,59.1363908680237,37.6010485796584,44.300923574108,95.9528162191361,255.097613264508,6.55292011132176,1.26152806555042,0.237110283943884,0.0632850439050642,18.4786175041204,37.5355630704725,227.318539898472,92.5905358822659,123.242065196318,17.6604844240724,48.7662786631296,24.8637194848364,22.0999386820674,93.9956521109696,8.46323833402965,30.7998950497894,32.0275828584072,166.526216856169,71.3212349858896,325.709375932916,207.697031146534,619.827904352749,1.85977839141836,2.64169416924671,3.21675029322767,0.131578282949752,256.104835403627,596.301093061822,117.090971404814,0.483148890779337,0.326631077694876,0.916506385441057,2.78506245417971,16.5624322209352,54.3064020710504,47.3129984143233,0.854003092642479,255.701684573987,78.4594112500332,159.707653203323,150.248813900715,0.263700290579473,20.5446000403604,4.98346154200937,30.7445599391094,12.9400306293725,21.0505124996584,0.0170166734880583,30.6207887831386,128.143064342465,20.0287610108727,45.2259605586929,18.4175027627696,37.2262315079745,9.28874170978194,11.3017738571736,93.3818284663619,191.416184908235,5.95894233572988,178.701760172636,141.499693644072,2.97906535790866,329.246101462552,37.9771738325907,148.949766594598,19.6608220525023,25.736570728057,56.7946977515479,0.0117358144061926,79.5841107034427,69.7662832548239,139.205166337986,3.5366895625323,191.017436340579,49.2142624111448,131.386113423859,37.5313085121864,14.378995434966,0.144174119076486,43.3749645959799,52.7118109301656,303.745701476946,16.6601869519119,126.760870343757,142.702726235041,22.1681694046729,67.8491328825482,1.43045164807423,15.4060148371842
"GSM773721",0.0778755616609287,0.0152839768016664,26.7456459485108,4.82252160196441,0.00976958851492232,26.7974318753806,4.13711969582628,4.17464586274199,26.340961273365,47.502606091726,23.4623678772904,1.08682403647582,135.686903494613,90.8986483279744,6.50928303458384,0.0371073005278571,74.1407368309117,13.2115386284319,78.5791628566343,7.11031280399308,51.1714489011742,89.8971990148562,45.5273278639699,18.4944453822857,3.13572695621058,17.0055705689989,13.3497726850231,34.7972742588953,0.142621787794989,3.25450054417859,0.780567606200173,1.0283799630268,3.29127057458663,98.5467850862028,3.13891030965143,0.056555865051827,20.7893390349886,0.114540638054997,12.587589242908,1.10919416348425,11.7602273064222,37.5923188759195,6.07427052268922,60.916436422047,19.2933985115766,56.3736369982303,65.5921353114778,13.415963847639,48.8557723118458,1.5385588563892,0.0592610540339315,0.473207467230744,0.00993919572924604,15.1029541088754,8.8067285150053,28.7244912218296,18.1852704552082,135.124003829571,7.24810244564512,0.0111472138295483,23.2983618807918,4.9151788756011,19.9274824480846,78.783525961439,0.9546240473185,116.248036596938,308.209624958881,9.26043812497794,143.285522794741,5.36921490230833,162.584885074481,25.9436124851598,109.172435490029,29.5344802099025,0.297942194662566,157.408579464182,1.73806417740022,59.6033391430195,13.2381368381433,108.550816978319,28.1486822158574,0.0896286737196309,20.9423773036023,4.59286549438049,228.798553285228,9.89236679711824,14.0732769160274,132.234718138164,8.17100723076773,115.126437968793,54.6060839565552,27.2967382536488,35.8017924459877,141.79592085461,6.92967532638865,30.1679283049184,169.860246818521,53.638404295462,63.2435251013434,20.3076785335832,104.722551854577,7.38645110984018,14.0259255919471,87.3195398984756,30.4230997835745,19.3185961822055,49.952958474961,51.6261518768241,157.971575460149,3.26856271979758,0.624463208188227,0.095074326059033,0.0319987591839418,9.30283504418748,30.3788930159359,139.140105339045,38.0751591822839,80.7790792759237,10.0509948842594,61.4073815858898,12.8741951847713,11.9226603633311,42.4524659344863,2.44109707089148,11.701105599925,12.5182434169051,76.7634372497783,35.1906935339959,143.837554231342,118.419133345216,383.611972097941,0.811213824102261,1.08223760747331,0.859762067638992,0.0649736051024343,143.215104602232,344.094032365967,89.5525859922544,0.111693155966764,0.0549810916836956,0.371122298872761,3.27404607855048,13.7381917197223,29.0882109927008,31.8056150356539,0.674624696996614,125.713555732859,57.7345685890377,103.460374193914,57.5302766543492,0.250436714812357,10.5549403581826,1.89524209478949,11.2435985997175,5.9256691731678,7.1811955297527,0.00753117527220539,9.40591710679677,98.305365596355,14.0062216132949,13.6801612590619,7.85144345539293,20.7858047380529,4.62603765469205,7.2354627391782,27.7551877754264,124.282195453311,1.21142143809553,130.850226871722,70.5927139219187,1.71531884121645,221.152136552284,10.095023139044,93.9204427100065,14.5760034176876,16.6658794767539,39.8347676502399,0.0210609408642167,43.8052902294387,21.6101080659978,88.9888626865153,1.77196854694202,118.525913338286,23.067343944478,135.745271331166,26.978761764757,7.76282371661551,0.0330564847325447,14.6058107204318,15.4567267078061,149.182217967934,9.0334772693482,86.5687077381229,65.189175365238,25.6648775200357,30.8222274921995,1.19205123317569,7.36790722262728
"GSM773722",0.138655731454288,0.0864516394887817,69.8210049235669,12.4690125242033,0.0318515863010598,32.2980293334139,9.83798877701413,5.42348123421038,63.8525564408523,152.082653338618,23.897416568727,2.04688537230717,232.036686898614,98.0287941417954,8.40725253531231,0.165464988417276,140.694207529727,15.5836824838475,87.8097941094985,14.6278883186791,163.221958439398,174.440184743347,90.328407295836,27.3098849502504,24.9922272265816,19.6793674747996,31.1884906702947,44.2777926153249,0.313455359968405,7.97647947073786,0.892044221939027,2.59337033461434,6.35084801896677,257.407401001233,11.598166629949,0.259237874791304,37.323429180011,0.217608376664712,19.7700313719967,1.6140550819944,19.2135108995526,68.7476974931264,9.88437977547624,98.4980303097817,25.2258410015345,70.909692737813,150.509543849726,19.0730489923304,109.139986031366,4.48260736143521,0.082237356633855,1.30747668484956,0.0133061334988655,23.7658472760692,8.712967801973,47.2239315113148,22.6281738418102,318.009441522269,35.9098409067771,0.0112398609454251,48.9735071125386,19.461641080622,45.7009830708652,126.844572760822,2.14434464169935,161.430571630866,557.750132320798,17.9299253487136,356.785676651275,15.0882296612918,273.907079056457,65.5183188359077,165.111909239885,55.2369027231341,0.766873222420243,222.901561695398,4.64650704914463,79.8693720891256,39.1648792982009,252.198073638041,32.0944757414638,0.242181695539753,75.3098950714459,20.423231969694,438.623537175999,21.1676007884986,22.6332657232398,203.413241353026,17.9976981592562,217.010981778518,113.928727529938,61.8431564746033,53.5014371176129,225.836981817778,27.7614792684702,61.4967390538663,273.771715878296,165.522934987973,108.990194596439,61.8645690909887,236.40484377638,34.6423171798707,24.7311350978536,160.159243570479,62.6451943413299,35.1608499116674,43.0490939292865,101.499419008884,253.460047999861,13.0737220173455,1.18130554355396,0.158227883142579,0.152778845976564,22.7227835254231,39.9787304340687,218.14793505497,104.960177508902,174.685871391318,17.3706401430872,84.0858574794154,30.1025148799247,22.4565034018068,98.7501548699978,10.6047800179769,39.8036317530418,34.7809439170534,161.581551043916,66.8329386422151,315.877650756682,296.64647627249,623.052361053523,1.37255070247793,3.96605798066599,4.19771848689439,0.128743461402685,288.059916001896,582.501761300165,112.739159168994,0.682578986610381,0.864176406969855,1.10968109639652,3.48377127196645,17.3822243101941,43.6341892412569,55.4568882475894,0.8614046669857,205.24594823773,100.178138028854,194.758197277049,111.781545574782,0.274554080233708,13.9804937177423,5.11023420925539,23.8740753610805,16.1876174408395,20.1259053647172,0.0144550641407532,25.0115728069068,155.542991360794,15.2819242007156,46.9257829454969,16.0264012923123,49.8082362565231,6.80447369338851,7.74554798085895,59.1107259950158,186.693242080233,3.12833278564226,166.295255318228,122.790590018518,2.05373852941763,322.987301326196,23.4035913099653,140.219905168585,25.5849255653768,19.3197758759845,62.5210195705393,0.0170140370299723,111.37356259338,52.4135873161831,150.03602937214,3.84019133128071,232.217156820843,36.2031325830625,229.908267698224,46.3082774500095,8.9114534943839,0.235627102766025,24.8118787175084,39.2361022884668,260.891672745843,16.0282647571966,114.511533674475,101.864278128687,26.4778283945873,113.985909567489,1.46205769031053,15.2146679357542
"GSM773723",0.0505756439611688,0.0083696290572416,8.58866220885464,2.65405381810006,0.00523475951401821,22.4260881826695,6.46295749785207,3.63170250143741,16.7922282432543,43.1501767389411,15.0093292833551,0.400280921972215,84.7507382492677,69.3218330531791,5.48296534173389,0.0145304718911517,43.4309780960133,9.9638021818677,76.608319928755,3.69575687513873,33.8514092931619,61.2495163072384,29.4504935053952,13.9327070285303,2.31837304826943,13.5315662197041,9.30722617439854,14.180730164891,0.112518707893444,2.23480125948059,0.463080892515401,1.0889805163041,2.10674276004225,29.8388727865244,0.639214214726875,0.0227683036617881,19.0240205664684,0.0654990219021881,10.3671770110745,1.46838247650558,6.65377337165382,20.3885799363539,4.49617469046235,71.629347779027,10.3274610002465,37.519050392492,38.6153847439793,10.0265470275789,50.62942581602,0.869930848516354,0.032906353693557,0.106304301925909,0.00465718990015232,11.9129106970081,11.0039542354121,24.924578675503,13.6773736428116,103.389627880802,4.00899007451109,0.00670232475646751,19.8341922729319,2.25146547373175,13.7232126851807,57.285997273574,1.05054855436254,39.425194506382,210.011300366666,4.38140666147943,79.7348285677831,3.84797764649537,137.570323652747,17.9738233517065,88.9550082734243,31.7860109044246,0.132571103904058,119.790192359396,0.841023588965323,50.4840195517254,14.9449602700079,100.529158276556,14.2463581066121,0.0336018957359575,21.0633048629166,3.69234151864355,156.60304909717,9.1643398887496,12.141067049302,120.658205389788,5.04073911903909,90.7748446576653,47.8332449720944,15.0908524590077,24.4590013885681,95.7774665351791,3.71070744008358,24.5234958287729,129.640425010729,59.6136233316868,58.1435945063146,10.8854758123317,60.9345645868413,4.38054263788216,11.7180373664814,92.2811977209864,22.7608919903462,15.0172222926572,28.8182813133354,47.9325158305388,115.804174738114,2.19120071907564,0.343971127234007,0.0377237238214531,0.0240632910876378,7.13904561407156,17.9759239829914,104.627113792796,41.4813051614132,38.5774422412893,6.63784949652854,57.5075191417469,3.95228828681856,7.08428230538334,35.6772708878802,2.22966433217787,7.1957988060503,8.20500736306126,78.1764150613725,34.2689971486381,208.78698907098,83.0190361372879,363.964533721519,0.60433473147216,0.586021482165406,0.585949377059969,0.0551672497737149,45.9412031297786,255.889328626531,77.3848687805502,0.0430995034471047,0.0280645575967594,0.288253566320205,3.27775759078978,11.7437580463184,20.4436864074429,41.3483318296013,0.459375911599725,119.149809329807,67.3056924888021,89.330101617042,63.781330611461,0.140742616855965,5.91238516348933,1.72183205100363,12.4546923456065,4.89106531652902,5.9478847148749,0.00358474695795109,6.3049125437829,62.0095042893736,10.8373317589584,8.18195332531625,3.18923455119888,11.2869453158217,5.5572864711025,4.44081383883643,21.3408050055094,115.647015169641,0.90951900882952,95.8484098007335,47.8389516741828,0.949220385315836,134.420469354701,8.00855297611709,58.6054463028412,8.23597561028309,11.1159638847541,30.5118139427287,0.0132203561506879,27.1856426692048,24.2578790755838,48.5367972977958,1.23140089397539,98.7151778995125,16.6116106823594,58.619718791723,7.00993182008735,8.29922740717538,0.0133828983230135,12.1322775926081,8.18552150518208,87.6176920384592,9.17502402148864,91.0233127425442,23.2377275529916,17.3114067507589,23.6615517485933,0.515144804197018,3.85834102660722
"GSM773724",0.10224459589593,0.0218434440059588,41.6651372940452,7.85575498080159,0.00998831292136515,21.9036161045729,11.4314680570779,5.0302491947987,36.4677536036431,88.4247294185712,19.9237456257098,0.93244177130887,127.015497310795,79.3009118259463,4.66549211939775,0.038284007893059,64.5858874696005,12.5686584567251,89.3234923596202,7.01903664073441,112.740575184536,97.0463183011578,57.3579724137086,16.8916771804857,3.93823287016607,15.5094934046068,16.6748535307395,41.9671642963944,0.151837666112255,3.64963333086369,0.568318431478826,2.16874326951811,4.04963424944174,148.344451454769,2.39997672174357,0.0705358878061491,23.5493599904581,0.126675399883153,15.051480629337,1.63413718659014,13.6827968638591,41.4243456066719,8.03685789878987,75.2482552159512,15.1869386720973,42.2951974118719,81.2211120020924,12.2816443418132,95.4045650204583,1.86661316792271,0.0595156124474063,0.498847417018354,0.006086153795068,16.7342060555987,10.541945124276,32.4174238302802,16.6134081686131,154.235328254831,8.82064283452963,0.017906716440746,32.5953251870831,5.90223270186762,36.4494830276844,67.2007030754079,1.64450765727832,96.1359120135029,374.219572975841,10.1301037868833,221.192660436755,8.42707257624869,204.64169383289,40.6782602083139,121.363591978349,60.8591412097543,0.345516712798514,179.652845045993,2.31558490165344,36.1965963058467,15.192262488594,140.177045510342,22.1005772890261,0.0847994528427371,33.7117704061203,7.190047700944,231.275608740157,19.2882236011129,14.8940068261956,149.130530810018,11.5669374221111,116.310599289806,63.4213085939901,35.4884706188987,31.9369409926954,131.82137331727,14.4290079791139,33.8602109096457,171.584364287997,70.0799070122947,78.9258193780414,31.9843460428652,112.32983360308,15.320811228922,15.9278365924117,108.696571849787,29.9890616434764,23.6716726940957,39.0747487751699,67.839840440388,161.230866272697,6.76407975982808,0.810735761436037,0.109285436743041,0.0550078456570758,16.4956399396925,39.4941617262023,142.067208000625,73.8019237368023,152.767056345139,11.7355442194134,65.0469611236914,12.4722275047224,14.3940498456497,90.2697037069136,4.24627674738488,17.9480630326483,21.0090884570526,86.6282385604705,43.3695961366526,220.450241707957,132.267897218979,413.00894836603,1.1657753438872,1.29776045664341,1.37112178657788,0.0703144312074995,122.927246360053,362.288347542127,93.7122109081729,0.175154772758615,0.0894812596092282,0.481164834021865,3.42656523785789,13.4167808716953,36.5387115947176,30.8509730554394,0.681194095496027,157.68661109476,62.6303943468564,112.11789921186,79.8032315256861,0.174362599978724,11.1063650625241,2.53360505705247,20.1563118419247,9.16426439223425,13.0741213013988,0.00843798475885535,10.8836415677869,98.1241004976244,12.1250182758845,13.5605437013241,7.71850908345942,15.2402706535914,4.98199885200863,5.17400037393084,28.8244425013889,141.418432978679,1.33559250027307,129.813951468849,86.9762948903216,1.70508801182466,257.259507150482,18.4137678606622,110.522317147208,15.4691215394638,16.192223313487,42.8219763484005,0.0134186012046696,53.7504751667091,32.2071449271794,94.1520551380551,2.0656489382542,159.672102542996,32.4518156848629,119.811358277603,25.5093620750065,13.4790116384011,0.0511471015581303,20.1342356242492,11.0826461437918,162.085758545266,10.6184283106267,97.8450088322743,57.9877023505525,19.4211686523891,30.5654115397346,1.21805285323924,8.97648144751004
"GSM773725",0.124199382698278,0.0505325306973104,40.3503796654167,6.64083289623811,0.0206577614581684,34.0562292570579,5.63875638527356,3.68610418290972,35.1335203161104,75.6998069527088,28.5316992093501,0.959337898934255,179.59713123833,95.2722706252513,9.03327476609287,0.0735974859195273,106.844580251502,15.7496345815568,82.9715604736263,6.78400434785647,174.556567799719,105.864670087359,69.2221161392595,24.5925665876688,10.9240800097859,22.4135688905617,27.4933169757666,37.0750181590905,0.207468346045979,5.51567927878146,0.837226329572505,2.55619997533248,4.80329407748657,152.504708046219,7.80086400079156,0.139821467173369,28.0638788610188,0.176562902831556,14.2623863999498,2.0541339332297,19.4454048295676,48.632244703821,9.52903345541451,79.0497594984763,27.480351180566,62.0080907171563,88.9340292113747,14.7226982150526,93.9845591386147,2.25394530483741,0.0793773947445691,1.10534040648988,0.00581750776138649,25.8611454298575,9.72230936371712,33.5741799401277,21.3014284783938,211.178635870987,18.6345358415743,0.00892310021124074,28.8145125210526,9.11130193919684,38.9378899223907,88.3013456231666,2.80626358979128,129.710906110459,489.474156970157,10.1508184636512,173.843847069162,11.2359262063005,177.257699780926,55.5273860704985,109.83204724928,55.2901044831241,0.353923240407243,164.709198731844,1.21487846693489,56.2643771174864,20.7776935892,141.513985025448,24.8458386434821,0.152427369129107,68.432913551573,16.5177362971509,259.155375737903,21.6473772670126,16.4887578154695,154.57793467304,10.2379842250882,103.342684622098,49.5509988976835,24.8368212300179,36.1658669373924,159.031170033528,11.5385012267289,42.8509168940321,180.496311247488,91.2484923003043,63.3684166605108,24.6743452148478,121.226563727513,12.6355504136555,15.3648934138728,75.3318042932107,39.3210188825621,22.588369236982,41.5938191784501,60.8163357736887,159.247809903239,5.30692966545903,0.807158031666631,0.13077120149386,0.0777654454009463,25.5133418797328,42.1561416420172,127.755167945378,58.6284580363886,94.4911814289669,13.0678187273964,32.0157258184713,18.0710247372264,14.2638788683978,96.1823486416672,8.98451915789435,25.9172532155981,18.5930535102306,86.2850483573185,40.2667320316913,184.484680044697,181.378964449623,400.785672086301,0.961026617961887,1.27558287962949,1.7320468394756,0.112812864565343,116.554830273429,343.772442353242,90.1135079963559,0.317265553102722,0.238250559058414,0.829970018888397,1.87825213790906,12.5025441680816,31.8737842162485,31.1995155652096,0.597756368314056,142.931275243408,44.9452862038234,110.092439252551,67.0903421023779,0.181107081548771,12.236121576075,2.87177788519861,15.8941544900073,9.98982326533629,6.26059152897927,0.00833480472473556,16.8545145578129,101.008971261441,16.082431694741,34.086876151564,8.88025232053689,26.2332277994861,5.91273406096552,10.6158407698356,50.9568916145183,137.945780270279,1.64054977330167,145.437965719898,79.4946187962563,1.75367915888056,225.711437922366,16.3276937933109,70.2546759763196,7.97639069499476,17.4343704038432,38.8490648826083,0.0144543393923951,51.3034273956615,26.6213484641007,106.096830096769,3.59788940050974,123.857696690027,37.6935147172847,115.15807983334,27.0990547887096,10.0584687498014,0.099875179271708,28.6676359178171,28.6479463970235,186.478920738046,13.2932948050656,116.869531308047,68.4220570838214,27.4873869763155,58.5411616096978,1.16231039743629,9.66945972051215
"GSM773726",0.171183400069155,0.0461033777395912,40.8137737452339,10.209110369564,0.0170365603813573,32.7523494729709,9.72295201908334,4.28798094663719,67.2231893615718,83.280124070702,22.7725601516012,1.45814971931127,188.018054341164,93.2443314279683,8.21714461638197,0.0447148577391055,117.912425594547,16.0238356252367,93.714079679715,13.0453486434828,322.527710898162,170.994691478817,57.0986548880907,20.4372495138282,12.2016160685439,21.5680712744265,36.7883862369702,67.7518023178652,0.422448000254438,8.27811039622182,0.983212134840506,2.18897952063282,5.98193894752094,211.385622195065,6.33551962426316,0.0872364587750354,37.2521407356411,0.185528954925248,19.9029302948627,1.55284162844658,25.9925267971725,106.704225728962,10.9871290791716,94.1232110700656,23.5678256488548,57.5372471920296,107.436309901199,18.5711666165042,93.8297474185206,2.92228574226954,0.0804348806691273,1.46668264847154,0.00967300377569653,22.8586254764305,9.75471778866066,42.3637830640628,17.6504738968211,216.773561931784,14.8036457475011,0.00989560844426094,49.2551551754651,9.12877426208631,38.1296733031823,97.0179627048301,3.44709817608568,168.05409328573,430.194123647155,16.5101674068709,187.850667123526,17.1139784086124,211.755333856274,56.6152075163658,133.821128711515,64.3517808793183,0.524735677253295,181.633483243823,3.05825694713887,78.1296692328943,29.8863177741114,165.801362077616,29.3694762906923,0.249813461755229,62.9362325885699,23.0409387486801,341.890536650722,21.6752375141332,19.2715603955603,194.223619452275,13.1094411879907,177.311021355767,80.5364161116296,58.7371555550284,42.0153475289479,189.650283767073,12.5425019023593,63.2709554751817,210.010671354742,125.030818795551,84.0419775974496,33.2195438674079,137.904568691843,13.9098852428543,21.523537528285,124.484904455893,55.1440194969157,31.7920097572009,51.5505000274197,86.8283462585754,216.669319089111,6.12407439798178,1.13667233406065,0.166367406601767,0.094425386756545,14.0491354359545,36.9318506338202,173.702260191307,86.017784152156,126.169801502351,14.1363117659582,69.3875501326637,13.4833715915948,12.1792155705381,79.565925495335,7.29462337521759,29.9963940744564,24.5900020280088,141.317766926381,52.3219788403897,192.765387422208,335.086996030085,521.91862780118,2.27533481666551,3.06117815576972,5.13789209657417,0.173050432714551,280.401601425213,496.729010955145,118.844507197376,0.457998649044701,0.226573670924038,0.832268328046413,2.91670914100982,14.9395425667152,36.4005131776463,35.1457870662184,1.02103209206022,221.02932413864,80.0801160948769,128.570582732174,135.512257536036,0.205782312649808,11.9013158322469,3.88727926232894,23.0526175226974,11.3008286808631,12.8061694024851,0.0152198414016309,22.8099385208329,132.002581369798,17.577589831964,37.0626973944548,13.4465197254071,41.692935880621,6.15657343107037,8.69586594440597,54.8621674280013,148.836745261756,3.67741685426224,142.553812596436,94.5547790090411,1.77737794628622,265.379089731233,25.7718170933931,112.976997833023,18.291584924661,16.0754675941872,43.3157069923465,0.0119660654496909,52.7386812497702,29.5268192517837,93.4702928019415,3.78153718923984,174.059082540972,29.6937807514209,134.900334471511,33.9309306703625,9.5552387452056,0.12747681882942,25.4871731927303,32.5673706657989,190.854996533416,14.4185513444409,99.827878967221,81.2873435940569,28.262647323067,54.7963915565412,1.8179911903629,13.1451211064621
"GSM773727",0.279421086156287,0.0618502977536052,128.446968561001,14.5280850509968,0.0240567412703959,20.9445554865266,11.9313128533984,7.64204055091501,74.2868760303402,155.115557180535,27.2665841957243,1.69208745193703,202.608352102495,88.8363989260053,5.78078846211968,0.0999307603906837,127.198881399964,16.2580153561293,112.819835812152,15.5587369030866,319.215525544319,313.150830094045,122.48047478307,22.3843573905521,15.833063933269,20.8724696610011,51.0819457778246,88.7334176585627,0.303530513669028,8.20072869936073,0.853061820358728,2.52385368969064,7.58574084521112,326.279174024974,7.11967306356515,0.189517625377093,42.7090227497033,0.188729992940191,25.0964064457992,1.94320436215425,46.3264446287707,91.7727115226196,9.28682038935901,91.5306697087107,27.6899562591686,48.3317978183481,396.95340093221,11.3455462494192,123.315036635878,4.29222578336643,0.126926811194376,2.22979305253488,0.0112705025421313,21.5582183747801,9.87388323480893,45.0678379647753,26.7397138405856,271.290652586355,24.7830293319305,0.0288544486808756,46.2857431877937,14.1036901878745,66.398060612192,85.9823492180736,2.73868495414326,152.811144662203,559.386072502238,17.585360445158,249.605555607582,17.5966065694632,301.05698729295,83.1074258441188,163.344347703105,63.2242902624655,0.838601465165816,262.468684870818,5.17198912671513,39.0852406682637,55.4510628835976,154.399498898618,36.1109329330928,0.333941795973358,73.6915319097984,20.3520352626981,278.739769207555,19.7749056729284,20.2956530152555,190.70605046897,19.2418199414287,179.996163704696,85.5977026386657,52.2858720305504,70.9232303933438,199.77950234092,21.7155823833057,52.8081302721646,238.052418521991,161.256933245454,102.890122042885,56.0132681126493,152.355543978523,37.2115434323122,21.2853190065362,131.09090709642,40.7988004721101,34.7380327878332,45.8456857830585,96.3625833422524,221.6077086264,21.0731124177961,1.77451914252583,0.359691538938327,0.13874066777493,44.5143990547841,55.6437079059639,193.979414590267,108.472264379632,181.769809288429,15.1475463378413,85.7270251639049,18.1967697407352,18.5547188151304,99.7007973949205,16.0412755788657,36.9341592102337,40.2365048752838,95.9337403614546,65.8204017237944,255.965837618795,418.268961310415,622.72363116993,2.40852539447507,3.9903945114648,5.38753709114423,0.151613353120361,193.187844197603,545.322287000422,163.343136590099,0.911587924548702,0.425439747345032,1.22628590170984,3.41733684373311,16.7036208478678,117.990487800288,50.9564807238657,1.22887746376099,214.816542258134,82.9776863337735,111.04808955229,152.431724759748,0.264888063243819,16.59143726137,4.57143232196953,24.8556518448457,13.1910846610211,11.40057672217,0.0163334865033949,30.6171723056565,155.229213699931,15.4213428664808,43.0293031235368,18.8012694221775,35.4700825150417,4.49705100619814,12.3660024868881,52.4047668128848,211.850373204718,3.36201230497355,194.472349313448,142.313385756364,5.10793538068691,488.214830280857,30.2704277963084,137.259933583455,20.661582643342,18.2286637478293,48.8735117494165,0.0144594425962287,77.3239124989867,56.5991286737499,178.827534433885,5.48141166019732,214.093601221166,68.9234501619179,234.63369555441,53.957162573468,19.2087924625423,0.236227490720788,42.7680430352055,45.3520888280294,247.532012885597,17.9583717744901,140.80965542739,123.2490349983,27.4960370410646,102.602491067013,2.68576278292181,23.3549239006371
"GSM773728",0.379528661161154,0.0665365097732909,50.2808411126573,17.5711127738821,0.0231326832318949,21.0112400434262,8.69674081355057,4.60870772944973,56.8294871420193,116.099394950539,18.9848685957002,2.30162358625625,157.21618705568,79.6439639667996,6.29153047066344,0.0507664754948073,90.8242165012726,11.3629996045655,70.7465169177426,19.2398108635075,150.655600633853,268.051555030029,55.3410604458143,14.9055859309444,23.0360601845605,15.031781104358,24.7673616337821,73.3263611559757,0.303216594823999,5.7071782847726,0.815195336891322,3.67170900309241,5.09772846390433,294.712922340461,5.05509923273244,0.16193686312916,44.0349207967944,0.144587938957405,21.1233249063252,1.00660590141523,37.4051994044111,92.2172598866375,12.9305168873751,108.504609250704,16.3016260771284,47.7329704749318,122.230801957323,13.4743115157685,107.838481192642,5.62608329436734,0.0571195095152131,3.46070458836573,0.00948074262875503,13.7188997693327,9.39049368975029,46.515644145737,19.9754185693484,188.62673119396,26.3494131524101,0.0112989333610174,70.2424204121792,12.3650405732913,40.0376392985064,96.907030169533,4.72655437333713,204.414568268439,556.124780988805,12.1006633570659,209.174377752554,8.83636894373579,216.719515966444,59.7939991154973,128.247117062737,59.8673622906017,0.766981410781136,201.379778842463,6.67079551611251,48.282500648249,22.4190018372907,202.746526589025,20.179101449699,0.188217583688402,58.134231496754,13.8031381629231,324.165854112927,34.0587911642877,25.8643006922353,239.054782133157,8.9954623520601,161.541902005683,135.556908847698,66.0516317669536,47.0105849673023,195.066284215966,11.8145295662865,68.0986153894554,199.001838716097,95.8431661227399,93.8905952466228,39.4446611398074,137.805689632325,17.3527773348315,19.7378543706726,138.465966491255,40.4966351038501,34.2681181335325,40.8750536330396,74.7919447573547,206.330611030485,7.36772999386465,0.752166230077787,0.0897443526698482,0.133719334688922,18.4083895056615,48.0117010431039,172.70631282852,74.1876794657785,129.348362968267,12.3250052147885,78.2033638630477,13.6276317876769,12.5520511735398,110.239366714345,12.2101490884294,27.607555680414,19.3733326982239,80.8461988180042,60.7705565757629,95.0175018389213,271.784912119851,624.091050236308,4.05815932118724,8.4439823070147,6.54278456755396,0.217263579198119,227.741696639728,532.110199745104,166.06187001069,0.55433242371272,0.732363044517801,0.814700473224932,3.74706283501112,16.7041416237309,28.7871887623564,41.9119713010725,0.842578222822632,206.607570220984,83.1558314275188,128.779256186147,125.571647979939,0.203771888706851,14.1229434698225,3.49012370223311,27.6221094860681,11.189165472463,10.2138726602183,0.0174081706913369,12.7359172972328,108.934841182076,14.110242902333,25.3778560431801,21.6079984889269,32.0694373063795,5.21443064926229,7.00506280242866,46.9417974138822,153.923016199201,2.724591459968,123.136985124139,105.66765731324,2.2431804141691,247.108383101929,28.7643486820866,129.715658158458,21.7709967979237,17.5810557233996,43.4842396701499,0.0129235929537495,56.2003981344178,34.3719197802476,94.3056097401645,4.41946877774344,154.520589783972,32.3789780739458,121.842299174572,31.4308093859864,10.8291523213919,0.134678000440818,35.3821000440301,17.104282266082,172.13559868038,12.3650752994152,102.392170213658,99.1661090126167,23.6537524483997,37.5053031044658,1.14352597618867,6.38142994219739
"GSM773729",0.223394856920412,0.123630747311,70.1310667381092,11.1790090408076,0.0238267582384233,28.754327941499,10.4053486557883,5.93376905288991,35.9852451874688,131.20457675716,18.3762137039215,1.41344188779671,233.633119503767,86.9535680542372,8.86051073074072,0.127310977656241,98.766298119245,13.7920419984664,83.0610627879232,8.97197537603471,212.429710776653,191.948071394852,77.4720456825823,16.1175151835509,28.9893573965614,16.0385862858773,19.2802888668745,56.0324098274019,0.20284065082302,5.48742770292444,0.692635328971695,3.04684165735186,5.06682132795016,300.547669640155,8.34946061266898,0.190161900836486,39.1481264964196,0.0797808248591697,13.5151998265676,2.0686260297043,30.2591346074073,92.2149076063206,14.1640379940986,68.1301260041942,19.0006377447588,37.4280192757984,143.137451697754,15.9467621796875,136.252138204485,2.83188006358279,0.0900506058996337,1.5196956117538,0.00563728143536883,14.1760778124106,9.70362847860834,30.0663998351974,18.0015142563702,232.119220356257,27.3354362779845,0.0247626291497311,56.5212949686129,19.1937101239076,38.7206049352117,121.945123491909,3.7046488615151,157.034478167667,613.198883953765,17.0998848127714,213.750591579934,13.0668415733056,187.874397425141,87.2919833294708,172.634870434092,71.7896945007848,0.651796080132848,174.688820437881,2.87361909433066,60.2145824883244,19.4390939218078,174.393851701978,19.8946445555055,0.215166827074376,101.245452532808,22.2951768813243,294.096541982644,36.6593885171342,22.5383882734607,229.573421738299,18.7796996166506,108.031242946649,91.2207003131523,42.0819782650872,39.6735837195867,148.559648996372,30.594114018601,70.9585005254961,211.894385692638,119.588349636485,85.8112201103435,41.7544302237528,167.672735431525,23.5829714944502,19.2108589237115,100.01717430436,56.3298875757164,41.5405629778776,35.6116979493702,79.334484155755,204.385834935028,11.0470007943815,1.35963020026933,0.247147406947404,0.349875121269152,39.73493021558,63.569105488111,186.505184041355,90.167648864612,116.479378657962,17.4190223032766,37.3559520465098,30.2661075792161,15.6446234079558,120.17601220861,22.8545248135632,64.3318554234762,26.1717869944569,110.500991070419,49.2262811801883,94.3858626801192,293.787519073962,509.711977739956,2.77955214720503,8.07490346475376,8.13647218763723,0.153380673521175,356.28117760124,521.007660749809,132.544500381584,1.28171698935086,1.28160931607749,1.31763914058781,2.5120336487306,16.562853152487,40.5710433375048,38.1325741551418,0.954518019299577,162.788518149389,55.6958342516891,130.098602661662,87.4822247505553,0.163413179978117,14.1934354962466,3.72440558693874,25.209790496931,16.1128978028428,13.5455523645331,0.0127770634115143,14.1515324452341,111.903507186222,14.3295835932195,26.6250345419073,8.16704712452006,27.110440992893,5.79737413909527,7.83261785613938,37.7359795246193,116.763127987257,2.04497877633431,120.957696523359,105.467026673819,1.86229356035597,244.614757459817,25.5119811183699,67.2610720789075,15.4955077709529,17.4378921913246,55.8114149094401,0.0159360618997778,81.4347225967365,29.8074149311276,135.678040925446,4.21720997419879,159.621301712559,30.6109790823506,121.226318602097,20.962915625731,10.7409483610905,0.283466217107036,22.5833293348214,17.3954164020266,202.552575147854,13.0424516456705,102.42073417236,61.190641332864,20.2682952086958,36.8555419103232,1.41394470395855,12.7691972124608
"GSM773730",0.23973508310769,0.0346434912125501,47.2059445579701,15.7017162486216,0.013936799364544,25.5304799085702,9.73584044887573,4.46907705476704,35.1239559617499,93.9235953593179,24.019464660946,0.978132783728487,196.842382844434,85.6916892261827,5.45962246715656,0.0508572161320536,107.356427618666,13.8856966813747,82.1587652261707,7.55778680986119,271.543231152125,191.709755851602,58.3019312894897,17.2268934881122,24.5804399996748,18.7712548201208,19.2828650913312,68.6004652178544,0.306626027349821,6.50579670974931,0.762656467876653,2.92890824895138,5.47386522902725,247.829010153017,4.11700512500932,0.0771526290867962,35.8661293065226,0.117763539588944,20.779236540711,1.62242108942443,42.5660626947899,89.4493324801766,12.10533487585,65.4731763718502,27.1925523636629,49.4558146336829,121.041693636353,14.0401668127718,120.404107999119,1.94231145278548,0.0643161085292131,2.46640001862297,0.00874430137203042,17.4533252387059,9.80541794301689,37.0159300308517,16.635993926094,167.558849121774,12.695966703178,0.013876080778166,37.4797083432449,12.6250829145933,53.3922235955018,113.709779617753,4.57504270562182,169.678188390106,547.541993864609,12.7957597796964,83.3359249696031,19.9285170574623,237.956932800319,64.9870640131027,145.541177454482,43.6720509371238,0.965164843674569,132.220479168738,5.54850822436905,55.6017128279794,29.7338563690588,115.621430043016,18.962231269115,0.242235219705156,64.1527863696072,17.682840885318,313.53781489446,25.1608800948541,17.007601176659,180.046005386005,10.1162922954654,98.9371153874818,67.0628259290025,28.4294848076382,45.8263343094954,168.279586577163,2.11971721169266,55.2666720498525,199.804619369384,122.813447184844,61.2761263876052,35.6892278416923,128.824703074384,17.8326658346631,17.1305367374879,87.401089475874,39.116272956003,34.2194281646061,38.3003296059194,79.2226662611587,162.887227483137,9.05944380144262,0.717749958998735,0.10303345608567,0.121398948581006,25.1866861960663,50.6794205059103,147.675745405021,89.3140828310141,50.4956803665945,11.1727478785548,47.9069159680758,8.19131280805972,8.6067349638317,101.615616988592,19.5449301801099,39.5369236220799,25.1725944123176,77.43611664027,52.8294907260925,49.633494804585,325.676246883526,410.303120115226,2.11937747133388,6.76570131537248,12.0007853857699,0.138638870019797,246.897981162195,405.685553715154,113.763942806342,0.419967430889195,0.402737069468739,0.74136718434276,2.26098182550022,13.6437168246348,31.2612812395562,31.011540995969,1.1508273044942,199.815605661328,64.6947108286712,130.187214358651,94.4559296656989,0.193915994874751,10.2472127253764,3.86093168955848,24.1008229378961,11.8012080393354,10.5722900285304,0.0111101423236387,15.9984217264525,124.26795990163,14.5973874448736,25.2307821523461,9.12592987141093,31.2638634568757,6.36335010952614,9.58329832733975,35.231393482074,145.661594416608,3.2310125722039,131.026549517823,98.4627678872024,1.9834950151425,229.067957970804,18.2323304051926,63.2613372468884,24.5010459330772,10.4701984008876,44.3822932318743,0.00726435172191321,57.2752054549461,33.6390334636333,98.2151608885108,5.68039001248957,130.152415470274,26.3695312680235,122.65829196055,21.3082242530486,8.40599523277422,0.0810380911866602,28.7332268374428,24.3592142344225,206.631208538939,15.8525379691386,80.4236149787101,64.940219933813,20.0857540351256,45.8814916076419,1.89837243201133,13.2988790417656
"GSM773731",0.169938748360364,0.0417985060415433,61.1331778125438,6.86332889153624,0.0225483057244396,35.6593680621353,6.60820157487293,5.72192968301393,38.9836629513267,67.7694948470866,22.6474006927732,1.31750651414541,149.532303701497,89.0786103199439,6.7934824767825,0.0569146924598818,101.110335848501,13.3803607504892,77.3388342298351,9.94784943294566,141.771044829649,139.308223834468,52.6835502105169,17.8748320287024,10.2926462831724,17.4623107054925,22.5607006685372,57.6116648816015,0.225607718770327,5.8174590826719,0.878061619683413,1.88572413610089,4.50985946180345,131.303636326606,4.00933346041919,0.162137330232753,34.0654603325607,0.184385520403689,18.4671390665365,1.35841148846048,27.5364749842726,48.786507865344,10.4083174045358,68.3638994221172,22.5571852302486,51.7823263152913,91.8395641301902,19.9095958626895,53.6806437309187,2.48115891453777,0.0724786862620777,1.35792532556283,0.0127758708887697,17.615872606218,7.80721529062116,37.5371122835566,17.7502976554407,188.051435257979,16.3453872653243,0.00832327792780065,30.7945008558887,9.19409425890084,34.1207360669067,96.3767079583241,2.37941858437675,133.121733409851,369.875863768457,11.0487895498114,100.064600306966,10.5546620655818,183.824878627905,46.1266681293203,112.810511663773,41.4614469629783,0.547778572039078,166.803127033096,4.55586958433791,57.123148083532,19.1815763157867,98.8984525792521,32.737698888181,0.116882782241728,38.1295864453716,11.170953449781,296.826020179188,17.8225103399519,15.3999958197666,172.594519789121,12.9515445549081,94.7417344922482,67.8405063148832,30.3935414050655,45.4077953809806,164.003641300874,4.82454749596389,42.1054646580244,188.59089138701,73.9541140481198,71.3609997678585,33.5787852532827,123.959180737381,14.7785811658913,16.947216921332,88.8015835560969,48.5321189939664,28.3852433123536,45.1523655805009,67.0254847787779,162.74127295472,7.52046159440586,0.751385711067732,0.113254005192406,0.0690204164456401,21.7039977021598,48.3524823952855,136.391105758415,57.1320079510718,114.538280686135,11.6242074236663,64.4843447224531,16.0460463936701,10.9796717669576,81.3923676366101,6.31556573405254,20.1225837492372,25.095937913426,73.5300447259602,37.1974079294671,107.588194079693,138.147460156402,384.090345465199,1.389025450922,2.02098960684895,2.45441413039227,0.0985122846199725,136.909474782936,342.28669972403,102.084988120777,0.349904397423131,0.309272529126025,0.807168820057405,2.97081033570503,13.7280091634064,36.7685042939275,30.7175875216176,0.933365810000127,132.600546174328,57.4939402930943,100.155311144133,71.1697387215452,0.26613374530685,11.3153945301113,3.31075720310717,19.1710996753379,9.79265445970553,10.5449481498119,0.0120174017589895,12.0968076256375,129.606454270883,17.4836723813423,20.7810002470372,10.6015564747741,33.2423729471487,5.44902972990591,10.4468090318838,39.2303737795862,140.662370955806,2.10926933019214,121.165358680532,80.731094294701,2.37582181547485,234.405045670249,23.2199697770439,129.366768543328,23.029075926603,15.6357826165057,55.8410107883788,0.0164200007635653,57.6727943063196,20.4183195645612,96.2325799474027,3.50369552668556,109.073969993076,24.7282500870879,118.24282841072,22.7551429949853,8.75337163956682,0.0944703823744775,27.4880897596776,19.8911774348363,209.165785479911,14.0399374391719,88.2258568703702,72.2913524278969,24.2997661446297,39.9858887593694,1.6259630804728,7.18727995108394
"GSM773732",0.120306767479979,0.0511427199326519,45.6442056907818,8.95762068744766,0.0183784247902961,31.1613785044606,4.2129613523988,3.80424884744748,51.0672708195138,100.09416087469,22.2963718208012,1.5694970632666,174.639721605922,97.7197171761699,6.71305716557848,0.0965663049694312,141.050966792799,15.6187288357205,76.5291238923297,7.07423461735325,169.143043618066,133.842330653303,89.2897794197736,18.8435919251503,20.5337504668502,17.6173441971553,24.9089189223387,73.2600223784959,0.343795019793477,6.13406126097188,1.04656924908064,1.94836006140145,5.8004756761833,260.568935846468,12.4727307063416,0.0853760535928499,36.6846950491541,0.262282958252062,16.3525802331039,1.34274076716822,18.2145267380066,53.7379379395308,12.8287657071258,63.4754803312717,27.1798781225492,58.5178316499852,124.772429798789,17.017264515683,71.8801247720655,2.43897963510367,0.0818600498251412,1.14263302850285,0.0106625628121977,20.4618173189277,8.71343127232478,35.889857435203,15.82377391363,200.799744144353,19.3473896310822,0.0109505002324526,37.2357856976056,15.6744778721747,28.6843465159172,100.202573131906,3.24777667327892,182.127045678809,508.467501211135,18.6207788465327,194.528092938166,14.2728919875747,187.724083392871,82.9223387881544,156.55467205845,38.0135896824452,0.639406400032505,152.31086013122,2.66890985583945,62.2378669145223,21.4196949882257,139.028633516237,25.2438933502079,0.170824313370106,42.7066684610968,14.2631925110948,313.305841342388,21.8279233042985,16.5974385466818,170.365432620916,12.3343217935269,89.9145230279654,61.6595636825386,34.3449295672864,56.5341094599022,189.280092804608,8.17033681108226,64.8740728684034,226.067971121386,77.4680439246387,58.5107357766997,34.8476443553458,134.781373986687,14.6707404860979,16.4957849204855,85.1108528645988,60.0435415983366,30.8328522203319,52.4312073596419,56.2699401022677,177.832711541887,5.51818492632275,1.12464801417303,0.152649432012724,0.0708158833485966,24.7345475439426,50.5233105369442,160.116855067245,86.7520323008271,76.2605279544497,13.5535245606167,31.2394568153332,13.3877430975343,20.9039731517446,78.7058852539876,10.8140004382391,44.4038026385673,29.9098221121375,104.745567365576,47.6883949472736,193.611822557366,223.83457002286,414.714585996245,1.48106417424683,2.95544686059835,4.42668752852804,0.147536885289883,284.286557291413,492.797772578869,101.395994879893,0.302303729474787,0.19733712991107,0.839992676701748,1.9860599153285,16.2209494743593,40.35355000651,26.7240058227723,0.839491922056362,138.152657174628,45.0836878026017,113.54856431482,63.1942397277682,0.270552095864509,18.0397727749439,3.5352131462604,19.676746056888,9.63105870852008,6.96312772345069,0.0127031367068104,12.6835141422862,110.745700136547,16.2455003644757,26.7127713102344,10.1985126827422,35.0930999806925,5.63244685595594,13.0313088781427,43.3293659564951,134.964969692236,2.09433670112369,148.86611374202,75.4772558774096,1.66570187052662,222.179461550775,19.3646057404206,121.275680705618,19.5873163500247,11.9572932087861,46.4388916185667,0.00900913481045122,58.697741662681,15.8386487532204,142.345827028713,6.08474607324073,138.047271241205,27.3512721995453,174.135243818718,43.2844885531489,7.80744806056623,0.145382293743683,30.9893442535371,32.2592938671736,213.904663750002,15.3417098513912,103.312170307778,126.561593018294,25.3542651585618,66.6085746126003,2.41192858235427,10.6608010243203
"GSM773733",0.155153879398915,0.0334721515623414,56.663080928177,13.9377321290972,0.0158788253704356,23.0965777115373,5.79616192118802,4.44599551558851,42.9363877830913,87.6846644004578,21.5115244473393,2.14868849801811,151.917946659286,86.8286830205063,6.98265104183241,0.0940564493423717,121.937703701558,13.2486071595005,86.8207249318715,11.2849102982212,236.419646176992,147.760851943797,88.4439937584764,15.1976340174884,8.90644593097839,14.4867700989317,40.0355088190599,77.8200897485832,0.514735785475905,9.61628014821433,0.877242912751908,2.13318383400262,5.53136151217968,197.065772411488,19.8720921347529,0.0715095174699068,24.4274333259331,0.184357307503365,18.476781728882,1.25161979721773,21.0142783705954,63.8735265343254,13.5180285537404,70.2811705867734,19.6515506496075,38.3245902607291,118.722752085259,13.8899234126846,57.9214080498441,2.96349862052019,0.0551162556887672,1.60611257275055,0.0121138368152115,16.2762332204965,9.26786179679243,53.8393906935943,17.1711650206063,160.988677261131,12.6933164580315,0.0145649249387399,25.6408432022536,8.20120172071748,38.6406099668343,81.5580589197294,5.84739096716337,107.445941226294,468.890649197649,10.1143973531491,126.229786836703,19.774714687856,186.11508191442,102.845973351274,113.300522749939,48.2004613611804,0.92415201048084,164.659401252389,3.32055518428446,71.0641431022648,21.2259484635323,106.802757716547,39.2574607522524,0.324001466550416,56.3056569431397,28.3219657427742,240.873425592693,28.2995618952066,15.4754856096101,152.878317260884,7.65740454196309,99.8069040174347,46.7476866030618,35.5735855169228,65.3178366811625,166.29531961745,4.72174362164086,56.0999037684868,189.492167470069,63.1473082175102,70.0010476964005,38.5626281842929,140.371633373187,12.3354516599287,16.9374365385601,100.98685835978,50.8543011968392,34.323631493788,45.9583308365042,70.5695046391284,186.987909019183,4.6976974275453,0.712171743001782,0.127905954832293,0.0244284476228945,20.5498739064905,47.6323694070528,162.167254235067,73.4767196917328,25.4764915714431,12.964303610078,42.6657913086946,12.0445932590869,9.44384071984452,97.4114382888738,7.46842986582436,27.9010366953586,35.0679552652173,98.4629143941213,39.7026466750639,110.859851715091,151.750084146746,433.954185195422,1.02594503177889,2.30886239922995,1.94941213417543,0.125438496935146,283.346315671936,431.005449629578,92.8208170797729,0.207401684340558,0.0807733052910653,0.601446699551348,2.44828125928797,14.0063851239962,36.6694056039328,28.7911429375487,0.712784383619566,173.47880850301,55.6324166926834,110.085471119085,80.1749357031853,0.31188958900491,22.9903377169518,4.44606202634014,24.7709006986882,10.2296839959314,8.32534725565539,0.0150981764893308,27.6496603634457,120.510194959617,13.6057227986088,36.5585895018334,24.7955955104396,40.9413650736261,6.6449413588188,22.8933513944033,74.7599792915191,195.854376339926,4.84730455905455,157.216040948557,106.939774971543,2.68015661933968,227.90324796411,32.7362389784331,111.977004643359,17.1554372612693,17.9521843724526,49.5585124139,0.00851168405644035,66.5111359286538,26.6374090027825,130.365471694899,4.85253779190402,128.721937561251,37.8324314944733,119.582137463194,52.816497110328,11.1122076536851,0.0782966162362849,31.4053675242454,29.8336028087577,165.417318803181,16.1168446974519,87.3542055204675,128.595838369331,23.713680321331,52.4129649613739,1.82269233143212,8.7215018635624
"GSM773734",0.0958269126087675,0.0179897467347444,25.2695433032119,5.30400715240572,0.0136717694833285,36.6742610427344,2.10229018530358,3.36332445216154,20.2877607564807,53.0913562834335,20.5969990538322,0.946424626966067,120.089092373157,85.7689965806048,10.8728784229265,0.0375109901143854,82.3626745366351,11.5957554965198,70.7505296766341,5.85825684266922,56.0938596234698,96.8720909374613,49.2891496213323,14.4853864735946,4.30000668392184,15.078771078396,14.5167042204078,27.8565739426179,0.155461608814285,3.83217109092575,0.876443054304088,1.45752478700342,2.9893155958844,115.167658434487,2.60417982579842,0.0617492497512179,22.5686224910727,0.106785443704488,14.0747674730835,0.92350881525062,14.3970940994787,49.6480227060493,8.73969732604236,55.1550353900925,14.195101641031,67.3005522068518,55.8640570143495,18.7295582351769,41.6113200706395,1.60010687827987,0.0596110642459926,0.448239437283617,0.00937238428698127,16.6857976281155,8.84511337282921,31.1232250361944,16.4117675646219,137.79763096894,8.43893553404546,0.00625814195917872,28.3971861512883,5.15848191170104,19.641127351775,68.9670640513287,2.03512214478598,115.362884930844,271.81260556313,8.6113763464531,131.801263978138,9.43299299582507,146.882722211512,51.1838057721259,109.588438496105,25.114232143368,0.437294978354898,145.359472043228,1.80200084405699,109.21262340422,18.6781656995825,126.64126827883,28.7483409323219,0.108779530627938,25.2539650531456,8.07857672894328,230.115984133005,19.4740263998644,14.725860226789,135.102240101557,7.16480505985394,120.062259859168,58.957112324308,20.1602151230745,39.0580911501827,134.705417699816,7.5023877981006,41.8466885572583,161.298572822275,51.153148646323,62.1377958302528,21.8916692318658,100.200697377481,7.64503735396498,14.8544026194766,91.6595818177918,41.7712801151664,22.2431704761408,41.2709046930155,54.9608351017276,138.188569037066,3.29040755177479,0.599343321975144,0.0826508400970443,0.0391408331375334,14.4613461770684,40.9937570288298,136.517069354894,60.7696345468077,55.7914854658203,10.9882814358422,55.7886788067247,16.1391746363761,12.2538457965523,76.5734272242586,2.85418205398754,15.7205067701596,15.6967916232789,113.898584353678,33.136625226734,94.6095444918995,163.66042707498,342.423440776613,0.680409681711243,1.12390226954246,0.838313052980548,0.0977391923562237,109.262030762529,269.964770762503,74.4550814421081,0.113068388052771,0.0909778589498498,0.428519437476422,2.76178198640169,14.3387873382835,32.2922711661535,31.2472863206735,0.687532113756355,122.176555146955,49.4060965231089,83.497817962079,62.4358221975226,0.221348579567779,9.99079412425398,2.19809257837003,13.5068682902445,5.71390869094935,3.93124138619763,0.00975198817618766,12.5422491769474,98.6230378549981,16.6310895741787,21.4100221737532,6.60505854627248,25.9749074034703,5.74692945952771,11.3428474269578,43.1975682225943,131.215081348665,1.46957604682855,128.774310008635,69.1242586704035,2.06137518782591,176.170662958555,11.5035780806179,108.340752822488,12.631711415101,11.160595793689,41.6550492721886,0.0255390514222276,36.132542881308,14.3239124806664,80.9119635901697,1.91833459546886,98.7381858647364,20.7212961247192,90.1497203769063,19.2841876257062,7.95118992113001,0.0327268925480043,17.979295597846,16.5632904923358,116.690504502107,10.7351884425299,83.7355391820856,40.4626030150466,23.7046196689388,29.5528856601621,0.833124151853643,3.03546316870161
"GSM773735",0.0525428981629162,0.0185650066448005,26.7771638500083,5.21540902884014,0.00953786221507895,19.9510792434395,3.90637311855384,2.71137603609811,23.7727174966258,72.6434865226884,14.3022802001827,1.20014938231317,128.951809796117,77.4934324230033,4.44604793318719,0.0420271924351491,49.748774285805,11.2307606082317,74.5246391130381,5.96596819850849,41.6811769901242,94.6247448257966,61.9839321220634,13.9840244835771,4.37444470697123,13.2257248407037,8.83937985799484,23.597403232964,0.155490868996371,2.40109556656571,0.651046031030919,0.900007753385478,4.18449346639726,83.0904841596193,7.01032805033451,0.0622954018728696,14.5634727855974,0.06934870757226,10.7148312821011,1.20107184082658,9.9250826795608,21.5754450440823,6.22306117908849,64.1465396255706,12.7773209674988,35.1468993678082,68.9286282814538,11.2953382915153,55.5394907921248,1.56983480242092,0.0450740937366032,0.391358782436539,0.00627498739313586,12.366280384749,9.69123646305703,24.7130404353547,16.9553370562027,147.53059118572,7.5694688802182,0.0169052128215312,17.7387074969319,5.3607334546049,17.4029363228903,79.5954604584255,0.826543013502887,56.6262755208842,382.297440467778,5.72918832867145,222.474281510512,6.8447656430876,164.488077225149,34.6840432809495,111.309762201368,33.8472708303962,0.224347808032119,160.970147479541,2.3118705469304,49.2506946980225,11.7576247181604,159.942133749258,14.8421731588584,0.109709330100165,21.5169485974382,4.87188652271327,211.195858913988,9.21367856321397,15.2510388948498,133.841553863495,5.25744741052277,107.872215639192,57.808929879627,15.5426279931945,34.3614822446303,149.06189446757,12.735290073002,33.3185754720128,173.27335001978,63.2114160911832,57.7595771564761,18.9447434181968,108.770772485574,6.30312322115087,14.0296946485782,80.4923557641728,26.9051819785056,17.4284386789965,33.7002266571394,45.3109481984134,133.902920154537,3.04278573017023,0.376907230143428,0.0624116297569452,0.0402867774131228,8.50855607217569,26.5918280721493,123.40768262479,47.1825796207082,61.8513967301552,8.41370106079935,27.8996699955144,9.96991401545394,7.89842321978621,37.4940633561926,3.48622086731791,14.7967273357947,15.6164715786008,70.1089253938902,37.9545190752525,79.6785249701424,63.6776267239772,414.29742151993,0.695474988260518,0.921916344132,0.696324383173011,0.0524363315819017,172.200078396638,387.37899856948,101.271987298829,0.111274640493393,0.0672679982568878,0.423323944804585,2.60704199242013,17.1215687404452,22.4944873909811,31.0851009433499,0.515771276379543,132.665317380185,40.0976679251202,97.4867875595023,54.8875427603183,0.168961327472099,8.11005369814847,1.70194850816177,8.97811932844903,6.84364677329716,4.0143592047456,0.00463667227155894,5.12180411101566,75.4934672805424,13.1912583225666,9.91020055880328,5.51746856922201,14.5726334505263,4.82500441888514,8.01312930576278,19.4288276732883,129.501263785902,1.11319393516649,127.568539395219,54.8756227571976,1.55673057600189,196.522289881229,7.94371440789378,59.9417823711403,11.0236830604769,18.1771713181988,35.9737042347385,0.0168729881646278,45.868088115928,23.2415795814488,84.5331140660103,1.58786194524884,130.073058336162,33.5822666153112,116.44669773951,22.6354990273458,9.69806216236712,0.0345105648045728,8.52516463063746,6.90339612711954,111.332177432792,8.00672784994843,88.2198169555117,59.8765640967542,18.2975721181668,23.0343155880771,0.684073327787168,8.7521882211712
"GSM773736",0.0946956813667139,0.0507290915854771,28.1481305758607,7.87296741099578,0.014102311923677,34.7885287920463,4.22080354048944,2.95764066435391,32.8933728379533,68.7592427799655,17.19568964577,1.77101755245742,194.297990765927,90.4916452303506,8.33990760268113,0.0585256370652974,59.3489547784783,13.7165244621547,73.5972377576737,9.1899224211369,114.008078454819,126.559175221141,55.2512766950233,15.2266623362344,10.4045632545943,15.8214611230969,19.4041165407596,41.5052509939036,0.158455822048446,4.6392882059403,0.781631295127383,2.47418019782816,5.60525120091196,212.032350722732,8.09417533779239,0.071148756693318,31.1500062863299,0.115608772724164,10.5656793493425,1.91533646547912,11.428723311275,62.0185601000256,9.73832680613774,68.8764239888701,19.404385025466,36.417266197011,98.070775431975,22.3168703467085,78.6865105747341,2.37078335861171,0.0663015944950353,0.85543428681096,0.00864393132196926,13.9350014561968,9.99959321834965,32.3012570817824,16.5002565467025,156.230935962117,10.6842472323198,0.0137345776039118,40.4975000465537,11.2158318507487,19.0549814057117,91.9535693074022,2.5325988822965,126.281565981369,431.474613082298,14.1744444643841,227.160968350432,8.3564397859875,194.689065383898,52.9493625822746,152.340788210372,45.1420432872017,0.425872139306422,162.214682016348,2.42165591219751,60.9859984572689,26.3748979820859,149.825372994904,24.9714172371998,0.142903374382998,41.2489190362167,11.7696937400948,321.301565455105,28.8516638544764,16.0412406100266,140.823233555786,11.930660640832,103.252866418089,45.3339435594468,42.0939096720594,40.9158287651214,156.443046682017,13.1745622090446,44.3042566655963,199.661907711112,110.251070076704,62.5497562850693,32.9283969320519,150.659604813832,12.6076645001382,18.4851144327145,83.0472325418291,54.2180443274509,27.6206144415701,37.126421015902,61.8340463530863,190.09800936883,5.46464896045299,0.811381515012802,0.109840133067442,0.0671790056334378,16.8819404207388,46.5952561863409,147.898313993445,69.0082129699757,108.97809978172,13.1269250926482,35.6096620600715,17.6746290149917,15.9682913488628,99.1458659478434,6.5156399620526,26.9132908408508,25.4199322350686,89.2874610683643,45.0047845038208,72.0590480521002,216.375178192362,543.291176245797,1.30539224146187,2.15660373005162,2.99006806073433,0.132198721298735,248.021029176978,414.933871963784,93.1182174246205,0.376029178634304,0.215243274192155,0.644680972763353,1.95602663155282,14.0867113699266,24.9098539440234,33.3168993954143,0.823231101348066,160.891345562451,53.084057857146,131.957440495567,77.7099391715553,0.226311288019421,14.3594762558025,2.41851907068716,18.1366596377197,8.41465583073726,5.76572175779291,0.00939975750222985,14.8446896294796,100.863507918588,17.8819780110896,24.778290662116,10.676744296339,31.3178186637805,6.17388391229492,7.83606630439579,41.9686428304526,133.83811283965,1.3949181499554,108.444605727547,72.723699589579,1.4410856020954,230.432033917879,17.8560282579907,81.4394865985858,21.2820086029852,14.4974143424575,44.7436352853292,0.0101296113218549,72.8837309100999,21.1317854342221,128.195392902095,2.57735934461106,130.172548155022,28.4111309762105,113.179092248146,35.9921012759139,8.6916641974147,0.0764626814357327,20.0583509869085,24.7187210213701,161.535170378412,12.3392603513079,89.8972099714547,71.8434040624262,22.9636622234476,38.3522185338098,0.839731059590167,6.39042173669371
"GSM773737",0.0507273248897074,0.0183071372263733,18.3454464813675,4.43085189999061,0.0133394952532546,28.9468991405533,2.47229100469099,3.36533667776553,31.0471341962711,60.4934788070003,21.7402039300882,0.796499571225283,153.905435355931,85.1408386359011,6.36518153754723,0.0429909601608457,95.593188082199,13.815223129559,90.5373305405223,6.00412321533909,105.86904097795,90.538166393159,57.2782894066772,14.7022374825401,3.86435974125081,15.8001454820381,17.9946796679351,38.0353133921316,0.198799266794754,3.68960841266361,0.900688194933056,1.16274354828222,3.40991686142913,87.9351888199851,3.32229957837954,0.0536528348386557,18.1039594598938,0.121766617344391,15.5266507831667,1.06630448396261,9.65168573163669,29.9739193965681,8.65350626160654,80.3017735087646,15.8459602438532,47.0694209490157,48.4739717815074,14.1404711051008,48.0173268253873,1.2387396531448,0.0622927836611886,0.180686515704348,0.00877567347635128,17.4286283194548,10.6629200112882,35.466027841171,16.4608640540477,128.557980072437,9.30994460132146,0.00723982164708127,22.4357031937831,5.64079496874667,18.7959506622456,67.2566583754439,1.87763299462549,89.9891024151218,271.245984281948,7.3898326138098,175.193621496871,8.17914859407066,154.006647826905,33.8740113214176,111.746881564158,38.2655471996685,0.286324643782008,165.467407636457,1.36265757406387,59.7203488524836,17.9121353734003,146.101730469687,22.4575107210683,0.115712277199546,25.9843069023519,5.50536050992156,250.658088697735,14.5075921721685,14.6613144995663,126.870211278844,5.61682566150261,166.885558226427,53.1860289715402,19.1994260274819,37.3280557162369,135.213860896463,9.24183253348327,47.9603530454715,160.628276983285,77.5868184390133,61.4106679702531,29.592849620064,110.085578024674,10.7024311041475,14.813729849493,88.6748449430408,35.2208269063597,17.4153633536117,43.574155448633,69.2050962531519,154.886347400514,4.48565798802677,0.518071167612376,0.0735603986845868,0.0395780360603324,10.3659203583642,33.7877873581708,141.7374887352,65.9080582785758,62.1450898894912,9.07990198014724,49.7324150787884,11.5662434522966,8.45047442881448,64.9295782734472,3.00816418574935,15.3155244915695,19.6645692893545,76.4122878959816,33.4437516491522,192.805410934471,92.172928361681,358.737301085128,0.501084570619472,0.659378511363963,0.806242993371014,0.0737851411897935,137.339946570086,326.188133799547,92.1953821430116,0.156223127291018,0.0921553412990607,0.598917914305005,3.04793152140804,14.844676632832,29.5113721541589,32.0358774336699,0.564814939753125,149.999397845173,60.9622675653692,96.7143737399543,57.2009061791763,0.213039422737464,9.37113396124681,2.56475804537472,14.955900129771,7.44559588614981,5.01479561104833,0.00660903314682673,10.4389295958209,89.6331676085533,14.9397894278205,13.2416410855198,6.11654561280749,20.7131468662501,4.75476285063607,10.3557584354063,25.1595534421885,166.735123999638,1.65560175641884,129.866361924335,77.7075650992461,1.51922737967514,179.720040709564,14.921028461021,82.234501380449,14.4926895744087,13.9036193918068,34.67079072536,0.0118145772933042,39.4766780457043,17.1156936802422,77.2207589853005,2.19052576744952,129.55506224213,22.8774466032741,93.7448612904418,20.617325079523,10.9036828966447,0.0323631878896223,15.3869635571238,15.7503021612806,144.106368487709,10.6483649436396,95.574070961124,60.5693605009974,25.5716208855993,35.3402781596342,1.59406553178892,5.11589116615553
"GSM773738",0.200266393532258,0.0313304900905235,64.4606450451122,9.12453390080308,0.0164885690879473,32.1434982199581,14.6602564994671,3.31308839791067,58.7381667346607,135.666901919027,25.4933467287671,2.30477468079821,277.749522052762,107.513119222442,5.78923946976317,0.170925799702376,221.965155464218,16.6265734182793,78.0991791907722,13.7830078557071,151.347046223543,177.619821309042,99.7616555176181,19.8604482646051,19.4263217006814,20.9693651520525,17.8071905530032,63.0768559904823,0.480388601322964,6.34364073673598,1.18733933293366,2.8411700691722,7.62699544226115,183.830415403647,35.2663088225165,0.0617610322744574,34.5208069373033,0.198989406218286,18.5304022071199,1.07228950843266,27.1889017195142,49.8703650117387,24.3850564285284,82.4736631872959,29.292321647014,39.9909304405001,136.982795197539,18.4268748990057,98.3617002279886,2.82099104420552,0.077095126101024,1.96505108758416,0.0107275440150497,17.1359474935226,8.36133030565855,46.4213761290219,22.3373411280249,228.633109284485,18.7665282302324,0.0103245789531762,33.1054863789449,15.5742055041505,39.0169440289797,105.51761174724,3.74643207441151,165.764274298359,708.085670577362,18.5529476087809,195.802216553569,12.9640596015189,227.641501958038,126.443450550227,137.92144602236,45.018769412224,0.535167288524492,217.240071074936,5.30445138093469,42.1809898554632,9.64798281994887,204.203089421835,17.2659192626557,0.219288945723419,42.8015009102942,14.5197613967514,423.953338324735,24.7867998576077,20.8907264057472,205.502090673436,14.8773321426679,99.7001382789387,66.3493262727175,63.9451599470252,62.9346869923162,235.249132284244,13.3042040411054,82.0475379720013,258.518257709436,112.152802398108,72.8563741838797,52.4666877272861,203.752435246397,19.6941343926616,22.1476789522457,90.7876914277745,76.7725108532332,41.5995412224937,52.3219228354837,96.2750632718343,247.906643335202,6.81204895120191,1.00325725530222,0.109252720183727,0.0445436575579751,26.2246638121204,52.0091841762871,160.625019457822,93.2049031451402,50.3473895658444,11.3474934173076,32.8347684584161,9.82971671848259,12.3402579450258,95.3739172737351,9.25022044230381,38.3117820589307,31.0758481385346,61.0213106027555,61.3404607728046,47.3095221650777,129.10159170527,483.436789433869,1.49274319780435,4.20373377185371,3.55295106720777,0.160656798875661,406.517192570511,561.730538942755,100.940638113416,0.358163803353512,0.319367826774131,1.12120421173367,2.03584375680252,18.3405274024645,37.8338978141274,26.397671497207,0.902018515454173,168.803032740267,40.1093094519804,107.337969711388,74.5765134402674,0.283344487942907,20.1036380038953,3.63803612836864,16.5124378157619,17.667285042705,22.3855873642667,0.0142342177660527,10.5838944933737,124.235396539155,19.2829628864488,21.2189033795736,17.9586482859358,49.3258800212968,4.60032505814733,13.8600694850563,31.5119840779467,151.340838823015,2.92172217918953,149.734333118016,112.999886469887,2.77336334587241,271.26428115002,28.9180408607428,145.96467121149,18.6959278632455,20.8711034032985,39.6419991522102,0.0104295208215504,78.7570989871162,56.2069437241723,116.603889740195,6.78398371910737,159.452636473191,38.8180644525952,271.438029286217,43.7889406149758,9.24918623126813,0.0738338218675975,28.4667949682607,15.869903159879,285.451552033373,12.3585059349965,94.7123595181253,150.64076736028,25.3841209740839,53.8709675994195,3.84735972674569,9.88672485155637
"GSM773739",0.0808861038344617,0.017704972765588,33.1260862224118,3.16479843166864,0.00932054358623163,29.3761818618423,11.7681142327719,3.29237211598073,34.2150624307176,59.4534416068773,17.1561065739939,1.05235465268219,154.000336163151,91.494093915486,6.87822161627447,0.0374822406209121,66.2481903145589,14.1397199283746,76.9960840340812,7.75409954194201,114.331226344418,109.272416140997,46.0948831526351,15.4600865476354,6.60840799158164,18.0816384778994,14.813048350187,21.2394233436291,0.204308315965445,3.66784021366685,0.878749734713732,1.45127863791462,5.33162491306395,104.798406349999,8.6958272258383,0.0420382913696903,20.7702520230731,0.0766429428672186,14.2573550444083,1.17033932674121,9.79839220914144,32.7797203350415,9.0448202165141,58.7757846896893,15.506155813337,41.2112680090927,87.5925019882447,20.9198476243366,42.3169286202978,1.58689614085336,0.0450079884033895,0.611419651052723,0.0110748976645284,15.287746635121,8.18671131225472,39.7136369795354,17.3762318178746,136.821466727533,9.62222250713416,0.0056753572958858,21.2077696228633,6.23148838389758,21.1198596900949,84.4993734290199,2.45281013911108,96.576502436912,418.924923937881,6.67962282387142,77.5158402530991,6.79595171265939,151.676266905926,28.8772698040098,102.736216730617,24.2180637112905,0.479438783460062,162.983241214593,3.70582858210137,64.7977047226596,16.150804058047,114.195305494881,23.3230400202379,0.121386699279938,31.9400817427885,7.98213393360207,240.496329264949,15.2275453351214,13.2937727717756,137.326143200378,9.78734879227627,133.412321972303,58.3450614073808,27.237040325942,37.1301821090453,174.989008427869,4.86074584367703,42.9616192529087,183.856196620597,97.5463534459354,68.8495254296428,32.6195640849957,146.994359242955,10.1935627954105,17.6962862229626,99.3191048434378,47.0009528793501,24.0659283938566,34.8425525364126,70.3208865117978,161.255457852873,3.95382980888691,0.406054148770285,0.0420585830169566,0.0393011929454017,13.3546651464041,36.1287668291338,133.150956767793,40.188975018619,39.1410386821692,10.659463523867,50.6525875351035,8.15888667033296,6.6780841298195,55.0302106958022,3.39453284698168,9.83019124401576,16.775155368239,68.1052714671966,39.0240908824193,60.678973136141,115.629048737044,315.874690211116,1.0167674714097,2.33561773010483,1.97630980972911,0.0625232581389093,191.970163568052,359.232288087429,95.0280886350017,0.191409455757291,0.111860186916925,0.630894589759681,2.03641353266929,13.1817419399391,24.5215422407259,31.8063609714877,0.603528352163095,121.652103091616,56.4683924233739,74.3326018681585,52.5178641780463,0.245694921896598,8.70132311436233,2.50851431976049,13.1165760163372,10.7939695973468,14.3697185654732,0.00594869026262336,12.5394803526133,109.111464091183,21.0037491740928,21.483116990304,10.1644536815546,26.4991408896847,4.94470913308675,11.8210516988098,27.85138419811,140.596815143898,1.85624403821056,119.206630086799,75.7434903425031,1.7108585061965,188.843111139529,14.6430342774149,50.1063549184497,13.6193146977434,16.1174999190972,42.4251879158165,0.0127659768117963,41.5482429096905,48.1191432936387,90.0211143128007,2.23945425827298,109.203562923755,20.8386097877627,116.597139255041,18.4830033578746,7.32907798205616,0.0312223928327311,17.2260917487177,12.8816713332609,174.099767128498,11.2019875573292,87.5845143414923,72.8277380006361,23.0906006884728,39.9506030699586,0.834496852963498,4.88668514869621
"GSM773740",0.230213975418674,0.0273840087603215,52.4528312618653,9.55657429165555,0.0118459151047907,21.2678009737126,6.98454730017733,6.63377738978957,51.2434737085984,108.91145216937,20.3190401178424,1.24709643122675,205.824831677159,92.0105413801321,6.14482035305294,0.0739120536010646,134.917116877008,15.1394654156936,90.5223662781276,10.5884869558594,195.561850719283,210.566429283852,59.5791555140574,15.7935765922129,16.8150366996065,17.5134911160103,18.9678841743876,53.741849378312,0.248723288149504,5.1245789203666,0.818690810140771,3.14941428704427,5.84260951702722,376.592510889362,14.7896862756094,0.0618674008811616,32.45513649551,0.121788418135496,19.1402218435979,1.41534118283163,27.6517278665504,81.5234538954108,11.8007410323485,84.0506231539966,16.7519019187571,51.2560446964078,165.253128187323,13.3659502008783,93.9838098130774,2.19866205956387,0.0642975474790424,2.43961844045224,0.00961775146295361,20.0193899391582,9.18612139741205,35.5298940394599,19.7582656207463,181.384516357829,12.1590088367934,0.0170975254464887,35.9288697468134,10.829550922099,25.7109942468419,104.234304128645,6.18996653994659,133.113654538296,600.250030158622,10.2530602555388,146.603446552545,12.2635338590301,195.967783921094,62.741394140859,170.251052554458,45.7051473283293,0.528938583382134,189.754999036098,2.43017417923667,59.601859819327,22.7071336309033,166.028352713231,21.9949527533185,0.143328391301956,57.0050624655582,13.155159161539,325.284063716847,35.002590236452,20.7389529656419,203.327973669024,15.3918043375487,134.092111737703,105.98623136149,57.7866890343998,52.3203097536846,168.931529220663,9.50694952556275,76.6637034295733,218.235569947499,107.955992963393,105.899885508596,44.7585150346714,187.610478459882,21.6151729818552,22.9002894954095,130.170747823187,72.2186567938574,41.4853340913229,47.6722255070668,98.7983380663898,213.845798849283,9.88436987213058,0.857013569747602,0.117416174497441,0.0402548306134556,27.3857298810645,64.6473397637091,197.944175216887,114.805092020544,68.9563489705899,13.7994421875391,65.0198695894867,9.66443571911728,8.82904045063821,105.237258910476,9.37791268906654,27.6203414624155,26.6874347334749,105.576864729979,52.6449591097794,183.120935917131,186.016630230923,476.360567505842,2.02286036592262,4.40137219660044,5.27994365156876,0.135860338558479,241.259303924092,443.56820009299,125.763994811311,0.263095370252715,0.128296001067445,0.800122712184108,3.30718389370422,16.0364706370553,45.1639964915433,39.8300235984824,0.954644578356634,212.729381601085,82.253653051192,126.266661833151,92.5344046668689,0.257170969701698,12.9989175059799,3.33903722490006,24.794065173145,12.8437204304139,10.2671062189884,0.00874938869457942,11.7731405307499,123.762414111897,13.4649776034078,16.3472439166599,15.8657698342877,22.5821926289293,5.04777579496716,8.99553312578262,24.6443115383952,193.432599197596,2.34550425642465,161.355076318285,111.619051157192,2.00986697046848,245.047455764873,21.7100141957231,102.62491654236,14.9629266341832,18.1330826864242,45.5377091450321,0.00905594398517116,55.1607900873528,31.4286030712801,124.153225830729,3.95421891383205,146.718690639138,27.6456550322047,128.305499560737,34.0044100570124,12.1278644034369,0.0437697100255618,30.8085167131433,9.00969899123633,170.959083314933,11.4604866899146,107.090732809375,121.551094645188,23.2774083658286,37.8941689959309,1.69119945715121,13.9573886417101
"GSM773741",0.156011469452258,0.0430818713574929,49.1904842064282,3.28736278835646,0.0120512057170377,16.5844800115577,6.78942367761324,5.14414120329322,47.6255973765581,78.3625808889874,21.9032235624318,1.27600537348143,203.358322353099,92.8425545414223,3.99723359774454,0.0395165752442343,101.42304966912,14.7992162198834,91.0164444348328,13.1535588847434,193.837056107638,189.344502162347,51.4169253833752,16.5464872624805,10.1406148783604,18.0423775073719,12.5490500784988,42.5798770415871,0.171093658776493,3.67512685120714,0.739240456467511,1.82529438566528,5.87666189953629,201.38941436355,5.90882572692062,0.0529888131462793,24.6842638698416,0.0811303002441289,13.9550389713702,2.0374359702391,14.965683227654,67.9204276631629,8.73460484637461,71.2376985440713,18.6460774827499,39.0888737417783,129.606654218633,13.1822355933334,72.5734688978663,2.34526535019693,0.0524023772754151,2.34857247858775,0.00790634827235186,15.8080377771427,8.52462027407183,45.5282224176503,17.0329446093426,185.973646539449,14.7577673851009,0.0216200683306268,30.1442106545757,11.9618703285137,21.4182527858748,79.0839953803618,2.22534595552507,143.546663357362,562.495584782358,13.7482505798114,190.316057076979,8.18287156224987,247.885957437598,53.489720920895,135.777243742676,42.4425202930621,0.372940552212232,184.794002130606,1.74255699581456,38.7928991244159,15.1173532998264,146.28502834192,13.0864818003475,0.119851505315365,44.7845794271619,11.4867381770985,248.880376357017,11.8753202946465,16.773798092241,174.596436193319,14.5576215460315,80.1133584437294,63.655177974765,49.0365304519589,46.1818254012359,139.097617238434,5.63190447042209,45.3969533652415,192.922005819895,102.566546526502,90.0731720845235,35.143932390483,158.405765583261,16.9633846598246,19.1233283428458,106.61849545947,61.5295790537352,37.653801726126,49.8510701748803,92.2117203539242,184.61574635753,10.2429089618949,1.0409240412409,0.132408109185385,0.062842478680945,20.6509383990692,47.0380783459568,197.800084357253,100.474857363933,97.2837368863511,13.0831729495586,68.7990559967456,6.476406480236,10.7101477858997,64.705709186243,7.09248168295653,25.8911685895044,18.0095796373585,80.6424443433081,43.3508053841847,64.2285993731884,176.24276302522,478.356222390597,2.57114982251494,4.89561054246059,5.29788849153339,0.124399621784742,232.088607597468,422.981968799838,123.44109369963,0.347035847036422,0.155559315954558,0.762016861916802,2.61950985106604,12.8320864885337,41.9286204693975,36.1598701849603,1.16051318164418,213.990542030971,82.8285913951077,99.1041098312586,112.031628816306,0.184685302174843,11.5163003724303,3.19827343807316,16.6883012989014,14.2406423322208,10.0558263284821,0.00651429354132076,13.8009776628999,133.636522924097,10.4361367772087,18.3227254550251,15.7414614358341,21.3003258279869,3.62613746617308,5.66596089746243,27.6724772871907,173.924243050395,1.96397431524976,165.335259362942,81.5957570534505,1.83830657037039,234.470482460125,17.7806353518831,93.0343937375566,12.7625289327372,15.2490200260242,40.2862520372782,0.00801719077859857,57.9572263089305,35.7429070418752,101.767023445303,2.01314450878987,139.429516224897,18.9468875940418,109.852487780442,27.1012248357254,8.76437144384442,0.0531716778626892,16.1489154745068,7.30975125533555,191.343563810948,10.4113257524377,100.050199696893,70.997982571963,23.8813514099567,29.3617608593429,0.92911258170021,12.453345673277
"GSM773742",0.178514195567057,0.0514799545441362,44.0737801013093,7.53717030317076,0.0168430499034971,12.5817391570825,7.90132342155176,4.41720300124402,59.6879728581497,121.627170709242,21.0150382475997,1.9705421364245,239.178455437228,93.9800728646584,2.75344262817103,0.10537119403837,143.723216300668,17.2669085797288,104.833650993062,13.2190118926569,417.805819798945,196.925601132947,74.3088842503501,14.7415025332368,21.114493891983,19.7691448835071,29.3894254279724,76.0858858044944,0.57917454565379,7.09167583931993,0.964268630311234,4.2335593217757,8.45192529149931,288.325634068573,8.56008925149257,0.118639052697218,41.0512894393856,0.130154062586603,20.8367431088812,1.51688791616257,25.2934983300025,111.565635607076,15.256471648224,63.0526682904983,19.9413554378332,39.0910435735215,290.293416685999,7.93484502377067,127.889575467879,3.14943250642643,0.0671326088025043,5.3501026008917,0.0100453291318323,22.1853168086296,11.8785325616848,44.6893735539022,17.3924492956863,200.683627340013,26.5704441016786,0.0228092609116703,54.4379131223496,19.3739942956673,54.6603388350347,97.639134388222,5.96067915493786,119.335276965152,605.564404663668,13.8865097579732,193.653035957259,13.0318983177533,246.66715408633,95.6904291662764,155.605238451561,54.1894204681135,0.702362550184021,165.920003042916,4.69816060375704,24.0461713794219,30.2347197454725,134.885260213288,10.8352765324944,0.349875056684955,52.8735869962266,13.514185142384,353.621694236225,30.1410805789985,18.3859068623733,201.174305194445,10.9000132969247,115.650002556864,60.0452822171697,33.2349466323531,60.2542372164046,210.390010026888,14.623334033213,78.1491806598682,231.20999979337,222.156788912045,78.0323861574988,74.436596129588,199.94206416128,43.6355063259841,24.1098523269073,118.895616345619,86.8935846317548,44.7301801747517,47.1595454898642,93.1869083446772,232.755437840795,20.7856905416788,1.01237132250534,0.130811007989682,0.0910270327354512,43.6276069345928,62.7536648266907,190.201065229116,117.146055166907,55.8544270953442,11.6083146041144,47.0370570151256,11.3034662687795,8.04139345561126,135.116609538539,27.4702805678069,40.3641947053116,26.1347647876489,48.6719359727763,52.5992622182655,103.023581388611,419.406569416959,605.024244209842,1.40925045406369,4.7076896932354,7.58267601598364,0.248854902288917,248.661891887031,535.75295991883,110.061887909255,0.571116202545228,0.432568524657104,1.14757117929424,1.96702295947594,15.2165740536525,87.757949470193,53.9287131187772,0.977796927479413,220.776383518874,70.1327205722818,101.51562805436,113.595376850346,0.233314887869221,17.2257809867034,4.62496069648693,27.0868112386158,15.0497192464075,14.9130831151799,0.0145924063420764,16.9006104022894,113.788229780573,11.024541668785,26.4856344028338,22.181510904925,42.9161554208083,3.28269964731037,9.62500486696837,35.6610458734061,156.914673644993,5.16279881318944,113.624823559799,98.852581591992,3.12952781143955,287.591631665944,38.7414464033737,91.6450919061596,23.7215093406835,21.5390738217483,36.7385120481181,0.0160345716110629,54.9710910093079,70.0782794508085,159.284362630302,6.10108541369706,162.712266910216,42.015734375097,154.854199481828,33.5958806888328,10.703508517253,0.119335036191946,30.6574491924936,13.2413639052281,230.374278281356,18.3508671547913,145.333889697646,81.1400120713565,26.5254400807147,78.3575356341158,3.08468453582334,15.7483308068115
"GSM773743",0.0692134314955739,0.0323132811846656,22.2592940412224,4.01277580277327,0.0142542551297906,26.8755373659207,3.98644072644845,3.1735967359066,23.3844906406129,65.8436080813006,17.2352536420161,1.12779225600313,180.355398373745,93.474907071339,4.42325126716884,0.0619837186422718,69.3312509211011,13.9902889677383,67.9901382639938,6.7781120729975,59.4325370782072,112.646176468613,41.8662171404852,16.2881886509016,7.27967638633197,16.0737571085785,15.9500248516709,33.1367692311233,0.217221174269048,3.91857689062406,0.822519226607174,2.05143372249017,5.00397281274434,134.134617283184,9.7132037877285,0.0731825692214529,21.6784623760198,0.134034756898243,8.99622237202385,1.02560059924189,7.65990204494159,39.7110333211271,8.66344157528775,50.3377336121413,18.111762394177,51.862492836916,107.18489567547,13.2190663092696,58.5256778387676,1.92896457342935,0.0619751245824746,0.590952193877257,0.0084615923507505,16.8189715009385,9.5603918335523,31.0896284082688,15.5459073995687,131.263309119027,10.6785155967698,0.00474421291318947,26.6688301625663,9.68835737142426,16.2258578687542,87.3779411107292,2.41653827090727,105.393494053995,360.763961299453,9.35755237535045,150.373969826929,9.29892570013605,140.971029827018,45.6325962912982,114.904320508346,27.0463392139212,0.441607452204998,141.151974751906,1.59628261100976,44.467359808642,17.0970385583676,128.382367968343,21.6927579242384,0.0818099583443921,25.4647549979486,6.60064011316675,240.565656808997,21.613269263536,14.0466951367366,146.908184137561,7.82040739393258,88.6189645890337,39.4680143732655,21.8151435135347,42.0984914977392,146.506952604409,16.7146371345406,39.6326618477439,183.597866178275,84.1962553176619,57.8397017637136,32.460142579064,144.069885435662,16.6947299927931,16.0524244507233,75.2207830959348,60.5280728336677,26.826114080294,38.4664638828622,55.0119572995511,156.760233637985,6.65570039997427,0.692857324514383,0.0893188409171692,0.0408865404492383,18.4055531543751,45.9430447637376,124.742789576955,49.4763285069818,43.5416929858842,11.9218465839334,25.9166228074972,11.84985654944,14.7156826164673,89.8817136038904,5.84125643456754,17.1977022294784,11.0364979639827,52.9945601189417,34.3803953219118,83.7593206326949,162.202353125305,392.031700260387,0.657019401990445,1.67530223294051,1.16386361467577,0.107586471318584,131.688472801721,346.700066582129,75.0810432802348,0.226006874941221,0.207614119024793,0.665793507481264,1.75098280901222,12.5886902787325,31.9303631092261,29.0075833620538,0.534389764128399,105.007276339106,40.1353721535748,89.3697380630399,39.1667195146146,0.209471497987353,10.6583837650895,2.58413842602217,15.5093125429435,8.90102955521047,5.43729143708964,0.00829815776314827,11.8029057270858,92.6087980859051,14.2522995368341,24.1202428641464,7.7620117373186,25.3407835576991,3.90785695018349,7.29370374983723,32.5731431232315,99.3754709993457,1.78905865663868,108.628360890249,63.8723264574314,1.35919098065552,179.346173501236,14.0430996355348,63.6303987251204,12.0237187780285,15.1134946691486,44.3867889170187,0.0186572661756425,65.1802977830036,32.8482281919334,96.0796061243286,2.54888305864869,98.9126078291426,18.5776518196424,110.503921549596,22.879024471538,6.01345917496868,0.0670412299710512,20.0370780508594,11.1355767267084,139.027634756469,10.4914664117099,73.3109095771659,51.8932367574416,24.7070805011101,29.012798031814,0.682110434308238,4.85955355635344
"GSM773744",0.269090326049394,0.0496735910465014,89.5608316838693,14.774978510591,0.022644637692021,30.7542478007175,9.76367752817439,3.74132421883978,55.1624110743413,135.624621038037,14.8177339042571,3.38270496431588,149.829931532094,94.9244965185518,6.83745559913164,0.137413961936106,142.455593104048,13.459690485773,66.1497292021872,19.0750244693123,118.756128450753,207.746631053405,103.86450468132,15.3983542207158,13.0172327951678,15.7891288036066,16.9278384934485,71.5027519786208,0.454428998126871,6.84813366291225,0.777363575602257,2.92310897678217,6.55506081016833,247.975781373167,17.9377020793398,0.144984242383345,31.7822346295498,0.132986759226068,16.5522711311726,1.15142420510524,30.6791383995783,50.9450513651711,16.6311275539014,77.7803594029025,15.8097217692545,37.7462345568965,119.954656385196,19.7462360705329,91.6953055274848,4.72168928462351,0.0866128853379339,3.37308795140433,0.0125232500115861,13.0347357323055,8.3497478152707,41.2960373408689,22.7734530675789,236.471000428646,27.9658700706632,0.0138791426830921,36.1249790179415,13.6909226494091,49.409644910633,129.242907736085,5.68282190746388,140.408042157456,829.036816187709,17.7439624742254,236.966788445907,12.5604300218128,239.962425703119,87.4042933671889,158.9304008232,42.5495633543831,0.900515471626899,236.438430672396,6.0345261274672,69.3285859843617,16.6951550311043,177.492772983562,36.5885067511287,0.310251215813016,67.7455023789068,20.2567514820803,408.353007994489,32.4201970061021,19.8987873248389,195.244314791118,10.7126841820845,131.857158407652,90.1928079724214,66.5014975108511,46.3725710692782,216.577371195714,12.0758825467328,77.2671601151144,246.94896943475,121.625993835922,82.5920652127755,35.6719990423823,192.148076507602,15.1850707930933,23.07311301552,85.6985383727829,83.4115649843918,33.3812020233243,39.852686720127,77.324939204185,238.944322849542,5.33724285646541,1.0357989262975,0.128311208933839,0.0696789072385954,26.7762645412914,59.2123926110543,214.965082661488,95.3579419454534,91.8932223205596,11.643438527493,41.7411855523008,11.7400138149555,10.424349366686,127.001926264948,6.5622300959369,39.8940317596785,35.81026494785,102.015864734689,59.7796782754811,93.7581740620295,154.098069545761,593.118083084436,2.48347414468863,4.35053852467797,4.15521594230554,0.151579445105512,428.107110710223,675.603616919386,114.708654422186,0.367459248213172,0.335254094350372,0.934708467929819,2.30133430848745,18.6135761699252,37.0244070450048,46.8014242035798,0.567396296776631,192.508303058059,59.4369334693056,151.439477584687,93.6638856021345,0.222082371382264,16.7632150533545,4.46296462806338,26.4660522677263,13.951175648472,17.4302691490388,0.011885632914858,12.7257622828869,144.783282786578,17.0679110715289,28.9692037049259,39.171811386254,46.6712061614662,6.97686808288857,11.7838923826319,41.6085526541534,168.722730056144,4.04751095949258,153.858835236734,98.991991341991,2.74803916207281,341.968123021878,21.5743613260055,129.860455354252,20.98670236403,20.2372570395985,51.02477780996,0.0114107927633816,79.9059055333314,63.3594915208927,140.787545503861,3.96247044159762,200.349525311143,39.6877012308698,183.306655879805,67.2477867177788,8.41164289278237,0.0941536041767909,24.3633749641077,12.1609711040332,217.402039067446,10.6135434136976,90.4281445743796,159.412693112875,21.3734417533871,52.6913277851615,0.904265394413973,5.90299413001436
"GSM773745",0.0804058914350526,0.015440447019074,15.7917422911069,7.3753556480784,0.0077120451950772,15.3598919344285,11.7116091454928,4.59750707465105,41.9290656921651,84.2774463382643,17.165161089016,0.723122413964069,148.78572251299,81.8838471204926,3.23695226147556,0.0539495151154204,59.659628457737,13.2988797982361,84.4246009147578,8.10130154319562,134.659419650425,133.778793723062,78.5219338392261,14.2009015107299,4.79038593784144,16.3748717298584,22.9854812560561,44.6425647357165,0.223250676988202,4.45965395209371,0.712477441245744,2.17189041682775,6.3858028642782,165.870453191605,4.63069025119315,0.0386037670040172,30.6337364877545,0.111927359202556,15.6144099505187,1.5000916578635,10.6478204701713,55.4691515789407,9.33098842604215,73.0474612658621,16.2236003472704,40.0878197721739,101.798773931902,9.65277344337674,94.8218420869056,1.54025383426049,0.0555588513965492,0.316398324813865,0.00719896484596458,16.6534939337066,11.6271667567111,37.5807238039671,18.4698591931163,158.373494609538,6.93141398803164,0.0335896681585188,35.16601993399,6.2147480432956,25.5988037389429,80.8839620925534,4.22694879641962,122.969611693293,369.276332691134,10.4770009112679,221.523902453232,9.57443200620003,204.825353835326,70.1302079835618,144.553133627896,44.05841115386,0.249303023558051,176.233985000766,1.68402366165398,38.6019973599134,23.0828285492407,131.72546674928,11.629576011276,0.0963867756894054,43.4551840696845,8.5839195605957,237.158619784378,18.0036717171609,18.5636679312836,175.229237496635,10.2456484980268,160.290793577066,57.1708963496809,47.9849991665684,44.0527629429987,168.52949624735,9.76256683245148,50.3365950178364,195.527653990349,106.858754149399,85.061792548037,29.8343478525116,127.34353709548,15.2889401970031,18.1973813860708,94.898782269557,41.2634917763007,25.9881160951683,41.5538373433587,69.1878343003314,229.680951911105,7.29222239589271,0.827790183398341,0.0847950815678747,0.0301526373217095,18.0043445670476,40.6852605875493,190.234335552722,81.5430532907134,84.4648213442531,11.6803955666425,75.3287960118059,5.96078914674349,11.2479493536081,77.819247226296,7.38215259599469,27.435873904514,23.99443436924,88.1782413474594,57.4287500304213,232.205732906695,240.782279819681,560.595013668834,1.04166866160168,1.46046339852756,2.14097539638257,0.101412569496732,118.18500152667,463.166326649195,99.8484586720574,0.0894000599469152,0.0564227907409865,0.390317691076285,3.23571756619216,15.5780884574369,33.9264140047736,41.8301673047576,0.614107774302578,224.36015471026,94.7346574647652,129.076743630262,103.417411310645,0.195936953480739,14.4906688837612,2.55619823424984,21.5341185853956,9.78047080848772,12.2747988306129,0.00749540639439162,14.2873383018029,100.313801381633,11.3802697432658,20.1874273574889,10.6805304898356,21.1425763731591,4.67716203412674,8.44996717379398,31.830018133194,190.591950550579,2.40735017649089,151.226372542337,76.4407385535948,1.61715453579356,250.685026305977,21.9970764800771,87.2108525983137,17.1712138648851,14.2609803947748,37.3183503737448,0.00902576110189264,47.5942245903915,48.5984342837578,125.805171178835,2.70753926889362,172.32459749832,24.0943285456171,105.110457135729,25.7540319038529,9.32060529895009,0.0348427222895458,25.2354532338886,19.0070740721564,125.923338019658,13.6096746051256,114.171626652507,74.879691220943,23.1637443705581,47.2799555624981,1.45794474002296,11.2293985174606
"GSM773746",0.0605495253663871,0.0123861585529683,17.6438226967881,2.75129923088441,0.00745915735071682,23.0571157007605,8.68670993820525,4.29303167470122,26.3459037387146,48.425665141815,21.155658491534,0.892466050262888,130.037916970961,83.3673808105302,6.06241824702199,0.0450631468479503,74.9152617833109,13.4459210098988,81.2259176310721,5.09649957222898,71.7976160570283,94.2281546286994,45.1193157973874,19.2048349184186,4.5135934767349,17.0986500537939,16.1923623145506,32.5546351022231,0.132236282734478,3.72758215436975,0.732739132754413,0.82996875351017,3.53300220028332,54.3859399644039,7.24397096685387,0.0444108046562988,16.3158596092045,0.106276674803003,10.9136339462451,1.61113543496572,8.86909982758583,22.4724426336345,7.89794198890522,62.116921113691,19.0110138194714,43.5721816077558,76.8599567211382,10.3610733055785,53.4531763593708,1.31962518291573,0.0426206655630532,0.286170014423417,0.0058357185871051,17.7738190984105,9.15658458948043,28.4571583158881,16.726515417425,135.091187658051,5.77157848839538,0.00886479259522783,19.6031365532377,5.33415918671913,15.2427189674198,63.3218332143207,0.935639152943119,69.7297854387918,293.989836326377,5.31076703086798,91.7867846255381,6.06283191795531,140.715158106931,39.3247445715495,82.3229776007875,40.0549607383056,0.195939677775639,133.250585759583,1.23169167221842,46.9776812522265,13.4989167430857,84.4879808775712,28.900536723557,0.0845673024408757,32.8141707723992,6.28220946212247,182.158379647834,9.57601307476255,12.419365421234,99.5792065758379,6.94931340675455,104.148098681453,36.2394321462386,21.4892280673076,34.7217816227454,130.480510038403,2.97862059436373,27.7218078298319,158.060997516522,64.7598310981205,43.9827188157014,22.4747542184443,90.3100870391083,10.4103463636661,12.1404979696216,63.3076015398317,24.9399922917898,18.1067808755078,35.7712506595615,41.2544247853579,121.963193837745,4.16844232467009,0.448589055558207,0.0601579686467133,0.0293541030321061,10.7102406352748,21.1726672630885,87.1496232985818,34.0661607037349,42.3729187647773,8.41089008822921,27.4779986093457,6.02426394399524,8.1572192461129,30.9298023448938,5.58095664594131,14.6919670721282,12.9013365704656,56.9218361696112,34.1207529292085,260.355351047164,81.1986032849594,313.215265503233,0.643025166354777,0.745953157271052,0.903856510738655,0.0435242183913221,88.8122389150521,316.969810330036,71.6066984395062,0.0707840806080162,0.0435164896780694,0.382268542025112,1.84837216838915,10.4288744160904,20.9193113874326,22.0447759390494,0.486084085022992,123.573544858581,34.1530931763252,90.3990366764598,45.2618853330185,0.182315910324862,9.56159109481295,2.20250082817803,12.3915976180273,6.74092840380627,9.04262957539712,0.00523387201665203,7.55595942238078,80.769099934003,13.237366877516,11.2860208944146,6.39406309698299,20.1718427605751,4.93560796921024,8.39884308468507,20.970633922195,89.4817721742279,1.19170615330993,111.470146417239,71.5288144791483,1.20883885999159,207.033037736367,15.0574918518082,55.3453946178351,10.8080272974726,13.3257218201346,37.5361934136501,0.0110861816256422,35.5433175646092,30.4376246949648,86.308410001477,3.23241838483844,119.855645392182,26.3781643159038,134.795069262355,18.3717593518883,8.80076786411472,0.0274601991955057,13.9309218452424,11.1386657637162,129.89551715067,8.89155968322538,77.4210158831314,48.9916569234586,20.5960007974274,29.5123358782574,1.96070877785522,8.18555594462443
"GSM773747",0.0717492415700561,0.0266339247785725,32.948656420685,3.02144807349641,0.0149081254535882,26.9532065052681,11.9545639902943,2.9405906114068,48.4884545210599,85.1320227508345,29.7304133142507,1.76577682360378,249.072958021085,98.9245208859372,6.72834022197532,0.0806312296544095,112.878869564814,15.9078507319211,79.4205047984547,8.48586020574315,41.3022769535141,110.334084736082,90.4957063542667,28.2432577111917,8.81742107316465,19.3370499630382,27.878798480373,46.5302744097771,0.207700977953832,4.12291574220701,1.26547117416385,0.722387395170382,4.43049015486238,107.398359729577,17.7046671165609,0.0838658070924935,18.7912687759189,0.194383432627942,17.9834072534171,1.11121624533461,12.4201427573134,32.9563677204899,11.6134785095334,91.6874738241302,31.3990194453677,71.982204489343,148.218609700717,14.4695869510701,60.1127291619073,2.1465253959093,0.0650167147153789,0.593713778944173,0.0122713117519643,26.9166292860847,6.79189545228364,48.326182277967,23.9492353368458,238.938672948637,11.4149570260416,0.0124165248637703,23.9826496545045,15.6204150548312,18.2093161837745,115.036760816005,0.549001023960244,94.0545240411695,555.232991863603,7.97202793114071,183.959021027674,8.30614821012769,195.043044547361,60.0250715224915,171.024667886467,47.5635096647757,0.3797367128908,193.228692284031,2.36119845954112,52.0744047379914,14.8068691222501,136.888712532113,18.8160106076734,0.0859322667827834,27.8054442165407,7.53180500903031,321.517622189821,5.59063866823283,21.2020197665618,190.727946031556,6.40783332020075,171.028760207672,79.8028788881414,20.3401569452811,42.2910999188164,237.956194947463,18.6680532221629,57.3111014900134,222.809361212452,75.7456745132299,73.983658041884,35.1447751565312,159.913203062297,10.0743709110519,21.0954330917423,100.324573498114,49.0442822615233,28.298640728823,64.475218106231,57.4322528277807,197.201451439562,3.73677778250253,0.554490978540062,0.0725239741958501,0.0387232550090198,5.70691580400954,14.8153769483722,109.927977886122,44.7382360324803,116.955323518684,12.5258954836042,28.1199479781015,13.653557604018,9.54491711793079,22.3750053103272,3.79216008809156,18.1499661186957,23.39133987137,62.0644104303856,43.3643542891515,177.627060587455,77.102877403931,425.706440115956,1.14015019133918,1.9956475188998,1.31398616903582,0.0608712330019355,248.492699272071,452.398520114122,99.7232186958407,0.230027143857998,0.127544791847654,0.616356314688181,2.46314127014938,19.1451136017241,33.390083920491,30.2944352180161,0.65613035883302,158.560569488885,43.1264646584778,145.660853655294,71.7019098168828,0.283446785052732,10.9677840736103,2.40384948442851,8.90180702160883,14.3484675132553,14.715035715727,0.00594883531910562,7.79676107686035,126.683157513981,17.7897742071321,19.5601980223253,7.233220039548,32.5569155673113,5.974628990444,15.2196247260465,39.4825749309171,161.072047854263,1.76147499708454,189.725283030434,86.719247374823,1.65507158511798,240.747118042072,12.0101737782115,108.632968446633,11.1705143529481,23.1497442794641,61.6339074456766,0.0170081001777302,63.5767870496467,57.8607938005011,106.763901077616,3.01546987910636,159.560133078147,47.5046457384686,249.601967752972,40.7094737166015,5.94709769765859,0.0632855662461822,9.11178193097802,15.8491520570348,189.015030367493,9.10424806396368,86.489972710393,96.2924347231223,30.4956354186742,39.4932765876262,2.12644878114352,14.9235030847568
"GSM773748",0.0639624434430636,0.014905703812894,21.0670548953828,2.5289810807608,0.0106234841950264,24.0680321053186,9.01706100919608,3.02980887678731,27.3985182979386,56.4547133042531,19.2845368913287,0.713409353972414,124.667681330155,95.1906208286019,4.52210555227466,0.0443958584164158,106.409294047549,13.8788821967096,71.5358289334093,6.05806416253367,40.6533279428211,102.751644632617,55.8558216401377,19.3799548458532,4.56291359570483,17.1157147842792,13.156033566368,22.0229230319511,0.204599050456018,3.33583534392604,0.884030159601836,1.40073553801849,3.98742249731724,95.4736134317718,7.74318535095729,0.0610527361157302,16.610225109074,0.123780994690126,12.5164257948913,0.897576001807114,10.0575627792209,23.7496786889057,6.61706685062301,60.5491990992511,16.5494465784666,53.6465560520643,59.3247382425791,12.9174268231253,33.8567493802312,1.45597397028665,0.0402524411939489,0.296163153737063,0.00780314486511869,17.9091544648632,8.53483492440144,31.6141126047108,14.6871564350368,141.439394330647,9.8801294245655,0.00414428527945658,15.8479948853791,5.00991514132078,14.091838071183,70.7557830512643,1.64367053036965,93.5028952084218,396.403585249124,7.51275514898219,161.928200158917,6.13232058855129,134.306100992693,49.028866730251,85.078505970968,20.7855244275789,0.229018596764605,148.160500944442,1.18562578277562,44.1242075266744,8.56870870052039,106.591709870008,21.2888991243307,0.0465316040733038,22.0512162053031,5.20527896037158,219.154589106348,13.2229778542858,14.1316596627646,113.44902327792,5.73752803075097,95.1828836357139,57.2339020526804,11.4776399077103,37.145583984833,137.360602707735,6.72866565505603,35.4210065570675,143.856568167958,48.9755973889573,53.12204293872,17.0369409483995,83.9470288459297,6.76381186072585,12.8742387093514,74.8157927628938,35.3775659755384,15.6149834340562,42.2531602308948,46.5741036887745,139.510600672221,3.07144232244457,0.504977491493186,0.0543820572120242,0.0224857550071504,13.7970675048149,27.9618849112781,102.292837087743,48.0557838369958,61.6956534450601,7.27974027525728,38.2358468447698,6.0938004469733,10.6693254447546,63.8203069718473,2.51272094907813,14.8644247786886,13.4406543324123,49.5650881602195,33.803461333929,157.626173527331,76.5440492333782,317.972689151456,0.538728660153559,0.840808657128743,0.471020722241951,0.0637226357233916,77.5514156706855,309.56477371761,73.4740981866271,0.0652958686042866,0.0539176554175059,0.361552017783471,2.27896431623742,12.0581453853449,20.2983791719976,26.7394467691774,0.391411021990469,96.9105423665594,42.8583876170644,86.6823003884236,44.1506807398302,0.209915008422363,8.32928828970114,2.0324782165947,12.0491181119916,5.23947697342793,7.19647598322451,0.00464688445517621,7.24516568091674,94.8457041989629,12.607801683377,13.8327133161616,6.96147788200783,25.7968370422512,4.79681963634045,9.77785701871237,23.5988167085314,102.322531223412,1.46256942251408,133.468930274147,59.7311684717054,1.40047328287948,180.987148810067,10.6314904778223,72.8212538095831,10.5484317092334,12.6589977314984,34.9103646008592,0.0138105444375759,34.0108128910858,29.6774810488112,92.7461806160601,2.21480340981464,92.3452204533227,21.8864671864682,121.526799333281,19.2084603009201,5.49279629840916,0.0250582418587168,19.4288258792438,8.73872277608381,124.38149845723,8.76574925082764,64.0226488893785,54.8238881045298,23.5764123338083,25.164252860796,1.41507622187463,5.25944711832168
"GSM773749",0.140102769688813,0.0368129586416017,33.1154130725915,10.7958344143018,0.0129436925524724,21.2321603466462,4.72297998326099,4.37042804493937,40.4540623788782,82.0165829954219,18.0292916594774,0.790719767009833,165.346038060016,77.9905923671605,4.08359654868723,0.0382675279036367,72.4900870077797,12.9104128975377,82.6473299242853,8.01957035891586,187.319604139288,102.580935996206,39.3011279160026,12.8233958582957,6.81020898052823,16.8976492630321,17.8873600780384,59.6210500931664,0.268165533130354,3.86930474893451,0.671252189132058,2.26486793140261,3.86838676944735,105.466943663405,1.88976117747893,0.0621087344254428,27.822266981379,0.121258983567342,16.742295595132,1.71174770914587,17.815369013834,54.7112176597599,9.00527000886362,82.0228817428474,15.4120596628111,37.8988778256209,73.7150837163836,11.6990238716035,79.0485062203642,1.70609138755824,0.0508715367963022,1.05906933582282,0.00663464537991891,14.1349430049126,11.3568259348374,41.0671207048341,20.51773061049,158.424693812269,13.8955180921306,0.0203311222515069,31.6131374883283,6.29998568072556,37.0048634384311,70.8638910588146,2.62334916023044,135.145277559772,402.33900254114,9.23302012909515,167.831283467426,7.2862815623842,205.343910824872,42.6959139544133,116.790352138164,48.7861313292175,0.460604689046992,169.186263781084,3.59000946750019,38.0757991124257,19.1771303092353,142.786289993762,14.538790502503,0.118591396774209,27.4191156849736,6.57431896527414,256.745947014068,17.4327420977655,15.8314130263767,160.349568637557,6.96862493700853,98.1597261362543,62.8168539211121,25.8244614596347,33.1191679695081,129.075616999492,4.022631832922,37.7370563030203,164.967057317724,97.1129106579625,68.5292459406487,22.0599424544938,91.7141208840363,8.78318404797478,15.683958231747,90.9096254528254,31.33125587877,22.7647589760328,39.4394561531523,71.5243756812449,186.268092764483,4.49192706505953,0.602230756594003,0.073454377812024,0.0737787140843579,16.1094111768631,36.2617304866061,155.832061540345,76.8038539194841,51.898790505908,8.9957590929286,63.7307662856898,5.70330521141993,9.31479390749276,69.0356132460678,6.19022205344611,20.804547569386,16.5775497177465,66.8236603420744,40.500610467097,83.2730637993329,190.90730756429,495.921515317713,1.58354460158139,1.83063057997661,2.47671099208147,0.116600907545762,143.897671469043,407.573913155988,111.026270062415,0.162554514535574,0.145641699549452,0.487121978828244,3.27816492676319,14.7734310822364,37.5496089567298,43.7785309423491,0.723917769685434,170.334472763577,78.1211452505682,86.5185059894762,102.306075849105,0.172959836292431,10.144743641164,2.92816801869769,24.3838422415539,8.28357378291381,5.6028948088351,0.0118407753506283,14.6924698929851,97.9845297628565,10.9406180256677,15.5935336072725,8.44323813746774,18.0848267205961,4.33845782131371,6.32700555471851,35.195652502427,171.53534297142,2.0788137446733,121.707803455612,68.1782121492377,1.73658544054935,207.098126727256,16.918167797671,113.463577914263,18.4810535734238,12.8755315768325,33.7477585620313,0.0128644168443175,43.093593183889,23.1771659202297,77.4766847989343,3.04060923991748,162.658637950537,28.4434912854708,95.835012034324,20.6741668882607,13.4320531029536,0.0658841976900031,21.6184117273125,17.1469140221932,146.847803975321,12.4482422243958,99.3764686315494,41.5795018658724,21.5256124487488,32.2998522311463,1.13918414585335,7.31635832934063
"GSM773750",0.104236185790275,0.0230353203503561,39.7633886801164,7.43939651265169,0.0124859498256382,32.1473872005448,6.0606372708553,4.34435199199956,31.1580807025209,70.595220340798,17.4439897057645,1.22508611619902,129.951003132811,83.1944137244001,7.05645354937907,0.0494907230595285,65.9918468574326,12.5738395177412,76.8452617202873,8.74341749055413,57.3391620191095,125.961468813774,60.3969658229355,17.0700510693886,7.38119311271485,16.9631073546233,21.0088167536923,37.5462342227593,0.304698487607233,4.79552673594096,0.823259301968714,1.16801603845345,4.27524673668731,159.104915782375,6.41687895532317,0.104105946127349,27.0339758175091,0.152048299326904,14.1249662023982,1.39720479962875,16.2831144974029,45.469439547227,6.99790169567866,64.6175359011931,16.3446818653654,45.5323480002737,90.061957646602,17.7414929199043,58.7309762234301,1.98419610355647,0.0657432989483256,0.524990038225844,0.00979355223189017,16.240143394539,8.78955262591216,35.9258636151313,18.8079433088643,164.521673828093,9.98503203976546,0.0125458038411976,33.829824414043,5.59403782962768,24.9640552308103,84.6785786403877,1.16587843842275,83.7223556719673,422.387541326863,10.0740503020667,191.279833742413,10.1281121751558,191.906028635423,46.882948713265,126.525308409877,34.5423108812499,0.446239804993207,169.73720299571,3.10371825089769,70.2266288803773,21.7463296323914,144.132693751303,42.3748015538052,0.0900388510361314,35.5467316444559,7.84869167767086,271.008605143985,11.8796287517152,17.2490704239782,158.035424408666,8.58516150007676,132.197428957121,67.2064186196091,34.7308423575598,36.5621046551234,160.160105013616,10.2177130342791,35.3236153194758,191.609649529416,66.9822208919803,71.7916957215666,24.3400071510418,108.917933041299,8.5747685039172,16.3907246558985,99.7663276686084,35.0251931073494,20.6031834307793,39.162229828193,61.1668551332604,176.933670249239,4.39138332028169,0.643960034284545,0.0971356317077568,0.0443477747075326,11.1620785931556,25.7836293354423,141.807100495035,55.7087746606605,100.319718608079,9.73547970179365,45.6434417061195,15.2570848428171,13.3430484956743,42.982492167225,4.45287312559634,16.613951740877,19.5904524436414,79.1465246367717,46.6227425491551,201.279742911456,128.755824331597,453.187849580821,1.03126857052271,1.82953559355513,1.41752375461104,0.0820887822493566,145.98961325598,434.071193868174,96.1717427277742,0.118385156089613,0.0818455149150194,0.445394576933504,2.60142435871879,16.6425248845135,30.1969879034141,34.7856545032474,0.729186400063602,145.603036163195,55.5248065989481,107.278125046267,69.7139149680614,0.252105309068764,10.9252110757861,2.75392273298469,12.8974181456608,6.26444568403124,7.38829318103827,0.00988943768714697,13.7942269299499,105.512607519568,18.3773463016857,18.9252610996779,9.65702284219807,26.6111321839967,6.36183522543806,9.65153474975497,37.2049303752996,159.065484282881,2.10073422935301,136.826378184345,88.0913655547728,2.47084453724295,289.64683164874,12.7227276644136,101.877268232495,16.0415219386801,19.1005917783643,42.6605639105205,0.0251797713045094,64.0373583803704,33.4532743139552,97.6606081785369,2.08193481711821,146.919904436629,37.8206080079298,144.736349097894,29.1605441001451,9.21516649168522,0.0444582249031557,17.6217826463719,20.5880373351047,142.283270095926,10.0832354334231,87.8749679510313,82.3374793940653,23.4086910832535,35.072186183775,0.94406193402501,7.04452429549138
"GSM773751",0.205011857518426,0.123499443795438,62.025875619424,17.95069787494,0.0264946602373465,41.8057719718479,2.80019338613937,5.54312114986242,50.9328921983817,137.69697836617,26.2450434583956,2.98239691885138,314.728864617879,100.823138453607,9.49016964127956,0.156912378386746,246.688979059725,17.6088103233104,97.8180452705904,16.0690956043915,164.884646033454,168.143716871105,106.838062280805,22.5597075159114,18.5872716006522,19.8809357632454,36.8118708790259,107.386951645064,0.359034558780112,7.2208472150399,1.05244667387015,2.16804742860745,5.62240511845281,277.184699431204,25.651128679886,0.226910479288797,32.855604017414,0.167831447330398,21.1516186493939,1.58947569725587,37.420543441718,94.7298230827687,16.8131027242,115.402314165167,26.0091374872364,56.3286514882624,99.7715784450832,17.8197502941383,92.9821297739083,4.04127250480885,0.0923154931755306,2.67569781868722,0.00654920320799017,23.9608536559851,9.21551072754172,47.3942165770672,24.5473594431883,246.361869939581,29.2380484148182,0.016725707461239,31.2511155750503,11.7284342568255,51.848715984552,85.6889166448859,3.20901986555399,243.948642025314,761.956139760613,18.7661143760944,283.623517328961,12.3974052565852,276.164474094081,94.6645101220047,176.643432047471,76.7359401615383,0.827870021405412,237.150723955298,3.25253577818299,64.5412291272884,28.4329196148848,210.988646546815,36.098651962127,0.315199291629213,92.0223614196899,23.656248015739,381.86320347913,21.3967320167592,18.4612809226554,159.442426001193,9.43007139225462,119.572568472576,60.0986338457031,37.3165430637702,54.9329855557053,192.128719976235,11.6314104701189,80.5912851623663,231.680986961045,127.168217082767,75.9395868983491,34.1866561361685,146.018403784237,11.913790955373,19.4806800354505,93.550949573124,63.1169845964249,35.9307132287469,50.1012380133769,85.1390468942111,195.155039463868,5.79677595655297,1.1598243470447,0.247705785027611,0.120892616463114,25.4579050442842,44.0711039924049,189.310655023389,99.6752605444462,62.6539312935981,15.3709275113497,37.0370042334504,19.3076161617119,13.9933606775595,77.961518913556,12.2550902635865,45.4262637522157,41.8659858206056,128.954749554413,51.9883253352205,193.823351673851,184.348380318441,484.030925176046,2.33208915118753,2.45323366066282,3.45131289060276,0.139428208674896,254.206916971204,539.805641827789,109.174734536337,0.556306250961277,0.526104302925008,1.11660841282742,2.62251321437163,17.2131258053294,39.2694811217628,37.3579993459829,0.693390363494754,278.617118284121,68.4185349119897,124.81094268057,118.276385068526,0.174408699526868,20.9196464055323,3.54140534080215,26.3054708534943,12.1705248674141,4.63745040914899,0.0154253274762663,20.4408328654695,134.733481685855,19.7139684886007,46.1938860715574,12.0594530402032,32.2480772098117,6.34890106153959,14.7839261125791,56.3483688301132,210.608429791222,2.55260860154471,150.130735581501,101.132015858258,1.81804805748809,312.836376087784,31.2515395741314,88.2514676250588,13.3500936645657,21.6650459251787,40.259525771854,0.00879864318264639,85.2693116538805,28.5178999563025,129.133901457394,6.31329172479713,198.913795721741,51.2798514241761,165.275238546565,57.084610059048,12.3625984106725,0.183719292173642,24.3712229272479,29.1835517379495,279.878010959466,14.3391646667734,127.474489673351,145.099159422397,31.885431049597,85.5044394787553,3.77263429674217,16.357519282186
"GSM773752",0.239505322617194,0.086441412964921,129.049933771415,14.6569779075694,0.0171396103666001,26.1615728585851,12.361296095683,3.88368863527876,59.2729822632446,100.025804162718,20.8283845908434,1.87968575478699,155.503081079393,98.1591583733846,4.71352547920945,0.0782924073175458,151.904969397872,15.1862245547281,85.3233575860412,15.7481942662111,194.271047564253,226.605665786263,77.5912354015672,18.2446337152179,9.76629570189873,15.7027406041582,11.4308623393649,68.2265584939256,0.222277069436166,3.43113998530586,0.771958355958651,4.10813463212373,6.05083473368857,212.423351460465,14.9585012679135,0.088182381464939,25.3405435162697,0.143374115078435,20.6649250736722,1.25240663076394,23.6185281050728,55.4492243830442,11.9118576029729,89.8327240399135,20.6357238859995,43.3807020167723,142.64570096589,18.6220759622686,97.396686535042,2.17740358453104,0.0857917018752764,4.37147648662762,0.0116407020335974,17.4710189115421,7.58653070905674,46.2646925884317,22.3035939354202,196.33964900342,26.3974957612962,0.0148566269489527,31.571936360159,20.53142417602,47.4678363938814,119.049744886177,7.37073994489236,220.031157614052,718.310123120194,19.954661963492,185.792398539973,8.65979729194992,240.215008334499,74.0269495607628,168.396848306392,37.3496301206737,0.514170175864711,239.924734356323,6.50716263104086,53.1847864049439,12.4998217431234,140.51874458555,23.1694607070973,0.199836266656122,33.4571879119611,7.63772624583212,354.905568738577,35.4303895956787,20.0512729761036,181.018955761231,12.5100024581371,73.9980340321056,100.829508842593,52.3857783176218,45.2323090242367,218.758067126397,8.29382436063182,82.9805787799256,249.688155447033,119.063959602976,108.122275890611,37.5901851762057,183.318751500159,16.2283436592424,23.6952450337371,136.692115391087,100.652927701804,33.6713257395805,57.2776745578556,117.986142676512,234.59309610184,6.35679542365752,1.04894691695468,0.123690385356088,0.0656400824041192,27.2079610784086,66.1258674272613,246.997484692627,108.098475292466,165.327162927019,12.3561532142569,63.4326008071271,8.97264480846799,13.2154709413629,173.233017753865,5.45717240493628,30.390783240066,37.9946564658456,99.5096581661818,48.9927790947865,102.550771949994,162.801691813411,597.497610546267,2.88045904375864,3.17041541631595,3.64202644039407,0.093364396505178,274.969923063122,569.667825689624,134.692908480391,0.399879735436309,0.160939477384771,0.935175485560668,3.21665117610469,17.4766149773498,39.6494510397938,38.3076493741861,0.895124409047557,207.335940603148,84.6101585167764,150.275076298265,86.6066140384759,0.252028647691074,17.0303513728994,3.29252889490451,33.1057390103296,18.2394904624578,21.0556050996124,0.0105372375280997,7.31658075653626,157.376727801677,14.7279530277386,11.0268439398825,22.8714563837832,23.7021311470871,5.51116367488846,12.3176675438929,21.1459545886971,224.178060527394,1.93171598899015,172.01128692551,91.2145490562384,2.83472320415811,292.976162702187,18.3997291027079,134.136991453184,30.2067726735459,21.2737493482401,46.6206171573119,0.00910894712373354,85.4732207977291,77.0311065656108,148.8367402642,3.45139305133858,170.733851074025,27.1007419353138,156.052437147661,57.3529068348573,16.7696364411432,0.11248397326524,38.5744542749479,7.19280369297063,192.428208601162,12.4444979120206,119.150488379822,136.550277314492,25.6324772464798,31.2729424894397,1.1580839504424,12.5967934549283
"GSM773753",0.0481486142494464,0.0430094672513256,32.7319057588538,9.73224485916572,0.0202220886041524,29.5989387159109,3.39436456187576,5.07350353436382,54.0508513724581,73.2160476198186,19.3536139295889,2.16467835156852,177.734992864264,89.1281401065621,5.02246918214784,0.0636345765856554,95.6336860171472,14.1403888476411,81.7450990922262,10.5514539648332,268.741222715288,121.515181799694,78.1625646009236,16.3745536549569,8.87731580324334,18.6833248428848,35.141992461755,64.2215987766016,0.218262448788841,6.39461784956877,0.879153368066953,1.86181939262162,4.8270518938144,289.76092143225,8.26147813797989,0.137956866490349,25.5209780682222,0.2083701546182,20.2808421671903,1.46610414674105,9.32291801946313,44.3761973238484,14.2063342980822,67.7868822896029,21.2273353505844,42.6050546750848,81.346464448296,16.3608063882755,49.5941559471121,3.47095107959387,0.0646302880933433,1.02203940340063,0.00956735477603517,17.9783131732683,8.78067508053639,47.1798274895843,22.5522784342385,203.879211650919,17.0090001129768,0.0142424454045576,31.1542385141061,7.85915155430685,26.7001933845835,92.046239900784,2.35362052239476,138.825046394356,552.117839735014,9.25375031983737,219.964658116067,8.74151359426815,232.973581589416,59.9990560710804,102.930624377828,55.2033686338058,0.537908169819067,211.561437225297,2.86355253900343,57.8563495114896,16.1872825752686,103.59269561919,27.174911620699,0.145199184313234,50.1377369302939,11.5954160619996,301.781448878625,18.6015281781175,17.7928824581098,156.784743709682,9.03009796695197,126.489574529906,61.822936200497,34.2558746255616,53.1422674293673,191.195949058535,9.89034798588646,39.8928664609006,183.939466417299,81.5924702674996,64.6299713402716,26.2036254693358,116.599805890849,14.3213190293296,15.5806821339029,105.922227678806,38.1184400826511,25.3128368039275,40.8829519743056,63.3801175247225,162.450434813891,6.6906270180893,0.741782752726951,0.107370658250737,0.0681302019215815,18.8744022886548,37.3814394951337,136.793479991974,58.8820451958235,82.0753778882507,11.6397042177214,57.0785747024876,10.4322688087571,11.0739925719916,79.4802106686736,10.7194345469913,25.6672377847164,27.9722385420372,91.4711791957016,45.2867480594323,211.551862031103,160.119852670195,493.188877986403,0.58022529726069,1.51689867441451,1.33153084961552,0.101843701258425,168.212803643951,422.835922400391,126.810139099268,0.436353313132807,0.188429981168611,0.772274181072015,2.54415307652268,14.8887837724944,32.0247996787676,35.5323021508805,0.838169250895549,197.780888405842,71.314167557149,139.26410698628,82.6407068721616,0.232772194281869,14.3563583182933,3.79965780354769,23.1394244107196,6.19948101798951,4.99118717951655,0.0159953019124087,14.5963624390122,114.281669687466,18.4289290250077,27.6531337590358,19.4670818506884,35.5050272109992,6.28967260970107,14.0357083534811,41.9757271888802,131.571682952515,2.09616202527123,160.388489914445,91.7987889971828,2.10806220202563,280.469396793731,28.7924507016743,89.8220524750655,24.0628022344891,14.9160500559761,55.5196952488519,0.00951541941680678,44.7145564935598,20.9281690197605,123.288601264264,4.58569889289908,143.992392031587,40.0926620894962,134.577395498516,56.8942242681729,13.3643890743335,0.10103387296043,28.1590424653651,31.9835864681683,265.534460050256,16.1885111907437,99.8092246665206,123.302441541308,25.6438606692286,53.3699915594051,1.59326000415924,8.27948319219147
"GSM773754",0.051345876624436,0.0116003794502646,21.4836411406065,3.12486759946529,0.00701465810805622,26.961373077481,5.39626336980325,3.56639714265369,28.5106686325571,68.1227243928737,25.3921700273765,1.07415783856462,166.756192404962,91.0077279809291,7.05761463942516,0.0389860165408768,85.4448510886911,14.3140158299383,80.5991315370226,5.15926778477064,71.3665421061902,82.9226490232768,76.8397163004913,19.7962227156342,4.31406735711751,16.8846791056691,17.2386042313534,45.5685420209472,0.137756455618082,3.34252242892993,0.87891301709179,1.10638049729432,3.09605796119001,83.2101702358366,7.11273800164495,0.0381665286350463,20.9900738815932,0.0800492791427551,11.6569959129671,1.39306781133532,7.49887145891383,29.370023586123,6.4079765423487,62.3600288263038,24.5390189028922,49.5921710138422,85.3939096224362,12.3855795730665,42.014522299052,1.4106013445439,0.0398185433679394,0.265387624209902,0.00664740317145875,19.5252603778826,10.0911451099633,28.658423049495,16.4898218145773,145.208253144704,4.87257761524909,0.0119754791443553,18.5562973058541,4.73339917602859,14.1645916316074,56.4948604742806,1.75682829132455,100.59893703702,325.310943955554,5.69965359135844,92.2348860937503,4.57007149782196,132.87913424707,42.9637644512202,98.8888134187546,31.8589052250015,0.361393292040975,149.041414546318,1.33418248750097,51.0576286616723,17.0789578613251,132.650498196653,22.0854919313067,0.0906138899688699,25.0552751825235,7.36536380320226,244.205146489034,12.1977235820279,11.9283565197949,87.165281056701,6.69222638470402,98.1032743166755,41.3625163854318,20.7718213613159,34.4528323086671,112.67258247436,2.47955085975201,34.7951017283287,154.035727000348,68.9106844716512,51.1553133801834,22.5540365426867,91.5677048047113,8.03455413723877,13.9594746332487,73.0794484775149,37.3458093161554,20.156637059417,44.2759752412736,43.1523869212385,125.893365486539,2.96219179313618,0.420390337612491,0.0611565650238536,0.0157517188215445,13.5846690669881,24.1071057447239,102.466865102906,50.2217495010446,27.3537662204326,8.88108352513951,25.7912601130687,5.25034097087455,8.21051732415006,40.4737586826634,3.13546544741851,13.812876896665,19.4098300740036,86.1199220657597,34.0346426023196,167.921954985403,75.505120397397,333.789740064773,0.580042072604742,1.02080656206051,0.958640054991743,0.0626634254438599,102.595193319113,322.429392770129,91.3237920667163,0.0667989805653016,0.0285507236874714,0.309808273893574,1.99484513526421,12.3005571551007,29.4242907271525,28.0204966814649,0.626757886096514,137.738987075959,46.8078484877577,89.2657188558456,44.6160651907755,0.216046989372202,9.71624806408325,1.94012238674254,12.6199561154601,8.62323795943707,7.27398231166588,0.00674922566451545,12.9129166313236,93.2108537939037,14.9060439114459,14.9569986969961,7.18988442331272,20.6843967383569,6.58702720721164,10.6819505568647,31.8987765012414,107.387651804841,1.0270221035192,127.43657376816,68.8630817430268,1.30620852717865,209.114188549203,13.7484430409485,92.220346923405,12.2229635030336,15.4228462918967,34.5622147837414,0.0107100309778418,44.0591974259083,18.2647039294855,98.2561773427984,3.12962070553537,120.560451858921,28.5831850693086,122.234314208005,25.7871284792131,6.61708790625802,0.0216183399092329,12.3523040053577,13.2076592886719,147.858825376537,9.06255458414193,89.4185301647125,60.1210374937357,25.3396994341503,29.7176486970665,2.03412626207842,7.75762775562831
"GSM773755",0.186995315507695,0.0853266750348317,61.7634673661853,15.0857977253548,0.023743973825104,21.5682772614912,11.3168298852991,4.70699269502802,66.7608122951445,93.9848133463426,21.7966576816229,3.20458065064001,249.953316868123,101.319648289332,5.35502632219381,0.0938171681763888,151.071499882868,17.155288409624,89.7848213226863,26.4733574937099,253.431923361033,254.361210931612,69.5917969055342,18.6236956054145,15.4748241376834,21.3704595124439,42.9111513610345,56.5151245910073,1.20492732533763,12.1266963705382,1.11958918446137,4.50312287240459,7.39999078896475,282.125596333597,18.5610818929551,0.174337380176159,41.5661654357208,0.161087177589122,19.5377947250082,1.44713308755343,24.3101581269557,91.8096882913789,14.5393040632994,87.4680761416503,24.1766587547968,50.4367775865752,149.308464755338,12.8593935141148,97.3846094364528,6.28327078889868,0.0696624256616426,0.806098688696451,0.013504761262105,19.5747028250299,9.44657033737205,45.1967841688826,17.408049406238,266.945220896067,34.5438352722839,0.00480819583391357,41.6519860590342,13.9866287590624,37.6685329994608,98.0685382822513,9.98214077722564,178.821568643899,532.133299985355,15.5973832122332,303.270682845822,38.0588628989835,256.58750261758,83.1070544791314,145.356704038942,51.5227736567506,0.730625809076514,215.773476049441,3.43580670331713,48.3593269117742,37.4140768367791,203.075029469047,19.9515762154211,0.296332044927053,89.9022833424855,36.5037129418999,446.481718562301,50.0173215919139,22.9026905841157,195.338107936513,18.4782476823807,154.152668661403,88.4805584044943,108.305423804934,60.6112846763764,265.145779780427,14.6744154060942,68.088680297722,282.151320007744,144.758588834851,85.3028993838053,64.7959836041401,214.483064127026,26.3372863863094,23.7946523187618,153.244100191578,85.266698188912,53.7768705307288,46.3565584898811,91.9757770261835,285.986267477789,10.3755155190442,0.900814621047008,0.109855472975,0.0463222731099178,32.1249383428677,70.2051609821011,153.274661778122,72.0979905479539,48.8056672982866,13.2105180579306,43.0333736580056,13.5794499344953,12.3121375089379,227.57508920884,10.4414666669319,32.7551032833561,22.6423962416567,66.5864148480044,56.7362322714578,127.381413635879,277.413326672147,663.724323105269,1.84624474958015,2.86746918808806,4.14555036604217,0.135271058595396,441.559895256428,693.1706596835,89.4984052637424,0.563105102638264,0.302133100624639,1.17820119321328,2.29851612393619,16.4775600574464,48.7585373970876,36.4732181152852,0.739123140561278,201.12896709073,65.5702159514142,158.819884180668,96.4331017163341,0.262223942590839,18.2143259605625,5.96105910179637,38.1929768825823,11.6391429863588,18.3442128101263,0.0144624404629812,29.0080028016541,118.342632941341,12.5930130822966,42.5906528269361,35.898914734822,56.0403440706344,3.28461612872074,10.1463333600805,56.3469112049195,172.603149537987,10.249379443871,140.72593690316,97.6826403768037,2.29936758897337,294.733824015835,31.5215907779109,115.370905094123,29.8192566116108,25.0949919091115,45.7513367335523,0.0111771273242673,88.2608870424126,60.373528510242,149.706894480801,4.38618558184338,133.329052446037,29.3362384490229,146.022262704563,84.4436205958548,13.6659543558512,0.103249415986389,48.6393160190715,26.9292117893392,197.777017449632,14.9933260674663,90.8742435506447,134.049857485264,27.2683908657311,65.0990714110446,2.01807204596353,12.3897979017321
"GSM773756",0.0443524497825969,0.00973518472559435,10.0524125052155,2.40785327375864,0.00631093483592491,23.159819263801,3.15632218214227,2.8689057431669,20.80613784412,30.0642360881685,16.7983086224396,0.485167437752887,121.403353918442,78.0050601562606,7.03289328230389,0.0254681801206102,69.0082777127881,12.1972648630841,80.4838504409903,3.5972557085488,94.2822227601847,79.3071685439723,24.1812886286657,15.5141489287595,3.78772694946156,15.0308195077411,11.927857166249,31.1541226165193,0.129552394883238,2.75349446606491,0.637808983225771,1.72750768405908,2.82261129517973,58.6547129205444,1.8298461491214,0.0287636742998217,17.9960907058924,0.0673321443421145,10.015471619783,1.52241733659107,7.2538886439985,17.7729183635927,7.20716127916725,57.3386181559877,12.1005421563001,34.272106134013,46.7425298394431,10.2009015145113,42.722165875384,0.931521048390634,0.0360419474121148,0.194502389802135,0.00417058080677214,13.6419668821567,10.5781956463254,25.0370889424123,11.896434787474,94.1349284056557,4.49301326942402,0.00559706364688189,20.0659028562565,3.60958982524021,11.7120484148548,56.7698087639098,3.49837536406184,50.379836361405,203.445807054519,4.86876430208551,79.4701341268689,8.27018808645162,142.566427578478,38.1578970029565,77.3789166510921,27.6307588539202,0.158399460508192,100.814390257731,1.21146543601994,52.4882657864624,18.137483429264,99.3250121130408,18.7228900411217,0.0593525499541621,31.3324962687697,6.63168065505164,148.394432415405,24.0327169198917,9.92565797405116,94.4036894556206,6.62889066745348,89.2664057041744,34.1540256409602,15.9617539711849,32.1726067272831,92.8585352088061,3.36313485224283,31.2570864756107,118.88235825127,49.9678648006276,39.067620057758,16.439274318889,70.0760031613867,6.67105703585388,10.7863121266881,59.6890557003855,28.708836870229,16.4308859101689,31.6946772716783,45.4453017501404,106.653279204177,3.48992285600114,0.457073637715738,0.0417245955634546,0.0397107634637501,23.7551315843683,48.8564695988695,100.644754441461,40.3497229235072,14.2131953512211,8.0046739953713,27.3412140387537,4.84772001002101,8.81998064674749,101.59286357967,5.04032312580752,12.7078990965917,9.16103579892374,67.105148538901,28.0176694140442,126.225453365551,90.2000247695843,306.384580392283,0.527344836202015,0.7285778904858,0.764969064297903,0.0704674676266685,78.0647852832366,280.274921287877,65.3462308824255,0.0481066913776675,0.029948061516017,0.301862606331575,1.87494610494853,9.30818311106075,17.3032872924536,28.8985949726251,0.351578966061402,106.415123199365,38.3180893318423,77.9179438550771,45.9387127185543,0.135262073898251,7.53639396015458,2.13710763576401,19.767194460177,3.28056901047375,2.85192940261267,0.00329884691539468,8.53327234776724,67.2275300974251,10.4699163461019,14.3773272238353,5.05247250129864,14.9276014131091,5.68883362427825,6.96404074868872,27.6657241132763,74.5603372180546,1.39066352171735,90.9399610092506,43.6483178254418,0.838815216440512,118.875836162132,12.6686595539304,45.5967920110409,7.25865127518885,8.13369188537502,31.2819914144228,0.0067603134796558,19.5305195050383,15.8721781811698,65.7612576323666,2.20256141967083,77.6166270421649,15.215960774602,51.8484980114932,8.8515471728772,8.92878055685932,0.0148028009439636,20.7414540805832,9.85166468068525,95.0521826576318,8.76570163487327,59.2466149322681,22.5934642851035,17.6407950031588,23.1599076995775,1.02607147566657,4.98641895415107
"GSM773757",0.042146341475723,0.0165514998972941,17.1603543638581,4.66529260229391,0.00753163690685004,17.1868166823158,5.79439112852462,4.06596064814474,38.4425933856879,75.0685756462256,14.4067753341995,0.96381156582058,156.818326537012,86.2669534388793,3.36747531047485,0.0460476114884246,65.7885749994267,13.0382564903422,76.9175580748453,6.2339076463057,78.4206584771069,109.039652490278,42.1786963661282,11.5047051507283,5.91469511792687,15.2089626648518,14.1126947127055,45.5463193606434,0.158029702892569,3.54476507192164,0.72661641565213,2.09498838829469,4.3012654645474,111.329064501295,6.27912365277418,0.0341213102395077,20.535908089004,0.0601271681548562,9.35484848694405,1.28478321670198,5.4175442822448,30.8891508716519,11.8753621675503,61.7297771594192,13.352085501957,31.3459577023914,99.4247758186493,12.6338331251741,63.6282327456053,1.51075452256485,0.0489543627138746,0.221552188801795,0.00714057618059682,11.9329544987707,9.72120416214543,31.523871139785,13.8962371784608,133.263328761211,7.52853817485536,0.0140781805475721,27.6708253515024,8.24125843068306,13.6837186088646,75.9999545749695,3.1568659763849,116.858433267717,321.321116452197,7.88400612668259,151.862329880907,8.01659405257582,188.312955762275,54.1657005338312,119.53616439824,53.0835498102827,0.263018185113437,154.972753720001,1.43780395238826,35.9729734698378,16.1072583056343,131.337435875364,15.3980485501805,0.123547385031612,39.3935474702376,8.71426239843186,216.9836277965,16.9142816545638,14.5773124110167,113.410806618834,9.52222985972473,127.265935064489,37.6479781210569,33.2258787028106,34.3000991021252,137.733821546451,10.6020283587031,30.5228935872187,173.406531505076,82.4710906594371,56.1788189522836,33.8095906384932,128.195904292885,13.2299304656555,16.1462717873838,73.2839131243653,42.0504813619813,24.4277918360679,43.6792542766433,56.464257877817,162.328531291482,5.06025245219815,0.492604636889247,0.0570347382516494,0.0338281860336993,12.616446405862,36.3760813120572,111.871602267049,58.1492559782998,95.0684003990964,8.56614203290314,25.6746859970383,5.56194352376245,8.65294642438467,83.8545444099209,4.7490552206857,17.4889756759771,22.1401646210309,48.3289537349041,39.6763615428824,109.820567640141,93.025335802041,376.127363125519,0.688359159701015,1.42734198226843,1.5799770589408,0.0622323613874777,201.639729833333,355.095565650214,88.8422618351765,0.128281730931898,0.080923615186361,0.451667256274818,1.32755200158709,12.0252534905197,25.1647582938401,22.9752648078283,0.498595162857601,149.163212147012,39.0507902796605,79.7354649383808,51.1176684399883,0.176940098505973,10.9033646769561,2.79609947785796,22.7529403072601,8.22079793064601,8.14343753477349,0.00512439351089551,9.69353563091582,100.790357962834,11.108207245893,13.620064983589,7.66128163639707,26.5514415964313,4.33339921290823,6.14941047690588,23.2546323110774,121.616694006033,1.8933671226098,124.329090850699,63.6919595041249,1.19240672639693,178.474796368642,17.3159094683947,71.9853144672863,16.6223296672703,14.6424870858307,40.8422145622869,0.00891850804254404,47.3111470809443,37.6967267922099,100.24175265692,2.34939934113729,113.497058159288,17.861844216353,96.6618678560907,20.2590330995279,7.20200971196871,0.0253182407581085,16.8733324823234,9.01286773998274,147.870478409198,8.20722895384256,70.7373019197301,53.2923423402165,20.5674579894286,19.8274010366097,1.5369833121616,6.10352446444536
"GSM773758",0.0717380691087579,0.0316668003041807,28.7982768792365,5.535482554517,0.0168820861884059,22.541684871005,9.8703713672723,4.54574323075063,35.0372415178183,80.6081163351947,16.5351522019801,0.986925721633323,130.842084514099,90.5191955311137,5.41510759833413,0.0711918851618057,78.003144910998,13.0417270761739,71.169639569226,8.31196502906297,52.1176836854235,115.147106875684,58.6666815391275,15.7499763573187,6.29176007829175,15.1216633079744,13.7914210836218,39.6235695359504,0.199726092102451,3.70675647732988,0.753757030560109,1.62899981633239,4.65906243029704,102.318234200551,14.2786528433515,0.0894941823600485,15.3544118973257,0.0666802254725451,13.6150588825702,1.52517903416575,13.8465599301274,40.9544976151733,13.5142062112694,57.488696813433,16.1766256016469,39.3724020013744,69.2342763906511,14.5334380858343,50.4995046447276,2.0256712692355,0.049503078256487,0.548808318886114,0.0100209266045648,14.4169090507441,9.22908713489964,43.8879567925372,18.0894670284916,128.902431728499,15.948299605684,0.0189907564850775,20.6199481244698,8.30277147220433,19.8800351896703,75.0904181493849,2.80337676158317,153.687825214659,606.422277286034,8.01874865816931,175.541060607731,6.35981607686779,150.823536226005,53.9147627882658,132.384826101048,37.734602686333,0.352709723349534,166.421699577244,2.25808114865707,41.7583106501721,9.4088788500695,113.289095963387,18.1469643547628,0.182565152166735,36.8680365311851,8.38164592354684,206.767491219465,17.7915950823522,12.6127806216741,138.744762412305,5.81120493074052,98.7611538563868,49.9719498286206,23.7075122102478,30.0595406342864,129.073197659227,7.24386870185895,41.4792595792834,158.691890323366,74.772318227205,63.6062101865348,20.0756184453441,109.937724638934,7.85003881699085,14.5149450728545,97.0938432019475,45.8806253198507,23.1526082421725,39.1042013785178,52.7990168944262,138.849654963899,3.77221108738306,0.572004142953102,0.0649920458283261,0.0515984895228719,14.1543203707619,42.5932855709572,156.35265146229,61.2648082773104,24.9994267421067,11.0781685157744,36.0280797150769,11.7767591550896,10.3405757372936,65.7300495720343,4.28788457925461,25.7272949677402,20.5491195303211,55.9358144757245,32.7414468725071,116.829712008833,120.314701202168,387.13813560694,0.984103418396506,1.56529072942998,1.27530903680129,0.0781472846629432,172.115608827753,334.145081097938,82.2860166128875,0.198261162423757,0.111876913265522,0.576115065553745,2.48942526931441,13.1543018787597,26.9315390518349,31.1605418485007,0.477593225394921,159.746394361826,59.4665798540965,86.7007044524367,77.1010213155498,0.253751805033782,11.1694039405786,2.94588338949029,19.4915554734457,13.8328194171517,14.8452784998816,0.00735617221955082,10.7190135101381,106.677855936888,13.3694589842017,18.9106763857334,10.0330017400737,22.8215079552322,6.29997404739298,12.362224597335,33.9232687942126,150.282091564158,2.11895951310061,141.23685999621,73.4812437715945,1.61506785708082,186.916278517793,21.3501363779739,68.7165439383356,11.5162518687728,23.0904307642251,44.5930241758298,0.015312307211455,50.0174700533072,55.1782517813777,126.062294116609,2.59782405626609,137.012849631142,24.4623387797738,110.24518330229,19.8285774170242,9.1701484131397,0.0534396580393892,13.7929446686859,7.33468805936776,123.521712735566,10.3835015856736,79.7283631956409,61.6371452240535,22.8290199887061,24.6446131828428,0.675326853593544,5.75392256569818
"GSM773759",0.246160105510036,0.0492721416360551,100.747739248924,17.4811773640944,0.0169400739593911,41.4100637510855,22.5855463140839,6.24832873542167,56.2201188865215,118.157159752878,25.3386920918799,4.16489904196049,291.424842243922,107.522575401791,10.8436668428482,0.116411495143678,156.44822082547,17.5928977158154,90.1612411461946,28.3022720396994,249.415750837609,253.609674331128,94.4202585793947,24.7004834977074,12.8791619004746,20.1652147845227,28.2859078742922,88.958142300903,0.586324028371534,7.46155492208777,1.21613636448837,2.80832610577905,6.62530872642357,438.960607740407,27.6748757896324,0.0910881680762917,31.435483367302,0.264620588402416,21.0470520764039,0.918168769101485,31.7348475024768,120.701584338425,11.5088045292696,77.6329445004193,23.8453450964299,52.3204422285945,155.591771945261,25.8330623685177,105.170276131015,5.23522036142028,0.0899999592320119,3.51983432607208,0.0155337610413246,21.1180737288856,7.09357667158928,58.6382670598649,25.4304036167526,233.871077252314,26.3541976922323,0.0156110703071787,29.1645932989521,14.4337864869084,68.8907428755337,101.47119703783,4.45085209869668,176.05546137917,811.295277185131,22.7300642986857,265.925894738335,15.1247986266746,248.685843801499,88.4991311474888,165.265409629025,33.5449542557461,1.45854535520004,273.976659801781,6.57963411990398,102.850212470099,20.8772974659244,141.354630827728,48.4634501714819,0.682184547373713,55.3280376239762,16.3509682718889,345.694710554026,27.3671182478161,18.2217047232803,169.665315315974,16.4910902737596,164.011928151375,79.7452307209842,53.8222231045601,79.6030155070043,243.180445299742,9.05918091535685,73.0812251657181,215.642904904869,106.935204505813,86.8241567734406,48.8432659957852,186.295462989547,18.7611341889295,22.2514638892546,99.445744429814,73.9387876851828,42.9625337198092,74.630176280664,76.7675394042982,231.902843461284,8.2637110724189,1.70947157254292,0.233256102455068,0.0466244357663203,23.1475013300639,56.3810565539923,238.231935767816,121.849468148156,87.1001735604676,14.8954297339355,61.5492915549877,17.252469574161,12.7441477363343,106.757624282131,5.28934055137563,38.8976883031359,28.9560836631516,148.337480811377,55.0236842178218,149.683145639821,253.969180957617,549.583731662902,2.26696605022278,6.8842345603252,3.60180956669044,0.165213647592738,458.079364086925,715.96144676621,125.774221810818,0.427359928947671,0.131431736686323,0.793078044500232,2.99282458804434,16.0835429593875,66.1236057034772,51.4926801606517,0.906135763479609,241.58476842855,67.8884280544106,120.540308713449,113.624948517259,0.273932709750247,23.8123273532639,4.15865736883011,25.8961952663948,11.3429716788731,21.2445377842162,0.0265043226800757,16.2924920339967,182.12002673124,26.6914099965346,33.8253011806978,43.9738220309741,55.7687245938679,9.67219707655471,16.3566328335703,47.2090302415032,241.686473923703,5.29007795984359,228.650767831926,137.642635497488,4.18996189876827,398.242975680688,18.0531293524443,180.342211485854,21.6876632603866,20.3240848714849,50.6727335611525,0.0166419562589689,84.1759828224416,48.2346307031702,162.780100412786,4.42340185556768,159.233837452029,43.6786483275795,246.635514793478,99.0855369242505,8.14761516722424,0.096773583916148,26.4780772695554,21.0497206376059,275.533531111162,15.267757560334,122.211195120091,232.899757758585,31.7872812084963,87.5617058529307,2.84996093926353,18.7304227782263
"GSM773760",0.168222930846694,0.0265790068151504,59.6152098069974,9.96819074809168,0.0146339598768577,34.2358579937421,9.84502122364679,3.95995550426495,32.4850340532528,86.2785707277594,19.6886924759247,1.45279935643138,158.386933270247,95.3863676665081,7.33446923489521,0.0813869538887465,99.6428836801696,14.4596467532613,80.9662170769388,10.4665958444515,103.813662470885,138.851537703731,63.5236364561939,19.403530445721,9.25010346492222,17.1280177866991,18.1489690155608,39.6746106120869,0.253010280179702,5.37140622878933,0.70290260327938,2.24105036197761,6.02429678055424,151.873080647552,6.69008108089678,0.0748551115177176,26.2611419069527,0.162629768353938,15.2326623729721,1.41611810539856,20.9576335142726,55.6752427684864,12.9042571178309,75.933963771043,18.5591479980244,43.5729430157623,79.9689183395548,23.1191680876439,80.8137830851185,2.89327078408903,0.0762742546963494,1.09428139210455,0.00992540115986772,15.3650144894326,8.69634762920821,38.0825220492993,19.4210456472272,160.700972477109,15.2596561964717,0.00615472109258205,28.0192575255699,9.99263467210932,43.5792313364377,101.494039828025,2.80479908653096,133.050512992075,498.813212656999,13.2116530503323,188.645894093493,11.6077463798249,219.525582274198,60.9814348491718,128.037387699461,41.4166973520118,0.495362097329071,164.273435431308,3.37798743361185,66.7868617328007,24.0511942340044,151.650295109893,31.873761749996,0.183329712768359,49.9895087757773,12.7242320846895,312.153501759037,22.9445447922813,15.9461747005109,140.962633977847,9.0857602430735,115.082093278662,68.6573268943519,35.9622551373602,44.1922753429733,177.119053704179,7.47718357325471,53.1781842087658,194.806008410228,95.012935000696,71.2269005215267,33.997846797062,150.502463712619,13.5796320587304,17.4867735671978,104.338192206938,51.1112653278613,24.2426018725642,41.3606304749742,83.0584110973199,173.977794380877,5.90380286577877,0.845167385898197,0.103751951972912,0.0433578296150046,15.9342640519325,44.9026353736974,178.188567893866,82.8330786080888,54.0683310900824,10.5970129461023,56.6304011353601,9.97943351565083,13.0908290430905,102.875147918083,4.81419753068108,26.2437089225166,31.9897785351059,105.643162111157,46.8251409882266,115.529387909494,141.003756948565,500.888312703154,1.24825005459728,1.70973706541896,1.45146719632097,0.0921863834358076,170.03368341247,396.068540856363,84.0400997005633,0.18726051790837,0.117869185567742,0.613818098529372,2.5822023806048,13.7666648619337,25.8826140932259,36.02336586971,0.57637355281108,195.300859328529,81.0272719366036,118.29554106647,93.068762596954,0.207254928481204,11.0966734122571,3.86337309264137,24.0646323004281,11.5608368215837,16.2345614636864,0.0122238256322401,15.6287024034033,113.488360240274,17.5470977938775,22.5516262056456,11.2366528619866,33.5474262364701,6.05188653725174,9.52303410577636,36.7049423690823,143.829965331667,2.4395447588183,123.542312288125,79.3171809654362,1.9623046613336,224.995509424329,20.0495143829789,136.430495989958,18.5341431530144,17.6816089248586,49.81282450177,0.0157453023080022,62.7434686405212,55.9661315829771,94.0187716276556,2.24984506038684,138.402775382124,23.6867997161334,127.281198102765,33.3161308524275,9.42290935724889,0.0523051711208877,21.6860517594705,15.3812019638656,181.542482997968,14.1232018841488,76.6634902574427,68.1740395304657,25.1883575496353,33.6346088261319,0.922414637802857,9.14390252031682
"GSM773761",0.0491677063821011,0.0110259830758316,16.6132254509359,2.24942546442589,0.00724929278700874,25.3761601009572,2.20940146650299,2.42418689283017,15.4217937202443,42.5398090435641,13.9795385884804,0.699700638585194,120.492319389539,81.9332062173323,6.1797366717277,0.0277509169940939,44.270272998691,11.3464763609612,66.4775335296577,4.03728277115102,28.7956176272562,75.3574950508338,29.0603808996794,14.2739424512341,3.53891862704173,14.376455888285,7.31351887374668,16.8617136859046,0.122129296089284,2.29174334060659,0.628872970768134,1.19480140395338,3.15045042525684,71.9805020591335,3.19875632721532,0.0324829300741247,15.4626402988152,0.0744498765255291,7.24080471204142,1.33186912288957,6.14357145969444,25.7550216130928,5.20622566337209,54.4920270550829,10.7367132245117,46.2941340516557,50.5399597793933,14.4000118792026,47.5049240064443,1.14076610296337,0.0342196671213557,0.188944609733872,0.00605642797888436,12.8501053375206,9.79387885736359,25.2844862382518,12.2320663700072,106.296142596718,5.32592051527235,0.00516685834852542,22.3259041150702,4.5453540932249,10.4039018550958,69.5355244246874,1.2395810533883,51.0460723539979,267.590762025406,4.92840412549604,91.6402413379673,5.12340363074444,135.356988587033,22.2940942500812,87.8832837844909,26.4808456949763,0.232500133401464,119.944037578614,1.170900054166,60.2526557585782,9.27130935271659,104.290381692727,17.1091124135873,0.0397982811768217,16.6705963158776,3.63496571300138,189.355015833119,12.6393254537892,13.2251925501347,118.970935937926,5.23582459117662,90.4086600088343,48.5858411135269,13.2984850390275,27.5340921676636,113.227155440641,8.17687235153525,25.5607602132625,141.554708346722,49.0391518901578,53.8939789353733,15.0631891001812,87.9308844191795,6.25332125907095,12.3752886461752,69.072451608906,31.0158660906825,16.4573762144131,31.407512307284,41.9528554603228,119.650836510687,2.82580954857949,0.391073801881655,0.043765671355308,0.0266197827297669,9.3168328422103,26.0086489109006,101.973735107207,38.3617298495071,47.7133154356159,8.05443083677236,41.3012227286115,6.51753876692559,8.4307774689662,58.6218405685399,2.45523359890784,9.89476231921801,9.25041006956117,76.2238041170143,30.7679593647958,71.0859752324638,95.6547060112693,369.48367755395,0.538617134196117,0.882561007817692,0.673294453972576,0.0580304151700659,75.2998046175168,297.960898754083,68.4434909475167,0.0628564145305344,0.053310834831201,0.28913026191887,2.33357399848373,10.8374604614295,18.2980123864744,30.2177113084808,0.457533254948123,116.354278016981,50.1752373392114,94.6653887361815,43.4327921674091,0.148390419764681,6.93455187061098,1.88213594002195,12.6946697769905,4.78324093692649,3.29956031753908,0.00543098647733635,5.96241328324487,77.5054602651694,11.582875806406,7.82095116681007,3.72807130624544,16.5247851629527,5.37844115917371,6.10172248380393,17.8042339543843,88.7325268961738,0.935849408712588,93.5769389516423,45.835202791205,0.939663913387207,134.749234781323,7.87261915663134,60.8174565371305,11.3180713188633,13.0711431210074,36.4994488958468,0.022732308812079,41.5591954676218,19.1521581766428,68.765384097564,1.25136860273273,86.9911170536522,20.2494394427161,85.3907425030972,11.3239131113184,5.88924147467149,0.020316145622992,10.3565298374982,5.83007115078358,93.0618022157322,8.03899345317863,64.3032717644976,25.1655616668723,21.3144927711531,18.2467705247287,0.50865629612604,3.86690288247389
"GSM773762",0.242462748985813,0.0846006684776823,85.3759923736992,15.239701321321,0.0263909073982128,28.544514064736,6.71688706010295,4.17092953120161,50.076949090379,89.1437536768027,25.363239678805,2.64849304665139,202.533105865719,95.7873821365756,6.31289665789648,0.115846271737335,152.553776410324,14.8813545234171,76.3596961030783,13.78181968693,174.002269481694,166.97019281026,71.0391327106024,20.5533659068061,25.360987360825,22.7215250697502,18.8759478590975,96.3621363374076,0.378876769983512,4.6031393746076,0.780273377929214,5.44480875623908,5.55764058895083,306.596405865133,13.0872578665449,0.152663530744902,35.1703280840188,0.140259644714846,19.187602124123,1.88376228801373,27.3795238693789,103.039965247005,19.0354164585817,81.2122297910216,30.2130247598778,49.4393599483408,96.8365348263409,18.1425105606573,95.1384873735523,5.93248796912481,0.0790111369699806,3.01727657049772,0.00821047626639577,15.264700368203,9.08017765057012,43.1168910431865,20.1922942169755,183.975564482592,31.5596392018833,0.0287820863604223,38.80069686141,15.1188624253313,46.272112445889,106.517720638197,7.59355575477444,183.77106760705,600.084728646821,14.8571147323766,191.36083808085,8.127122142877,241.529733376129,97.1048177463138,165.341449770969,55.7398795129886,0.695419075884368,199.341834803271,7.69357937749032,55.552909078772,13.2977883963259,174.196259556597,18.5352973877468,0.181687375274524,47.7089921361364,11.6090433573925,327.02026764484,44.4403584764661,18.3290637718434,204.656858733957,12.9940716704043,98.1486572424422,63.6224467157733,54.4105949465878,61.7121921630382,233.605393667053,5.89437757705356,72.4028844299817,228.138270624615,123.918450473481,71.9247916163092,43.9997804255339,160.199472095376,21.1946586412201,17.5483476871195,85.9021839956647,61.7580064507495,42.7960128552256,43.6006832516479,81.0313630022223,215.753422135162,8.88610061374457,0.87008418117964,0.104163864836188,0.0853816189973873,37.8623395112097,72.5980431076042,173.336425596581,92.8066079466471,48.2576885455141,12.0067023659366,46.7125009887588,10.2447482433077,13.5396465387734,223.212646296579,14.4688695251793,44.3470515020263,22.3071197619463,94.7543081913222,44.8685033891674,32.6837380477884,267.311454341736,602.240066903849,2.27498290987458,3.83142434864395,4.78392628823298,0.150210849929025,239.305868295717,506.426177563249,86.1879375876696,0.391937219967481,0.342379749430931,0.809317700977126,1.87996781529645,13.0964817322434,36.1591908120599,32.100571009592,0.636239642932265,187.238867118289,62.7089049290182,120.31184662396,83.6432419529552,0.216554505557082,16.8916835136002,3.37553110400994,35.0123943672539,12.5316492935898,11.8736379706243,0.0174518366404129,11.9650149771155,124.382255140451,20.5366178936518,20.7141004961649,18.6613695887528,26.7652356458808,5.18947001720776,11.9036724085413,28.8244196767541,140.472173168022,2.61166674018334,138.385779593106,88.9495507670064,3.00171269525375,299.571433266267,25.4160192046559,107.765626945218,14.5187948148617,13.9064497369523,43.336344286728,0.0186481533209213,75.169508661606,31.8152006316875,133.210563050133,5.92164796789367,143.434241723825,42.6060865755382,174.09103355097,41.5385043350629,14.8036012244024,0.128861641059562,41.8255637738541,14.192284157859,231.958430322082,15.3734708143135,107.507474550659,135.310450200727,26.1204859366083,52.0643916630846,2.28247551820813,13.7430917569353
"GSM773763",0.0462792305905531,0.0169732580639022,13.8344131490075,4.65040146160838,0.010466885456457,29.5309431525818,6.15581909660967,3.29254186842005,34.9994378766557,42.7282117266723,21.3317542611843,1.1333758673849,155.583199128704,85.9186837230379,6.73714585385109,0.0486671737337784,63.3246287195837,13.2697946044722,80.5283211830541,6.26034836891135,57.1280499101378,82.2570030363784,47.7953685984407,19.4432782633112,5.89873901363556,17.9591057559579,16.1899995335819,42.3529400318369,0.164975269983235,3.9926785350743,0.782102693741599,0.991753360541662,3.5834811054395,90.5695375591671,8.59721676936044,0.0632472535004887,20.4045915904539,0.121478444815611,12.1949204055033,1.60687240423224,6.87188374950745,32.8120257869714,7.5971630074901,65.840289295436,21.5474568806143,50.5020429688424,72.1958152915318,15.599003815524,53.1362009868814,1.74598007466145,0.0514267472388107,0.166898474185346,0.00795452742744296,17.4091328585402,10.2197461743185,28.8115273695384,16.4528496107691,145.192905398071,6.78500759872649,0.0120482098921156,26.2693757022089,7.18839736914521,11.5569706441753,80.1356795575863,0.884113627253171,82.2245875896464,263.38089989387,6.22391356121026,156.577215067124,5.79786196245828,143.384430421236,32.9174448845587,118.772066776078,41.8354594653683,0.235983644731281,153.581037847772,1.09726569917605,70.9725736785319,14.3307927107631,116.528789868776,29.9062782094381,0.0657923534425939,26.2366719395052,5.44871639973996,238.839918254144,8.87652891224806,16.5837765146866,136.17837857143,8.40361471418244,118.557936526055,45.9230505972133,32.7001442988101,37.0104491153798,146.92585957754,14.3553179138497,31.3038861091173,171.37919423956,53.4989803954432,59.5376797519317,25.5821793271145,116.784425836777,9.85022582541663,14.4890203787694,78.9265446976138,31.8929292783761,24.69218754155,42.7530083944353,47.2569531183532,156.946746911982,4.02238923919889,0.453346729549285,0.0575220883224239,0.0254327850332714,6.13528248395386,23.9169045178292,101.459129617809,32.5657062345729,60.1954642087504,11.1096195324046,26.6538429013018,10.0771608515552,10.091240187044,31.2562825252581,3.79816543900821,13.1503815268037,15.493663514011,86.8118751877615,36.5794453022268,90.9979468960091,104.442507326158,476.949767058805,0.58928271456577,0.837201920217557,0.954252943753918,0.066780932680127,134.674568352683,384.434442142896,83.1545070899741,0.125197095926893,0.0655677867905995,0.39576324585132,1.99945547786642,13.8802826116988,18.8725539138592,23.8253606546383,0.491299650051155,146.843733284478,44.612310833423,105.613987237382,62.1767962863892,0.218271437638547,9.22475355285386,2.07351692450963,12.2406774981901,6.7882767593601,7.35120746778282,0.00606884599219735,9.35922786940989,85.5963908270201,15.0378298444174,14.0539920955278,8.07709622883252,22.1336793788885,6.04556824102488,9.08018577233761,33.7078551674712,118.100352216725,1.1790320553897,117.685924111192,69.0844495356355,1.23813351550864,196.820064561879,12.1975017402151,103.046946592467,14.449869295974,16.2083470979653,42.6665448328312,0.0186550040519543,46.2333497524368,23.3156623958827,89.8096198095042,2.24517864393237,137.642322303868,28.7634451877641,127.834475171584,30.7559183406499,7.55950501874335,0.0344713317505346,12.3943766854051,12.7283596453377,123.474489744179,9.3988562569065,70.4720226402619,56.6918037849109,23.7570337439875,33.4316470304202,1.14282067116246,10.9202731528012
"GSM773764",0.114028237908581,0.0514437160653179,37.3367390676213,13.5012449794589,0.0127154836629911,18.3113676108392,6.38808955721683,5.29437591480327,61.8317836018535,98.227369469088,24.5763217608374,1.5442444555411,193.955592906481,91.7159104346702,4.91375921484474,0.0639483468417067,167.3332052988,16.0753334041372,95.6159201573021,9.07623767698599,324.958326318456,166.357477317152,74.6184295556606,15.8010370506449,10.5514009256957,18.1639559591077,23.5755309315908,62.2515670382037,0.288518669698171,4.64813175880084,0.781593977888533,3.51494228573517,6.03101408818809,206.710246041722,3.96913196560052,0.0841970189596825,32.0628218395386,0.107731580329119,24.0368312640542,2.43574145161443,19.2358324724117,100.421947969691,10.965241408148,91.3157873537541,22.7526943833428,37.7525735137612,135.992076301889,12.1323359709149,99.608391633873,1.75893077590543,0.0862062489816557,0.872870978309565,0.00797070629721599,16.5404651295789,9.87328939363264,43.1084269133233,19.7820133044819,169.146947309905,15.2401688090364,0.0206720764715803,38.0005812534954,8.21436790638692,40.255659739125,84.5075213613146,7.79021248689908,202.931356955657,457.988957220888,19.4017708436355,153.688814275704,15.6803064999383,243.587342699064,87.6055448217644,148.094821266631,41.6282232457887,0.528292004162939,184.250585370311,3.34596853399033,31.3853912906453,41.0866684705115,140.538555911381,15.9078279231163,0.206640981815076,46.7431787550303,12.2504729343817,249.180199095113,46.8539829605615,17.3743840024729,165.295800692555,16.789771846603,118.871245641933,67.2363505396671,35.5008279981326,51.7596511902822,166.88416041721,5.49306435670077,62.8739586562838,194.544790555369,116.253045122596,75.7080551825538,35.484930161174,136.842320132751,18.5840423346617,18.0861453783766,113.346227542993,51.5128285902897,35.1970089251344,39.9047206949212,92.6300077065607,180.139180330217,8.29958233662992,1.4383525102885,0.236456420200573,0.0645146275310411,43.2966498051249,92.4246072010335,200.147815665566,115.617897296986,62.4947239439198,10.9451832954531,64.218215631358,11.4601094338556,10.1707748298557,208.897139677586,9.54058326107151,34.3593881183521,36.7778248825128,81.3110234299576,44.5703963388026,156.273222081228,293.293044394807,504.363737991377,1.14468413020836,2.11451303231358,3.5258402800778,0.160740201139569,298.550075055716,458.654422400307,102.612857442385,0.351689397217341,0.126417605855743,0.781966180709328,2.55789092075939,12.9251438192323,37.0745639436622,36.7721870620832,0.871486524398759,187.454704803003,91.8166338804642,146.032472479119,102.671756670342,0.206278830087862,18.4772453538789,3.64250093824077,39.8174625646847,11.6819503809546,8.47509207244091,0.0131066787324596,24.2496782550411,138.803156328731,10.6074675260246,33.6642539447379,13.5831331793319,28.8481814447503,3.97915475442256,10.4348400661409,52.6851046024225,145.454291751749,2.24855208704191,152.548853750162,103.782198857455,2.61608488174392,208.195640697087,27.9740071615935,91.9393536771482,19.1700989820563,12.6893982687341,40.5180419581991,0.00726810117694742,53.2213482836348,22.1169255640091,127.918526780863,3.99850899099454,153.883565613975,26.1725194966077,118.257279080557,31.3483874946871,13.8210918154647,0.0746866369572232,35.9843108969683,24.0637169344505,176.635279502604,16.2507288548429,99.275119077799,71.9934940375806,23.1763179021422,57.2349034067214,1.97353710510087,10.7621070664255
"GSM773765",0.115224741190139,0.0375464475756725,40.1528672150885,7.92943485920433,0.0242073394680378,26.5553393538345,4.86297588916989,5.66921053009032,57.5862163338434,71.8129392440703,20.438526277851,2.15411925510854,134.652676812914,90.1402701482694,7.92126730312697,0.0620102161835862,85.9437640230508,14.146342677188,76.2444179240938,15.5255001849638,76.457784356593,168.271968015013,65.7638951785662,18.4342600594366,8.96251383680292,17.4465086027478,22.6095597348174,37.4554963223512,0.24098201538147,4.56896014137423,0.826658743191397,1.76505649872396,5.02910729473469,353.607559140825,12.8962085779785,0.231282440836641,40.4173582535891,0.168376800110549,15.9926693092425,1.60351979336355,16.0308159410341,64.0903796516236,6.46670648035553,69.5697279455302,17.4133822250318,52.8263686742083,125.834116329628,15.1695612144782,65.2483901329139,3.0013909021848,0.0882647304964331,0.493942505618031,0.0128816775484306,16.9130890939101,9.00090572377256,41.1605856984776,23.9253099553949,196.785041886228,13.2858308822707,0.0120319191333784,31.0858073298745,8.00943348316094,27.5893680787315,80.1874829980058,1.68929216653414,155.311481820466,592.146016181049,14.2774141103329,291.909034866188,9.16558152806073,195.123412885614,46.7208148936657,158.191489304458,26.492637942204,0.469017325652078,198.403258348212,2.51988927893621,60.3067779967013,19.5034123761854,215.24786301349,30.3944764534966,0.145856342238062,38.2110376457773,7.72409260996038,280.80695133488,19.0788889908944,18.0965659902428,171.742184262717,10.7826931313684,204.32994296111,75.1378951444517,48.5725012148584,43.0962214414827,189.719062957607,27.5682239082799,39.8023126887784,216.14104832259,104.585639747627,75.3898892043235,33.3795777735267,139.342782356668,15.6920925644036,19.9778295123648,99.0627308523274,44.7228210024884,25.4512120588372,38.750915953724,66.3442695444515,193.599483938061,5.86121243464576,1.03008019189295,0.16167176769017,0.0510030167142807,15.1479491941887,38.0448633082808,165.07006117141,53.1335058014573,71.5651426569253,13.170267175976,47.1453232902058,28.1925201429752,17.1975119206097,71.0879309556107,3.8597978538547,18.5642676287501,22.8767475796385,100.989289918327,48.5264062758495,254.493025349011,225.167193273531,544.740175342136,1.2254552851852,1.85393815511448,1.38566892922213,0.123428913814803,160.197196440669,433.985149391627,114.055709494805,0.183628033679339,0.154007252084509,0.537445213841834,3.18559910712991,16.1999623509244,45.9761817802766,46.2093290838192,0.656793105100924,178.97663697947,62.1684949006205,107.968425252803,110.322641999094,0.288006101547116,13.7144368976904,2.78309845299785,15.7064358125409,6.80137998149366,4.84803966347961,0.0114926946966098,20.3328244826635,131.583564704617,11.8385001541042,28.6775549081775,17.2129056699471,23.0273960643328,4.93891592057769,8.3155688704625,51.1237134414133,178.309507650149,1.64539535786453,157.046988587832,102.272419042459,2.18469063127757,287.432073957602,13.1728817203542,144.580849256486,18.3747348389671,23.1413038460495,45.4938224867922,0.031288374671379,69.4319265032315,38.0470764925612,147.778451754325,2.71298529931823,158.130997106001,35.7840976143569,151.449079899076,50.9032972715654,12.1729391535212,0.0594355650896011,20.0104816558479,23.7992309609609,136.356885472476,13.4914917886909,104.859459833227,98.0953637843967,23.5135878881936,50.1892180692137,0.609445809009604,5.96911402778814
