Sender,Metabolite,Metabolite_Name,Receiver,Sensor,Commu_Score,metabolite_prop_in_sender,sensor_prop_in_receiver,Annotation,ztest_stat,ztest_pval,ttest_stat,ttest_pval,ranksum_test_stat,ranksum_test_pval,permutation_test_stat,permutation_test_pval,ztest_fdr,ttest_fdr,ranksum_test_fdr,permutation_test_fdr
Fibro,HMDB0002369,9-cis-Retinoic acid,Oligo,RXRG,0.322097711,0.441309255,0.047328244,Nuclear Receptor,-1578.908355,0,-49.90452016,7.07E-274,-1.730321351,0.041786439,0,0,0,5.57E-272,0.12528449,0
Myeloid,HMDB0000121,Folic acid,Myeloid,FOLR2,0.255223739,0.118666667,0.22,Transporter,-2040.479414,0,-64.49338603,0,-1.730321351,0.041786439,0,0,0,0,0.12528449,0
Endo,HMDB0000277,Sphingosine 1-phosphate,T,S1PR5,0.043718574,0.202183199,0.0115,Receptor,-231.1592247,0,-7.306244312,2.81E-13,-1.730321351,0.041786439,0,0,0,2.03E-12,0.12528449,0
Oligo,HMDB0000122,D-Glucose,Endo,SLC2A8,0.101994099,0.508396947,0.079734219,Transporter,-743.2752169,0,-23.49268273,8.13E-98,-1.730321351,0.041786439,0,0,0,2.28E-96,0.12528449,0
Fibro,HMDB0001852,all-trans-Retinoic acid,Endo,RXRG,0.244556141,0.441309255,0.025628856,Nuclear Receptor,-2080.643405,0,-65.76284838,0,-1.730321351,0.041786439,0,0,0,0,0.12528449,0
Fibro,HMDB0001852,all-trans-Retinoic acid,Oligo,RXRG,0.321130723,0.441309255,0.047328244,Nuclear Receptor,-1586.95629,0,-50.15889104,1.87E-275,-1.730321351,0.041786439,0,0,0,1.49E-273,0.12528449,0
Myeloid,HMDB0001852,all-trans-Retinoic acid,Epi,RXRG,0.028407503,0.360333333,0.011166667,Nuclear Receptor,-280.5272981,0,-8.866619875,1.70E-18,-1.730321351,0.041786439,0,0,0,1.54E-17,0.12528449,0
Mast,HMDB0001852,all-trans-Retinoic acid,Epi,RXRG,0.034669177,0.307890961,0.011166667,Nuclear Receptor,-370.5571338,0,-11.71219083,4.42E-30,-1.730321351,0.041786439,0,0,0,5.39E-29,0.12528449,0
Myeloid,HMDB0001852,all-trans-Retinoic acid,Fibro,RXRG,0.040719824,0.360333333,0.010383747,Nuclear Receptor,-405.0075329,0,-12.8010638,3.75E-35,-1.730321351,0.041786439,0,0,0,5.02E-34,0.12528449,0
Endo,HMDB0000121,Folic acid,Myeloid,FOLR2,0.212691398,0.061699098,0.22,Transporter,-1222.555683,0,-38.64128942,8.06E-201,-1.730321351,0.041786439,0,0,0,4.32E-199,0.12528449,0
Epi,HMDB0000121,Folic acid,B,FOLR2,0.058904984,0.164666667,0.0375,Transporter,-171.0501676,0,-5.406378725,4.02E-08,-1.730321351,0.041786439,0,0,0,2.14E-07,0.12528449,0
Mast,HMDB0000121,Folic acid,Myeloid,FOLR2,0.075953142,0.019512195,0.22,Transporter,-305.4432504,0,-9.654137809,1.91E-21,-1.730321351,0.041786439,0,0,0,1.88E-20,0.12528449,0
Epi,HMDB0000112,gamma-Aminobutyric acid,Endo,GABBR1,0.247941998,0.745333333,0.045562411,Receptor,-498.6544586,0,-15.76096003,1.89E-50,-1.730321351,0.041786439,0,0,0,3.14E-49,0.12528449,0
Fibro,HMDB0000112,gamma-Aminobutyric acid,Endo,GABBR1,0.295798835,0.774717833,0.045562411,Receptor,-628.3242186,0,-19.85942916,1.55E-74,-1.730321351,0.041786439,0,0,0,3.49E-73,0.12528449,0
Mast,HMDB0000112,gamma-Aminobutyric acid,Endo,GABBR1,0.317977681,0.827833572,0.045562411,Receptor,-689.9357217,0,-21.80678253,7.68E-87,-1.730321351,0.041786439,0,0,0,1.95E-85,0.12528449,0
Myeloid,HMDB0000112,gamma-Aminobutyric acid,Fibro,GABBR1,0.364250261,0.898666667,0.051241535,Receptor,-1196.205237,0,-37.80843148,3.34E-195,-1.730321351,0.041786439,0,0,0,1.74E-193,0.12528449,0
Myeloid,HMDB0000112,gamma-Aminobutyric acid,Endo,GABBR1,0.485955199,0.898666667,0.045562411,Receptor,-1156.104271,0,-36.54096119,1.31E-186,-1.730321351,0.041786439,0,0,0,6.48E-185,0.12528449,0
Myeloid,HMDB0002369,9-cis-Retinoic acid,Oligo,RXRG,0.193728228,0.360333333,0.047328244,Nuclear Receptor,-931.9922663,0,-29.45745818,4.40E-138,-1.730321351,0.041786439,0,0,0,1.61E-136,0.12528449,0
Fibro,HMDB0000122,D-Glucose,pDC,SLC2A8,0.043984641,0.439277652,0.113821138,Transporter,-765.7786558,0,-24.20394841,1.61E-102,-1.730321351,0.041786439,0,0,0,4.73E-101,0.12528449,0
Endo,HMDB0000122,D-Glucose,pDC,SLC2A8,0.029302194,0.35168486,0.113821138,Transporter,-424.2533261,0,-13.40936515,4.01E-38,-1.730321351,0.041786439,0,0,0,5.66E-37,0.12528449,0
Fibro,HMDB0000122,D-Glucose,Myeloid,SLC2A8,0.033162551,0.439277652,0.1275,Transporter,-756.8049908,0,-23.92031799,1.22E-100,-1.730321351,0.041786439,0,0,0,3.52E-99,0.12528449,0
Fibro,HMDB0000122,D-Glucose,Endo,SLC2A8,0.033529069,0.439277652,0.079734219,Transporter,-705.0748728,0,-22.28528533,6.27E-90,-1.730321351,0.041786439,0,0,0,1.64E-88,0.12528449,0
Fibro,HMDB0000122,D-Glucose,Oligo,SLC2A8,0.033781427,0.439277652,0.083969466,Transporter,-585.9953563,0,-18.52154179,2.28E-66,-1.730321351,0.041786439,0,0,0,4.74E-65,0.12528449,0
Oligo,HMDB0000122,D-Glucose,Oligo,SLC2A8,0.102761763,0.508396947,0.083969466,Transporter,-698.7680281,0,-22.08594504,1.22E-88,-1.730321351,0.041786439,0,0,0,3.17E-87,0.12528449,0
Oligo,HMDB0000122,D-Glucose,pDC,SLC2A8,0.133799534,0.508396947,0.113821138,Transporter,-907.4628779,0,-28.68215837,8.95E-133,-1.730321351,0.041786439,0,0,0,3.15E-131,0.12528449,0
Endo,HMDB0000122,D-Glucose,Oligo,SLC2A8,0.0225049,0.35168486,0.083969466,Transporter,-336.0730934,0,-10.62225455,2.40E-25,-1.730321351,0.041786439,0,0,0,2.64E-24,0.12528449,0
Oligo,HMDB0000122,D-Glucose,NK,SLC2A8,0.041128593,0.508396947,0.0215,Transporter,-328.2867181,0,-10.37615077,2.51E-24,-1.730321351,0.041786439,0,0,0,2.68E-23,0.12528449,0
Mast,HMDB0002369,9-cis-Retinoic acid,Oligo,RXRG,0.236117039,0.307890961,0.047328244,Nuclear Receptor,-1139.666121,0,-36.02140093,4.48E-183,-1.730321351,0.041786439,0,0,0,2.17E-181,0.12528449,0
Oligo,HMDB0000122,D-Glucose,Fibro,SLC2A8,0.077582947,0.508396947,0.083521445,Transporter,-567.9674867,0,-17.95173532,5.68E-63,-1.730321351,0.041786439,0,0,0,1.12E-61,0.12528449,0
Oligo,HMDB0000122,D-Glucose,Epi,SLC2A8,0.086666171,0.508396947,0.115833333,Transporter,-629.9470102,0,-19.9107207,7.47E-75,-1.730321351,0.041786439,0,0,0,1.69E-73,0.12528449,0
Endo,HMDB0000122,D-Glucose,Fibro,SLC2A8,0.016990721,0.35168486,0.083521445,Transporter,-305.3571837,0,-9.6514175,1.96E-21,-1.730321351,0.041786439,0,0,0,1.93E-20,0.12528449,0
Oligo,HMDB0000121,Folic acid,B,FOLR2,0.084174538,0.161832061,0.0375,Transporter,-193.0596298,0,-6.10203129,7.48E-10,-1.730321351,0.041786439,0,0,0,4.49E-09,0.12528449,0
Epi,HMDB0002369,9-cis-Retinoic acid,Endo,RXRG,0.05862735,0.162166667,0.025628856,Nuclear Receptor,-424.5047766,0,-13.41731274,3.67E-38,-1.730321351,0.041786439,0,0,0,5.17E-37,0.12528449,0
T,HMDB0000121,Folic acid,Myeloid,FOLR2,0.143281014,0.036166667,0.22,Transporter,-997.2869163,0,-31.52122469,2.99E-152,-1.730321351,0.041786439,0,0,0,1.19E-150,0.12528449,0
B,HMDB0000121,Folic acid,Myeloid,FOLR2,0.186028436,0.044166667,0.22,Transporter,-1448.127071,0,-45.77091911,9.02E-248,-1.730321351,0.041786439,0,0,0,6.22E-246,0.12528449,0
Epi,HMDB0000285,Uridine triphosphate,B,P2RY11,0.015880336,0.570666667,0.0115,Receptor,-683.1942543,0,-21.59370512,1.79E-85,-1.730321351,0.041786439,0,0,0,4.46E-84,0.12528449,0
Oligo,HMDB0000122,D-Glucose,Myeloid,SLC2A8,0.100879166,0.508396947,0.1275,Transporter,-722.6437175,0,-22.8405834,1.53E-93,-1.730321351,0.041786439,0,0,0,4.14E-92,0.12528449,0
Endo,HMDB0000122,D-Glucose,B,SLC2A8,0.003524273,0.35168486,0.0105,Transporter,-145.4933033,0,-4.598603499,2.40E-06,-1.730321351,0.041786439,0,0,0,1.11E-05,0.12528449,0
Fibro,HMDB0000122,D-Glucose,T,SLC2A8,0.004785711,0.439277652,0.012166667,Transporter,-230.1173094,0,-7.273312521,3.54E-13,-1.730321351,0.041786439,0,0,0,2.54E-12,0.12528449,0
Fibro,HMDB0000122,D-Glucose,B,SLC2A8,0.00529018,0.439277652,0.0105,Transporter,-242.6000805,0,-7.667855181,2.07E-14,-1.730321351,0.041786439,0,0,0,1.59E-13,0.12528449,0
Endo,HMDB0000122,D-Glucose,Mast,SLC2A8,0.007871536,0.35168486,0.021233859,Transporter,-194.274241,0,-6.140421479,5.93E-10,-1.730321351,0.041786439,0,0,0,3.58E-09,0.12528449,0
Endo,HMDB0000122,D-Glucose,NK,SLC2A8,0.009007191,0.35168486,0.0215,Transporter,-213.3055332,0,-6.741943096,1.32E-11,-1.730321351,0.041786439,0,0,0,8.69E-11,0.12528449,0
Epi,HMDB0000285,Uridine triphosphate,Myeloid,P2RY11,0.061170113,0.570666667,0.081333333,Receptor,-2041.170981,0,-64.51524438,0,-1.730321351,0.041786439,0,0,0,0,0.12528449,0
Fibro,HMDB0000285,Uridine triphosphate,T,P2RY11,0.017100453,0.558465011,0.014833333,Receptor,-641.9795836,0,-20.29103397,3.19E-77,-1.730321351,0.041786439,0,0,0,7.38E-76,0.12528449,0
Endo,HMDB0002369,9-cis-Retinoic acid,Fibro,RXRG,0.0273501,0.2078785,0.010383747,Nuclear Receptor,-221.2725028,0,-6.993754921,2.45E-12,-1.730321351,0.041786439,0,0,0,1.67E-11,0.12528449,0
Epi,HMDB0000121,Folic acid,Epi,FOLR1,0.6130862,0.164666667,0.3875,Transporter,-3642.971825,0,-115.1433269,0,-1.730321351,0.041786439,0,0,0,0,0.12528449,0
Oligo,HMDB0000121,Folic acid,Epi,FOLR1,0.876093063,0.161832061,0.3875,Transporter,-2385.065778,0,-75.38471933,0,-1.730321351,0.041786439,0,0,0,0,0.12528449,0
Mast,HMDB0000121,Folic acid,Epi,FOLR1,0.128987841,0.019512195,0.3875,Transporter,-378.1360957,0,-11.9517389,3.61E-31,-1.730321351,0.041786439,0,0,0,4.50E-30,0.12528449,0
NK,HMDB0000121,Folic acid,Epi,FOLR1,0.214058967,0.027,0.3875,Transporter,-1044.645875,0,-33.01809821,1.57E-162,-1.730321351,0.041786439,0,0,0,6.73E-161,0.12528449,0
T,HMDB0000121,Folic acid,Epi,FOLR1,0.243327769,0.036166667,0.3875,Transporter,-1252.461519,0,-39.58652251,3.62E-207,-1.730321351,0.041786439,0,0,0,1.99E-205,0.12528449,0
B,HMDB0000121,Folic acid,Epi,FOLR1,0.315923814,0.044166667,0.3875,Transporter,-1829.77441,0,-57.83363782,2.124e-321,-1.730321351,0.041786439,0,0,0,2.1637e-319,0.12528449,0
pDC,HMDB0000121,Folic acid,Epi,FOLR1,0.501386236,0.089430894,0.3875,Transporter,-1451.229231,0,-45.86896901,2.12E-248,-1.730321351,0.041786439,0,0,0,1.46E-246,0.12528449,0
Mast,HMDB0000112,gamma-Aminobutyric acid,Fibro,GABBR1,0.238341834,0.827833572,0.051241535,Receptor,-679.2895454,0,-21.47028908,1.10E-84,-1.730321351,0.041786439,0,0,0,2.73E-83,0.12528449,0
Fibro,HMDB0002369,9-cis-Retinoic acid,Endo,RXRG,0.245292548,0.441309255,0.025628856,Nuclear Receptor,-2070.467716,0,-65.44122562,0,-1.730321351,0.041786439,0,0,0,0,0.12528449,0
Myeloid,HMDB0002369,9-cis-Retinoic acid,Epi,RXRG,0.028451573,0.360333333,0.011166667,Nuclear Receptor,-277.7469527,0,-8.778741562,3.53E-18,-1.730321351,0.041786439,0,0,0,3.14E-17,0.12528449,0
Mast,HMDB0002369,9-cis-Retinoic acid,Epi,RXRG,0.034676935,0.307890961,0.011166667,Nuclear Receptor,-366.6493293,0,-11.58867694,1.58E-29,-1.730321351,0.041786439,0,0,0,1.91E-28,0.12528449,0
Myeloid,HMDB0002369,9-cis-Retinoic acid,Fibro,RXRG,0.040782995,0.360333333,0.010383747,Nuclear Receptor,-401.6231497,0,-12.69409368,1.22E-34,-1.730321351,0.041786439,0,0,0,1.62E-33,0.12528449,0
Fibro,HMDB0002369,9-cis-Retinoic acid,Epi,RXRG,0.047304343,0.441309255,0.011166667,Nuclear Receptor,-569.8754307,0,-18.01203967,2.50E-63,-1.730321351,0.041786439,0,0,0,4.94E-62,0.12528449,0
Endo,HMDB0006219,13-cis-Retinoic acid,Fibro,RXRG,0.0273501,0.2078785,0.010383747,Nuclear Receptor,-221.2725028,0,-6.993754921,2.45E-12,-1.730321351,0.041786439,0,0,0,1.67E-11,0.12528449,0
Mast,HMDB0002369,9-cis-Retinoic acid,Fibro,RXRG,0.049706541,0.307890961,0.010383747,Nuclear Receptor,-523.6960109,0,-16.5524478,7.19E-55,-1.730321351,0.041786439,0,0,0,1.27E-53,0.12528449,0
Endo,HMDB0006219,13-cis-Retinoic acid,Oligo,RXRG,0.129919011,0.2078785,0.047328244,Nuclear Receptor,-603.8283583,0,-19.08518907,8.91E-70,-1.730321351,0.041786439,0,0,0,1.90E-68,0.12528449,0
Fibro,HMDB0000122,D-Glucose,Epi,SLC2A8,0.028490237,0.439277652,0.115833333,Transporter,-651.5603303,0,-20.59385241,4.02E-79,-1.730321351,0.041786439,0,0,0,9.47E-78,0.12528449,0
Epi,HMDB0000285,Uridine triphosphate,T,P2RY11,0.02154262,0.570666667,0.014833333,Receptor,-840.794412,0,-26.5749697,1.99E-118,-1.730321351,0.041786439,0,0,0,6.41E-117,0.12528449,0
Fibro,HMDB0000285,Uridine triphosphate,NK,P2RY11,0.035802882,0.558465011,0.027,Receptor,-1121.892441,0,-35.45962865,3.02E-179,-1.730321351,0.041786439,0,0,0,1.44E-177,0.12528449,0
Mast,HMDB0006219,13-cis-Retinoic acid,Endo,RXRG,0.179814225,0.307890961,0.025628856,Nuclear Receptor,-1495.228984,0,-47.25966819,2.83E-257,-1.730321351,0.041786439,0,0,0,2.06E-255,0.12528449,0
Myeloid,HMDB0006219,13-cis-Retinoic acid,Oligo,RXRG,0.193728228,0.360333333,0.047328244,Nuclear Receptor,-931.9922663,0,-29.45745818,4.40E-138,-1.730321351,0.041786439,0,0,0,1.61E-136,0.12528449,0
Mast,HMDB0006219,13-cis-Retinoic acid,Oligo,RXRG,0.236117039,0.307890961,0.047328244,Nuclear Receptor,-1139.666121,0,-36.02140093,4.48E-183,-1.730321351,0.041786439,0,0,0,2.17E-181,0.12528449,0
Fibro,HMDB0006219,13-cis-Retinoic acid,Endo,RXRG,0.245292548,0.441309255,0.025628856,Nuclear Receptor,-2070.467716,0,-65.44122562,0,-1.730321351,0.041786439,0,0,0,0,0.12528449,0
Fibro,HMDB0006219,13-cis-Retinoic acid,Oligo,RXRG,0.322097711,0.441309255,0.047328244,Nuclear Receptor,-1578.908355,0,-49.90452016,7.07E-274,-1.730321351,0.041786439,0,0,0,5.57E-272,0.12528449,0
Oligo,HMDB0000050,Adenosine,Myeloid,ADORA1,0.005122834,0.380152672,0.019166667,Receptor,-180.7464725,0,-5.71284961,7.33E-09,-1.730321351,0.041786439,0,0,0,4.11E-08,0.12528449,0
Myeloid,HMDB0000067,Cholesterol,T,LDLR,0.308630256,0.565,0.039,Receptor,-501.5826564,0,-15.85351152,5.84E-51,-1.730321351,0.041786439,0,0,0,9.76E-50,0.12528449,0
B,HMDB0000067,Cholesterol,Epi,LDLR,0.320853122,0.087833333,0.3045,Receptor,-548.4902988,0,-17.33612029,2.30E-59,-1.730321351,0.041786439,0,0,0,4.32E-58,0.12528449,0
Endo,HMDB0000067,Cholesterol,Myeloid,LDLR,0.232295264,0.257712387,0.0985,Receptor,-174.7752214,0,-5.524116412,2.11E-08,-1.730321351,0.041786439,0,0,0,1.15E-07,0.12528449,0
Myeloid,HMDB0000517,L-Arginine,Endo,AVPR2,0.120009876,0.255666667,0.067869008,Receptor,-2849.213607,0,-90.05502913,0,-1.730321351,0.041786439,0,0,0,0,0.12528449,0
Epi,HMDB0000517,L-Arginine,Endo,AVPR2,0.161462409,0.332166667,0.067869008,Receptor,-3887.6305,0,-122.876248,0,-1.730321351,0.041786439,0,0,0,0,0.12528449,0
B,HMDB0000517,L-Arginine,Endo,AVPR2,0.020431656,0.047666667,0.067869008,Receptor,-421.1912434,0,-13.31258197,1.21E-37,-1.730321351,0.041786439,0,0,0,1.69E-36,0.12528449,0
pDC,HMDB0000517,L-Arginine,Endo,AVPR2,0.021982761,0.069686411,0.067869008,Receptor,-412.7224466,0,-13.0449089,2.48E-36,-1.730321351,0.041786439,0,0,0,3.39E-35,0.12528449,0
Mast,HMDB0000050,Adenosine,Oligo,ADORA1,0.00503172,0.246771879,0.236641221,Receptor,-133.9481978,0,-4.233697614,1.26E-05,-1.730321351,0.041786439,0,0,0,5.36E-05,0.12528449,0
T,HMDB0000067,Cholesterol,Epi,LDLR,0.306759231,0.095833333,0.3045,Receptor,-487.7101703,0,-15.41504417,1.47E-48,-1.730321351,0.041786439,0,0,0,2.39E-47,0.12528449,0
NK,HMDB0000517,L-Arginine,Endo,AVPR2,0.037896033,0.053666667,0.067869008,Receptor,-838.9521239,0,-26.51674054,4.94E-118,-1.730321351,0.041786439,0,0,0,1.58E-116,0.12528449,0
pDC,HMDB0000067,Cholesterol,Epi,LDLR,0.269479881,0.137049942,0.3045,Receptor,-177.9017759,0,-5.62293735,1.22E-08,-1.730321351,0.041786439,0,0,0,6.75E-08,0.12528449,0
Endo,HMDB0000067,Cholesterol,Fibro,LDLR,0.239275005,0.257712387,0.102257336,Receptor,-180.2042972,0,-5.695713089,8.08E-09,-1.730321351,0.041786439,0,0,0,4.52E-08,0.12528449,0
Mast,HMDB0000067,Cholesterol,Endo,LDLR,0.240490982,0.101865136,0.149501661,Receptor,-175.8909476,0,-5.559381146,1.74E-08,-1.730321351,0.041786439,0,0,0,9.53E-08,0.12528449,0
Oligo,HMDB0000067,Cholesterol,Myeloid,LDLR,0.260359596,0.396946565,0.0985,Receptor,-146.7937606,0,-4.639707023,1.98E-06,-1.730321351,0.041786439,0,0,0,9.19E-06,0.12528449,0
Oligo,HMDB0000067,Cholesterol,Fibro,LDLR,0.268182582,0.396946565,0.102257336,Receptor,-154.2915799,0,-4.876690428,6.27E-07,-1.730321351,0.041786439,0,0,0,3.03E-06,0.12528449,0
Endo,HMDB0000277,Sphingosine 1-phosphate,Endo,S1PR5,0.037466376,0.202183199,0.012814428,Receptor,-207.8420305,0,-6.569258291,4.06E-11,-1.730321351,0.041786439,0,0,0,2.62E-10,0.12528449,0
Fibro,HMDB0000517,L-Arginine,Endo,AVPR2,0.024821338,0.133634312,0.067869008,Receptor,-517.5686914,0,-16.35878176,8.91E-54,-1.730321351,0.041786439,0,0,0,1.55E-52,0.12528449,0
Oligo,HMDB0000067,Cholesterol,Endo,LDLR,0.577156663,0.396946565,0.149501661,Receptor,-533.9795952,0,-16.87748082,1.02E-56,-1.730321351,0.041786439,0,0,0,1.84E-55,0.12528449,0
Endo,HMDB0000067,Cholesterol,Epi,LDLR,0.766525767,0.257712387,0.3045,Receptor,-1413.497415,0,-44.67638037,1.03E-240,-1.730321351,0.041786439,0,0,0,6.82E-239,0.12528449,0
Oligo,HMDB0000067,Cholesterol,Epi,LDLR,0.859132191,0.396946565,0.3045,Receptor,-993.7545183,0,-31.40957627,1.75E-151,-1.730321351,0.041786439,0,0,0,6.93E-150,0.12528449,0
Myeloid,HMDB0000067,Cholesterol,Endo,LDLR,1.137771609,0.565,0.149501661,Receptor,-2276.632668,0,-71.95747651,0,-1.730321351,0.041786439,0,0,0,0,0.12528449,0
Myeloid,HMDB0000067,Cholesterol,Epi,LDLR,1.693641048,0.565,0.3045,Receptor,-5216.760174,0,-164.8860192,0,-1.730321351,0.041786439,0,0,0,0,0.12528449,0
B,HMDB0000277,Sphingosine 1-phosphate,Endo,S1PR5,0.000148859,0.0415,0.012814428,Receptor,-146.3304215,0,-4.625062275,2.12E-06,-1.730321351,0.041786439,0,0,0,9.82E-06,0.12528449,0
Myeloid,HMDB0000067,Cholesterol,Myeloid,LDLR,0.513257102,0.565,0.0985,Receptor,-1245.696723,0,-39.37270775,9.82E-206,-1.730321351,0.041786439,0,0,0,5.36E-204,0.12528449,0
Endo,HMDB0000067,Cholesterol,Endo,LDLR,0.514944567,0.257712387,0.149501661,Receptor,-717.8473001,0,-22.68898315,1.49E-92,-1.730321351,0.041786439,0,0,0,3.99E-91,0.12528449,0
Fibro,HMDB0000277,Sphingosine 1-phosphate,Oligo,S1PR5,0.080459742,0.155079007,0.245801527,Receptor,-387.2793027,0,-12.24072804,1.68E-32,-1.730321351,0.041786439,0,0,0,2.14E-31,0.12528449,0
Oligo,HMDB0000067,Cholesterol,Oligo,SCARB1,0.208906717,0.396946565,0.064122137,Receptor,-333.5610524,0,-10.54285653,5.15E-25,-1.730321351,0.041786439,0,0,0,5.61E-24,0.12528449,0
NK,HMDB0000067,Cholesterol,Epi,LDLR,0.35088403,0.0935,0.3045,Receptor,-652.2101769,0,-20.6143921,2.98E-79,-1.730321351,0.041786439,0,0,0,7.05E-78,0.12528449,0
Mast,HMDB0000067,Cholesterol,Epi,LDLR,0.357985202,0.101865136,0.3045,Receptor,-578.9910727,0,-18.30015756,4.84E-65,-1.730321351,0.041786439,0,0,0,9.82E-64,0.12528449,0
Myeloid,HMDB0000067,Cholesterol,NK,LDLR,0.361218212,0.565,0.037833333,Receptor,-648.3058551,0,-20.49098829,1.78E-78,-1.730321351,0.041786439,0,0,0,4.17E-77,0.12528449,0
Myeloid,HMDB0000067,Cholesterol,Oligo,LDLR,0.433367641,0.565,0.064122137,Receptor,-377.6079375,0,-11.93504542,4.31E-31,-1.730321351,0.041786439,0,0,0,5.36E-30,0.12528449,0
Myeloid,HMDB0000067,Cholesterol,Mast,LDLR,0.470668085,0.565,0.055380201,Receptor,-894.0642844,0,-28.25866933,7.02E-130,-1.730321351,0.041786439,0,0,0,2.42E-128,0.12528449,0
NK,HMDB0000067,Cholesterol,Endo,LDLR,0.235720484,0.0935,0.149501661,Receptor,-182.7919228,0,-5.777500112,5.06E-09,-1.730321351,0.041786439,0,0,0,2.87E-08,0.12528449,0
Oligo,HMDB0000050,Adenosine,Mast,ADORA3,0.018330208,0.380152672,0.027546628,Receptor,-268.2980741,0,-8.480091075,4.01E-17,-1.730321351,0.041786439,0,0,0,3.40E-16,0.12528449,0
Epi,HMDB0002369,9-cis-Retinoic acid,Oligo,RXRG,0.076984545,0.162166667,0.047328244,Nuclear Receptor,-336.6498966,0,-10.64048556,2.01E-25,-1.730321351,0.041786439,0,0,0,2.22E-24,0.12528449,0
Endo,HMDB0002369,9-cis-Retinoic acid,Endo,RXRG,0.098939434,0.2078785,0.025628856,Nuclear Receptor,-761.0757797,0,-24.05530471,1.56E-101,-1.730321351,0.041786439,0,0,0,4.53E-100,0.12528449,0
Endo,HMDB0002369,9-cis-Retinoic acid,Oligo,RXRG,0.129919011,0.2078785,0.047328244,Nuclear Receptor,-603.8283583,0,-19.08518907,8.91E-70,-1.730321351,0.041786439,0,0,0,1.90E-68,0.12528449,0
Myeloid,HMDB0002369,9-cis-Retinoic acid,Endo,RXRG,0.147533153,0.360333333,0.025628856,Nuclear Receptor,-1204.826268,0,-38.08091621,4.83E-197,-1.730321351,0.041786439,0,0,0,2.52E-195,0.12528449,0
Mast,HMDB0002369,9-cis-Retinoic acid,Endo,RXRG,0.179814225,0.307890961,0.025628856,Nuclear Receptor,-1495.228984,0,-47.25966819,2.83E-257,-1.730321351,0.041786439,0,0,0,2.06E-255,0.12528449,0
Myeloid,HMDB0000067,Cholesterol,Fibro,LDLR,0.528678862,0.565,0.102257336,Receptor,-1124.299833,0,-35.53571903,9.15E-180,-1.730321351,0.041786439,0,0,0,4.36E-178,0.12528449,0
Endo,HMDB0000517,L-Arginine,Endo,AVPR2,0.087141502,0.181775036,0.067869008,Receptor,-1998.522528,0,-63.1672557,0,-1.730321351,0.041786439,0,0,0,0,0.12528449,0
Mast,HMDB0000517,L-Arginine,Endo,AVPR2,0.104087361,0.123672884,0.067869008,Receptor,-2462.509645,0,-77.83248588,0,-1.730321351,0.041786439,0,0,0,0,0.12528449,0
Fibro,HMDB0002369,9-cis-Retinoic acid,Fibro,RXRG,0.067806894,0.441309255,0.010383747,Nuclear Receptor,-754.6835995,0,-23.85326722,3.40E-100,-1.730321351,0.041786439,0,0,0,9.70E-99,0.12528449,0
Oligo,HMDB0000050,Adenosine,Myeloid,ADORA3,0.042254662,0.380152672,0.086333333,Receptor,-515.9578363,0,-16.3078675,1.72E-53,-1.730321351,0.041786439,0,0,0,2.98E-52,0.12528449,0
Fibro,HMDB0000050,Adenosine,Mast,ADORA3,0.053409453,0.533408578,0.027546628,Receptor,-995.7622216,0,-31.4730337,6.41E-152,-1.730321351,0.041786439,0,0,0,2.55E-150,0.12528449,0
Epi,HMDB0000050,Adenosine,Mast,ADORA3,0.062127279,0.573166667,0.027546628,Receptor,-1201.307493,0,-37.96969838,2.72E-196,-1.730321351,0.041786439,0,0,0,1.42E-194,0.12528449,0
Fibro,HMDB0000050,Adenosine,Myeloid,ADORA3,0.123119082,0.533408578,0.086333333,Receptor,-2532.553801,0,-80.04636989,0,-1.730321351,0.041786439,0,0,0,0,0.12528449,0
Endo,HMDB0000122,D-Glucose,Epi,SLC2A8,0.018979954,0.35168486,0.115833333,Transporter,-329.6310241,0,-10.41864022,1.68E-24,-1.730321351,0.041786439,0,0,0,1.80E-23,0.12528449,0
Endo,HMDB0000122,D-Glucose,Myeloid,SLC2A8,0.02209261,0.35168486,0.1275,Transporter,-372.5173402,0,-11.77414703,2.32E-30,-1.730321351,0.041786439,0,0,0,2.85E-29,0.12528449,0
Fibro,HMDB0000122,D-Glucose,Fibro,SLC2A8,0.02550426,0.439277652,0.083521445,Transporter,-584.9762252,0,-18.48933013,3.57E-66,-1.730321351,0.041786439,0,0,0,7.37E-65,0.12528449,0
B,HMDB0000277,Sphingosine 1-phosphate,NK,S1PR5,0.003576787,0.0415,0.223166667,Receptor,-182.777306,0,-5.777038118,5.07E-09,-1.730321351,0.041786439,0,0,0,2.88E-08,0.12528449,0
pDC,HMDB0000277,Sphingosine 1-phosphate,Oligo,S1PR5,0.393248329,0.174216028,0.245801527,Receptor,-781.2836913,0,-24.69401571,8.85E-106,-1.730321351,0.041786439,0,0,0,2.63E-104,0.12528449,0
pDC,HMDB0000277,Sphingosine 1-phosphate,NK,S1PR5,0.521114792,0.174216028,0.223166667,Receptor,-1100.607811,0,-34.78688584,1.19E-174,-1.730321351,0.041786439,0,0,0,5.52E-173,0.12528449,0
Endo,HMDB0000277,Sphingosine 1-phosphate,Oligo,S1PR5,0.679348951,0.202183199,0.245801527,Receptor,-1916.155373,0,-60.56387891,0,-1.730321351,0.041786439,0,0,0,0,0.12528449,0
Endo,HMDB0001852,all-trans-Retinoic acid,Fibro,RXRG,0.0273501,0.2078785,0.010383747,Nuclear Receptor,-223.9188508,0,-7.07739798,1.38E-12,-1.730321351,0.041786439,0,0,0,9.61E-12,0.12528449,0
Myeloid,HMDB0001852,all-trans-Retinoic acid,Oligo,RXRG,0.193428151,0.360333333,0.047328244,Nuclear Receptor,-938.3496278,0,-29.65839516,1.84E-139,-1.730321351,0.041786439,0,0,0,6.82E-138,0.12528449,0
Mast,HMDB0001852,all-trans-Retinoic acid,Oligo,RXRG,0.236064217,0.307890961,0.047328244,Nuclear Receptor,-1148.972961,0,-36.31556201,4.45E-185,-1.730321351,0.041786439,0,0,0,2.19E-183,0.12528449,0
B,HMDB0000277,Sphingosine 1-phosphate,Oligo,S1PR5,0.002699147,0.0415,0.245801527,Receptor,-124.604905,0,-3.938384373,4.39E-05,-1.730321351,0.041786439,0,0,0,0.000177472,0.12528449,0
Fibro,HMDB0000277,Sphingosine 1-phosphate,Fibro,S1PR5,0.003205991,0.155079007,0.011286682,Receptor,-147.5595672,0,-4.663911857,1.76E-06,-1.730321351,0.041786439,0,0,0,8.24E-06,0.12528449,0
Epi,HMDB0006219,13-cis-Retinoic acid,Endo,RXRG,0.05862735,0.162166667,0.025628856,Nuclear Receptor,-424.5047766,0,-13.41731274,3.67E-38,-1.730321351,0.041786439,0,0,0,5.17E-37,0.12528449,0
Fibro,HMDB0000277,Sphingosine 1-phosphate,NK,S1PR5,0.106621589,0.155079007,0.223166667,Receptor,-621.3439111,0,-19.63880275,3.60E-73,-1.730321351,0.041786439,0,0,0,8.00E-72,0.12528449,0
Fibro,HMDB0000277,Sphingosine 1-phosphate,Endo,S1PR5,0.004437388,0.155079007,0.012814428,Receptor,-145.3913019,0,-4.595379545,2.44E-06,-1.730321351,0.041786439,0,0,0,1.12E-05,0.12528449,0
Fibro,HMDB0000277,Sphingosine 1-phosphate,T,S1PR5,0.005177877,0.155079007,0.0115,Receptor,-158.8906628,0,-5.022053534,3.03E-07,-1.730321351,0.041786439,0,0,0,1.50E-06,0.12528449,0
Endo,HMDB0000277,Sphingosine 1-phosphate,NK,S1PR5,0.900242319,0.202183199,0.223166667,Receptor,-2918.453046,0,-92.24347849,0,-1.730321351,0.041786439,0,0,0,0,0.12528449,0
Endo,HMDB0000277,Sphingosine 1-phosphate,Fibro,S1PR5,0.027069276,0.202183199,0.011286682,Receptor,-176.9877517,0,-5.594047807,1.43E-08,-1.730321351,0.041786439,0,0,0,7.90E-08,0.12528449,0
Epi,HMDB0000050,Adenosine,Myeloid,ADORA3,0.14321535,0.573166667,0.086333333,Receptor,-3223.049955,0,-101.870866,0,-1.730321351,0.041786439,0,0,0,0,0.12528449,0
NK,HMDB0000121,Folic acid,Myeloid,FOLR2,0.126046386,0.027,0.22,Transporter,-827.8980016,0,-26.16735315,1.14E-115,-1.730321351,0.041786439,0,0,0,3.59E-114,0.12528449,0
Endo,HMDB0002369,9-cis-Retinoic acid,Epi,VDR,0.289210549,0.2078785,0.163666667,Nuclear Receptor,-866.2518132,0,-27.37960119,6.89E-124,-1.730321351,0.041786439,0,0,0,2.29E-122,0.12528449,0
T,HMDB0001358,Retinal,Endo,RXRG,0.026398735,0.281666667,0.025628856,Nuclear Receptor,-895.8019949,0,-28.31359311,2.96E-130,-1.730321351,0.041786439,0,0,0,1.02E-128,0.12528449,0
NK,HMDB0001358,Retinal,Oligo,RXRG,0.033294758,0.2615,0.047328244,Nuclear Receptor,-639.8149737,0,-20.2226172,8.54E-77,-1.730321351,0.041786439,0,0,0,1.96E-75,0.12528449,0
Fibro,HMDB0002369,9-cis-Retinoic acid,Myeloid,VDR,0.656195082,0.441309255,0.125833333,Nuclear Receptor,-3034.2477,0,-95.90339745,0,-1.730321351,0.041786439,0,0,0,0,0.12528449,0
Endo,HMDB0002369,9-cis-Retinoic acid,Fibro,VDR,0.138308401,0.2078785,0.072009029,Nuclear Receptor,-193.830629,0,-6.126400244,6.46E-10,-1.730321351,0.041786439,0,0,0,3.89E-09,0.12528449,0
Fibro,HMDB0002369,9-cis-Retinoic acid,Mast,VDR,0.140108413,0.441309255,0.015781923,Nuclear Receptor,-204.9585515,0,-6.478120236,7.28E-11,-1.730321351,0.041786439,0,0,0,4.61E-10,0.12528449,0
Epi,HMDB0002369,9-cis-Retinoic acid,Myeloid,VDR,0.156837127,0.162166667,0.125833333,Nuclear Receptor,-366.6496804,0,-11.58868804,1.58E-29,-1.730321351,0.041786439,0,0,0,1.91E-28,0.12528449,0
Fibro,HMDB0002369,9-cis-Retinoic acid,pDC,VDR,0.160504112,0.441309255,0.020905923,Nuclear Receptor,-150.9818367,0,-4.772079449,1.05E-06,-1.730321351,0.041786439,0,0,0,4.98E-06,0.12528449,0
Epi,HMDB0002369,9-cis-Retinoic acid,Epi,VDR,0.171374015,0.162166667,0.163666667,Nuclear Receptor,-424.0187889,0,-13.40195214,4.37E-38,-1.730321351,0.041786439,0,0,0,6.14E-37,0.12528449,0
Epi,HMDB0000112,gamma-Aminobutyric acid,Epi,GABBR1,0.099362803,0.745333333,0.036166667,Receptor,-136.9801657,0,-4.329528954,8.22E-06,-1.730321351,0.041786439,0,0,0,3.58E-05,0.12528449,0
Fibro,HMDB0002369,9-cis-Retinoic acid,Fibro,VDR,0.342896847,0.441309255,0.072009029,Nuclear Receptor,-1132.70777,0,-35.80146852,1.41E-181,-1.730321351,0.041786439,0,0,0,6.78E-180,0.12528449,0
Epi,HMDB0000053,Androstenedione,Endo,AR,0.10227257,0.645333333,0.032273374,Nuclear Receptor,-923.0396703,0,-29.17449369,3.82E-136,-1.730321351,0.041786439,0,0,0,1.38E-134,0.12528449,0
Myeloid,HMDB0002369,9-cis-Retinoic acid,Fibro,VDR,0.206238034,0.360333333,0.072009029,Nuclear Receptor,-550.679815,0,-17.40532428,9.12E-60,-1.730321351,0.041786439,0,0,0,1.72E-58,0.12528449,0
Mast,HMDB0002369,9-cis-Retinoic acid,Fibro,VDR,0.25136406,0.307890961,0.072009029,Nuclear Receptor,-722.4746591,0,-22.83523998,1.66E-93,-1.730321351,0.041786439,0,0,0,4.48E-92,0.12528449,0
Endo,HMDB0002369,9-cis-Retinoic acid,Myeloid,VDR,0.264678118,0.2078785,0.125833333,Nuclear Receptor,-754.4631017,0,-23.84629795,3.78E-100,-1.730321351,0.041786439,0,0,0,1.08E-98,0.12528449,0
Fibro,HMDB0002369,9-cis-Retinoic acid,T,VDR,0.132376532,0.441309255,0.015666667,Nuclear Receptor,-221.0912412,0,-6.988025789,2.54E-12,-1.730321351,0.041786439,0,0,0,1.74E-11,0.12528449,0
Fibro,HMDB0000053,Androstenedione,Fibro,AR,0.130016702,0.384875847,0.13972912,Nuclear Receptor,-1815.971267,0,-57.39736219,7.14814e-319,-1.730321351,0.041786439,0,0,0,7.1915953e-317,0.12528449,0
Oligo,HMDB0000053,Androstenedione,Fibro,AR,0.15594838,0.386259542,0.13972912,Nuclear Receptor,-1877.388577,0,-59.3385777,0,-1.730321351,0.041786439,0,0,0,0,0.12528449,0
B,HMDB0001358,Retinal,Oligo,RXRG,0.018147151,0.167833333,0.047328244,Nuclear Receptor,-377.7969312,0,-11.94101894,4.04E-31,-1.730321351,0.041786439,0,0,0,5.04E-30,0.12528449,0
B,HMDB0001358,Retinal,Epi,RXRG,0.002665151,0.167833333,0.011166667,Nuclear Receptor,-275.8655424,0,-8.719275872,5.75E-18,-1.730321351,0.041786439,0,0,0,5.06E-17,0.12528449,0
pDC,HMDB0001358,Retinal,Epi,RXRG,0.003413272,0.284552846,0.011166667,Nuclear Receptor,-197.086092,0,-6.229295588,3.45E-10,-1.730321351,0.041786439,0,0,0,2.11E-09,0.12528449,0
NK,HMDB0001358,Retinal,Epi,RXRG,0.004889779,0.2615,0.011166667,Nuclear Receptor,-385.205011,0,-12.17516595,3.38E-32,-1.730321351,0.041786439,0,0,0,4.28E-31,0.12528449,0
T,HMDB0001358,Retinal,Oligo,RXRG,0.034664617,0.281666667,0.047328244,Nuclear Receptor,-666.8799693,0,-21.07805989,3.49E-82,-1.730321351,0.041786439,0,0,0,8.45E-81,0.12528449,0
pDC,HMDB0001358,Retinal,Fibro,RXRG,0.004892645,0.284552846,0.010383747,Nuclear Receptor,-230.8598606,0,-7.296782317,3.00E-13,-1.730321351,0.041786439,0,0,0,2.16E-12,0.12528449,0
T,HMDB0001358,Retinal,Epi,RXRG,0.005090961,0.281666667,0.011166667,Nuclear Receptor,-382.0122613,0,-12.07425278,9.90E-32,-1.730321351,0.041786439,0,0,0,1.25E-30,0.12528449,0
NK,HMDB0001358,Retinal,Fibro,RXRG,0.007009097,0.2615,0.010383747,Nuclear Receptor,-437.8828322,0,-13.84015263,2.77E-40,-1.730321351,0.041786439,0,0,0,4.03E-39,0.12528449,0
B,HMDB0001358,Retinal,Endo,RXRG,0.013819909,0.167833333,0.025628856,Nuclear Receptor,-511.2623252,0,-16.15945658,1.17E-52,-1.730321351,0.041786439,0,0,0,2.00E-51,0.12528449,0
Mast,HMDB0002369,9-cis-Retinoic acid,Myeloid,VDR,0.481030553,0.307890961,0.125833333,Nuclear Receptor,-1950.818893,0,-61.65948799,0,-1.730321351,0.041786439,0,0,0,0,0.12528449,0
pDC,HMDB0001358,Retinal,Endo,RXRG,0.017699223,0.284552846,0.025628856,Nuclear Receptor,-475.2024966,0,-15.01971441,1.98E-46,-1.730321351,0.041786439,0,0,0,3.13E-45,0.12528449,0
Fibro,HMDB0000277,Sphingosine 1-phosphate,pDC,S1PR2,0.00315943,0.155079007,0.012775842,Receptor,-128.6898067,0,-4.067495767,2.56E-05,-1.730321351,0.041786439,0,0,0,0.000105892,0.12528449,0
Myeloid,HMDB0000112,gamma-Aminobutyric acid,Myeloid,GABBR1,0.147626888,0.898666667,0.018666667,Receptor,-374.3188428,0,-11.83108708,1.28E-30,-1.730321351,0.041786439,0,0,0,1.58E-29,0.12528449,0
Myeloid,HMDB0000112,gamma-Aminobutyric acid,B,GABBR1,0.17640846,0.898666667,0.013166667,Receptor,-505.0581557,0,-15.96336154,1.44E-51,-1.730321351,0.041786439,0,0,0,2.43E-50,0.12528449,0
Epi,HMDB0000112,gamma-Aminobutyric acid,Fibro,GABBR1,0.185846222,0.745333333,0.051241535,Receptor,-468.1589236,0,-14.79708836,3.03E-45,-1.730321351,0.041786439,0,0,0,4.72E-44,0.12528449,0
Myeloid,HMDB0000112,gamma-Aminobutyric acid,Epi,GABBR1,0.194746638,0.898666667,0.036166667,Receptor,-581.1706615,0,-18.36904777,1.87E-65,-1.730321351,0.041786439,0,0,0,3.83E-64,0.12528449,0
Endo,HMDB0000112,gamma-Aminobutyric acid,Fibro,GABBR1,0.198637189,0.741338396,0.051241535,Receptor,-514.6974881,0,-16.2680317,2.88E-53,-1.730321351,0.041786439,0,0,0,4.95E-52,0.12528449,0
Endo,HMDB0000277,Sphingosine 1-phosphate,T,S1PR1,0.189051349,0.202183199,0.0635,Receptor,-726.562294,0,-22.96443776,2.38E-94,-1.730321351,0.041786439,0,0,0,6.47E-93,0.12528449,0
Myeloid,HMDB0000145,Estrone,Epi,ESR1,0.046071553,0.662166667,0.028666667,Receptor,-133.033267,0,-4.204779418,1.42E-05,-1.730321351,0.041786439,0,0,0,6.04E-05,0.12528449,0
T,HMDB0000145,Estrone,Fibro,ESR1,0.136861952,0.373666667,0.079458239,Receptor,-817.2974842,0,-25.83230284,2.07E-113,-1.730321351,0.041786439,0,0,0,6.42E-112,0.12528449,0
pDC,HMDB0000145,Estrone,Fibro,ESR1,0.150527478,0.515679443,0.079458239,Receptor,-903.8753604,0,-28.56876778,5.34E-132,-1.730321351,0.041786439,0,0,0,1.87E-130,0.12528449,0
Oligo,HMDB0000145,Estrone,Fibro,ESR1,0.183350741,0.490076336,0.079458239,Receptor,-1100.959116,0,-34.79798952,1.00E-174,-1.730321351,0.041786439,0,0,0,4.64E-173,0.12528449,0
Myeloid,HMDB0000145,Estrone,Fibro,ESR1,0.202578636,0.662166667,0.079458239,Receptor,-1341.459231,0,-42.39947116,7.57E-226,-1.730321351,0.041786439,0,0,0,4.64E-224,0.12528449,0
Epi,HMDB0000053,Androstenedione,Fibro,AR,0.317838616,0.645333333,0.13972912,Nuclear Receptor,-4989.117321,0,-157.6909167,0,-1.730321351,0.041786439,0,0,0,0,0.12528449,0
Epi,HMDB0001999,Eicosapentaenoic acid,Myeloid,FFAR4,0.109752885,0.180333333,0.211833333,Receptor,-1370.039128,0,-43.30279529,8.96E-232,-1.730321351,0.041786439,0,0,0,5.65E-230,0.12528449,0
Endo,HMDB0000277,Sphingosine 1-phosphate,NK,S1PR1,0.174177322,0.202183199,0.0495,Receptor,-676.5823473,0,-21.38472273,3.89E-84,-1.730321351,0.041786439,0,0,0,9.55E-83,0.12528449,0
Epi,HMDB0000145,Estrone,Epi,ESR1,0.060222885,0.684833333,0.028666667,Receptor,-268.5461921,0,-8.487933334,3.76E-17,-1.730321351,0.041786439,0,0,0,3.20E-16,0.12528449,0
pDC,HMDB0000277,Sphingosine 1-phosphate,Endo,S1PR1,0.603196826,0.174216028,0.355007119,Receptor,-1311.127011,0,-41.44076135,1.62E-219,-1.730321351,0.041786439,0,0,0,9.67E-218,0.12528449,0
Endo,HMDB0000277,Sphingosine 1-phosphate,Endo,S1PR1,1.042041634,0.202183199,0.355007119,Receptor,-3474.195539,0,-109.8088187,0,-1.730321351,0.041786439,0,0,0,0,0.12528449,0
Epi,HMDB0000145,Estrone,Myeloid,ESR1,0.047487851,0.684833333,0.020666667,Receptor,-138.0240861,0,-4.362524123,7.10E-06,-1.730321351,0.041786439,0,0,0,3.11E-05,0.12528449,0
Mast,HMDB0000145,Estrone,Myeloid,ESR1,0.047631667,0.57733142,0.020666667,Receptor,-136.2819713,0,-4.30746114,9.07E-06,-1.730321351,0.041786439,0,0,0,3.93E-05,0.12528449,0
Fibro,HMDB0000145,Estrone,Epi,ESR1,0.047921262,0.618735892,0.028666667,Receptor,-149.0774036,0,-4.711886077,1.40E-06,-1.730321351,0.041786439,0,0,0,6.60E-06,0.12528449,0
Endo,HMDB0000145,Estrone,Epi,ESR1,0.052338535,0.573327005,0.028666667,Receptor,-187.6979234,0,-5.932563959,2.05E-09,-1.730321351,0.041786439,0,0,0,1.19E-08,0.12528449,0
pDC,HMDB0000277,Sphingosine 1-phosphate,Fibro,S1PR1,0.03814237,0.174216028,0.026410835,Receptor,-142.2733402,0,-4.496830199,3.85E-06,-1.730321351,0.041786439,0,0,0,1.74E-05,0.12528449,0
Fibro,HMDB0000122,D-Glucose,Epi,SLC2A12,0.003968656,0.439277652,0.018666667,Transporter,-819.8517653,0,-25.91303594,5.91E-114,-1.730321351,0.041786439,0,0,0,1.84E-112,0.12528449,0
B,HMDB0000277,Sphingosine 1-phosphate,Endo,S1PR1,0.004140175,0.0415,0.355007119,Receptor,-167.1614608,0,-5.283468456,7.78E-08,-1.730321351,0.041786439,0,0,0,4.04E-07,0.12528449,0
Fibro,HMDB0000277,Sphingosine 1-phosphate,Mast,S1PR1,0.006045823,0.155079007,0.018077475,Receptor,-161.6089487,0,-5.107970335,1.95E-07,-1.730321351,0.041786439,0,0,0,9.80E-07,0.12528449,0
NK,HMDB0001999,Eicosapentaenoic acid,Myeloid,FFAR4,0.107983102,0.078166667,0.211833333,Receptor,-1363.590453,0,-43.09897216,1.93E-230,-1.730321351,0.041786439,0,0,0,1.21E-228,0.12528449,0
Myeloid,HMDB0000053,Androstenedione,pDC,AR,0.065681376,0.423833333,0.068524971,Nuclear Receptor,-327.9043662,0,-10.36406578,2.82E-24,-1.730321351,0.041786439,0,0,0,3.00E-23,0.12528449,0
Fibro,HMDB0000053,Androstenedione,pDC,AR,0.066633686,0.384875847,0.068524971,Nuclear Receptor,-332.1509189,0,-10.49828648,7.88E-25,-1.730321351,0.041786439,0,0,0,8.55E-24,0.12528449,0
Oligo,HMDB0000053,Androstenedione,pDC,AR,0.079923696,0.386259542,0.068524971,Nuclear Receptor,-414.7193864,0,-13.10802613,1.22E-36,-1.730321351,0.041786439,0,0,0,1.68E-35,0.12528449,0
NK,HMDB0000053,Androstenedione,Fibro,AR,0.08500095,0.165,0.13972912,Nuclear Receptor,-1100.559143,0,-34.78534758,1.22E-174,-1.730321351,0.041786439,0,0,0,5.64E-173,0.12528449,0
pDC,HMDB0000053,Androstenedione,Fibro,AR,0.091983518,0.282229965,0.13972912,Nuclear Receptor,-1022.139973,0,-32.30675469,1.20E-157,-1.730321351,0.041786439,0,0,0,4.97E-156,0.12528449,0
pDC,HMDB0000277,Sphingosine 1-phosphate,Epi,S1PR2,0.036727284,0.174216028,0.048666667,Receptor,-162.3343692,0,-5.130898682,1.73E-07,-1.730321351,0.041786439,0,0,0,8.74E-07,0.12528449,0
B,HMDB0000277,Sphingosine 1-phosphate,NK,S1PR1,0.000692031,0.0415,0.0495,Receptor,-170.2238466,0,-5.380261214,4.63E-08,-1.730321351,0.041786439,0,0,0,2.45E-07,0.12528449,0
B,HMDB0000277,Sphingosine 1-phosphate,Myeloid,S1PR1,0.000131323,0.0415,0.019833333,Receptor,-166.3458863,0,-5.257690612,8.92E-08,-1.730321351,0.041786439,0,0,0,4.61E-07,0.12528449,0
B,HMDB0000277,Sphingosine 1-phosphate,Mast,S1PR1,0.000202817,0.0415,0.018077475,Receptor,-161.0935413,0,-5.091679864,2.12E-07,-1.730321351,0.041786439,0,0,0,1.06E-06,0.12528449,0
B,HMDB0000277,Sphingosine 1-phosphate,Fibro,S1PR1,0.000261799,0.0415,0.026410835,Receptor,-160.5973356,0,-5.075996302,2.30E-07,-1.730321351,0.041786439,0,0,0,1.15E-06,0.12528449,0
Fibro,HMDB0000277,Sphingosine 1-phosphate,Fibro,S1PR1,0.007804039,0.155079007,0.026410835,Receptor,-172.3687935,0,-5.448056502,3.21E-08,-1.730321351,0.041786439,0,0,0,1.72E-07,0.12528449,0
B,HMDB0000277,Sphingosine 1-phosphate,T,S1PR1,0.000751127,0.0415,0.0635,Receptor,-170.5858426,0,-5.391702814,4.36E-08,-1.730321351,0.041786439,0,0,0,2.31E-07,0.12528449,0
Fibro,HMDB0000277,Sphingosine 1-phosphate,Myeloid,S1PR1,0.003914639,0.155079007,0.019833333,Receptor,-157.9151972,0,-4.991222017,3.54E-07,-1.730321351,0.041786439,0,0,0,1.74E-06,0.12528449,0
Fibro,HMDB0000112,gamma-Aminobutyric acid,B,GABBR1,0.107379069,0.774717833,0.013166667,Receptor,-175.8853519,0,-5.559204282,1.74E-08,-1.730321351,0.041786439,0,0,0,9.54E-08,0.12528449,0
Epi,HMDB0001852,all-trans-Retinoic acid,Endo,RXRG,0.055587089,0.162,0.025628856,Nuclear Receptor,-401.6590171,0,-12.69522734,1.21E-34,-1.730321351,0.041786439,0,0,0,1.60E-33,0.12528449,0
Fibro,HMDB0001852,all-trans-Retinoic acid,Fibro,RXRG,0.067603327,0.441309255,0.010383747,Nuclear Receptor,-758.7549511,0,-23.98195034,4.78E-101,-1.730321351,0.041786439,0,0,0,1.38E-99,0.12528449,0
Epi,HMDB0001852,all-trans-Retinoic acid,Oligo,RXRG,0.072992327,0.162,0.047328244,Nuclear Receptor,-319.487674,0,-10.09803958,3.38E-23,-1.730321351,0.041786439,0,0,0,3.48E-22,0.12528449,0
Endo,HMDB0001852,all-trans-Retinoic acid,Epi,RXRG,0.019080339,0.2078785,0.011166667,Nuclear Receptor,-131.1853529,0,-4.14637244,1.83E-05,-1.730321351,0.041786439,0,0,0,7.69E-05,0.12528449,0
Oligo,HMDB0000121,Folic acid,Myeloid,FOLR2,0.515878244,0.161832061,0.22,Transporter,-2195.108445,0,-69.38074226,0,-1.730321351,0.041786439,0,0,0,0,0.12528449,0
Endo,HMDB0001852,all-trans-Retinoic acid,Endo,RXRG,0.098939434,0.2078785,0.025628856,Nuclear Receptor,-767.3738969,0,-24.25436916,7.47E-103,-1.730321351,0.041786439,0,0,0,2.19E-101,0.12528449,0
NK,HMDB0001358,Retinal,Endo,RXRG,0.025355523,0.2615,0.025628856,Nuclear Receptor,-865.7046116,0,-27.3623058,9.03E-124,-1.730321351,0.041786439,0,0,0,3.00E-122,0.12528449,0
Endo,HMDB0000112,gamma-Aminobutyric acid,Epi,GABBR1,0.106201502,0.741338396,0.036166667,Receptor,-166.2699791,0,-5.255291415,9.03E-08,-1.730321351,0.041786439,0,0,0,4.66E-07,0.12528449,0
Mast,HMDB0001852,all-trans-Retinoic acid,Fibro,RXRG,0.049695421,0.307890961,0.010383747,Nuclear Receptor,-528.3360414,0,-16.69910514,1.06E-55,-1.730321351,0.041786439,0,0,0,1.89E-54,0.12528449,0
Endo,HMDB0000112,gamma-Aminobutyric acid,Endo,GABBR1,0.265006741,0.741338396,0.045562411,Receptor,-535.2887167,0,-16.91885819,5.88E-57,-1.730321351,0.041786439,0,0,0,1.07E-55,0.12528449,0
Mast,HMDB0000112,gamma-Aminobutyric acid,B,GABBR1,0.115430297,0.827833572,0.013166667,Receptor,-212.4383688,0,-6.71453465,1.58E-11,-1.730321351,0.041786439,0,0,0,1.04E-10,0.12528449,0
Fibro,HMDB0000112,gamma-Aminobutyric acid,Epi,GABBR1,0.118541439,0.774717833,0.036166667,Receptor,-225.841458,0,-7.138165784,9.09E-13,-1.730321351,0.041786439,0,0,0,6.39E-12,0.12528449,0
Mast,HMDB0000112,gamma-Aminobutyric acid,Epi,GABBR1,0.127429616,0.827833572,0.036166667,Receptor,-264.7754321,0,-8.368751009,9.73E-17,-1.730321351,0.041786439,0,0,0,8.16E-16,0.12528449,0
Myeloid,HMDB0000112,gamma-Aminobutyric acid,pDC,GABBR1,0.142077147,0.898666667,0.013937282,Receptor,-123.254825,0,-3.895712428,5.22E-05,-1.730321351,0.041786439,0,0,0,0.00020964,0.12528449,0
Epi,HMDB0000285,Uridine triphosphate,Epi,P2RY11,0.016305134,0.570666667,0.027,Receptor,-690.2833117,0,-21.8177688,6.53E-87,-1.730321351,0.041786439,0,0,0,1.66E-85,0.12528449,0
Endo,HMDB0000122,D-Glucose,T,SLC2A8,0.0031882,0.35168486,0.012166667,Transporter,-140.5540866,0,-4.44248979,4.94E-06,-1.730321351,0.041786439,0,0,0,2.20E-05,0.12528449,0
Myeloid,HMDB0001852,all-trans-Retinoic acid,Endo,RXRG,0.14730463,0.360333333,0.025628856,Nuclear Receptor,-1213.157182,0,-38.34423121,8.08E-199,-1.730321351,0.041786439,0,0,0,4.27E-197,0.12528449,0
Fibro,HMDB0006219,13-cis-Retinoic acid,Fibro,RXRG,0.067806894,0.441309255,0.010383747,Nuclear Receptor,-754.6835995,0,-23.85326722,3.40E-100,-1.730321351,0.041786439,0,0,0,9.70E-99,0.12528449,0
Epi,HMDB0006219,13-cis-Retinoic acid,Oligo,RXRG,0.076984545,0.162166667,0.047328244,Nuclear Receptor,-336.6498966,0,-10.64048556,2.01E-25,-1.730321351,0.041786439,0,0,0,2.22E-24,0.12528449,0
Endo,HMDB0006219,13-cis-Retinoic acid,Endo,RXRG,0.098939434,0.2078785,0.025628856,Nuclear Receptor,-761.0757797,0,-24.05530471,1.56E-101,-1.730321351,0.041786439,0,0,0,4.53E-100,0.12528449,0
Epi,HMDB0000063,Cortisol,Oligo,NR3C1,0.010829684,0.011666667,0.186259542,Nuclear Receptor,-280.3013564,0,-8.859478542,1.81E-18,-1.730321351,0.041786439,0,0,0,1.63E-17,0.12528449,0
Myeloid,HMDB0006219,13-cis-Retinoic acid,Endo,RXRG,0.147533153,0.360333333,0.025628856,Nuclear Receptor,-1204.826268,0,-38.08091621,4.83E-197,-1.730321351,0.041786439,0,0,0,2.52E-195,0.12528449,0
Epi,HMDB0000285,Uridine triphosphate,NK,P2RY11,0.04510336,0.570666667,0.027,Receptor,-1515.698795,0,-47.90665706,2.27E-261,-1.730321351,0.041786439,0,0,0,1.69E-259,0.12528449,0
Fibro,HMDB0000285,Uridine triphosphate,Myeloid,P2RY11,0.048556611,0.558465011,0.081333333,Receptor,-1480.072461,0,-46.78061633,3.14E-254,-1.730321351,0.041786439,0,0,0,2.28E-252,0.12528449,0
Endo,HMDB0001852,all-trans-Retinoic acid,Oligo,RXRG,0.129919011,0.2078785,0.047328244,Nuclear Receptor,-608.5434694,0,-19.23421948,1.10E-70,-1.730321351,0.041786439,0,0,0,2.38E-69,0.12528449,0
Fibro,HMDB0000122,D-Glucose,Fibro,SLC2A12,0.00362965,0.439277652,0.010383747,Transporter,-696.5308698,0,-22.01523522,3.49E-88,-1.730321351,0.041786439,0,0,0,8.97E-87,0.12528449,0
Mast,HMDB0001852,all-trans-Retinoic acid,Endo,RXRG,0.179773999,0.307890961,0.025628856,Nuclear Receptor,-1507.632577,0,-47.65170829,9.27E-260,-1.730321351,0.041786439,0,0,0,6.82E-258,0.12528449,0
Myeloid,HMDB0006219,13-cis-Retinoic acid,Epi,RXRG,0.028451573,0.360333333,0.011166667,Nuclear Receptor,-277.7469527,0,-8.778741562,3.53E-18,-1.730321351,0.041786439,0,0,0,3.14E-17,0.12528449,0
Mast,HMDB0006219,13-cis-Retinoic acid,Epi,RXRG,0.034676935,0.307890961,0.011166667,Nuclear Receptor,-366.6493293,0,-11.58867694,1.58E-29,-1.730321351,0.041786439,0,0,0,1.91E-28,0.12528449,0
Myeloid,HMDB0006219,13-cis-Retinoic acid,Fibro,RXRG,0.040782995,0.360333333,0.010383747,Nuclear Receptor,-401.6231497,0,-12.69409368,1.22E-34,-1.730321351,0.041786439,0,0,0,1.62E-33,0.12528449,0
Fibro,HMDB0006219,13-cis-Retinoic acid,Epi,RXRG,0.047304343,0.441309255,0.011166667,Nuclear Receptor,-569.8754307,0,-18.01203967,2.50E-63,-1.730321351,0.041786439,0,0,0,4.94E-62,0.12528449,0
Mast,HMDB0006219,13-cis-Retinoic acid,Fibro,RXRG,0.049706541,0.307890961,0.010383747,Nuclear Receptor,-523.6960109,0,-16.5524478,7.19E-55,-1.730321351,0.041786439,0,0,0,1.27E-53,0.12528449,0
Fibro,HMDB0001852,all-trans-Retinoic acid,Epi,RXRG,0.047162328,0.441309255,0.011166667,Nuclear Receptor,-573.2063172,0,-18.11731892,5.93E-64,-1.730321351,0.041786439,0,0,0,1.19E-62,0.12528449,0
Epi,HMDB0001358,Retinal,Fibro,RXRG,0.012393666,0.596333333,0.010383747,Nuclear Receptor,-678.2875261,0,-21.43861828,1.76E-84,-1.730321351,0.041786439,0,0,0,4.34E-83,0.12528449,0
Epi,HMDB0000063,Cortisol,T,NR3C1,0.02480871,0.011666667,0.293333333,Nuclear Receptor,-391.7805713,0,-12.38299953,3.63E-33,-1.730321351,0.041786439,0,0,0,4.66E-32,0.12528449,0
Epi,HMDB0000063,Cortisol,pDC,NR3C1,0.046105619,0.011666667,0.574912892,Nuclear Receptor,-370.3205764,0,-11.70471397,4.77E-30,-1.730321351,0.041786439,0,0,0,5.82E-29,0.12528449,0
Endo,HMDB0000121,Folic acid,Epi,FOLR1,0.361204336,0.061699098,0.3875,Transporter,-1387.08956,0,-43.8417079,2.72E-235,-1.730321351,0.041786439,0,0,0,1.75E-233,0.12528449,0
Fibro,HMDB0000121,Folic acid,Epi,FOLR1,0.512234398,0.117832957,0.3875,Transporter,-2848.07226,0,-90.01895459,0,-1.730321351,0.041786439,0,0,0,0,0.12528449,0
Oligo,HMDB0001358,Retinal,Epi,RXRG,0.007178036,0.432061069,0.011166667,Nuclear Receptor,-280.1954773,0,-8.856132023,1.86E-18,-1.730321351,0.041786439,0,0,0,1.67E-17,0.12528449,0
T,HMDB0001358,Retinal,Fibro,RXRG,0.007297475,0.281666667,0.010383747,Nuclear Receptor,-446.6795753,0,-14.11819109,1.06E-41,-1.730321351,0.041786439,0,0,0,1.57E-40,0.12528449,0
Epi,HMDB0001358,Retinal,Epi,RXRG,0.008646233,0.596333333,0.011166667,Nuclear Receptor,-589.1339836,0,-18.62074431,5.79E-67,-1.730321351,0.041786439,0,0,0,1.21E-65,0.12528449,0
Oligo,HMDB0001358,Retinal,Fibro,RXRG,0.010289126,0.432061069,0.010383747,Nuclear Receptor,-341.8752926,0,-10.80564453,4.06E-26,-1.730321351,0.041786439,0,0,0,4.55E-25,0.12528449,0
Epi,HMDB0000063,Cortisol,Endo,NR3C1,0.022141169,0.011666667,0.317513052,Nuclear Receptor,-359.6530955,0,-11.36754714,1.51E-28,-1.730321351,0.041786439,0,0,0,1.78E-27,0.12528449,0
pDC,HMDB0001358,Retinal,Oligo,RXRG,0.023241143,0.284552846,0.047328244,Nuclear Receptor,-407.1418916,0,-12.86852443,1.78E-35,-1.730321351,0.041786439,0,0,0,2.39E-34,0.12528449,0
B,HMDB0001358,Retinal,Fibro,RXRG,0.003820275,0.167833333,0.010383747,Nuclear Receptor,-288.7074668,0,-9.125170282,1.93E-19,-1.730321351,0.041786439,0,0,0,1.79E-18,0.12528449,0
Mast,HMDB0002369,9-cis-Retinoic acid,Epi,VDR,0.525616214,0.307890961,0.163666667,Nuclear Receptor,-2156.831209,0,-68.17091456,0,-1.730321351,0.041786439,0,0,0,0,0.12528449,0
Endo,HMDB0000277,Sphingosine 1-phosphate,Myeloid,S1PR2,0.096676995,0.202183199,0.059333333,Receptor,-518.4315598,0,-16.38605442,6.26E-54,-1.730321351,0.041786439,0,0,0,1.09E-52,0.12528449,0
Endo,HMDB0000277,Sphingosine 1-phosphate,B,S1PR2,0.156674345,0.202183199,0.049666667,Receptor,-783.1537683,0,-24.75312319,3.57E-106,-1.730321351,0.041786439,0,0,0,1.07E-104,0.12528449,0
pDC,HMDB0000277,Sphingosine 1-phosphate,Oligo,S1PR2,0.029847357,0.174216028,0.019847328,Receptor,-132.5340585,0,-4.189000946,1.52E-05,-1.730321351,0.041786439,0,0,0,6.45E-05,0.12528449,0
pDC,HMDB0000277,Sphingosine 1-phosphate,NK,S1PR2,0.034080257,0.174216028,0.016333333,Receptor,-156.5499108,0,-4.948069441,4.40E-07,-1.730321351,0.041786439,0,0,0,2.15E-06,0.12528449,0
Fibro,HMDB0000112,gamma-Aminobutyric acid,Fibro,GABBR1,0.221717564,0.774717833,0.051241535,Receptor,-613.059119,0,-19.37694551,1.47E-71,-1.730321351,0.041786439,0,0,0,3.21E-70,0.12528449,0
pDC,HMDB0000277,Sphingosine 1-phosphate,Fibro,S1PR2,0.203816627,0.174216028,0.169300226,Receptor,-624.5350256,0,-19.73966423,8.57E-74,-1.730321351,0.041786439,0,0,0,1.92E-72,0.12528449,0
Endo,HMDB0000277,Sphingosine 1-phosphate,Fibro,S1PR2,0.352099683,0.202183199,0.169300226,Receptor,-1612.173243,0,-50.95592272,2.25E-280,-1.730321351,0.041786439,0,0,0,1.85E-278,0.12528449,0
Myeloid,HMDB0000112,gamma-Aminobutyric acid,Oligo,GABBR1,0.173250284,0.898666667,0.019847328,Receptor,-152.0124888,0,-4.804655246,8.94E-07,-1.730321351,0.041786439,0,0,0,4.27E-06,0.12528449,0
Endo,HMDB0000112,gamma-Aminobutyric acid,B,GABBR1,0.096201113,0.741338396,0.013166667,Receptor,-119.4631106,0,-3.775867797,8.44E-05,-1.730321351,0.041786439,0,0,0,0.000332215,0.12528449,0
Mast,HMDB0000112,gamma-Aminobutyric acid,Myeloid,GABBR1,0.096597496,0.827833572,0.018666667,Receptor,-124.4536547,0,-3.933603811,4.47E-05,-1.730321351,0.041786439,0,0,0,0.000180809,0.12528449,0
pDC,HMDB0000121,Folic acid,Myeloid,FOLR2,0.295236045,0.089430894,0.22,Transporter,-1394.135561,0,-44.06441069,9.66E-237,-1.730321351,0.041786439,0,0,0,6.29E-235,0.12528449,0
Fibro,HMDB0000121,Folic acid,Myeloid,FOLR2,0.301623872,0.117832957,0.22,Transporter,-2395.746229,0,-75.72229611,0,-1.730321351,0.041786439,0,0,0,0,0.12528449,0
Epi,HMDB0000121,Folic acid,Myeloid,FOLR2,0.361009402,0.164666667,0.22,Transporter,-3091.762834,0,-97.72127698,0,-1.730321351,0.041786439,0,0,0,0,0.12528449,0
Myeloid,HMDB0000067,Cholesterol,Endo,SCARB1,0.763224284,0.565,0.109634551,Receptor,-3320.763948,0,-104.9593099,0,-1.730321351,0.041786439,0,0,0,0,0.12528449,0
Epi,HMDB0000063,Cortisol,Epi,NR3C1,0.011660086,0.011666667,0.28,Nuclear Receptor,-362.7995315,0,-11.46699647,5.51E-29,-1.730321351,0.041786439,0,0,0,6.58E-28,0.12528449,0
Epi,HMDB0000063,Cortisol,B,NR3C1,0.014755316,0.011666667,0.198833333,Nuclear Receptor,-372.3627832,0,-11.76926195,2.44E-30,-1.730321351,0.041786439,0,0,0,2.99E-29,0.12528449,0
Epi,HMDB0000063,Cortisol,Mast,NR3C1,0.015038456,0.011666667,0.200286944,Nuclear Receptor,-359.8032662,0,-11.37229358,1.44E-28,-1.730321351,0.041786439,0,0,0,1.70E-27,0.12528449,0
B,HMDB0000148,L-Glutamic acid,Fibro,GRIA1,0.001474648,0.388,0.032054176,Receptor,-193.2670875,0,-6.108588402,7.19E-10,-1.730321351,0.041786439,0,0,0,4.32E-09,0.12528449,0
Epi,HMDB0000063,Cortisol,Myeloid,NR3C1,0.016656139,0.011666667,0.376333333,Nuclear Receptor,-367.5026039,0,-11.61564637,1.20E-29,-1.730321351,0.041786439,0,0,0,1.45E-28,0.12528449,0
Epi,HMDB0000063,Cortisol,NK,NR3C1,0.018472853,0.011666667,0.209333333,Nuclear Receptor,-373.1804352,0,-11.79510546,1.86E-30,-1.730321351,0.041786439,0,0,0,2.29E-29,0.12528449,0
Epi,HMDB0000063,Cortisol,Fibro,NR3C1,0.021502243,0.011666667,0.383972912,Nuclear Receptor,-381.8699979,0,-12.06975626,1.04E-31,-1.730321351,0.041786439,0,0,0,1.31E-30,0.12528449,0
Oligo,HMDB0000641,L-Glutamine,Epi,SLC38A1,3.351188359,0.850381679,0.299,Transporter,-1050.261124,0,-33.19557927,9.49E-164,-1.730321351,0.041786439,0,0,0,4.13E-162,0.12528449,0
Myeloid,HMDB0000660,D-Fructose,Myeloid,SLC2A8,0.091988291,0.585333333,0.1275,Transporter,-251.0435385,0,-7.934727364,2.82E-15,-1.730321351,0.041786439,0,0,0,2.26E-14,0.12528449,0
T,HMDB0001341,ADP,Myeloid,P2RY13,0.040180022,0.635833333,0.118,Receptor,-2698.366178,0,-85.2871979,0,-1.730321351,0.041786439,0,0,0,0,0.12528449,0
Fibro,HMDB0000101,Deoxyadenosine,Epi,SLC29A2,0.031317756,0.369977427,0.073333333,Transporter,-1132.95293,0,-35.80921726,1.25E-181,-1.730321351,0.041786439,0,0,0,6.02E-180,0.12528449,0
Epi,HMDB0000641,L-Glutamine,pDC,SLC38A1,1.694936285,0.5595,0.389082462,Transporter,-261.7508086,0,-8.273151802,2.07E-16,-1.730321351,0.041786439,0,0,0,1.72E-15,0.12528449,0
Oligo,HMDB0000641,L-Glutamine,pDC,SLC38A1,6.27280367,0.850381679,0.389082462,Transporter,-1600.698853,0,-50.59325194,3.86E-278,-1.730321351,0.041786439,0,0,0,3.14E-276,0.12528449,0
Myeloid,HMDB0000660,D-Fructose,Epi,SLC2A8,0.079027944,0.585333333,0.115833333,Transporter,-138.4594626,0,-4.376285059,6.67E-06,-1.730321351,0.041786439,0,0,0,2.93E-05,0.12528449,0
Fibro,HMDB0000660,D-Fructose,NK,SLC2A8,0.087924751,0.68013544,0.0215,Transporter,-203.7041187,0,-6.438471409,9.36E-11,-1.730321351,0.041786439,0,0,0,5.90E-10,0.12528449,0
Mast,HMDB0000641,L-Glutamine,Epi,SLC38A1,3.002284654,0.810329986,0.299,Transporter,-1615.407987,0,-51.0581632,5.29E-281,-1.730321351,0.041786439,0,0,0,4.37E-279,0.12528449,0
Fibro,HMDB0000101,Deoxyadenosine,Fibro,SLC29A2,0.004347808,0.369977427,0.011286682,Transporter,-247.4022315,0,-7.819636655,6.70E-15,-1.730321351,0.041786439,0,0,0,5.28E-14,0.12528449,0
Myeloid,HMDB0000641,L-Glutamine,B,SLC38A1,3.444434396,0.850333333,0.197833333,Transporter,-2187.059773,0,-69.12634809,0,-1.730321351,0.041786439,0,0,0,0,0.12528449,0
Mast,HMDB0000641,L-Glutamine,B,SLC38A1,3.483296588,0.810329986,0.197833333,Transporter,-1986.856278,0,-62.7985208,0,-1.730321351,0.041786439,0,0,0,0,0.12528449,0
Endo,HMDB0000660,D-Fructose,Endo,SLC2A8,0.121710736,0.473659231,0.079734219,Transporter,-275.2032385,0,-8.698342446,6.83E-18,-1.730321351,0.041786439,0,0,0,5.99E-17,0.12528449,0
Epi,HMDB0000673,Linoleic acid,Fibro,SLC27A5,0.060289778,0.727333333,0.068171558,Transporter,-421.6944061,0,-13.32848542,1.01E-37,-1.730321351,0.041786439,0,0,0,1.41E-36,0.12528449,0
Mast,HMDB0000641,L-Glutamine,T,SLC38A1,4.644097396,0.810329986,0.2595,Transporter,-2921.927735,0,-92.3533029,0,-1.730321351,0.041786439,0,0,0,0,0.12528449,0
Oligo,HMDB0000641,L-Glutamine,T,SLC38A1,5.184385094,0.850381679,0.2595,Transporter,-1907.767725,0,-60.29877072,0,-1.730321351,0.041786439,0,0,0,0,0.12528449,0
Myeloid,HMDB0000641,L-Glutamine,NK,SLC38A1,5.526938947,0.850333333,0.269666667,Transporter,-4022.689215,0,-127.1450458,0,-1.730321351,0.041786439,0,0,0,0,0.12528449,0
Mast,HMDB0000641,L-Glutamine,NK,SLC38A1,5.589272488,0.810329986,0.269666667,Transporter,-3640.572325,0,-115.067486,0,-1.730321351,0.041786439,0,0,0,0,0.12528449,0
pDC,HMDB0000300,Uracil,Epi,SLC29A2,0.145201509,0.616724739,0.073333333,Transporter,-626.621549,0,-19.80561292,3.35E-74,-1.730321351,0.041786439,0,0,0,7.51E-73,0.12528449,0
T,HMDB0000034,Adenine,Epi,SLC29A2,0.301206633,0.667666667,0.073333333,Transporter,-992.2464133,0,-31.36190963,3.72E-151,-1.730321351,0.041786439,0,0,0,1.46E-149,0.12528449,0
Oligo,HMDB0000673,Linoleic acid,Myeloid,SLC27A5,0.095546829,0.911450382,0.047833333,Transporter,-606.6382476,0,-19.17400118,2.56E-70,-1.730321351,0.041786439,0,0,0,5.51E-69,0.12528449,0
Oligo,HMDB0000673,Linoleic acid,Oligo,SLC27A5,0.315495893,0.911450382,0.103816794,Transporter,-1365.896905,0,-43.17187216,6.44E-231,-1.730321351,0.041786439,0,0,0,4.05E-229,0.12528449,0
Oligo,HMDB0000673,Linoleic acid,NK,SLC27A5,0.097576467,0.911450382,0.021,Transporter,-629.0939952,0,-19.88375947,1.10E-74,-1.730321351,0.041786439,0,0,0,2.47E-73,0.12528449,0
Myeloid,HMDB0000673,Linoleic acid,Oligo,SLC27A5,0.0985432,0.593166667,0.103816794,Transporter,-367.5506301,0,-11.61716434,1.18E-29,-1.730321351,0.041786439,0,0,0,1.43E-28,0.12528449,0
pDC,HMDB0000034,Adenine,Epi,SLC29A2,0.331925853,0.838559814,0.073333333,Transporter,-1095.608378,0,-34.62886886,1.43E-173,-1.730321351,0.041786439,0,0,0,6.59E-172,0.12528449,0
Oligo,HMDB0000034,Adenine,Epi,SLC29A2,0.150875793,0.450381679,0.073333333,Transporter,-348.6604106,0,-11.0201016,4.93E-27,-1.730321351,0.041786439,0,0,0,5.62E-26,0.12528449,0
Mast,HMDB0000034,Adenine,Epi,SLC29A2,0.218345098,0.51276901,0.073333333,Transporter,-642.2979975,0,-20.30109808,2.76E-77,-1.730321351,0.041786439,0,0,0,6.39E-76,0.12528449,0
Myeloid,HMDB0000641,L-Glutamine,pDC,SLC38A1,5.557358887,0.850333333,0.389082462,Transporter,-1719.810983,0,-54.3580263,5.48E-301,-1.730321351,0.041786439,0,0,0,4.95E-299,0.12528449,0
Fibro,HMDB0000641,L-Glutamine,Oligo,SLC38A3,0.166600494,0.548758465,0.032061069,Transporter,-604.0984604,0,-19.09372618,7.90E-70,-1.730321351,0.041786439,0,0,0,1.69E-68,0.12528449,0
Myeloid,HMDB0000641,L-Glutamine,Oligo,SLC38A3,0.493445072,0.850333333,0.032061069,Transporter,-1851.53598,0,-58.52145526,0,-1.730321351,0.041786439,0,0,0,0,0.12528449,0
Mast,HMDB0000641,L-Glutamine,Oligo,SLC38A3,0.499751442,0.810329986,0.032061069,Transporter,-1873.117475,0,-59.20358107,0,-1.730321351,0.041786439,0,0,0,0,0.12528449,0
Oligo,HMDB0000641,L-Glutamine,Oligo,SLC38A3,0.556016183,0.850381679,0.032061069,Transporter,-2088.00482,0,-65.99552046,0,-1.730321351,0.041786439,0,0,0,0,0.12528449,0
Mast,HMDB0000660,D-Fructose,Myeloid,SLC2A8,0.077198972,0.367862267,0.1275,Transporter,-120.1614045,0,-3.797938757,7.74E-05,-1.730321351,0.041786439,0,0,0,0.000305173,0.12528449,0
B,HMDB0000101,Deoxyadenosine,Epi,SLC29A2,0.040400421,0.2805,0.073333333,Transporter,-1604.552255,0,-50.7150463,6.85E-279,-1.730321351,0.041786439,0,0,0,5.58E-277,0.12528449,0
Epi,HMDB0000101,Deoxyadenosine,Epi,SLC29A2,0.048812029,0.4195,0.073333333,Transporter,-1888.335462,0,-59.68457563,0,-1.730321351,0.041786439,0,0,0,0,0.12528449,0
Epi,HMDB0000641,L-Glutamine,Myeloid,SLC38A7,0.321883737,0.5595,0.080333333,Transporter,-392.3886461,0,-12.40221894,2.95E-33,-1.730321351,0.041786439,0,0,0,3.80E-32,0.12528449,0
Myeloid,HMDB0000641,L-Glutamine,Epi,SLC38A7,0.696218378,0.850333333,0.067333333,Transporter,-1319.50264,0,-41.70548968,2.86E-221,-1.730321351,0.041786439,0,0,0,1.73E-219,0.12528449,0
Mast,HMDB0000641,L-Glutamine,Endo,SLC38A1,1.309279498,0.810329986,0.095870907,Transporter,-174.3716252,0,-5.511359958,2.27E-08,-1.730321351,0.041786439,0,0,0,1.23E-07,0.12528449,0
Epi,HMDB0000101,Deoxyadenosine,Fibro,SLC29A2,0.006776519,0.4195,0.011286682,Transporter,-365.4977552,0,-11.55227916,2.30E-29,-1.730321351,0.041786439,0,0,0,2.76E-28,0.12528449,0
B,HMDB0000157,Hypoxanthine,Epi,SLC29A2,0.076111139,0.119666667,0.073333333,Transporter,-430.869775,0,-13.61849109,3.63E-39,-1.730321351,0.041786439,0,0,0,5.21E-38,0.12528449,0
Epi,HMDB0000157,Hypoxanthine,Epi,SLC29A2,0.081542032,0.267,0.073333333,Transporter,-486.292792,0,-15.37024512,2.58E-48,-1.730321351,0.041786439,0,0,0,4.16E-47,0.12528449,0
Fibro,HMDB0000641,L-Glutamine,Epi,SLC38A7,0.235062283,0.548758465,0.067333333,Transporter,-178.1806423,0,-5.631751473,1.16E-08,-1.730321351,0.041786439,0,0,0,6.43E-08,0.12528449,0
Oligo,HMDB0000273,Thymidine,Fibro,SLC29A1,0.08578368,0.27480916,0.180361174,Transporter,-439.5898226,0,-13.89410544,1.47E-40,-1.730321351,0.041786439,0,0,0,2.15E-39,0.12528449,0
Epi,HMDB0000641,L-Glutamine,Oligo,SLC38A7,0.315835451,0.5595,0.067175573,Transporter,-121.4949426,0,-3.840087863,6.54E-05,-1.730321351,0.041786439,0,0,0,0.000259522,0.12528449,0
Oligo,HMDB0000641,L-Glutamine,Fibro,SLC38A7,0.620322116,0.850381679,0.039954853,Transporter,-806.9966401,0,-25.50672429,3.20E-111,-1.730321351,0.041786439,0,0,0,9.78E-110,0.12528449,0
Fibro,HMDB0000641,L-Glutamine,T,SLC38A1,1.550511695,0.548758465,0.2595,Transporter,-477.9975899,0,-15.10805886,6.68E-47,-1.730321351,0.041786439,0,0,0,1.06E-45,0.12528449,0
Epi,HMDB0000641,L-Glutamine,NK,SLC38A1,1.685688313,0.5595,0.269666667,Transporter,-608.781905,0,-19.24175571,9.87E-71,-1.730321351,0.041786439,0,0,0,2.14E-69,0.12528449,0
Oligo,HMDB0000641,L-Glutamine,NK,SLC38A1,6.238675147,0.850381679,0.269666667,Transporter,-2315.303999,0,-73.17976039,0,-1.730321351,0.041786439,0,0,0,0,0.12528449,0
Myeloid,HMDB0000641,L-Glutamine,T,SLC38A1,4.592330813,0.850333333,0.2595,Transporter,-3255.779403,0,-102.9053449,0,-1.730321351,0.041786439,0,0,0,0,0.12528449,0
Endo,HMDB0000660,D-Fructose,B,SLC2A5,0.033234653,0.473659231,0.017333333,Transporter,-169.6488332,0,-5.362086779,5.11E-08,-1.730321351,0.041786439,0,0,0,2.69E-07,0.12528449,0
Fibro,HMDB0000248,Thyroxine,Epi,SLC16A2,0.005420367,0.088487585,0.022166667,Transporter,-1148.908608,0,-36.31352803,4.60E-185,-1.730321351,0.041786439,0,0,0,2.26E-183,0.12528449,0
Fibro,HMDB0000248,Thyroxine,Endo,SLC16A2,0.010734006,0.088487585,0.022306597,Transporter,-1807.500438,0,-57.12962487,2.5674704e-317,-1.730321351,0.041786439,0,0,0,2.575250643e-315,0.12528449,0
pDC,HMDB0000673,Linoleic acid,Epi,SLC27A5,0.058292853,0.730545877,0.0845,Transporter,-296.9863064,0,-9.386839375,2.02E-20,-1.730321351,0.041786439,0,0,0,1.93E-19,0.12528449,0
Mast,HMDB0000641,L-Glutamine,pDC,SLC38A1,5.620559333,0.810329986,0.389082462,Transporter,-1728.029495,0,-54.6177886,1.55E-302,-1.730321351,0.041786439,0,0,0,1.42E-300,0.12528449,0
B,HMDB0000101,Deoxyadenosine,Fibro,SLC29A2,0.005608745,0.2805,0.011286682,Transporter,-334.9679476,0,-10.58732424,3.36E-25,-1.730321351,0.041786439,0,0,0,3.68E-24,0.12528449,0
Endo,HMDB0000673,Linoleic acid,Fibro,SLC27A5,0.049032661,0.589463692,0.068171558,Transporter,-226.1592017,0,-7.148208699,8.48E-13,-1.730321351,0.041786439,0,0,0,5.97E-12,0.12528449,0
Fibro,HMDB0000673,Linoleic acid,Epi,SLC27A5,0.050770317,0.603611738,0.0845,Transporter,-319.2915416,0,-10.09184043,3.58E-23,-1.730321351,0.041786439,0,0,0,3.68E-22,0.12528449,0
Epi,HMDB0000673,Linoleic acid,T,SLC27A5,0.051219806,0.727333333,0.033666667,Transporter,-324.6477359,0,-10.26113354,7.41E-24,-1.730321351,0.041786439,0,0,0,7.78E-23,0.12528449,0
Myeloid,HMDB0000673,Linoleic acid,Epi,SLC27A5,0.052124512,0.593166667,0.0845,Transporter,-354.4855026,0,-11.20421515,7.87E-28,-1.730321351,0.041786439,0,0,0,9.13E-27,0.12528449,0
pDC,HMDB0000673,Linoleic acid,Fibro,SLC27A5,0.053365911,0.730545877,0.068171558,Transporter,-224.8904322,0,-7.108106731,1.12E-12,-1.730321351,0.041786439,0,0,0,7.82E-12,0.12528449,0
Epi,HMDB0000673,Linoleic acid,Oligo,SLC27A5,0.124502974,0.727333333,0.103816794,Transporter,-503.7688351,0,-15.92261002,2.42E-51,-1.730321351,0.041786439,0,0,0,4.07E-50,0.12528449,0
Fibro,HMDB0000034,Adenine,Epi,SLC29A2,0.245152987,0.670880361,0.073333333,Transporter,-758.4099772,0,-23.97104675,5.65E-101,-1.730321351,0.041786439,0,0,0,1.63E-99,0.12528449,0
NK,HMDB0000673,Linoleic acid,Oligo,SLC27A5,0.058834441,0.3295,0.103816794,Transporter,-159.1565783,0,-5.03045832,2.90E-07,-1.730321351,0.041786439,0,0,0,1.44E-06,0.12528449,0
Fibro,HMDB0000641,L-Glutamine,Oligo,SLC38A7,0.349585357,0.548758465,0.067175573,Transporter,-146.9609845,0,-4.644992465,1.93E-06,-1.730321351,0.041786439,0,0,0,8.98E-06,0.12528449,0
Fibro,HMDB0000641,L-Glutamine,Myeloid,SLC38A7,0.356279957,0.548758465,0.080333333,Transporter,-472.7187337,0,-14.94121017,5.21E-46,-1.730321351,0.041786439,0,0,0,8.18E-45,0.12528449,0
Myeloid,HMDB0000641,L-Glutamine,Endo,SLC38A7,0.500201106,0.850333333,0.028001898,Transporter,-510.7006285,0,-16.14170305,1.47E-52,-1.730321351,0.041786439,0,0,0,2.51E-51,0.12528449,0
Mast,HMDB0000641,L-Glutamine,Endo,SLC38A7,0.50659382,0.810329986,0.028001898,Transporter,-508.2889269,0,-16.06547645,3.90E-52,-1.730321351,0.041786439,0,0,0,6.64E-51,0.12528449,0
Myeloid,HMDB0000641,L-Glutamine,Fibro,SLC38A7,0.550514357,0.850333333,0.039954853,Transporter,-797.520947,0,-25.20722628,3.28E-109,-1.730321351,0.041786439,0,0,0,9.90E-108,0.12528449,0
Oligo,HMDB0000641,L-Glutamine,Endo,SLC38A7,0.563628913,0.850381679,0.028001898,Transporter,-540.9386487,0,-17.09743546,5.54E-58,-1.730321351,0.041786439,0,0,0,1.02E-56,0.12528449,0
NK,HMDB0001341,ADP,Myeloid,P2RY13,0.061018109,0.676833333,0.118,Receptor,-4172.446953,0,-131.8784351,0,-1.730321351,0.041786439,0,0,0,0,0.12528449,0
Myeloid,HMDB0000300,Uracil,Epi,SLC29A2,0.479662605,0.937,0.073333333,Transporter,-2769.693926,0,-87.54165238,0,-1.730321351,0.041786439,0,0,0,0,0.12528449,0
Myeloid,HMDB0000300,Uracil,Fibro,SLC29A2,0.066591015,0.937,0.011286682,Transporter,-128.1878889,0,-4.051631664,2.74E-05,-1.730321351,0.041786439,0,0,0,0.000112886,0.12528449,0
B,HMDB0000300,Uracil,Epi,SLC29A2,0.092394281,0.355166667,0.073333333,Transporter,-309.7414492,0,-9.789990878,5.65E-22,-1.730321351,0.041786439,0,0,0,5.63E-21,0.12528449,0
Mast,HMDB0000300,Uracil,Epi,SLC29A2,0.106265463,0.389956958,0.073333333,Transporter,-401.1522492,0,-12.67920994,1.44E-34,-1.730321351,0.041786439,0,0,0,1.90E-33,0.12528449,0
NK,HMDB0000034,Adenine,Epi,SLC29A2,0.266444844,0.570166667,0.073333333,Transporter,-841.6160859,0,-26.60094032,1.33E-118,-1.730321351,0.041786439,0,0,0,4.29E-117,0.12528449,0
Oligo,HMDB0000673,Linoleic acid,B,SLC27A5,0.093897214,0.911450382,0.023166667,Transporter,-621.7891086,0,-19.65287409,2.95E-73,-1.730321351,0.041786439,0,0,0,6.56E-72,0.12528449,0
Epi,HMDB0000034,Adenine,Epi,SLC29A2,0.313453054,0.760666667,0.073333333,Transporter,-1038.539967,0,-32.82510893,3.31E-161,-1.730321351,0.041786439,0,0,0,1.41E-159,0.12528449,0
Myeloid,HMDB0000034,Adenine,Epi,SLC29A2,0.328836518,0.805833333,0.073333333,Transporter,-1109.432559,0,-35.06580946,1.48E-176,-1.730321351,0.041786439,0,0,0,6.90E-175,0.12528449,0
T,HMDB0000112,gamma-Aminobutyric acid,Oligo,SLC6A8,0.478996064,0.241666667,0.366412214,Transporter,-378.3028725,0,-11.95701021,3.42E-31,-1.730321351,0.041786439,0,0,0,4.26E-30,0.12528449,0
Oligo,HMDB0001341,ADP,Myeloid,P2RY13,0.079221998,0.696183206,0.118,Receptor,-2416.988451,0,-76.39369853,0,-1.730321351,0.041786439,0,0,0,0,0.12528449,0
Myeloid,HMDB0001341,ADP,Myeloid,P2RY13,0.022833566,0.601833333,0.118,Receptor,-1512.058025,0,-47.79158331,1.21E-260,-1.730321351,0.041786439,0,0,0,8.94E-259,0.12528449,0
B,HMDB0001341,ADP,Myeloid,P2RY13,0.028346141,0.61,0.118,Receptor,-1930.032224,0,-61.00248423,0,-1.730321351,0.041786439,0,0,0,0,0.12528449,0
Fibro,HMDB0000641,L-Glutamine,pDC,SLC38A1,1.876481118,0.548758465,0.389082462,Transporter,-332.1236496,0,-10.49742458,7.94E-25,-1.730321351,0.041786439,0,0,0,8.62E-24,0.12528449,0
Myeloid,HMDB0000641,L-Glutamine,Epi,SLC38A1,2.968886312,0.850333333,0.299,Transporter,-1831.112933,0,-57.87594448,1.215e-321,-1.730321351,0.041786439,0,0,0,1.24164e-319,0.12528449,0
Endo,HMDB0000300,Uracil,Epi,SLC29A2,0.164217219,0.549596583,0.073333333,Transporter,-757.0923477,0,-23.92940047,1.07E-100,-1.730321351,0.041786439,0,0,0,3.07E-99,0.12528449,0
Epi,HMDB0000300,Uracil,Epi,SLC29A2,0.196184881,0.6855,0.073333333,Transporter,-970.6370493,0,-30.67890295,1.83E-146,-1.730321351,0.041786439,0,0,0,7.06E-145,0.12528449,0
B,HMDB0003550,Calcidiol,pDC,CUBN,0.007093377,0.021333333,0.018583043,Transporter,-158.227144,0,-5.001081712,3.37E-07,-1.730321351,0.041786439,0,0,0,1.66E-06,0.12528449,0
Oligo,HMDB0000673,Linoleic acid,pDC,SLC27A5,0.119418269,0.911450382,0.040650407,Transporter,-469.0865309,0,-14.82640722,2.12E-45,-1.730321351,0.041786439,0,0,0,3.31E-44,0.12528449,0
Epi,HMDB0000112,gamma-Aminobutyric acid,Fibro,SLC6A8,0.171997654,0.745333333,0.048081264,Transporter,-139.989982,0,-4.42466015,5.36E-06,-1.730321351,0.041786439,0,0,0,2.38E-05,0.12528449,0
Endo,HMDB0000112,gamma-Aminobutyric acid,Fibro,SLC6A8,0.183835486,0.741338396,0.048081264,Transporter,-169.1220755,0,-5.345437562,5.59E-08,-1.730321351,0.041786439,0,0,0,2.93E-07,0.12528449,0
pDC,HMDB0003550,Calcidiol,Endo,CUBN,0.011348427,0.018583043,0.051257712,Transporter,-344.678116,0,-10.89423331,1.71E-26,-1.730321351,0.041786439,0,0,0,1.92E-25,0.12528449,0
T,HMDB0003550,Calcidiol,Endo,CUBN,0.021188508,0.023166667,0.051257712,Transporter,-903.4524582,0,-28.55540112,6.59E-132,-1.730321351,0.041786439,0,0,0,2.30E-130,0.12528449,0
B,HMDB0003550,Calcidiol,Endo,CUBN,0.021214849,0.021333333,0.051257712,Transporter,-947.0731559,0,-29.93411951,2.37E-141,-1.730321351,0.041786439,0,0,0,8.87E-140,0.12528449,0
NK,HMDB0003550,Calcidiol,pDC,CUBN,0.006863576,0.018333333,0.018583043,Transporter,-150.9195436,0,-4.770110551,1.06E-06,-1.730321351,0.041786439,0,0,0,5.03E-06,0.12528449,0
T,HMDB0003550,Calcidiol,pDC,CUBN,0.00708457,0.023166667,0.018583043,Transporter,-160.553922,0,-5.074624131,2.31E-07,-1.730321351,0.041786439,0,0,0,1.16E-06,0.12528449,0
Endo,HMDB0000112,gamma-Aminobutyric acid,Myeloid,SLC6A12,0.108593716,0.741338396,0.035833333,Transporter,-879.8043213,0,-27.807955,8.34E-127,-1.730321351,0.041786439,0,0,0,2.82E-125,0.12528449,0
T,HMDB0003550,Calcidiol,Oligo,LRP2,0.115968829,0.023166667,0.241221374,Transporter,-2556.443662,0,-80.80145618,0,-1.730321351,0.041786439,0,0,0,0,0.12528449,0
B,HMDB0003550,Calcidiol,Oligo,LRP2,0.116112994,0.021333333,0.241221374,Transporter,-2582.890018,0,-81.63734556,0,-1.730321351,0.041786439,0,0,0,0,0.12528449,0
T,HMDB0003550,Calcidiol,Epi,LRP2,0.012967138,0.023166667,0.0425,Transporter,-597.2222303,0,-18.87638933,1.65E-68,-1.730321351,0.041786439,0,0,0,3.50E-67,0.12528449,0
B,HMDB0003550,Calcidiol,Epi,LRP2,0.012983258,0.021333333,0.0425,Transporter,-591.7957703,0,-18.70487534,1.80E-67,-1.730321351,0.041786439,0,0,0,3.77E-66,0.12528449,0
Fibro,HMDB0003550,Calcidiol,Oligo,LRP2,0.057237333,0.025733634,0.241221374,Transporter,-1228.097165,0,-38.81643893,5.34E-202,-1.730321351,0.041786439,0,0,0,2.89E-200,0.12528449,0
Fibro,HMDB0003550,Calcidiol,Endo,CUBN,0.010457756,0.025733634,0.051257712,Transporter,-392.4414948,0,-12.40388932,2.90E-33,-1.730321351,0.041786439,0,0,0,3.74E-32,0.12528449,0
Fibro,HMDB0000112,gamma-Aminobutyric acid,Fibro,SLC6A12,0.054820393,0.774717833,0.010158014,Transporter,-281.651442,0,-8.902150668,1.27E-18,-1.730321351,0.041786439,0,0,0,1.15E-17,0.12528449,0
Epi,HMDB0000673,Linoleic acid,Epi,SLC27A5,0.065855957,0.727333333,0.0845,Transporter,-544.8426021,0,-17.22082763,1.07E-58,-1.730321351,0.041786439,0,0,0,1.99E-57,0.12528449,0
Endo,HMDB0000673,Linoleic acid,T,SLC27A5,0.041656206,0.589463692,0.033666667,Transporter,-149.8846852,0,-4.737401807,1.24E-06,-1.730321351,0.041786439,0,0,0,5.87E-06,0.12528449,0
pDC,HMDB0000673,Linoleic acid,T,SLC27A5,0.045337563,0.730545877,0.033666667,Transporter,-154.6459969,0,-4.887892475,5.93E-07,-1.730321351,0.041786439,0,0,0,2.87E-06,0.12528449,0
Fibro,HMDB0000673,Linoleic acid,Fibro,SLC27A5,0.046479184,0.603611738,0.068171558,Transporter,-224.0372334,0,-7.081139697,1.35E-12,-1.730321351,0.041786439,0,0,0,9.37E-12,0.12528449,0
Epi,HMDB0000673,Linoleic acid,Mast,SLC27A5,0.046668252,0.727333333,0.028981349,Transporter,-198.057375,0,-6.259994907,2.85E-10,-1.730321351,0.041786439,0,0,0,1.75E-09,0.12528449,0
Myeloid,HMDB0000673,Linoleic acid,Fibro,SLC27A5,0.047718921,0.593166667,0.068171558,Transporter,-247.8172007,0,-7.832752579,6.08E-15,-1.730321351,0.041786439,0,0,0,4.80E-14,0.12528449,0
Epi,HMDB0000673,Linoleic acid,Endo,SLC27A5,0.048080682,0.727333333,0.041290935,Transporter,-173.8505928,0,-5.494891699,2.48E-08,-1.730321351,0.041786439,0,0,0,1.34E-07,0.12528449,0
Endo,HMDB0000673,Linoleic acid,Oligo,SLC27A5,0.101256173,0.589463692,0.103816794,Transporter,-379.9431158,0,-12.00885335,1.98E-31,-1.730321351,0.041786439,0,0,0,2.48E-30,0.12528449,0
pDC,HMDB0000673,Linoleic acid,Oligo,SLC27A5,0.110204662,0.730545877,0.103816794,Transporter,-404.5750395,0,-12.78739399,4.37E-35,-1.730321351,0.041786439,0,0,0,5.83E-34,0.12528449,0
Endo,HMDB0000673,Linoleic acid,Epi,SLC27A5,0.053559542,0.589463692,0.0845,Transporter,-310.0979568,0,-9.801259009,5.10E-22,-1.730321351,0.041786439,0,0,0,5.09E-21,0.12528449,0
Mast,HMDB0000673,Linoleic acid,Oligo,SLC27A5,0.073547018,0.471162123,0.103816794,Transporter,-234.5489218,0,-7.413382392,1.31E-13,-1.730321351,0.041786439,0,0,0,9.65E-13,0.12528449,0
Fibro,HMDB0000673,Linoleic acid,Oligo,SLC27A5,0.095983047,0.603611738,0.103816794,Transporter,-351.8827898,0,-11.12195127,1.79E-27,-1.730321351,0.041786439,0,0,0,2.06E-26,0.12528449,0
Epi,HMDB0000673,Linoleic acid,pDC,SLC27A5,0.047125589,0.727333333,0.040650407,Transporter,-103.825337,0,-3.281605045,0.000533958,-1.730321351,0.041786439,0,0,0,0.001916506,0.12528449,0
Oligo,HMDB0000673,Linoleic acid,T,SLC27A5,0.129793192,0.911450382,0.033666667,Transporter,-942.2085279,0,-29.78036333,2.69E-140,-1.730321351,0.041786439,0,0,0,1.00E-138,0.12528449,0
Oligo,HMDB0000673,Linoleic acid,Fibro,SLC27A5,0.15277689,0.911450382,0.068171558,Transporter,-1085.630717,0,-34.31350517,2.06E-171,-1.730321351,0.041786439,0,0,0,9.31E-170,0.12528449,0
B,HMDB0000034,Adenine,Epi,SLC29A2,0.222023008,0.546166667,0.073333333,Transporter,-658.0506435,0,-20.7989916,2.04E-80,-1.730321351,0.041786439,0,0,0,4.88E-79,0.12528449,0
Endo,HMDB0000034,Adenine,Epi,SLC29A2,0.243744736,0.562885619,0.073333333,Transporter,-744.2406616,0,-23.52319752,5.12E-98,-1.730321351,0.041786439,0,0,0,1.44E-96,0.12528449,0
T,HMDB0000300,Uracil,Epi,SLC29A2,0.109243338,0.396333333,0.073333333,Transporter,-417.9988676,0,-13.21168062,3.80E-37,-1.730321351,0.041786439,0,0,0,5.26E-36,0.12528449,0
pDC,HMDB0000112,gamma-Aminobutyric acid,Myeloid,SLC6A12,0.044892492,0.534262485,0.035833333,Transporter,-244.1038645,0,-7.715385247,1.46E-14,-1.730321351,0.041786439,0,0,0,1.13E-13,0.12528449,0
Epi,HMDB0000112,gamma-Aminobutyric acid,Fibro,SLC6A12,0.045951086,0.745333333,0.010158014,Transporter,-213.9702852,0,-6.762953896,1.15E-11,-1.730321351,0.041786439,0,0,0,7.58E-11,0.12528449,0
pDC,HMDB0003550,Calcidiol,Oligo,LRP2,0.062112149,0.018583043,0.241221374,Transporter,-1151.061346,0,-36.38156957,1.58E-185,-1.730321351,0.041786439,0,0,0,7.81E-184,0.12528449,0
Myeloid,HMDB0003550,Calcidiol,Oligo,LRP2,0.064324845,0.031333333,0.241221374,Transporter,-1406.485542,0,-44.45475626,2.81E-239,-1.730321351,0.041786439,0,0,0,1.85E-237,0.12528449,0
Oligo,HMDB0003550,Calcidiol,Oligo,LRP2,0.078100167,0.025954198,0.241221374,Transporter,-1466.710936,0,-46.35829891,1.56E-251,-1.730321351,0.041786439,0,0,0,1.09E-249,0.12528449,0
Endo,HMDB0000122,D-Glucose,Endo,SLC2A10,0.015542122,0.35168486,0.049833887,Transporter,-479.7902452,0,-15.16471927,3.31E-47,-1.730321351,0.041786439,0,0,0,5.29E-46,0.12528449,0
Mast,HMDB0001341,ADP,Myeloid,P2RY13,0.053892886,0.686944046,0.118,Receptor,-3149.452716,0,-99.54467977,0,-1.730321351,0.041786439,0,0,0,0,0.12528449,0
Epi,HMDB0000641,L-Glutamine,Oligo,SLC38A3,0.150516436,0.5595,0.032061069,Transporter,-546.2250597,0,-17.26452293,5.99E-59,-1.730321351,0.041786439,0,0,0,1.12E-57,0.12528449,0
Fibro,HMDB0000248,Thyroxine,Fibro,SLC16A2,0.042589104,0.088487585,0.098645598,Transporter,-9047.483243,0,-285.9635953,0,-1.730321351,0.041786439,0,0,0,0,0.12528449,0
NK,HMDB0000300,Uracil,Epi,SLC29A2,0.120033742,0.393166667,0.073333333,Transporter,-489.0530506,0,-15.45748855,8.65E-49,-1.730321351,0.041786439,0,0,0,1.41E-47,0.12528449,0
Mast,HMDB0000673,Linoleic acid,Epi,SLC27A5,0.03890276,0.471162123,0.0845,Transporter,-136.8250837,0,-4.324627284,8.41E-06,-1.730321351,0.041786439,0,0,0,3.66E-05,0.12528449,0
Endo,HMDB0000112,gamma-Aminobutyric acid,Oligo,SLC6A8,2.484344271,0.741338396,0.366412214,Transporter,-2492.740773,0,-78.78800044,0,-1.730321351,0.041786439,0,0,0,0,0.12528449,0
pDC,HMDB0000112,gamma-Aminobutyric acid,Oligo,SLC6A12,0.084270598,0.534262485,0.033587786,Transporter,-192.1453216,0,-6.073132773,8.90E-10,-1.730321351,0.041786439,0,0,0,5.31E-09,0.12528449,0
Myeloid,HMDB0000112,gamma-Aminobutyric acid,Fibro,SLC6A12,0.090062068,0.898666667,0.010158014,Transporter,-570.0188657,0,-18.01657321,2.35E-63,-1.730321351,0.041786439,0,0,0,4.65E-62,0.12528449,0
Epi,HMDB0000112,gamma-Aminobutyric acid,Myeloid,SLC6A12,0.101600974,0.745333333,0.035833333,Transporter,-822.4541487,0,-25.99528941,1.65E-114,-1.730321351,0.041786439,0,0,0,5.17E-113,0.12528449,0
Oligo,HMDB0000673,Linoleic acid,Epi,SLC27A5,0.16688183,0.911450382,0.0845,Transporter,-1297.153698,0,-40.99910717,1.37E-216,-1.730321351,0.041786439,0,0,0,7.99E-215,0.12528449,0
B,HMDB0000067,Cholesterol,Endo,LDLR,0.215546012,0.087833333,0.149501661,Receptor,-136.0018905,0,-4.298608633,9.43E-06,-1.730321351,0.041786439,0,0,0,4.08E-05,0.12528449,0
Oligo,HMDB0000067,Cholesterol,Fibro,SCARB1,0.109038529,0.396946565,0.051467269,Receptor,-212.2007684,0,-6.70702482,1.66E-11,-1.730321351,0.041786439,0,0,0,1.09E-10,0.12528449,0
pDC,HMDB0000067,Cholesterol,Endo,SCARB1,0.121438713,0.137049942,0.109634551,Receptor,-231.4023546,0,-7.313928913,2.66E-13,-1.730321351,0.041786439,0,0,0,1.92E-12,0.12528449,0
pDC,HMDB0000067,Cholesterol,pDC,SCARB1,0.129142959,0.137049942,0.137049942,Receptor,-194.923708,0,-6.160949169,5.23E-10,-1.730321351,0.041786439,0,0,0,3.17E-09,0.12528449,0
pDC,HMDB0002183,Docosahexaenoic acid,Myeloid,FFAR4,0.154956944,0.166085947,0.211833333,Receptor,-1476.496194,0,-46.66758133,1.65E-253,-1.730321351,0.041786439,0,0,0,1.18E-251,0.12528449,0
Myeloid,HMDB0002183,Docosahexaenoic acid,Myeloid,FFAR4,0.336292247,0.348666667,0.211833333,Receptor,-4736.15666,0,-149.6955949,0,-1.730321351,0.041786439,0,0,0,0,0.12528449,0
Oligo,HMDB0002183,Docosahexaenoic acid,Myeloid,FFAR4,0.368391604,0.33740458,0.211833333,Receptor,-3636.053735,0,-114.924667,0,-1.730321351,0.041786439,0,0,0,0,0.12528449,0
Mast,HMDB0002183,Docosahexaenoic acid,Myeloid,FFAR4,0.482536455,0.340602582,0.211833333,Receptor,-6769.23278,0,-213.9549852,0,-1.730321351,0.041786439,0,0,0,0,0.12528449,0
T,HMDB0000067,Cholesterol,Endo,LDLR,0.206077872,0.095833333,0.149501661,Receptor,-113.8366216,0,-3.598031487,0.000168178,-1.730321351,0.041786439,0,0,0,0.000640218,0.12528449,0
Oligo,HMDB0000067,Cholesterol,Epi,SCARB1,0.106320115,0.396946565,0.0585,Receptor,-207.1470127,0,-6.547290878,4.68E-11,-1.730321351,0.041786439,0,0,0,3.00E-10,0.12528449,0
B,HMDB0000067,Cholesterol,Endo,SCARB1,0.144589608,0.087833333,0.109634551,Receptor,-426.1053541,0,-13.46790215,2.05E-38,-1.730321351,0.041786439,0,0,0,2.91E-37,0.12528449,0
T,HMDB0000067,Cholesterol,Myeloid,SCARB1,0.085443367,0.095833333,0.109666667,Receptor,-233.5895977,0,-7.383061056,1.63E-13,-1.730321351,0.041786439,0,0,0,1.19E-12,0.12528449,0
Endo,HMDB0000641,L-Glutamine,Myeloid,SLC38A7,0.256234857,0.38822971,0.080333333,Transporter,-214.8576348,0,-6.791000334,9.54E-12,-1.730321351,0.041786439,0,0,0,6.33E-11,0.12528449,0
Epi,HMDB0000641,L-Glutamine,Epi,SLC38A7,0.212368741,0.5595,0.067333333,Transporter,-120.3469928,0,-3.803804641,7.56E-05,-1.730321351,0.041786439,0,0,0,0.000298596,0.12528449,0
Myeloid,HMDB0000641,L-Glutamine,Myeloid,SLC38A7,1.055246509,0.850333333,0.080333333,Transporter,-2161.810855,0,-68.3283061,0,-1.730321351,0.041786439,0,0,0,0,0.12528449,0
NK,HMDB0000067,Cholesterol,Myeloid,SCARB1,0.097733694,0.0935,0.109666667,Receptor,-332.2845033,0,-10.50250867,7.57E-25,-1.730321351,0.041786439,0,0,0,8.22E-24,0.12528449,0
T,HMDB0002183,Docosahexaenoic acid,Myeloid,FFAR4,0.066410097,0.057666667,0.211833333,Receptor,-683.5327646,0,-21.60440441,1.53E-85,-1.730321351,0.041786439,0,0,0,3.82E-84,0.12528449,0
Mast,HMDB0000067,Cholesterol,Endo,SCARB1,0.161322849,0.101865136,0.109634551,Receptor,-476.5396483,0,-15.06197773,1.18E-46,-1.730321351,0.041786439,0,0,0,1.87E-45,0.12528449,0
Mast,HMDB0000641,L-Glutamine,B,SLC38A5,0.360965427,0.810329986,0.016166667,Transporter,-169.6256737,0,-5.361354776,5.13E-08,-1.730321351,0.041786439,0,0,0,2.70E-07,0.12528449,0
Oligo,HMDB0000641,L-Glutamine,pDC,SLC38A5,1.242429275,0.850381679,0.06155633,Transporter,-582.8998518,0,-18.42370225,8.82E-66,-1.730321351,0.041786439,0,0,0,1.81E-64,0.12528449,0
Oligo,HMDB0000641,L-Glutamine,Endo,SLC38A5,1.460489603,0.850381679,0.034646417,Transporter,-1029.557141,0,-32.54118894,2.95E-159,-1.730321351,0.041786439,0,0,0,1.24E-157,0.12528449,0
Myeloid,HMDB0000641,L-Glutamine,Fibro,SLC38A5,3.127672393,0.850333333,0.163431151,Transporter,-4023.363441,0,-127.166356,0,-1.730321351,0.041786439,0,0,0,0,0.12528449,0
T,HMDB0000067,Cholesterol,Endo,SCARB1,0.138238321,0.095833333,0.109634551,Receptor,-389.1853152,0,-12.30097133,8.79E-33,-1.730321351,0.041786439,0,0,0,1.12E-31,0.12528449,0
T,HMDB0000067,Cholesterol,pDC,SCARB1,0.147008358,0.095833333,0.137049942,Receptor,-280.4451226,0,-8.864022556,1.74E-18,-1.730321351,0.041786439,0,0,0,1.57E-17,0.12528449,0
B,HMDB0000067,Cholesterol,pDC,SCARB1,0.153762579,0.087833333,0.137049942,Receptor,-302.6175887,0,-9.564827185,4.23E-21,-1.730321351,0.041786439,0,0,0,4.13E-20,0.12528449,0
NK,HMDB0000067,Cholesterol,Endo,SCARB1,0.158122769,0.0935,0.109634551,Receptor,-472.4521929,0,-14.93278562,5.77E-46,-1.730321351,0.041786439,0,0,0,9.06E-45,0.12528449,0
Endo,HMDB0002183,Docosahexaenoic acid,Myeloid,FFAR4,0.096227765,0.102515425,0.211833333,Receptor,-982.7894554,0,-31.06300378,4.20E-149,-1.730321351,0.041786439,0,0,0,1.64E-147,0.12528449,0
NK,HMDB0000067,Cholesterol,pDC,SCARB1,0.168154304,0.0935,0.137049942,Receptor,-340.7003626,0,-10.76850855,5.83E-26,-1.730321351,0.041786439,0,0,0,6.51E-25,0.12528449,0
Mast,HMDB0000067,Cholesterol,pDC,SCARB1,0.171557402,0.101865136,0.137049942,Receptor,-352.8704216,0,-11.15316732,1.31E-27,-1.730321351,0.041786439,0,0,0,1.52E-26,0.12528449,0
Endo,HMDB0000067,Cholesterol,Oligo,SCARB1,0.186388524,0.257712387,0.064122137,Receptor,-327.4587327,0,-10.34998065,3.22E-24,-1.730321351,0.041786439,0,0,0,3.41E-23,0.12528449,0
B,HMDB0000067,Cholesterol,Myeloid,SCARB1,0.089369017,0.087833333,0.109666667,Receptor,-257.2112318,0,-8.129669504,6.33E-16,-1.730321351,0.041786439,0,0,0,5.18E-15,0.12528449,0
Endo,HMDB0000067,Cholesterol,Epi,SCARB1,0.0948598,0.257712387,0.0585,Receptor,-240.4897757,0,-7.601154825,3.37E-14,-1.730321351,0.041786439,0,0,0,2.56E-13,0.12528449,0
Endo,HMDB0000067,Cholesterol,Fibro,SCARB1,0.097285194,0.257712387,0.051467269,Receptor,-231.5374916,0,-7.318200187,2.58E-13,-1.730321351,0.041786439,0,0,0,1.87E-12,0.12528449,0
Mast,HMDB0000067,Cholesterol,Myeloid,SCARB1,0.099711624,0.101865136,0.109666667,Receptor,-313.3360336,0,-9.903604827,2.02E-22,-1.730321351,0.041786439,0,0,0,2.03E-21,0.12528449,0
Fibro,HMDB0000050,Adenosine,Fibro,ADORA2B,0.021840847,0.533408578,0.025507901,Receptor,-744.7412407,0,-23.53901931,4.03E-98,-1.730321351,0.041786439,0,0,0,1.13E-96,0.12528449,0
Mast,HMDB0000050,Adenosine,Fibro,ADORA1,0.00024243,0.246771879,0.01738149,Receptor,-192.3144486,0,-6.078478366,8.62E-10,-1.730321351,0.041786439,0,0,0,5.15E-09,0.12528449,0
Myeloid,HMDB0000067,Cholesterol,pDC,SCARB1,0.811644327,0.565,0.137049942,Receptor,-2266.613446,0,-71.6407992,0,-1.730321351,0.041786439,0,0,0,0,0.12528449,0
Myeloid,HMDB0000067,Cholesterol,Myeloid,SCARB1,0.471739329,0.565,0.109666667,Receptor,-3007.586347,0,-95.0607127,0,-1.730321351,0.041786439,0,0,0,0,0.12528449,0
Myeloid,HMDB0000067,Cholesterol,Epi,SCARB1,0.209593021,0.565,0.0585,Receptor,-1127.600878,0,-35.64005508,1.78E-180,-1.730321351,0.041786439,0,0,0,8.49E-179,0.12528449,0
Endo,HMDB0000067,Cholesterol,Myeloid,SCARB1,0.213504716,0.257712387,0.109666667,Receptor,-968.1306794,0,-30.59968418,6.40E-146,-1.730321351,0.041786439,0,0,0,2.46E-144,0.12528449,0
Epi,HMDB0002183,Docosahexaenoic acid,Myeloid,FFAR4,0.109752885,0.180333333,0.211833333,Receptor,-1370.039128,0,-43.30279529,8.96E-232,-1.730321351,0.041786439,0,0,0,5.65E-230,0.12528449,0
Mast,HMDB0000050,Adenosine,Myeloid,ADORA2B,0.000449627,0.246771879,0.036333333,Receptor,-234.7295722,0,-7.419092205,1.26E-13,-1.730321351,0.041786439,0,0,0,9.27E-13,0.12528449,0
Oligo,HMDB0000050,Adenosine,Epi,ADORA2B,0.021819557,0.380152672,0.084,Receptor,-387.5858899,0,-12.25041833,1.51E-32,-1.730321351,0.041786439,0,0,0,1.93E-31,0.12528449,0
Mast,HMDB0000050,Adenosine,Epi,ADORA1,0.000449584,0.246771879,0.043666667,Receptor,-212.3817591,0,-6.712745389,1.60E-11,-1.730321351,0.041786439,0,0,0,1.05E-10,0.12528449,0
Myeloid,HMDB0000067,Cholesterol,Fibro,SCARB1,0.214951937,0.565,0.051467269,Receptor,-1031.490961,0,-32.60231113,1.12E-159,-1.730321351,0.041786439,0,0,0,4.73E-158,0.12528449,0
Oligo,HMDB0000067,Cholesterol,Myeloid,SCARB1,0.239298902,0.396946565,0.109666667,Receptor,-709.2542033,0,-22.41738133,8.73E-91,-1.730321351,0.041786439,0,0,0,2.30E-89,0.12528449,0
Endo,HMDB0000067,Cholesterol,Endo,SCARB1,0.345428024,0.257712387,0.109634551,Receptor,-1159.359865,0,-36.64386067,2.61E-187,-1.730321351,0.041786439,0,0,0,1.30E-185,0.12528449,0
Endo,HMDB0000067,Cholesterol,pDC,SCARB1,0.367342472,0.257712387,0.137049942,Receptor,-887.8073487,0,-28.06090651,1.57E-128,-1.730321351,0.041786439,0,0,0,5.36E-127,0.12528449,0
Oligo,HMDB0000067,Cholesterol,Endo,SCARB1,0.387160285,0.396946565,0.109634551,Receptor,-1065.025861,0,-33.66224796,5.98E-167,-1.730321351,0.041786439,0,0,0,2.64E-165,0.12528449,0
Oligo,HMDB0000067,Cholesterol,pDC,SCARB1,0.411722288,0.396946565,0.137049942,Receptor,-888.4322576,0,-28.08065799,1.15E-128,-1.730321351,0.041786439,0,0,0,3.94E-127,0.12528449,0
Myeloid,HMDB0000067,Cholesterol,Oligo,SCARB1,0.41182602,0.565,0.064122137,Receptor,-936.8834702,0,-29.61205435,3.83E-139,-1.730321351,0.041786439,0,0,0,1.41E-137,0.12528449,0
Fibro,HMDB0000050,Adenosine,Epi,ADORA2B,0.063576507,0.533408578,0.084,Receptor,-1844.554846,0,-58.30080271,5e-324,-1.730321351,0.041786439,0,0,0,5.14e-322,0.12528449,0
Fibro,HMDB0002183,Docosahexaenoic acid,Myeloid,FFAR4,0.107842414,0.142889391,0.211833333,Receptor,-1307.602978,0,-41.32937732,8.84E-219,-1.730321351,0.041786439,0,0,0,5.26E-217,0.12528449,0
NK,HMDB0002183,Docosahexaenoic acid,Myeloid,FFAR4,0.107983102,0.078166667,0.211833333,Receptor,-1363.590453,0,-43.09897216,1.93E-230,-1.730321351,0.041786439,0,0,0,1.21E-228,0.12528449,0
Oligo,HMDB0000050,Adenosine,Fibro,ADORA1,0.006191579,0.380152672,0.01738149,Receptor,-184.7895596,0,-5.84063937,3.51E-09,-1.730321351,0.041786439,0,0,0,2.02E-08,0.12528449,0
B,HMDB0000277,Sphingosine 1-phosphate,T,S1PR5,0.0001737,0.0415,0.0115,Receptor,-165.0424432,0,-5.216492716,1.11E-07,-1.730321351,0.041786439,0,0,0,5.68E-07,0.12528449,0
B,HMDB0000277,Sphingosine 1-phosphate,Fibro,S1PR5,0.00010755,0.0415,0.011286682,Receptor,-161.8473657,0,-5.115505977,1.88E-07,-1.730321351,0.041786439,0,0,0,9.44E-07,0.12528449,0
Mast,HMDB0000050,Adenosine,Fibro,ADORA2B,0.000293497,0.246771879,0.025507901,Receptor,-209.8301936,0,-6.632098117,2.71E-11,-1.730321351,0.041786439,0,0,0,1.76E-10,0.12528449,0
Fibro,HMDB0000050,Adenosine,Myeloid,ADORA2B,0.033459453,0.533408578,0.036333333,Receptor,-1069.936703,0,-33.81746481,5.16E-168,-1.730321351,0.041786439,0,0,0,2.29E-166,0.12528449,0
Epi,HMDB0000050,Adenosine,Myeloid,ADORA2B,0.038920914,0.573166667,0.036333333,Receptor,-1383.679716,0,-43.73393304,1.37E-234,-1.730321351,0.041786439,0,0,0,8.81E-233,0.12528449,0
Myeloid,HMDB0000641,L-Glutamine,B,SLC38A5,0.356410399,0.850333333,0.016166667,Transporter,-165.4878605,0,-5.230571012,1.03E-07,-1.730321351,0.041786439,0,0,0,5.29E-07,0.12528449,0
Epi,HMDB0000050,Adenosine,Epi,ADORA2B,0.073953862,0.573166667,0.084,Receptor,-2370.893241,0,-74.93676828,0,-1.730321351,0.041786439,0,0,0,0,0.12528449,0
Epi,HMDB0000050,Adenosine,Fibro,ADORA2B,0.025405847,0.573166667,0.025507901,Receptor,-859.4969393,0,-27.16610004,1.95E-122,-1.730321351,0.041786439,0,0,0,6.44E-121,0.12528449,0
Oligo,HMDB0000050,Adenosine,Myeloid,ADORA2B,0.011483336,0.380152672,0.036333333,Receptor,-252.2053751,0,-7.971449505,2.13E-15,-1.730321351,0.041786439,0,0,0,1.72E-14,0.12528449,0
Oligo,HMDB0000050,Adenosine,Fibro,ADORA2B,0.007495813,0.380152672,0.025507901,Receptor,-201.6615704,0,-6.37391263,1.40E-10,-1.730321351,0.041786439,0,0,0,8.79E-10,0.12528449,0
Mast,HMDB0000050,Adenosine,Myeloid,ADORA3,0.001654471,0.246771879,0.086333333,Receptor,-240.9692821,0,-7.616310573,3.02E-14,-1.730321351,0.041786439,0,0,0,2.30E-13,0.12528449,0
Mast,HMDB0000050,Adenosine,Epi,ADORA2B,0.000854339,0.246771879,0.084,Receptor,-245.150208,0,-7.748457002,1.14E-14,-1.730321351,0.041786439,0,0,0,8.89E-14,0.12528449,0
Mast,HMDB0000050,Adenosine,Mast,ADORA3,0.000717715,0.246771879,0.027546628,Receptor,-187.1974033,0,-5.916744033,2.25E-09,-1.730321351,0.041786439,0,0,0,1.31E-08,0.12528449,0
Myeloid,HMDB0000641,L-Glutamine,NK,SLC38A5,0.785508263,0.850333333,0.027833333,Transporter,-899.5088285,0,-28.43075491,4.68E-131,-1.730321351,0.041786439,0,0,0,1.63E-129,0.12528449,0
pDC,HMDB0000157,Hypoxanthine,Epi,SLC29A2,0.094147767,0.18699187,0.073333333,Transporter,-518.1966947,0,-16.37863104,6.89E-54,-1.730321351,0.041786439,0,0,0,1.20E-52,0.12528449,0
NK,HMDB0000157,Hypoxanthine,Epi,SLC29A2,0.109624643,0.1465,0.073333333,Transporter,-740.4297079,0,-23.40274479,3.18E-97,-1.730321351,0.041786439,0,0,0,8.83E-96,0.12528449,0
T,HMDB0000157,Hypoxanthine,Epi,SLC29A2,0.12029958,0.182,0.073333333,Transporter,-838.931499,0,-26.51608864,4.99E-118,-1.730321351,0.041786439,0,0,0,1.60E-116,0.12528449,0
Mast,HMDB0000157,Hypoxanthine,Epi,SLC29A2,0.152396888,0.219799139,0.073333333,Transporter,-1111.493655,0,-35.13095447,5.30E-177,-1.730321351,0.041786439,0,0,0,2.49E-175,0.12528449,0
Endo,HMDB0000157,Hypoxanthine,Epi,SLC29A2,0.173560875,0.276222117,0.073333333,Transporter,-1245.465178,0,-39.36538931,1.10E-205,-1.730321351,0.041786439,0,0,0,6.00E-204,0.12528449,0
Myeloid,HMDB0000157,Hypoxanthine,Epi,SLC29A2,0.223539955,0.477,0.073333333,Transporter,-1818.508135,0,-57.4775449,2.44997e-319,-1.730321351,0.041786439,0,0,0,2.472381e-317,0.12528449,0
Oligo,HMDB0000157,Hypoxanthine,Epi,SLC29A2,0.048439137,0.102290076,0.073333333,Transporter,-147.785456,0,-4.671051519,1.70E-06,-1.730321351,0.041786439,0,0,0,7.98E-06,0.12528449,0
Endo,HMDB0000641,L-Glutamine,Fibro,SLC38A5,0.759461114,0.38822971,0.163431151,Transporter,-686.3732765,0,-21.69418441,4.06E-86,-1.730321351,0.041786439,0,0,0,1.03E-84,0.12528449,0
Mast,HMDB0000641,L-Glutamine,Endo,SLC38A5,1.312698816,0.810329986,0.034646417,Transporter,-999.9240822,0,-31.60457753,8.00E-153,-1.730321351,0.041786439,0,0,0,3.20E-151,0.12528449,0
Oligo,HMDB0000273,Thymidine,Mast,SLC29A1,0.023737528,0.27480916,0.035868006,Transporter,-337.7948505,0,-10.67667409,1.42E-25,-1.730321351,0.041786439,0,0,0,1.57E-24,0.12528449,0
Oligo,HMDB0000273,Thymidine,Epi,SLC29A1,0.041133346,0.27480916,0.132666667,Transporter,-395.0818543,0,-12.48734311,1.17E-33,-1.730321351,0.041786439,0,0,0,1.52E-32,0.12528449,0
Oligo,HMDB0000273,Thymidine,pDC,SLC29A1,0.04472297,0.27480916,0.091753775,Transporter,-242.8275874,0,-7.675045986,1.96E-14,-1.730321351,0.041786439,0,0,0,1.51E-13,0.12528449,0
Oligo,HMDB0000273,Thymidine,Endo,SLC29A1,0.046681995,0.27480916,0.09492169,Transporter,-321.4531087,0,-10.16016103,1.90E-23,-1.730321351,0.041786439,0,0,0,1.97E-22,0.12528449,0
Oligo,HMDB0000273,Thymidine,Myeloid,SLC29A1,0.059790101,0.27480916,0.167666667,Transporter,-429.2388571,0,-13.56694271,6.58E-39,-1.730321351,0.041786439,0,0,0,9.40E-38,0.12528449,0
Mast,HMDB0000641,L-Glutamine,pDC,SLC38A5,1.116704587,0.810329986,0.06155633,Transporter,-528.1812517,0,-16.69421271,1.13E-55,-1.730321351,0.041786439,0,0,0,2.01E-54,0.12528449,0
Oligo,HMDB0000273,Thymidine,Epi,SLC29A2,0.021224653,0.27480916,0.073333333,Transporter,-355.3586412,0,-11.23181242,5.96E-28,-1.730321351,0.041786439,0,0,0,6.94E-27,0.12528449,0
Mast,HMDB0000641,L-Glutamine,Epi,SLC38A7,0.705116249,0.810329986,0.067333333,Transporter,-1300.411189,0,-41.10206663,2.84E-217,-1.730321351,0.041786439,0,0,0,1.67E-215,0.12528449,0
Fibro,HMDB0000641,L-Glutamine,NK,SLC38A1,1.866032355,0.548758465,0.269666667,Transporter,-729.3110081,0,-23.0513163,6.43E-95,-1.730321351,0.041786439,0,0,0,1.75E-93,0.12528449,0
Fibro,HMDB0000641,L-Glutamine,B,SLC38A1,1.162876084,0.548758465,0.197833333,Transporter,-134.0827164,0,-4.237949342,1.23E-05,-1.730321351,0.041786439,0,0,0,5.26E-05,0.12528449,0
Myeloid,HMDB0000641,L-Glutamine,Endo,SLC38A1,1.294646295,0.850333333,0.095870907,Transporter,-173.9334175,0,-5.497509537,2.45E-08,-1.730321351,0.041786439,0,0,0,1.33E-07,0.12528449,0
Oligo,HMDB0000641,L-Glutamine,B,SLC38A1,3.8882515,0.850381679,0.197833333,Transporter,-1293.625475,0,-40.8875907,7.56E-216,-1.730321351,0.041786439,0,0,0,4.38E-214,0.12528449,0
Endo,HMDB0000641,L-Glutamine,NK,SLC38A1,1.342066506,0.38822971,0.269666667,Transporter,-244.5150301,0,-7.728380948,1.32E-14,-1.730321351,0.041786439,0,0,0,1.03E-13,0.12528449,0
Endo,HMDB0000641,L-Glutamine,pDC,SLC38A1,1.34923739,0.38822971,0.389082462,Transporter,-123.4478859,0,-3.901814497,5.09E-05,-1.730321351,0.041786439,0,0,0,0.000204725,0.12528449,0
Epi,HMDB0000641,L-Glutamine,T,SLC38A1,1.400625432,0.5595,0.2595,Transporter,-360.244705,0,-11.38624613,1.25E-28,-1.730321351,0.041786439,0,0,0,1.48E-27,0.12528449,0
Oligo,HMDB0000641,L-Glutamine,Endo,SLC38A1,1.461785005,0.850381679,0.095870907,Transporter,-186.1195914,0,-5.882677657,2.75E-09,-1.730321351,0.041786439,0,0,0,1.59E-08,0.12528449,0
Oligo,HMDB0000273,Thymidine,Fibro,SLC29A2,0.002946595,0.27480916,0.011286682,Transporter,-220.257199,0,-6.961664237,3.04E-12,-1.730321351,0.041786439,0,0,0,2.07E-11,0.12528449,0
Epi,HMDB0000641,L-Glutamine,Endo,SLC38A5,0.395362035,0.5595,0.034646417,Transporter,-131.5386122,0,-4.157537899,1.75E-05,-1.730321351,0.041786439,0,0,0,7.34E-05,0.12528449,0
Oligo,HMDB0000641,L-Glutamine,B,SLC38A5,0.401604882,0.850381679,0.016166667,Transporter,-184.0399545,0,-5.81694662,4.03E-09,-1.730321351,0.041786439,0,0,0,2.30E-08,0.12528449,0
Fibro,HMDB0000641,L-Glutamine,Endo,SLC38A5,0.437610084,0.548758465,0.034646417,Transporter,-173.1891005,0,-5.473983928,2.78E-08,-1.730321351,0.041786439,0,0,0,1.50E-07,0.12528449,0
Myeloid,HMDB0000641,L-Glutamine,T,SLC38A5,0.532143692,0.850333333,0.021666667,Transporter,-447.5504232,0,-14.14571596,7.62E-42,-1.730321351,0.041786439,0,0,0,1.13E-40,0.12528449,0
Mast,HMDB0000641,L-Glutamine,T,SLC38A5,0.538944642,0.810329986,0.021666667,Transporter,-449.2125912,0,-14.19825207,4.09E-42,-1.730321351,0.041786439,0,0,0,6.09E-41,0.12528449,0
Mast,HMDB0000641,L-Glutamine,NK,SLC38A5,0.795547284,0.810329986,0.027833333,Transporter,-865.4097715,0,-27.3529868,1.05E-123,-1.730321351,0.041786439,0,0,0,3.47E-122,0.12528449,0
Oligo,HMDB0000641,L-Glutamine,NK,SLC38A5,0.885114333,0.850381679,0.027833333,Transporter,-820.071598,0,-25.91998419,5.30E-114,-1.730321351,0.041786439,0,0,0,1.66E-112,0.12528449,0
Mast,HMDB0000641,L-Glutamine,Fibro,SLC38A7,0.557550088,0.810329986,0.039954853,Transporter,-810.9486221,0,-25.6316345,4.63E-112,-1.730321351,0.041786439,0,0,0,1.43E-110,0.12528449,0
Myeloid,HMDB0000660,D-Fructose,Myeloid,SLC2A5,0.081865003,0.585333333,0.080666667,Transporter,-880.4012098,0,-27.82682084,6.20E-127,-1.730321351,0.041786439,0,0,0,2.10E-125,0.12528449,0
Oligo,HMDB0000660,D-Fructose,B,SLC2A5,0.093134243,0.738931298,0.017333333,Transporter,-821.10912,0,-25.95277712,3.19E-114,-1.730321351,0.041786439,0,0,0,9.99E-113,0.12528449,0
Endo,HMDB0000660,D-Fructose,Myeloid,SLC2A5,0.107132455,0.473659231,0.080666667,Transporter,-1160.214458,0,-36.67087177,1.71E-187,-1.730321351,0.041786439,0,0,0,8.56E-186,0.12528449,0
Epi,HMDB0000660,D-Fructose,Myeloid,SLC2A5,0.14876343,0.64,0.080666667,Transporter,-1872.070231,0,-59.17048084,0,-1.730321351,0.041786439,0,0,0,0,0.12528449,0
pDC,HMDB0000660,D-Fructose,Myeloid,SLC2A5,0.181057545,0.68524971,0.080666667,Transporter,-1863.40435,0,-58.89657856,0,-1.730321351,0.041786439,0,0,0,0,0.12528449,0
Mast,HMDB0000641,L-Glutamine,Myeloid,SLC38A7,1.068732863,0.810329986,0.080333333,Transporter,-2188.89275,0,-69.18428293,0,-1.730321351,0.041786439,0,0,0,0,0.12528449,0
Oligo,HMDB0000641,L-Glutamine,Oligo,SLC38A7,1.166713924,0.850381679,0.067175573,Transporter,-764.7587323,0,-24.17171171,2.64E-102,-1.730321351,0.041786439,0,0,0,7.72E-101,0.12528449,0
Oligo,HMDB0000641,L-Glutamine,Myeloid,SLC38A7,1.189056634,0.850381679,0.080333333,Transporter,-1964.77449,0,-62.10058223,0,-1.730321351,0.041786439,0,0,0,0,0.12528449,0
Mast,HMDB0000660,D-Fructose,Myeloid,SLC2A5,0.068703245,0.367862267,0.080666667,Transporter,-669.5196061,0,-21.16149083,1.03E-82,-1.730321351,0.041786439,0,0,0,2.50E-81,0.12528449,0
Oligo,HMDB0000660,D-Fructose,Myeloid,SLC2A5,0.300219775,0.738931298,0.080666667,Transporter,-3091.092108,0,-97.70007737,0,-1.730321351,0.041786439,0,0,0,0,0.12528449,0
Oligo,HMDB0000660,D-Fructose,Fibro,SLC2A5,0.039951608,0.738931298,0.01489842,Transporter,-196.4350881,0,-6.208719323,3.91E-10,-1.730321351,0.041786439,0,0,0,2.38E-09,0.12528449,0
Epi,HMDB0000660,D-Fructose,B,SLC2A5,0.046149423,0.64,0.017333333,Transporter,-365.7993353,0,-11.5618112,2.09E-29,-1.730321351,0.041786439,0,0,0,2.51E-28,0.12528449,0
B,HMDB0000660,D-Fructose,Myeloid,SLC2A5,0.047821817,0.247333333,0.080666667,Transporter,-390.5245842,0,-12.34330157,5.57E-33,-1.730321351,0.041786439,0,0,0,7.14E-32,0.12528449,0
Epi,HMDB0000641,L-Glutamine,Fibro,SLC38A5,0.954039524,0.5595,0.163431151,Transporter,-993.8123947,0,-31.41140556,1.70E-151,-1.730321351,0.041786439,0,0,0,6.74E-150,0.12528449,0
Fibro,HMDB0000641,L-Glutamine,Fibro,SLC38A5,1.055987371,0.548758465,0.163431151,Transporter,-1153.564446,0,-36.460685,4.59E-186,-1.730321351,0.041786439,0,0,0,2.27E-184,0.12528449,0
Myeloid,HMDB0000641,L-Glutamine,pDC,SLC38A5,1.102612877,0.850333333,0.06155633,Transporter,-522.5200912,0,-16.51528054,1.17E-54,-1.730321351,0.041786439,0,0,0,2.05E-53,0.12528449,0
Myeloid,HMDB0000641,L-Glutamine,Endo,SLC38A5,1.296133852,0.850333333,0.034646417,Transporter,-1003.715578,0,-31.72441526,1.20E-153,-1.730321351,0.041786439,0,0,0,4.83E-152,0.12528449,0
Fibro,HMDB0000157,Hypoxanthine,Epi,SLC29A2,0.084630604,0.196388262,0.073333333,Transporter,-510.6892968,0,-16.14134489,1.47E-52,-1.730321351,0.041786439,0,0,0,2.52E-51,0.12528449,0
B,HMDB0000112,gamma-Aminobutyric acid,Oligo,SLC6A1,0.093086479,0.204166667,0.160305344,Transporter,-205.4691857,0,-6.49425984,6.57E-11,-1.730321351,0.041786439,0,0,0,4.17E-10,0.12528449,0
Fibro,HMDB0000660,D-Fructose,B,SLC2A5,0.059539421,0.68013544,0.017333333,Transporter,-542.127516,0,-17.13501196,3.36E-58,-1.730321351,0.041786439,0,0,0,6.20E-57,0.12528449,0
Mast,HMDB0000641,L-Glutamine,Fibro,SLC38A5,3.167644946,0.810329986,0.163431151,Transporter,-4060.345082,0,-128.3352339,0,-1.730321351,0.041786439,0,0,0,0,0.12528449,0
Oligo,HMDB0000641,L-Glutamine,Fibro,SLC38A5,3.524275677,0.850381679,0.163431151,Transporter,-3899.924861,0,-123.2648356,0,-1.730321351,0.041786439,0,0,0,0,0.12528449,0
Oligo,HMDB0000641,L-Glutamine,T,SLC38A5,0.599621967,0.850381679,0.021666667,Transporter,-432.9582908,0,-13.68450276,1.69E-39,-1.730321351,0.041786439,0,0,0,2.44E-38,0.12528449,0
Fibro,HMDB0000660,D-Fructose,Myeloid,SLC2A5,0.19192631,0.68013544,0.080666667,Transporter,-2445.429455,0,-77.2926327,0,-1.730321351,0.041786439,0,0,0,0,0.12528449,0
T,HMDB0000660,D-Fructose,Myeloid,SLC2A5,0.042831589,0.2685,0.080666667,Transporter,-320.5459656,0,-10.13148898,2.48E-23,-1.730321351,0.041786439,0,0,0,2.56E-22,0.12528449,0
Endo,HMDB0000277,Sphingosine 1-phosphate,Mast,S1PR1,0.051046936,0.202183199,0.018077475,Receptor,-261.6194403,0,-8.268999648,2.14E-16,-1.730321351,0.041786439,0,0,0,1.77E-15,0.12528449,0
NK,HMDB0000641,L-Glutamine,Fibro,SLC38A5,0.34178134,0.1745,0.163431151,Transporter,-116.6427624,0,-3.686725115,0.000119692,-1.730321351,0.041786439,0,0,0,0.000464237,0.12528449,0
Oligo,HMDB0000273,Thymidine,Oligo,SLC29A1,0.00370532,0.27480916,0.010687023,Transporter,-177.4003757,0,-5.607089605,1.33E-08,-1.730321351,0.041786439,0,0,0,7.36E-08,0.12528449,0
Oligo,HMDB0000641,L-Glutamine,Epi,SLC38A7,0.784502079,0.850381679,0.067333333,Transporter,-1212.434873,0,-38.32140123,1.15E-198,-1.730321351,0.041786439,0,0,0,6.08E-197,0.12528449,0
Myeloid,HMDB0000641,L-Glutamine,Oligo,SLC38A7,1.03541813,0.850333333,0.067175573,Transporter,-686.1713678,0,-21.68780268,4.46E-86,-1.730321351,0.041786439,0,0,0,1.13E-84,0.12528449,0
Mast,HMDB0000641,L-Glutamine,Oligo,SLC38A7,1.048651072,0.810329986,0.067175573,Transporter,-688.1038427,0,-21.74888237,1.81E-86,-1.730321351,0.041786439,0,0,0,4.60E-85,0.12528449,0
pDC,HMDB0000660,D-Fructose,B,SLC2A5,0.05616771,0.68524971,0.017333333,Transporter,-422.6499955,0,-13.35868871,7.16E-38,-1.730321351,0.041786439,0,0,0,1.00E-36,0.12528449,0
NK,HMDB0000660,D-Fructose,Myeloid,SLC2A5,0.059324744,0.278333333,0.080666667,Transporter,-555.1461239,0,-17.5464908,1.37E-60,-1.730321351,0.041786439,0,0,0,2.61E-59,0.12528449,0
B,HMDB0001358,Retinal,T,RARA,0.036920827,0.167833333,0.069666667,Nuclear Receptor,-417.6288221,0,-13.1999846,4.33E-37,-1.730321351,0.041786439,0,0,0,5.99E-36,0.12528449,0
B,HMDB0001220,Prostaglandin E2,Myeloid,PTGER4,1.170090419,0.487666667,0.399666667,Receptor,-169.8736649,0,-5.369193031,4.92E-08,-1.730321351,0.041786439,0,0,0,2.60E-07,0.12528449,0
NK,HMDB0001220,Prostaglandin E2,T,PTGER4,1.172158341,0.448166667,0.234166667,Receptor,-177.8408154,0,-5.621010572,1.23E-08,-1.730321351,0.041786439,0,0,0,6.82E-08,0.12528449,0
NK,HMDB0001220,Prostaglandin E2,Myeloid,PTGER4,1.178345573,0.448166667,0.399666667,Receptor,-182.8262383,0,-5.778584719,5.03E-09,-1.730321351,0.041786439,0,0,0,2.85E-08,0.12528449,0
Endo,HMDB0001220,Prostaglandin E2,T,PTGER4,1.620227316,0.637399146,0.234166667,Receptor,-567.3286532,0,-17.93154373,7.48E-63,-1.730321351,0.041786439,0,0,0,1.47E-61,0.12528449,0
NK,HMDB0001358,Retinal,B,RARA,0.059380541,0.2615,0.061,Nuclear Receptor,-506.2777091,0,-16.00190794,8.80E-52,-1.730321351,0.041786439,0,0,0,1.49E-50,0.12528449,0
B,HMDB0001358,Retinal,Endo,RARA,0.059472239,0.167833333,0.136212625,Nuclear Receptor,-446.4112349,0,-14.10970966,1.17E-41,-1.730321351,0.041786439,0,0,0,1.73E-40,0.12528449,0
Endo,HMDB0000305,Vitamin A,Fibro,RARB,0.00323867,0.058376839,0.053498871,Nuclear Receptor,-226.2476325,0,-7.151003731,8.31E-13,-1.730321351,0.041786439,0,0,0,5.86E-12,0.12528449,0
B,HMDB0001358,Retinal,NK,RARA,0.025588633,0.167833333,0.042,Nuclear Receptor,-373.7431146,0,-11.81289005,1.55E-30,-1.730321351,0.041786439,0,0,0,1.91E-29,0.12528449,0
NK,HMDB0001358,Retinal,NK,RARA,0.046947719,0.2615,0.042,Nuclear Receptor,-440.7578406,0,-13.93102296,9.57E-41,-1.730321351,0.041786439,0,0,0,1.40E-39,0.12528449,0
B,HMDB0001358,Retinal,pDC,RARA,0.037833941,0.167833333,0.090592334,Nuclear Receptor,-321.2431699,0,-10.1535255,2.02E-23,-1.730321351,0.041786439,0,0,0,2.09E-22,0.12528449,0
Epi,HMDB0001358,Retinal,Oligo,RARA,0.040168363,0.596333333,0.030534351,Nuclear Receptor,-305.7652842,0,-9.664316323,1.75E-21,-1.730321351,0.041786439,0,0,0,1.72E-20,0.12528449,0
pDC,HMDB0001358,Retinal,B,RARA,0.041450118,0.284552846,0.061,Nuclear Receptor,-163.7027018,0,-5.174147542,1.38E-07,-1.730321351,0.041786439,0,0,0,7.05E-07,0.12528449,0
B,HMDB0001358,Retinal,Oligo,RARA,0.012381664,0.167833333,0.030534351,Nuclear Receptor,-233.9678119,0,-7.395015265,1.49E-13,-1.730321351,0.041786439,0,0,0,1.10E-12,0.12528449,0
Mast,HMDB0000641,L-Glutamine,NK,SLC7A5,2.833379708,0.810329986,0.088333333,Transporter,-2027.644903,0,-64.08772593,0,-1.730321351,0.041786439,0,0,0,0,0.12528449,0
Oligo,HMDB0000641,L-Glutamine,NK,SLC7A5,3.152377038,0.850381679,0.088333333,Transporter,-1521.910338,0,-48.10298516,1.31E-262,-1.730321351,0.041786439,0,0,0,9.94E-261,0.12528449,0
Endo,HMDB0000641,L-Glutamine,pDC,SLC7A5,3.545003209,0.38822971,0.577235772,Transporter,-1071.157697,0,-33.85605675,2.81E-168,-1.730321351,0.041786439,0,0,0,1.25E-166,0.12528449,0
NK,HMDB0001358,Retinal,Oligo,RARA,0.022716761,0.2615,0.030534351,Nuclear Receptor,-258.5982876,0,-8.173510144,4.51E-16,-1.730321351,0.041786439,0,0,0,3.70E-15,0.12528449,0
Myeloid,HMDB0000641,L-Glutamine,Mast,SLC1A5,2.638072908,0.850333333,0.101865136,Transporter,-1629.408307,0,-51.500671,1.02E-283,-1.730321351,0.041786439,0,0,0,8.57E-282,0.12528449,0
Oligo,HMDB0000641,L-Glutamine,Endo,SLC1A5,1.676051396,0.850381679,0.077835785,Transporter,-472.9580411,0,-14.94877396,4.75E-46,-1.730321351,0.041786439,0,0,0,7.46E-45,0.12528449,0
Oligo,HMDB0000305,Vitamin A,NK,RARA,0.138760271,0.14351145,0.042,Nuclear Receptor,-240.6162338,0,-7.605151784,3.28E-14,-1.730321351,0.041786439,0,0,0,2.49E-13,0.12528449,0
Fibro,HMDB0000641,L-Glutamine,pDC,SLC1A5,1.619075724,0.548758465,0.2485482,Transporter,-372.1433545,0,-11.76232647,2.62E-30,-1.730321351,0.041786439,0,0,0,3.21E-29,0.12528449,0
Oligo,HMDB0000641,L-Glutamine,NK,SLC1A5,1.624068972,0.850381679,0.049333333,Transporter,-558.6937148,0,-17.65861943,3.02E-61,-1.730321351,0.041786439,0,0,0,5.84E-60,0.12528449,0
Fibro,HMDB0000641,L-Glutamine,Mast,SLC1A5,0.890685252,0.548758465,0.101865136,Transporter,-153.9280063,0,-4.865198964,6.64E-07,-1.730321351,0.041786439,0,0,0,3.20E-06,0.12528449,0
Myeloid,HMDB0000641,L-Glutamine,T,SLC1A5,0.949761068,0.850333333,0.038166667,Transporter,-266.7423932,0,-8.430920704,5.93E-17,-1.730321351,0.041786439,0,0,0,5.02E-16,0.12528449,0
Mast,HMDB0000641,L-Glutamine,Myeloid,SLC1A5,2.205610681,0.810329986,0.162833333,Transporter,-1456.169125,0,-46.02510414,2.11E-249,-1.730321351,0.041786439,0,0,0,1.47E-247,0.12528449,0
Oligo,HMDB0000641,L-Glutamine,Myeloid,SLC1A5,2.453930352,0.850381679,0.162833333,Transporter,-1073.265467,0,-33.922677,9.81E-169,-1.730321351,0.041786439,0,0,0,4.37E-167,0.12528449,0
T,HMDB0001358,Retinal,Oligo,RARA,0.023651405,0.281666667,0.030534351,Nuclear Receptor,-267.1253106,0,-8.443023566,5.39E-17,-1.730321351,0.041786439,0,0,0,4.56E-16,0.12528449,0
B,HMDB0001358,Retinal,B,RARA,0.032365085,0.167833333,0.061,Nuclear Receptor,-388.2929546,0,-12.27276651,1.19E-32,-1.730321351,0.041786439,0,0,0,1.52E-31,0.12528449,0
pDC,HMDB0001358,Retinal,Epi,RARA,0.067876845,0.284552846,0.196333333,Nuclear Receptor,-202.3913487,0,-6.396978716,1.22E-10,-1.730321351,0.041786439,0,0,0,7.62E-10,0.12528449,0
Oligo,HMDB0001358,Retinal,NK,RARA,0.068917717,0.432061069,0.042,Nuclear Receptor,-173.4503421,0,-5.482240984,2.66E-08,-1.730321351,0.041786439,0,0,0,1.44E-07,0.12528449,0
NK,HMDB0001358,Retinal,pDC,RARA,0.069414305,0.2615,0.090592334,Nuclear Receptor,-414.11698,0,-13.08898589,1.51E-36,-1.730321351,0.041786439,0,0,0,2.07E-35,0.12528449,0
T,HMDB0001358,Retinal,T,RARA,0.070526016,0.281666667,0.069666667,Nuclear Receptor,-527.5769943,0,-16.67511396,1.45E-55,-1.730321351,0.041786439,0,0,0,2.58E-54,0.12528449,0
T,HMDB0001358,Retinal,pDC,RARA,0.072270243,0.281666667,0.090592334,Nuclear Receptor,-431.074891,0,-13.62497419,3.37E-39,-1.730321351,0.041786439,0,0,0,4.84E-38,0.12528449,0
B,HMDB0001358,Retinal,Mast,RARA,0.073957329,0.167833333,0.136011478,Nuclear Receptor,-516.0888928,0,-16.3120098,1.63E-53,-1.730321351,0.041786439,0,0,0,2.82E-52,0.12528449,0
Mast,HMDB0000641,L-Glutamine,Epi,SLC3A2,2.835094254,0.810329986,0.3895,Transporter,-1756.086768,0,-55.5045942,8.57E-308,-1.730321351,0.041786439,0,0,0,8.06E-306,0.12528449,0
Myeloid,HMDB0000641,L-Glutamine,Fibro,SLC1A5,3.330442389,0.850333333,0.198871332,Transporter,-2411.260322,0,-76.21264969,0,-1.730321351,0.041786439,0,0,0,0,0.12528449,0
pDC,HMDB0001085,Leukotriene B4,Fibro,PPARA,0.316480014,0.260162602,0.064334086,Nuclear Receptor,-127.4431532,0,-4.02809282,3.02E-05,-1.730321351,0.041786439,0,0,0,0.000124199,0.12528449,0
Oligo,HMDB0000641,L-Glutamine,pDC,SLC7A5,16.45057049,0.850381679,0.577235772,Transporter,-5287.594363,0,-167.1248737,0,-1.730321351,0.041786439,0,0,0,0,0.12528449,0
Endo,HMDB0000305,Vitamin A,Epi,RARB,0.00069425,0.058376839,0.0105,Nuclear Receptor,-125.6278109,0,-3.970715339,3.84E-05,-1.730321351,0.041786439,0,0,0,0.000156192,0.12528449,0
pDC,HMDB0001358,Retinal,T,RARA,0.047284678,0.284552846,0.069666667,Nuclear Receptor,-172.6779549,0,-5.457828161,3.04E-08,-1.730321351,0.041786439,0,0,0,1.63E-07,0.12528449,0
Mast,HMDB0000641,L-Glutamine,Mast,SLC3A2,2.629183173,0.810329986,0.232998565,Transporter,-1253.545604,0,-39.62078714,2.14E-207,-1.730321351,0.041786439,0,0,0,1.17E-205,0.12528449,0
Mast,HMDB0000641,L-Glutamine,T,SLC3A2,2.634764653,0.810329986,0.240833333,Transporter,-1535.917148,0,-48.54569808,2.15E-265,-1.730321351,0.041786439,0,0,0,1.65E-263,0.12528449,0
Myeloid,HMDB0000641,L-Glutamine,Epi,SLC3A2,2.803488405,0.850333333,0.3895,Transporter,-2073.104235,0,-65.524558,0,-1.730321351,0.041786439,0,0,0,0,0.12528449,0
Mast,HMDB0000641,L-Glutamine,Epi,SLC1A5,3.20153355,0.810329986,0.233,Transporter,-2313.997279,0,-73.13845893,0,-1.730321351,0.041786439,0,0,0,0,0.12528449,0
Oligo,HMDB0000641,L-Glutamine,Myeloid,SLC3A2,4.093705435,0.850381679,0.476333333,Transporter,-1440.989113,0,-45.54530983,2.54E-246,-1.730321351,0.041786439,0,0,0,1.74E-244,0.12528449,0
Oligo,HMDB0000641,L-Glutamine,T,SLC3A2,2.941226749,0.850381679,0.240833333,Transporter,-922.6261439,0,-29.16142337,4.69E-136,-1.730321351,0.041786439,0,0,0,1.69E-134,0.12528449,0
Myeloid,HMDB0000641,L-Glutamine,B,SLC3A2,1.278785545,0.850333333,0.123166667,Transporter,-319.8943926,0,-10.11089473,3.01E-23,-1.730321351,0.041786439,0,0,0,3.09E-22,0.12528449,0
Myeloid,HMDB0000641,L-Glutamine,pDC,SLC3A2,3.216436785,0.850333333,0.378629501,Transporter,-1130.694134,0,-35.73782355,3.83E-181,-1.730321351,0.041786439,0,0,0,1.83E-179,0.12528449,0
B,HMDB0001358,Retinal,Fibro,RARB,0.015885564,0.167833333,0.053498871,Nuclear Receptor,-796.5815308,0,-25.17753417,5.18E-109,-1.730321351,0.041786439,0,0,0,1.56E-107,0.12528449,0
pDC,HMDB0001358,Retinal,Fibro,RARB,0.020344718,0.284552846,0.053498871,Nuclear Receptor,-576.5720251,0,-18.22369877,1.38E-64,-1.730321351,0.041786439,0,0,0,2.79E-63,0.12528449,0
Fibro,HMDB0001403,Prostaglandin D2,NK,PTGDR,3.426478514,0.523927765,0.122666667,Receptor,-5561.258313,0,-175.7745639,0,-1.730321351,0.041786439,0,0,0,0,0.12528449,0
pDC,HMDB0001403,Prostaglandin D2,Mast,PTGDR2,0.24362908,0.463414634,0.010903874,Receptor,-1352.161311,0,-42.73773155,4.52E-228,-1.730321351,0.041786439,0,0,0,2.80E-226,0.12528449,0
B,HMDB0001358,Retinal,Epi,RARA,0.052999604,0.167833333,0.196333333,Nuclear Receptor,-463.6381103,0,-14.65419912,1.72E-44,-1.730321351,0.041786439,0,0,0,2.65E-43,0.12528449,0
pDC,HMDB0000305,Vitamin A,Fibro,RARB,0.011995741,0.039488966,0.053498871,Nuclear Receptor,-414.6757256,0,-13.10664615,1.24E-36,-1.730321351,0.041786439,0,0,0,1.70E-35,0.12528449,0
Oligo,HMDB0000305,Vitamin A,Epi,RARB,0.018465883,0.14351145,0.0105,Nuclear Receptor,-535.2207999,0,-16.91671155,6.05E-57,-1.730321351,0.041786439,0,0,0,1.10E-55,0.12528449,0
Oligo,HMDB0000305,Vitamin A,Fibro,RARB,0.08614314,0.14351145,0.053498871,Nuclear Receptor,-2221.053106,0,-70.20077459,0,-1.730321351,0.041786439,0,0,0,0,0.12528449,0
pDC,HMDB0001358,Retinal,NK,RARA,0.032771484,0.284552846,0.042,Nuclear Receptor,-152.7826308,0,-4.828997108,7.93E-07,-1.730321351,0.041786439,0,0,0,3.80E-06,0.12528449,0
Oligo,HMDB0001358,Retinal,Oligo,RARA,0.033347464,0.432061069,0.030534351,Nuclear Receptor,-123.5758073,0,-3.905857707,5.01E-05,-1.730321351,0.041786439,0,0,0,0.000201456,0.12528449,0
T,HMDB0001358,Retinal,Epi,RARA,0.101239633,0.281666667,0.196333333,Nuclear Receptor,-653.6308818,0,-20.65929629,1.55E-79,-1.730321351,0.041786439,0,0,0,3.69E-78,0.12528449,0
Oligo,HMDB0001358,Retinal,pDC,RARA,0.101897933,0.432061069,0.090592334,Nuclear Receptor,-206.2451897,0,-6.518786979,5.61E-11,-1.730321351,0.041786439,0,0,0,3.58E-10,0.12528449,0
Epi,HMDB0001547,Corticosterone,Epi,NR3C1,0.023823962,0.011333333,0.28,Nuclear Receptor,-375.6762173,0,-11.87398958,8.17E-31,-1.730321351,0.041786439,0,0,0,1.01E-29,0.12528449,0
Mast,HMDB0001403,Prostaglandin D2,Mast,PTGDR2,0.344868202,0.915925395,0.010903874,Receptor,-1985.04398,0,-62.74123955,0,-1.730321351,0.041786439,0,0,0,0,0.12528449,0
Oligo,HMDB0001403,Prostaglandin D2,Mast,PTGDR2,0.576236747,0.92519084,0.010903874,Receptor,-3300.03379,0,-104.3040923,0,-1.730321351,0.041786439,0,0,0,0,0.12528449,0
Endo,HMDB0001403,Prostaglandin D2,Mast,PTGDR2,0.041949975,0.158044613,0.010903874,Receptor,-171.6075621,0,-5.423996279,3.66E-08,-1.730321351,0.041786439,0,0,0,1.95E-07,0.12528449,0
NK,HMDB0001403,Prostaglandin D2,Mast,PTGDR2,0.046234354,0.116333333,0.010903874,Receptor,-200.0509632,0,-6.323006205,1.93E-10,-1.730321351,0.041786439,0,0,0,1.20E-09,0.12528449,0
pDC,HMDB0001358,Retinal,Oligo,RARA,0.015857256,0.284552846,0.030534351,Nuclear Receptor,-122.235798,0,-3.863504065,5.95E-05,-1.730321351,0.041786439,0,0,0,0.000237293,0.12528449,0
Myeloid,HMDB0000641,L-Glutamine,Myeloid,SLC1A5,2.177778051,0.850333333,0.162833333,Transporter,-1518.423334,0,-47.9927715,6.50E-262,-1.730321351,0.041786439,0,0,0,4.86E-260,0.12528449,0
Oligo,HMDB0000641,L-Glutamine,pDC,SLC1A5,5.403539239,0.850381679,0.2485482,Transporter,-1676.352402,0,-52.98443191,9.68E-293,-1.730321351,0.041786439,0,0,0,8.43E-291,0.12528449,0
Myeloid,HMDB0000234,Testosterone,Epi,AR,0.020610779,0.311,0.033166667,Nuclear Receptor,-163.2429653,0,-5.15961666,1.49E-07,-1.730321351,0.041786439,0,0,0,7.58E-07,0.12528449,0
Mast,HMDB0001220,Prostaglandin E2,Myeloid,PTGER4,1.268235349,0.503586801,0.399666667,Receptor,-254.5051833,0,-8.044139492,1.22E-15,-1.730321351,0.041786439,0,0,0,9.93E-15,0.12528449,0
pDC,HMDB0001220,Prostaglandin E2,NK,PTGER4,1.298627741,0.617886179,0.230166667,Receptor,-221.5648057,0,-7.002993732,2.30E-12,-1.730321351,0.041786439,0,0,0,1.58E-11,0.12528449,0
Mast,HMDB0001220,Prostaglandin E2,NK,PTGER4,1.339423374,0.503586801,0.230166667,Receptor,-313.4341437,0,-9.906705791,1.96E-22,-1.730321351,0.041786439,0,0,0,1.98E-21,0.12528449,0
Fibro,HMDB0001220,Prostaglandin E2,Fibro,PTGER4,1.34095682,0.788036117,0.190744921,Receptor,-295.771267,0,-9.34843565,2.82E-20,-1.730321351,0.041786439,0,0,0,2.69E-19,0.12528449,0
Oligo,HMDB0000131,Glycerol,Myeloid,AQP3,0.482032801,0.540458015,0.285833333,Receptor,-678.9285529,0,-21.4588792,1.31E-84,-1.730321351,0.041786439,0,0,0,3.23E-83,0.12528449,0
Oligo,HMDB0000131,Glycerol,T,AQP3,0.558619489,0.540458015,0.235166667,Receptor,-750.8071669,0,-23.7307449,2.19E-99,-1.730321351,0.041786439,0,0,0,6.24E-98,0.12528449,0
NK,HMDB0001358,Retinal,Fibro,STRA6,0.032350129,0.2615,0.057336343,Transporter,-1027.882878,0,-32.48827053,6.80E-159,-1.730321351,0.041786439,0,0,0,2.85E-157,0.12528449,0
T,HMDB0001358,Retinal,Fibro,STRA6,0.033681122,0.281666667,0.057336343,Transporter,-1000.119035,0,-31.61073941,7.26E-153,-1.730321351,0.041786439,0,0,0,2.90E-151,0.12528449,0
Epi,HMDB0001220,Prostaglandin E2,Fibro,PTGER4,1.260615892,0.785666667,0.190744921,Receptor,-233.6772276,0,-7.385830771,1.60E-13,-1.730321351,0.041786439,0,0,0,1.17E-12,0.12528449,0
Epi,HMDB0001358,Retinal,Fibro,STRA6,0.057202331,0.596333333,0.057336343,Transporter,-1632.329774,0,-51.59300973,2.78E-284,-1.730321351,0.041786439,0,0,0,2.34E-282,0.12528449,0
pDC,HMDB0001220,Prostaglandin E2,T,PTGER4,1.22302959,0.617886179,0.234166667,Receptor,-160.6972078,0,-5.07915296,2.26E-07,-1.730321351,0.041786439,0,0,0,1.13E-06,0.12528449,0
pDC,HMDB0001220,Prostaglandin E2,Myeloid,PTGER4,1.229560393,0.617886179,0.399666667,Receptor,-170.0043254,0,-5.373322813,4.81E-08,-1.730321351,0.041786439,0,0,0,2.54E-07,0.12528449,0
Oligo,HMDB0001220,Prostaglandin E2,Myeloid,PTGER4,4.734267227,0.93129771,0.399666667,Receptor,-2572.959223,0,-81.32346315,0,-1.730321351,0.041786439,0,0,0,0,0.12528449,0
Oligo,HMDB0001220,Prostaglandin E2,NK,PTGER4,4.999716014,0.93129771,0.230166667,Receptor,-2647.880196,0,-83.69148861,0,-1.730321351,0.041786439,0,0,0,0,0.12528449,0
Myeloid,HMDB0001220,Prostaglandin E2,NK,PTGER4,1.832723467,0.756833333,0.230166667,Receptor,-836.54406,0,-26.44062891,1.62E-117,-1.730321351,0.041786439,0,0,0,5.15E-116,0.12528449,0
Epi,HMDB0001220,Prostaglandin E2,T,PTGER4,2.266519773,0.785666667,0.234166667,Receptor,-1311.158827,0,-41.44176697,1.59E-219,-1.730321351,0.041786439,0,0,0,9.54E-218,0.12528449,0
Myeloid,HMDB0001085,Leukotriene B4,B,PPARA,0.356609001,0.582,0.015333333,Nuclear Receptor,-269.8333354,0,-8.528616042,2.71E-17,-1.730321351,0.041786439,0,0,0,2.32E-16,0.12528449,0
Myeloid,HMDB0001085,Leukotriene B4,Myeloid,PPARA,0.537065233,0.582,0.046,Nuclear Receptor,-618.9742011,0,-19.56390338,1.04E-72,-1.730321351,0.041786439,0,0,0,2.30E-71,0.12528449,0
Myeloid,HMDB0001852,all-trans-Retinoic acid,B,RARA,0.344975273,0.360333333,0.061,Nuclear Receptor,-140.699763,0,-4.447094181,4.84E-06,-1.730321351,0.041786439,0,0,0,2.16E-05,0.12528449,0
Epi,HMDB0001852,all-trans-Retinoic acid,Myeloid,RARA,0.355337494,0.162,0.283333333,Nuclear Receptor,-170.5753144,0,-5.391370051,4.36E-08,-1.730321351,0.041786439,0,0,0,2.31E-07,0.12528449,0
Mast,HMDB0000641,L-Glutamine,Endo,SLC1A5,1.506447344,0.810329986,0.077835785,Transporter,-493.2409727,0,-15.58985611,1.64E-49,-1.730321351,0.041786439,0,0,0,2.70E-48,0.12528449,0
Myeloid,HMDB0001852,all-trans-Retinoic acid,T,RARA,0.393534339,0.360333333,0.069666667,Nuclear Receptor,-252.7090192,0,-7.987368174,1.89E-15,-1.730321351,0.041786439,0,0,0,1.52E-14,0.12528449,0
Epi,HMDB0001220,Prostaglandin E2,Mast,PTGER4,1.13930261,0.785666667,0.123959828,Receptor,-110.0521807,0,-3.478416751,0.000263067,-1.730321351,0.041786439,0,0,0,0.000978811,0.12528449,0
Epi,HMDB0001085,Leukotriene B4,Endo,PPARA,0.33787076,0.4405,0.03986711,Nuclear Receptor,-141.2498233,0,-4.464479925,4.47E-06,-1.730321351,0.041786439,0,0,0,2.00E-05,0.12528449,0
Myeloid,HMDB0001085,Leukotriene B4,Mast,PPARA,0.347394424,0.582,0.016068867,Nuclear Receptor,-188.702395,0,-5.964312271,1.70E-09,-1.730321351,0.041786439,0,0,0,9.97E-09,0.12528449,0
Epi,HMDB0001220,Prostaglandin E2,Myeloid,PTGER4,2.278482332,0.785666667,0.399666667,Receptor,-1310.974487,0,-41.43594052,1.74E-219,-1.730321351,0.041786439,0,0,0,1.04E-217,0.12528449,0
Epi,HMDB0001085,Leukotriene B4,Oligo,PPARA,0.425487473,0.4405,0.061068702,Nuclear Receptor,-133.456132,0,-4.218144904,1.34E-05,-1.730321351,0.041786439,0,0,0,5.71E-05,0.12528449,0
Myeloid,HMDB0001085,Leukotriene B4,Oligo,PPARA,0.866719509,0.582,0.061068702,Nuclear Receptor,-424.2454079,0,-13.40911488,4.03E-38,-1.730321351,0.041786439,0,0,0,5.67E-37,0.12528449,0
Myeloid,HMDB0001085,Leukotriene B4,Fibro,PPARA,0.935985192,0.582,0.064334086,Nuclear Receptor,-1209.92321,0,-38.24201516,3.95E-198,-1.730321351,0.041786439,0,0,0,2.08E-196,0.12528449,0
Myeloid,HMDB0001085,Leukotriene B4,Epi,PPARA,1.095576972,0.582,0.1065,Nuclear Receptor,-1798.822831,0,-56.85535194,1.015796e-315,-1.730321351,0.041786439,0,0,0,1.0096951216e-313,0.12528449,0
Oligo,HMDB0001220,Prostaglandin E2,Fibro,PTGER4,2.61928072,0.93129771,0.190744921,Receptor,-1036.081818,0,-32.74741426,1.13E-160,-1.730321351,0.041786439,0,0,0,4.79E-159,0.12528449,0
Oligo,HMDB0001220,Prostaglandin E2,T,PTGER4,4.70943313,0.93129771,0.234166667,Receptor,-2570.844131,0,-81.25661148,0,-1.730321351,0.041786439,0,0,0,0,0.12528449,0
Mast,HMDB0001220,Prostaglandin E2,T,PTGER4,1.261589114,0.503586801,0.234166667,Receptor,-252.6194067,0,-7.984535792,1.93E-15,-1.730321351,0.041786439,0,0,0,1.56E-14,0.12528449,0
Fibro,HMDB0000641,L-Glutamine,Epi,SLC1A5,1.067284703,0.548758465,0.233,Transporter,-361.4052032,0,-11.42292597,8.63E-29,-1.730321351,0.041786439,0,0,0,1.03E-27,0.12528449,0
Oligo,HMDB0000131,Glycerol,B,AQP3,0.047988177,0.540458015,0.021833333,Receptor,-331.1044201,0,-10.46520981,1.08E-24,-1.730321351,0.041786439,0,0,0,1.17E-23,0.12528449,0
Oligo,HMDB0000131,Glycerol,Oligo,AQP3,0.068718179,0.540458015,0.032061069,Receptor,-271.4137903,0,-8.578569443,1.81E-17,-1.730321351,0.041786439,0,0,0,1.56E-16,0.12528449,0
Myeloid,HMDB0001852,all-trans-Retinoic acid,pDC,RARA,0.403267106,0.360333333,0.090592334,Nuclear Receptor,-129.2009463,0,-4.083651347,2.39E-05,-1.730321351,0.041786439,0,0,0,9.93E-05,0.12528449,0
Mast,HMDB0001852,all-trans-Retinoic acid,B,RARA,0.421015852,0.307890961,0.061,Nuclear Receptor,-278.7336263,0,-8.809927333,2.73E-18,-1.730321351,0.041786439,0,0,0,2.44E-17,0.12528449,0
Endo,HMDB0001852,all-trans-Retinoic acid,Endo,RARA,0.425773409,0.2078785,0.136212625,Nuclear Receptor,-178.6179218,0,-5.645572556,1.07E-08,-1.730321351,0.041786439,0,0,0,5.96E-08,0.12528449,0
Mast,HMDB0000641,L-Glutamine,T,SLC1A5,0.961899287,0.810329986,0.038166667,Transporter,-258.9996477,0,-8.186195924,4.08E-16,-1.730321351,0.041786439,0,0,0,3.36E-15,0.12528449,0
Epi,HMDB0000641,L-Glutamine,Epi,SLC1A5,0.964246182,0.5595,0.233,Transporter,-260.014631,0,-8.218276478,3.18E-16,-1.730321351,0.041786439,0,0,0,2.63E-15,0.12528449,0
Epi,HMDB0000641,L-Glutamine,Fibro,SLC1A5,1.01589082,0.5595,0.198871332,Transporter,-291.7942781,0,-9.222735053,8.37E-20,-1.730321351,0.041786439,0,0,0,7.87E-19,0.12528449,0
B,HMDB0001220,Prostaglandin E2,T,PTGER4,1.163977886,0.487666667,0.234166667,Receptor,-169.7130583,0,-5.364116741,5.05E-08,-1.730321351,0.041786439,0,0,0,2.66E-07,0.12528449,0
Oligo,HMDB0000641,L-Glutamine,T,SLC1A5,1.070195151,0.850381679,0.038166667,Transporter,-222.9049097,0,-7.045350368,1.72E-12,-1.730321351,0.041786439,0,0,0,1.19E-11,0.12528449,0
Mast,HMDB0000641,L-Glutamine,Mast,SLC1A5,2.671788238,0.810329986,0.101865136,Transporter,-1535.573533,0,-48.53483743,2.52E-265,-1.730321351,0.041786439,0,0,0,1.92E-263,0.12528449,0
Oligo,HMDB0000641,L-Glutamine,Mast,SLC1A5,2.972592719,0.850381679,0.101865136,Transporter,-1220.03142,0,-38.5615051,2.78E-200,-1.730321351,0.041786439,0,0,0,1.48E-198,0.12528449,0
Myeloid,HMDB0000641,L-Glutamine,Epi,SLC1A5,3.161133356,0.850333333,0.233,Transporter,-2531.286823,0,-80.00632456,0,-1.730321351,0.041786439,0,0,0,0,0.12528449,0
Endo,HMDB0000641,L-Glutamine,pDC,SLC1A5,1.164431589,0.38822971,0.2485482,Transporter,-180.9802611,0,-5.720238962,7.02E-09,-1.730321351,0.041786439,0,0,0,3.95E-08,0.12528449,0
Myeloid,HMDB0000641,L-Glutamine,NK,SLC1A5,1.441304867,0.850333333,0.049333333,Transporter,-789.1505028,0,-24.94266184,1.93E-107,-1.730321351,0.041786439,0,0,0,5.81E-106,0.12528449,0
B,HMDB0001085,Leukotriene B4,Fibro,PPARA,0.313836816,0.193833333,0.064334086,Nuclear Receptor,-155.6083195,0,-4.918308585,5.10E-07,-1.730321351,0.041786439,0,0,0,2.48E-06,0.12528449,0
Fibro,HMDB0001220,Prostaglandin E2,Mast,PTGER4,1.211908727,0.788036117,0.123959828,Receptor,-162.7507651,0,-5.1440597,1.62E-07,-1.730321351,0.041786439,0,0,0,8.20E-07,0.12528449,0
Oligo,HMDB0001220,Prostaglandin E2,Mast,PTGER4,2.367131297,0.93129771,0.123959828,Receptor,-808.1587755,0,-25.54345588,1.81E-111,-1.730321351,0.041786439,0,0,0,5.56E-110,0.12528449,0
Epi,HMDB0001220,Prostaglandin E2,NK,PTGER4,2.406428408,0.785666667,0.230166667,Receptor,-1425.933101,0,-45.06943483,2.96E-243,-1.730321351,0.041786439,0,0,0,2.01E-241,0.12528449,0
Fibro,HMDB0001220,Prostaglandin E2,T,PTGER4,2.41101358,0.788036117,0.234166667,Receptor,-1424.002251,0,-45.00840648,7.34E-243,-1.730321351,0.041786439,0,0,0,4.94E-241,0.12528449,0
Fibro,HMDB0001220,Prostaglandin E2,Myeloid,PTGER4,2.423713698,0.788036117,0.399666667,Receptor,-1410.45892,0,-44.58034273,4.32E-240,-1.730321351,0.041786439,0,0,0,2.85E-238,0.12528449,0
Fibro,HMDB0001220,Prostaglandin E2,NK,PTGER4,2.559818424,0.788036117,0.230166667,Receptor,-1530.548859,0,-48.37602267,2.51E-264,-1.730321351,0.041786439,0,0,0,1.91E-262,0.12528449,0
T,HMDB0001220,Prostaglandin E2,T,PTGER4,1.454663964,0.580666667,0.234166667,Receptor,-470.7713805,0,-14.87966023,1.11E-45,-1.730321351,0.041786439,0,0,0,1.73E-44,0.12528449,0
T,HMDB0001220,Prostaglandin E2,Myeloid,PTGER4,1.462339959,0.580666667,0.399666667,Receptor,-473.9649251,0,-14.98059852,3.21E-46,-1.730321351,0.041786439,0,0,0,5.06E-45,0.12528449,0
T,HMDB0001220,Prostaglandin E2,NK,PTGER4,1.544462872,0.580666667,0.230166667,Receptor,-554.1081673,0,-17.51368413,2.13E-60,-1.730321351,0.041786439,0,0,0,4.05E-59,0.12528449,0
pDC,HMDB0001403,Prostaglandin D2,NK,PTGDR,3.493594233,0.463414634,0.122666667,Receptor,-4739.380525,0,-149.7974915,0,-1.730321351,0.041786439,0,0,0,0,0.12528449,0
Endo,HMDB0001220,Prostaglandin E2,Myeloid,PTGER4,1.628762492,0.637399146,0.399666667,Receptor,-567.6557831,0,-17.94188332,6.50E-63,-1.730321351,0.041786439,0,0,0,1.28E-61,0.12528449,0
Endo,HMDB0001220,Prostaglandin E2,NK,PTGER4,1.720201158,0.637399146,0.230166667,Receptor,-636.7185229,0,-20.12474775,3.48E-76,-1.730321351,0.041786439,0,0,0,7.95E-75,0.12528449,0
Fibro,HMDB0000641,L-Glutamine,Fibro,SLC1A5,1.124448043,0.548758465,0.198871332,Transporter,-368.2233065,0,-11.6384256,9.47E-30,-1.730321351,0.041786439,0,0,0,1.15E-28,0.12528449,0
Mast,HMDB0000641,L-Glutamine,NK,SLC1A5,1.459725158,0.810329986,0.049333333,Transporter,-740.2604575,0,-23.3973953,3.44E-97,-1.730321351,0.041786439,0,0,0,9.56E-96,0.12528449,0
Epi,HMDB0000641,L-Glutamine,pDC,SLC1A5,1.462765821,0.5595,0.2485482,Transporter,-312.3253529,0,-9.871660264,2.70E-22,-1.730321351,0.041786439,0,0,0,2.71E-21,0.12528449,0
Myeloid,HMDB0000641,L-Glutamine,Endo,SLC1A5,1.487437465,0.850333333,0.077835785,Transporter,-502.6429076,0,-15.88702285,3.81E-51,-1.730321351,0.041786439,0,0,0,6.39E-50,0.12528449,0
Endo,HMDB0001852,all-trans-Retinoic acid,Epi,RARA,0.379434545,0.2078785,0.196333333,Nuclear Receptor,-157.2936775,0,-4.971577656,3.91E-07,-1.730321351,0.041786439,0,0,0,1.92E-06,0.12528449,0
NK,HMDB0001358,Retinal,T,RARA,0.067739006,0.2615,0.069666667,Nuclear Receptor,-530.0718755,0,-16.75396961,5.15E-56,-1.730321351,0.041786439,0,0,0,9.24E-55,0.12528449,0
Endo,HMDB0000169,D-Mannose,Myeloid,SLC2A1,0.072533445,0.416706217,0.067666667,Transporter,-145.7144486,0,-4.605593235,2.32E-06,-1.730321351,0.041786439,0,0,0,1.07E-05,0.12528449,0
pDC,HMDB0000169,D-Mannose,B,SLC2A3,1.344360114,0.636469222,0.3645,Transporter,-606.7033211,0,-19.17605795,2.49E-70,-1.730321351,0.041786439,0,0,0,5.35E-69,0.12528449,0
T,HMDB0000067,Cholesterol,Endo,CD36,0.569437671,0.095833333,0.312766967,Transporter,-1088.001939,0,-34.38845234,6.34E-172,-1.730321351,0.041786439,0,0,0,2.87E-170,0.12528449,0
Endo,HMDB0000030,Biotin,B,SLC5A6,0.046929713,0.075462743,0.025,Transporter,-250.9377433,0,-7.931383497,2.89E-15,-1.730321351,0.041786439,0,0,0,2.31E-14,0.12528449,0
Endo,HMDB0000030,Biotin,Epi,SLC5A6,0.062173106,0.075462743,0.0795,Transporter,-378.8187635,0,-11.97331597,2.88E-31,-1.730321351,0.041786439,0,0,0,3.59E-30,0.12528449,0
Mast,HMDB0000030,Biotin,Epi,SLC5A6,0.028091234,0.028694405,0.0795,Transporter,-139.4070997,0,-4.406237001,5.83E-06,-1.730321351,0.041786439,0,0,0,2.58E-05,0.12528449,0
Fibro,HMDB0000030,Biotin,Epi,SLC5A6,0.028397025,0.060722348,0.0795,Transporter,-161.1783356,0,-5.094359957,2.09E-07,-1.730321351,0.041786439,0,0,0,1.05E-06,0.12528449,0
B,HMDB0001358,Retinal,Fibro,RARA,0.064285581,0.167833333,0.189164786,Nuclear Receptor,-504.3179944,0,-15.93996728,1.94E-51,-1.730321351,0.041786439,0,0,0,3.27E-50,0.12528449,0
Endo,HMDB0000169,D-Mannose,NK,SLC2A1,0.07235543,0.416706217,0.045333333,Transporter,-142.5080646,0,-4.504249128,3.72E-06,-1.730321351,0.041786439,0,0,0,1.68E-05,0.12528449,0
Fibro,HMDB0000169,D-Mannose,Fibro,SLC2A1,0.081965355,0.555981941,0.063656885,Transporter,-253.8364741,0,-8.023003615,1.44E-15,-1.730321351,0.041786439,0,0,0,1.16E-14,0.12528449,0
T,HMDB0000169,D-Mannose,Epi,SLC2A1,0.084514637,0.257,0.2275,Transporter,-322.5639484,0,-10.19527132,1.37E-23,-1.730321351,0.041786439,0,0,0,1.43E-22,0.12528449,0
Endo,HMDB0000169,D-Mannose,Endo,SLC2A1,0.085310907,0.416706217,0.056953014,Transporter,-193.7585774,0,-6.124122912,6.55E-10,-1.730321351,0.041786439,0,0,0,3.94E-09,0.12528449,0
Oligo,HMDB0000169,D-Mannose,Fibro,SLC2A3,1.68619385,0.630534351,0.428216704,Transporter,-712.4407279,0,-22.51809774,1.93E-91,-1.730321351,0.041786439,0,0,0,5.13E-90,0.12528449,0
Oligo,HMDB0000169,D-Mannose,T,SLC2A3,1.780155967,0.630534351,0.370333333,Transporter,-769.9298547,0,-24.33515526,2.17E-103,-1.730321351,0.041786439,0,0,0,6.39E-102,0.12528449,0
Fibro,HMDB0000169,D-Mannose,NK,SLC2A1,0.127944597,0.555981941,0.045333333,Transporter,-621.6826315,0,-19.64950867,3.09E-73,-1.730321351,0.041786439,0,0,0,6.88E-72,0.12528449,0
Epi,HMDB0001358,Retinal,Endo,RARA,0.192938725,0.596333333,0.136212625,Nuclear Receptor,-925.9041254,0,-29.26503045,9.16E-137,-1.730321351,0.041786439,0,0,0,3.34E-135,0.12528449,0
Oligo,HMDB0001358,Retinal,Mast,RARA,0.199188844,0.432061069,0.136011478,Nuclear Receptor,-323.7091571,0,-10.2314679,9.79E-24,-1.730321351,0.041786439,0,0,0,1.02E-22,0.12528449,0
Myeloid,HMDB0000641,L-Glutamine,Endo,SLC3A2,5.021788995,0.850333333,0.450403417,Transporter,-3164.984767,0,-100.0356009,0,-1.730321351,0.041786439,0,0,0,0,0.12528449,0
Endo,HMDB0000305,Vitamin A,Epi,RARA,0.010805296,0.058376839,0.196333333,Nuclear Receptor,-133.6082697,0,-4.222953516,1.32E-05,-1.730321351,0.041786439,0,0,0,5.60E-05,0.12528449,0
Endo,HMDB0000305,Vitamin A,Endo,RARA,0.012124905,0.058376839,0.136212625,Nuclear Receptor,-136.5214279,0,-4.315029639,8.77E-06,-1.730321351,0.041786439,0,0,0,3.81E-05,0.12528449,0
T,HMDB0001358,Retinal,Myeloid,RARA,0.168752503,0.281666667,0.283333333,Nuclear Receptor,-899.1971191,0,-28.42090272,5.47E-131,-1.730321351,0.041786439,0,0,0,1.90E-129,0.12528449,0
Endo,HMDB0000305,Vitamin A,pDC,RARA,0.007713396,0.058376839,0.090592334,Nuclear Receptor,-120.7382223,0,-3.816170222,7.19E-05,-1.730321351,0.041786439,0,0,0,0.00028471,0.12528449,0
Oligo,HMDB0000305,Vitamin A,B,RARA,0.175507143,0.14351145,0.061,Nuclear Receptor,-289.6902636,0,-9.156233518,1.48E-19,-1.730321351,0.041786439,0,0,0,1.38E-18,0.12528449,0
Oligo,HMDB0000305,Vitamin A,T,RARA,0.200211705,0.14351145,0.069666667,Nuclear Receptor,-320.4727007,0,-10.1291733,2.54E-23,-1.730321351,0.041786439,0,0,0,2.62E-22,0.12528449,0
Fibro,HMDB0000248,Thyroxine,Endo,THRB,0.016997889,0.088487585,0.028476507,Nuclear Receptor,-2663.261654,0,-84.17764999,0,-1.730321351,0.041786439,0,0,0,0,0.12528449,0
Fibro,HMDB0000248,Thyroxine,Epi,THRB,0.018867302,0.088487585,0.058166667,Nuclear Receptor,-3643.482575,0,-115.1594702,0,-1.730321351,0.041786439,0,0,0,0,0.12528449,0
Epi,HMDB0001358,Retinal,NK,RARA,0.083014165,0.596333333,0.042,Nuclear Receptor,-582.6871359,0,-18.41697894,9.68E-66,-1.730321351,0.041786439,0,0,0,1.98E-64,0.12528449,0
Mast,HMDB0000641,L-Glutamine,Endo,SLC3A2,5.078323309,0.810329986,0.450403417,Transporter,-2902.080536,0,-91.72599293,0,-1.730321351,0.041786439,0,0,0,0,0.12528449,0
Oligo,HMDB0000641,L-Glutamine,Endo,SLC3A2,5.668421064,0.850381679,0.450403417,Transporter,-1992.854808,0,-62.98811619,0,-1.730321351,0.041786439,0,0,0,0,0.12528449,0
Oligo,HMDB0000641,L-Glutamine,Epi,SLC3A2,3.164744508,0.850381679,0.3895,Transporter,-1026.419408,0,-32.44201469,1.41E-158,-1.730321351,0.041786439,0,0,0,5.92E-157,0.12528449,0
pDC,HMDB0000305,Vitamin A,Endo,RARA,0.044909551,0.039488966,0.136212625,Nuclear Receptor,-137.2431863,0,-4.337842241,7.92E-06,-1.730321351,0.041786439,0,0,0,3.46E-05,0.12528449,0
Endo,HMDB0000305,Vitamin A,B,RARA,0.006598433,0.058376839,0.061,Nuclear Receptor,-123.9382,0,-3.917311846,4.78E-05,-1.730321351,0.041786439,0,0,0,0.000192586,0.12528449,0
Endo,HMDB0000305,Vitamin A,T,RARA,0.007527235,0.058376839,0.069666667,Nuclear Receptor,-125.6216289,0,-3.970519944,3.84E-05,-1.730321351,0.041786439,0,0,0,0.000156299,0.12528449,0
Myeloid,HMDB0001403,Prostaglandin D2,Mast,PTGDR2,0.03104495,0.235,0.010903874,Receptor,-108.3226085,0,-3.423750202,0.000321358,-1.730321351,0.041786439,0,0,0,0.001181883,0.12528449,0
Oligo,HMDB0001220,Prostaglandin E2,Fibro,PTGER1,0.968981534,0.93129771,0.065688488,Receptor,-3561.369279,0,-112.5641171,0,-1.730321351,0.041786439,0,0,0,0,0.12528449,0
Myeloid,HMDB0006247,25-Hydroxycholesterol,Epi,NR1H3,0.069264337,0.050666667,0.092666667,Nuclear Receptor,-434.5415165,0,-13.73454374,9.48E-40,-1.730321351,0.041786439,0,0,0,1.37E-38,0.12528449,0
Endo,HMDB0006247,25-Hydroxycholesterol,Myeloid,NR1H3,0.07770772,0.019458946,0.224333333,Nuclear Receptor,-295.2767604,0,-9.332805794,3.23E-20,-1.730321351,0.041786439,0,0,0,3.07E-19,0.12528449,0
Fibro,HMDB0006247,25-Hydroxycholesterol,Fibro,NR1H3,0.096349811,0.095259594,0.123250564,Nuclear Receptor,-556.4929759,0,-17.58906073,7.73E-61,-1.730321351,0.041786439,0,0,0,1.48E-59,0.12528449,0
Epi,HMDB0006247,25-Hydroxycholesterol,Fibro,NR1H3,0.105043284,0.068,0.123250564,Nuclear Receptor,-770.5412806,0,-24.35448058,1.61E-103,-1.730321351,0.041786439,0,0,0,4.76E-102,0.12528449,0
Fibro,HMDB0001220,Prostaglandin E2,Epi,PTGER1,0.08559003,0.788036117,0.021833333,Receptor,-161.410478,0,-5.101697277,2.01E-07,-1.730321351,0.041786439,0,0,0,1.01E-06,0.12528449,0
Myeloid,HMDB0001220,Prostaglandin E2,Fibro,PTGER1,0.35502274,0.756833333,0.065688488,Receptor,-1208.557471,0,-38.19884826,7.72E-198,-1.730321351,0.041786439,0,0,0,4.05E-196,0.12528449,0
Epi,HMDB0001220,Prostaglandin E2,Fibro,PTGER1,0.466063046,0.785666667,0.065688488,Receptor,-1653.657798,0,-52.26712409,2.15E-288,-1.730321351,0.041786439,0,0,0,1.84E-286,0.12528449,0
Fibro,HMDB0001220,Prostaglandin E2,Fibro,PTGER1,0.495512692,0.788036117,0.065688488,Receptor,-1758.37393,0,-55.57688446,3.21E-308,-1.730321351,0.041786439,0,0,0,3.02E-306,0.12528449,0
Endo,HMDB0000030,Biotin,pDC,SLC5A6,0.055925948,0.075462743,0.041811847,Transporter,-272.0653335,0,-8.599162755,1.53E-17,-1.730321351,0.041786439,0,0,0,1.33E-16,0.12528449,0
Oligo,HMDB0001220,Prostaglandin E2,Epi,PTGER1,0.167372421,0.93129771,0.021833333,Receptor,-530.3280646,0,-16.76206697,4.63E-56,-1.730321351,0.041786439,0,0,0,8.32E-55,0.12528449,0
B,HMDB0001220,Prostaglandin E2,Fibro,PTGER1,0.239187987,0.487666667,0.065688488,Receptor,-747.5997725,0,-23.62936886,1.02E-98,-1.730321351,0.041786439,0,0,0,2.89E-97,0.12528449,0
Endo,HMDB0000538,Adenosine triphosphate,Endo,P2RX7,0.003150605,0.49833887,0.030849549,Receptor,-188.1516477,0,-5.946904813,1.89E-09,-1.730321351,0.041786439,0,0,0,1.10E-08,0.12528449,0
pDC,HMDB0001358,Retinal,Endo,RARA,0.07616638,0.284552846,0.136212625,Nuclear Receptor,-209.5829609,0,-6.624283837,2.85E-11,-1.730321351,0.041786439,0,0,0,1.85E-10,0.12528449,0
pDC,HMDB0001358,Retinal,Fibro,RARA,0.082330849,0.284552846,0.189164786,Nuclear Receptor,-219.2001054,0,-6.928252704,3.81E-12,-1.730321351,0.041786439,0,0,0,2.58E-11,0.12528449,0
Oligo,HMDB0001358,Retinal,T,RARA,0.099438648,0.432061069,0.069666667,Nuclear Receptor,-209.2413486,0,-6.613486505,3.05E-11,-1.730321351,0.041786439,0,0,0,1.98E-10,0.12528449,0
pDC,HMDB0001220,Prostaglandin E2,Fibro,PTGER1,0.251484662,0.617886179,0.065688488,Receptor,-781.5332124,0,-24.70190232,7.84E-106,-1.730321351,0.041786439,0,0,0,2.34E-104,0.12528449,0
Endo,HMDB0000305,Vitamin A,NK,RARA,0.005216884,0.058376839,0.042,Nuclear Receptor,-121.572739,0,-3.842546774,6.47E-05,-1.730321351,0.041786439,0,0,0,0.000257157,0.12528449,0
Oligo,HMDB0001358,Retinal,B,RARA,0.087168695,0.432061069,0.061,Nuclear Receptor,-193.829471,0,-6.126363645,6.46E-10,-1.730321351,0.041786439,0,0,0,3.89E-09,0.12528449,0
B,HMDB0001358,Retinal,Myeloid,RARA,0.088343029,0.167833333,0.283333333,Nuclear Receptor,-595.4117014,0,-18.81916399,3.67E-68,-1.730321351,0.041786439,0,0,0,7.72E-67,0.12528449,0
pDC,HMDB0001358,Retinal,Mast,RARA,0.094717503,0.284552846,0.136011478,Nuclear Receptor,-235.3047458,0,-7.437271704,1.10E-13,-1.730321351,0.041786439,0,0,0,8.18E-13,0.12528449,0
NK,HMDB0001358,Retinal,Epi,RARA,0.097238898,0.2615,0.196333333,Nuclear Receptor,-634.8875027,0,-20.06687473,7.99E-76,-1.730321351,0.041786439,0,0,0,1.82E-74,0.12528449,0
NK,HMDB0001220,Prostaglandin E2,Fibro,PTGER1,0.240900754,0.448166667,0.065688488,Receptor,-757.6795356,0,-23.9479597,8.03E-101,-1.730321351,0.041786439,0,0,0,2.31E-99,0.12528449,0
Fibro,HMDB0000248,Thyroxine,NK,THRA,0.022901818,0.088487585,0.0285,Nuclear Receptor,-870.5868452,0,-27.51661845,8.05E-125,-1.730321351,0.041786439,0,0,0,2.69E-123,0.12528449,0
Fibro,HMDB0000248,Thyroxine,T,THRA,0.025315709,0.088487585,0.039,Nuclear Receptor,-1011.880682,0,-31.98248951,2.03E-155,-1.730321351,0.041786439,0,0,0,8.25E-154,0.12528449,0
Endo,HMDB0000305,Vitamin A,Oligo,RARA,0.002524312,0.058376839,0.030534351,Nuclear Receptor,-105.9725132,0,-3.349470793,0.000419966,-1.730321351,0.041786439,0,0,0,0.001525055,0.12528449,0
Endo,HMDB0000030,Biotin,T,SLC5A6,0.041339079,0.075462743,0.023166667,Transporter,-214.1532403,0,-6.768736555,1.11E-11,-1.730321351,0.041786439,0,0,0,7.31E-11,0.12528449,0
T,HMDB0001358,Retinal,Mast,RARA,0.141272996,0.281666667,0.136011478,Nuclear Receptor,-756.1845979,0,-23.90070924,1.65E-100,-1.730321351,0.041786439,0,0,0,4.73E-99,0.12528449,0
T,HMDB0001358,Retinal,B,RARA,0.061823656,0.281666667,0.061,Nuclear Receptor,-497.3244853,0,-15.7189236,3.22E-50,-1.730321351,0.041786439,0,0,0,5.33E-49,0.12528449,0
Epi,HMDB0001358,Retinal,Epi,RARA,0.171940323,0.596333333,0.196333333,Nuclear Receptor,-877.2095769,0,-27.72594298,3.02E-126,-1.730321351,0.041786439,0,0,0,1.02E-124,0.12528449,0
Oligo,HMDB0001358,Retinal,Fibro,RARA,0.173139981,0.432061069,0.189164786,Nuclear Receptor,-294.8935535,0,-9.320693781,3.59E-20,-1.730321351,0.041786439,0,0,0,3.41E-19,0.12528449,0
Oligo,HMDB0001358,Retinal,Endo,RARA,0.160176236,0.432061069,0.136212625,Nuclear Receptor,-276.6247907,0,-8.743273414,4.72E-18,-1.730321351,0.041786439,0,0,0,4.18E-17,0.12528449,0
NK,HMDB0001358,Retinal,Myeloid,RARA,0.162083829,0.2615,0.283333333,Nuclear Receptor,-854.6200585,0,-27.01195658,2.17E-121,-1.730321351,0.041786439,0,0,0,7.11E-120,0.12528449,0
Mast,HMDB0000067,Cholesterol,Myeloid,CD36,0.282710852,0.101865136,0.206,Transporter,-497.7348136,0,-15.73189284,2.73E-50,-1.730321351,0.041786439,0,0,0,4.53E-49,0.12528449,0
Oligo,HMDB0000641,L-Glutamine,Endo,SLC7A5,1.462476819,0.850381679,0.051257712,Transporter,-385.8243091,0,-12.19474009,2.74E-32,-1.730321351,0.041786439,0,0,0,3.48E-31,0.12528449,0
Fibro,HMDB0000641,L-Glutamine,pDC,SLC7A5,4.92912481,0.548758465,0.577235772,Transporter,-1588.145905,0,-50.1964912,1.09E-275,-1.730321351,0.041786439,0,0,0,8.77E-274,0.12528449,0
Myeloid,HMDB0000641,L-Glutamine,pDC,SLC7A5,14.59931058,0.850333333,0.577235772,Transporter,-5247.247941,0,-165.8496453,0,-1.730321351,0.041786439,0,0,0,0,0.12528449,0
Mast,HMDB0000641,L-Glutamine,pDC,SLC7A5,14.78589397,0.810329986,0.577235772,Transporter,-5277.55379,0,-166.8075216,0,-1.730321351,0.041786439,0,0,0,0,0.12528449,0
Oligo,HMDB0001403,Prostaglandin D2,T,PTGDR,0.852919107,0.92519084,0.014,Receptor,-813.9730122,0,-25.72722633,1.05E-112,-1.730321351,0.041786439,0,0,0,3.26E-111,0.12528449,0
Endo,HMDB0000305,Vitamin A,Fibro,RARA,0.013106225,0.058376839,0.189164786,Nuclear Receptor,-139.5737835,0,-4.411505373,5.69E-06,-1.730321351,0.041786439,0,0,0,2.52E-05,0.12528449,0
Endo,HMDB0000305,Vitamin A,Mast,RARA,0.015078053,0.058376839,0.136011478,Nuclear Receptor,-143.7996704,0,-4.545072884,3.08E-06,-1.730321351,0.041786439,0,0,0,1.40E-05,0.12528449,0
Myeloid,HMDB0000641,L-Glutamine,Epi,SLC7A5,1.968864162,0.850333333,0.1465,Transporter,-1334.379716,0,-42.17570907,2.25E-224,-1.730321351,0.041786439,0,0,0,1.37E-222,0.12528449,0
Mast,HMDB0000641,L-Glutamine,Endo,SLC7A5,1.314484941,0.810329986,0.051257712,Transporter,-362.1818241,0,-11.44747261,6.72E-29,-1.730321351,0.041786439,0,0,0,8.02E-28,0.12528449,0
Oligo,HMDB0000641,L-Glutamine,Myeloid,SLC7A5,1.85393116,0.850381679,0.093166667,Transporter,-737.3334265,0,-23.3048807,1.40E-96,-1.730321351,0.041786439,0,0,0,3.86E-95,0.12528449,0
NK,HMDB0000641,L-Glutamine,pDC,SLC7A5,1.595362719,0.1745,0.577235772,Transporter,-351.1333284,0,-11.09826306,2.27E-27,-1.730321351,0.041786439,0,0,0,2.61E-26,0.12528449,0
Oligo,HMDB0000641,L-Glutamine,T,SLC7A5,1.888869495,0.850381679,0.060333333,Transporter,-750.7865041,0,-23.73009181,2.21E-99,-1.730321351,0.041786439,0,0,0,6.30E-98,0.12528449,0
Myeloid,HMDB0000641,L-Glutamine,Myeloid,SLC7A5,1.645299584,0.850333333,0.093166667,Transporter,-947.3369908,0,-29.94245854,2.08E-141,-1.730321351,0.041786439,0,0,0,7.78E-140,0.12528449,0
Fibro,HMDB0001403,Prostaglandin D2,T,PTGDR,0.35368087,0.523927765,0.014,Receptor,-258.4680472,0,-8.169393639,4.65E-16,-1.730321351,0.041786439,0,0,0,3.82E-15,0.12528449,0
Epi,HMDB0001358,Retinal,Fibro,RARB,0.05153565,0.596333333,0.053498871,Nuclear Receptor,-2263.570232,0,-71.5446124,0,-1.730321351,0.041786439,0,0,0,0,0.12528449,0
Oligo,HMDB0001403,Prostaglandin D2,Fibro,PTGDR,0.392906455,0.92519084,0.010383747,Receptor,-217.5296788,0,-6.875455568,5.44E-12,-1.730321351,0.041786439,0,0,0,3.65E-11,0.12528449,0
Myeloid,HMDB0001403,Prostaglandin D2,NK,PTGDR,0.445178629,0.235,0.122666667,Receptor,-420.6133642,0,-13.29431695,1.49E-37,-1.730321351,0.041786439,0,0,0,2.07E-36,0.12528449,0
pDC,HMDB0001358,Retinal,pDC,RARA,0.048454108,0.284552846,0.090592334,Nuclear Receptor,-161.8254021,0,-5.114811771,1.88E-07,-1.730321351,0.041786439,0,0,0,9.47E-07,0.12528449,0
Mast,HMDB0001403,Prostaglandin D2,NK,PTGDR,4.945343806,0.915925395,0.122666667,Receptor,-8395.86091,0,-265.3677832,0,-1.730321351,0.041786439,0,0,0,0,0.12528449,0
Oligo,HMDB0001403,Prostaglandin D2,NK,PTGDR,8.26312432,0.92519084,0.122666667,Receptor,-9891.862767,0,-312.6518796,0,-1.730321351,0.041786439,0,0,0,0,0.12528449,0
pDC,HMDB0000305,Vitamin A,Epi,RARB,0.00257144,0.039488966,0.0105,Nuclear Receptor,-141.7977843,0,-4.481799316,4.13E-06,-1.730321351,0.041786439,0,0,0,1.86E-05,0.12528449,0
Myeloid,HMDB0000641,L-Glutamine,T,SLC3A2,2.605436761,0.850333333,0.240833333,Transporter,-1833.002569,0,-57.93567014,5.5e-322,-1.730321351,0.041786439,0,0,0,5.62e-320,0.12528449,0
Mast,HMDB0000641,L-Glutamine,Mast,SLC7A5,2.212293649,0.810329986,0.082926829,Transporter,-1110.246376,0,-35.09153175,9.86E-177,-1.730321351,0.041786439,0,0,0,4.62E-175,0.12528449,0
Oligo,HMDB0000641,L-Glutamine,Epi,SLC7A5,2.218525218,0.850381679,0.1465,Transporter,-956.8604466,0,-30.24346619,1.78E-143,-1.730321351,0.041786439,0,0,0,6.77E-142,0.12528449,0
Oligo,HMDB0000641,L-Glutamine,Mast,SLC7A5,2.461365725,0.850381679,0.082926829,Transporter,-997.9425412,0,-31.54194701,2.15E-152,-1.730321351,0.041786439,0,0,0,8.59E-151,0.12528449,0
Myeloid,HMDB0000641,L-Glutamine,NK,SLC7A5,2.797625253,0.850333333,0.088333333,Transporter,-2098.313883,0,-66.32135878,0,-1.730321351,0.041786439,0,0,0,0,0.12528449,0
Mast,HMDB0001403,Prostaglandin D2,T,PTGDR,0.510458038,0.915925395,0.014,Receptor,-515.6159955,0,-16.29706294,1.98E-53,-1.730321351,0.041786439,0,0,0,3.41E-52,0.12528449,0
T,HMDB0001358,Retinal,NK,RARA,0.048879306,0.281666667,0.042,Nuclear Receptor,-461.4312224,0,-14.58444606,4.01E-44,-1.730321351,0.041786439,0,0,0,6.12E-43,0.12528449,0
pDC,HMDB0001403,Prostaglandin D2,T,PTGDR,0.360608549,0.463414634,0.014,Receptor,-219.6484758,0,-6.942424337,3.46E-12,-1.730321351,0.041786439,0,0,0,2.35E-11,0.12528449,0
Epi,HMDB0001358,Retinal,Epi,RARB,0.011047325,0.596333333,0.0105,Nuclear Receptor,-674.9442165,0,-21.33294637,8.32E-84,-1.730321351,0.041786439,0,0,0,2.03E-82,0.12528449,0
Epi,HMDB0000641,L-Glutamine,pDC,SLC7A5,4.453253911,0.5595,0.577235772,Transporter,-1433.342862,0,-45.30363498,9.15E-245,-1.730321351,0.041786439,0,0,0,6.24E-243,0.12528449,0
Mast,HMDB0000641,L-Glutamine,Myeloid,SLC7A5,1.666326987,0.810329986,0.093166667,Transporter,-909.7895497,0,-28.75569743,2.81E-133,-1.730321351,0.041786439,0,0,0,9.96E-132,0.12528449,0
Myeloid,HMDB0000641,L-Glutamine,T,SLC7A5,1.676306144,0.850333333,0.060333333,Transporter,-1000.932934,0,-31.63646428,4.83E-153,-1.730321351,0.041786439,0,0,0,1.94E-151,0.12528449,0
Mast,HMDB0000641,L-Glutamine,T,SLC7A5,1.697729819,0.810329986,0.060333333,Transporter,-925.544331,0,-29.25365844,1.10E-136,-1.730321351,0.041786439,0,0,0,3.99E-135,0.12528449,0
Myeloid,HMDB0000641,L-Glutamine,Endo,SLC7A5,1.297897438,0.850333333,0.051257712,Transporter,-368.8408412,0,-11.65794401,7.74E-30,-1.730321351,0.041786439,0,0,0,9.43E-29,0.12528449,0
Mast,HMDB0000641,L-Glutamine,Myeloid,SLC3A2,3.667553809,0.810329986,0.476333333,Transporter,-2550.053307,0,-80.5994764,0,-1.730321351,0.041786439,0,0,0,0,0.12528449,0
Endo,HMDB0000030,Biotin,Fibro,SLC5A6,0.041510813,0.075462743,0.046501129,Transporter,-208.79392,0,-6.599344641,3.35E-11,-1.730321351,0.041786439,0,0,0,2.16E-10,0.12528449,0
Endo,HMDB0000030,Biotin,Oligo,SLC5A6,0.042800413,0.075462743,0.039694656,Transporter,-181.5157398,0,-5.737163826,6.38E-09,-1.730321351,0.041786439,0,0,0,3.59E-08,0.12528449,0
Endo,HMDB0000030,Biotin,Myeloid,SLC5A6,0.043664613,0.075462743,0.047666667,Transporter,-231.7929737,0,-7.326275203,2.44E-13,-1.730321351,0.041786439,0,0,0,1.77E-12,0.12528449,0
Mast,HMDB0000641,L-Glutamine,Epi,SLC7A5,1.994026812,0.810329986,0.1465,Transporter,-1231.546173,0,-38.92545165,9.88E-203,-1.730321351,0.041786439,0,0,0,5.35E-201,0.12528449,0
Myeloid,HMDB0000641,L-Glutamine,Mast,SLC7A5,2.184376687,0.850333333,0.082926829,Transporter,-1119.531332,0,-35.38500113,9.77E-179,-1.730321351,0.041786439,0,0,0,4.62E-177,0.12528449,0
Epi,HMDB0000641,L-Glutamine,NK,SLC7A5,0.853364652,0.5595,0.088333333,Transporter,-189.0477287,0,-5.975227225,1.60E-09,-1.730321351,0.041786439,0,0,0,9.38E-09,0.12528449,0
Fibro,HMDB0000641,L-Glutamine,NK,SLC7A5,0.944554468,0.548758465,0.088333333,Transporter,-272.306511,0,-8.606785646,1.44E-17,-1.730321351,0.041786439,0,0,0,1.25E-16,0.12528449,0
Myeloid,HMDB0000641,L-Glutamine,Mast,SLC3A2,2.60019204,0.850333333,0.232998565,Transporter,-1520.120804,0,-48.04642337,2.98E-262,-1.730321351,0.041786439,0,0,0,2.25E-260,0.12528449,0
Fibro,HMDB0000248,Thyroxine,Fibro,THRB,0.023525643,0.088487585,0.052595937,Nuclear Receptor,-4329.857989,0,-136.8537221,0,-1.730321351,0.041786439,0,0,0,0,0.12528449,0
pDC,HMDB0000305,Vitamin A,Fibro,RARA,0.048544273,0.039488966,0.189164786,Nuclear Receptor,-144.002238,0,-4.551475434,2.99E-06,-1.730321351,0.041786439,0,0,0,1.36E-05,0.12528449,0
Fibro,HMDB0001220,Prostaglandin E2,Mast,PTGER2,0.803126926,0.788036117,0.082352941,Receptor,-316.2500346,0,-9.995707588,8.69E-23,-1.730321351,0.041786439,0,0,0,8.85E-22,0.12528449,0
Oligo,HMDB0000305,Vitamin A,Endo,RARA,0.322501947,0.14351145,0.136212625,Nuclear Receptor,-482.0843833,0,-15.23723005,1.35E-47,-1.730321351,0.041786439,0,0,0,2.16E-46,0.12528449,0
Oligo,HMDB0000305,Vitamin A,Fibro,RARA,0.348603402,0.14351145,0.189164786,Nuclear Receptor,-515.949729,0,-16.30761125,1.73E-53,-1.730321351,0.041786439,0,0,0,2.98E-52,0.12528449,0
Fibro,HMDB0000248,Thyroxine,pDC,THRA,0.014261949,0.088487585,0.027874564,Nuclear Receptor,-365.7299911,0,-11.55961944,2.13E-29,-1.730321351,0.041786439,0,0,0,2.56E-28,0.12528449,0
Fibro,HMDB0000248,Thyroxine,Myeloid,THRA,0.016146983,0.088487585,0.048833333,Nuclear Receptor,-550.1518846,0,-17.388638,1.14E-59,-1.730321351,0.041786439,0,0,0,2.15E-58,0.12528449,0
Fibro,HMDB0000641,L-Glutamine,Myeloid,SLC3A2,1.224464537,0.548758465,0.476333333,Transporter,-238.4638949,0,-7.537122857,5.38E-14,-1.730321351,0.041786439,0,0,0,4.05E-13,0.12528449,0
Endo,HMDB0001403,Prostaglandin D2,NK,PTGDR,0.601554587,0.158044613,0.122666667,Receptor,-635.185744,0,-20.07630124,6.98E-76,-1.730321351,0.041786439,0,0,0,1.59E-74,0.12528449,0
NK,HMDB0001403,Prostaglandin D2,NK,PTGDR,0.662991762,0.116333333,0.122666667,Receptor,-808.361223,0,-25.54985463,1.64E-111,-1.730321351,0.041786439,0,0,0,5.04E-110,0.12528449,0
Oligo,HMDB0000641,L-Glutamine,Fibro,SLC3A2,3.76087597,0.850381679,0.399322799,Transporter,-1281.120431,0,-40.49234407,3.22E-213,-1.730321351,0.041786439,0,0,0,1.82E-211,0.12528449,0
Oligo,HMDB0000641,L-Glutamine,Oligo,SLC3A2,3.798274352,0.850381679,0.309923664,Transporter,-937.7407418,0,-29.63915012,2.50E-139,-1.730321351,0.041786439,0,0,0,9.21E-138,0.12528449,0
Oligo,HMDB0000641,L-Glutamine,Mast,SLC3A2,2.935145659,0.850381679,0.232998565,Transporter,-875.2722473,0,-27.66470984,7.90E-126,-1.730321351,0.041786439,0,0,0,2.65E-124,0.12528449,0
Epi,HMDB0000641,L-Glutamine,Myeloid,SLC3A2,1.106088364,0.5595,0.476333333,Transporter,-117.7322659,0,-3.721161029,0.000104684,-1.730321351,0.041786439,0,0,0,0.00040847,0.12528449,0
Fibro,HMDB0000641,L-Glutamine,Fibro,SLC3A2,1.124754668,0.548758465,0.399322799,Transporter,-114.3438738,0,-3.614064197,0.000158234,-1.730321351,0.041786439,0,0,0,0.000604238,0.12528449,0
Endo,HMDB0000641,L-Glutamine,Endo,SLC3A2,1.219212333,0.38822971,0.450403417,Transporter,-135.6640769,0,-4.287931365,9.89E-06,-1.730321351,0.041786439,0,0,0,4.27E-05,0.12528449,0
Epi,HMDB0001085,Leukotriene B4,Fibro,PPARA,0.459491185,0.4405,0.064334086,Nuclear Receptor,-401.1424609,0,-12.67890056,1.44E-34,-1.730321351,0.041786439,0,0,0,1.91E-33,0.12528449,0
Myeloid,HMDB0000641,L-Glutamine,Myeloid,SLC3A2,3.626444647,0.850333333,0.476333333,Transporter,-2790.665277,0,-88.20449339,0,-1.730321351,0.041786439,0,0,0,0,0.12528449,0
Mast,HMDB0000641,L-Glutamine,pDC,SLC3A2,3.252554783,0.810329986,0.378629501,Transporter,-1088.247238,0,-34.39620549,5.61E-172,-1.730321351,0.041786439,0,0,0,2.54E-170,0.12528449,0
Myeloid,HMDB0000641,L-Glutamine,Fibro,SLC3A2,3.331480664,0.850333333,0.399322799,Transporter,-2351.174332,0,-74.31351318,0,-1.730321351,0.041786439,0,0,0,0,0.12528449,0
Myeloid,HMDB0000641,L-Glutamine,Oligo,SLC3A2,3.365397476,0.850333333,0.309923664,Transporter,-1083.191058,0,-34.23639493,6.96E-171,-1.730321351,0.041786439,0,0,0,3.13E-169,0.12528449,0
Mast,HMDB0000641,L-Glutamine,Fibro,SLC3A2,3.369109776,0.810329986,0.399322799,Transporter,-2099.699733,0,-66.36516129,0,-1.730321351,0.041786439,0,0,0,0,0.12528449,0
Mast,HMDB0000641,L-Glutamine,Oligo,SLC3A2,3.40301252,0.810329986,0.309923664,Transporter,-1044.440755,0,-33.01161499,1.74E-162,-1.730321351,0.041786439,0,0,0,7.45E-161,0.12528449,0
Oligo,HMDB0000641,L-Glutamine,pDC,SLC3A2,3.631008504,0.850381679,0.378629501,Transporter,-960.2777142,0,-30.35147568,3.24E-144,-1.730321351,0.041786439,0,0,0,1.23E-142,0.12528449,0
B,HMDB0000277,Sphingosine 1-phosphate,Myeloid,S1PR2,0.000384111,0.0415,0.059333333,Receptor,-165.5645642,0,-5.232995383,1.02E-07,-1.730321351,0.041786439,0,0,0,5.23E-07,0.12528449,0
Endo,HMDB0000277,Sphingosine 1-phosphate,Epi,S1PR2,0.063447548,0.202183199,0.048666667,Receptor,-370.9487208,0,-11.72456771,3.88E-30,-1.730321351,0.041786439,0,0,0,4.74E-29,0.12528449,0
Fibro,HMDB0000277,Sphingosine 1-phosphate,NK,S1PR2,0.006972919,0.155079007,0.016333333,Receptor,-180.8790145,0,-5.717038862,7.15E-09,-1.730321351,0.041786439,0,0,0,4.02E-08,0.12528449,0
Fibro,HMDB0000277,Sphingosine 1-phosphate,Epi,S1PR2,0.007514508,0.155079007,0.048666667,Receptor,-183.8454155,0,-5.810797831,4.18E-09,-1.730321351,0.041786439,0,0,0,2.38E-08,0.12528449,0
Fibro,HMDB0000277,Sphingosine 1-phosphate,T,S1PR2,0.009040437,0.155079007,0.024,Receptor,-195.6173974,0,-6.182874594,4.58E-10,-1.730321351,0.041786439,0,0,0,2.78E-09,0.12528449,0
Fibro,HMDB0000277,Sphingosine 1-phosphate,Mast,S1PR2,0.009472153,0.155079007,0.025251076,Receptor,-191.6104052,0,-6.056225683,9.85E-10,-1.730321351,0.041786439,0,0,0,5.86E-09,0.12528449,0
Endo,HMDB0000277,Sphingosine 1-phosphate,Mast,S1PR2,0.079976606,0.202183199,0.025251076,Receptor,-434.2576574,0,-13.72557182,1.05E-39,-1.730321351,0.041786439,0,0,0,1.52E-38,0.12528449,0
pDC,HMDB0000277,Sphingosine 1-phosphate,B,S1PR2,0.090692602,0.174216028,0.049666667,Receptor,-312.0531918,0,-9.863058074,2.92E-22,-1.730321351,0.041786439,0,0,0,2.92E-21,0.12528449,0
Fibro,HMDB0000277,Sphingosine 1-phosphate,B,S1PR2,0.018555968,0.155079007,0.049666667,Receptor,-253.5359279,0,-8.013504258,1.55E-15,-1.730321351,0.041786439,0,0,0,1.25E-14,0.12528449,0
Endo,HMDB0000277,Sphingosine 1-phosphate,NK,S1PR2,0.058874723,0.202183199,0.016333333,Receptor,-347.1453784,0,-10.97221601,7.92E-27,-1.730321351,0.041786439,0,0,0,8.98E-26,0.12528449,0
B,HMDB0000277,Sphingosine 1-phosphate,Epi,S1PR2,0.000252086,0.0415,0.048666667,Receptor,-166.5387506,0,-5.263786469,8.64E-08,-1.730321351,0.041786439,0,0,0,4.47E-07,0.12528449,0
B,HMDB0000277,Sphingosine 1-phosphate,T,S1PR2,0.000303276,0.0415,0.024,Receptor,-166.2031574,0,-5.253179384,9.13E-08,-1.730321351,0.041786439,0,0,0,4.72E-07,0.12528449,0
B,HMDB0000277,Sphingosine 1-phosphate,Mast,S1PR2,0.000317758,0.0415,0.025251076,Receptor,-160.2077646,0,-5.06368314,2.45E-07,-1.730321351,0.041786439,0,0,0,1.22E-06,0.12528449,0
B,HMDB0000277,Sphingosine 1-phosphate,B,S1PR2,0.000622489,0.0415,0.049666667,Receptor,-169.6714206,0,-5.362800698,5.09E-08,-1.730321351,0.041786439,0,0,0,2.68E-07,0.12528449,0
B,HMDB0000277,Sphingosine 1-phosphate,Fibro,S1PR2,0.001398941,0.0415,0.169300226,Receptor,-171.2951911,0,-5.414123176,3.86E-08,-1.730321351,0.041786439,0,0,0,2.05E-07,0.12528449,0
Fibro,HMDB0000277,Sphingosine 1-phosphate,Fibro,S1PR2,0.04170147,0.155079007,0.169300226,Receptor,-393.9494446,0,-12.45155106,1.73E-33,-1.730321351,0.041786439,0,0,0,2.24E-32,0.12528449,0
pDC,HMDB0000277,Sphingosine 1-phosphate,T,S1PR2,0.044185287,0.174216028,0.024,Receptor,-182.4099671,0,-5.765427645,5.42E-09,-1.730321351,0.041786439,0,0,0,3.07E-08,0.12528449,0
Fibro,HMDB0000277,Sphingosine 1-phosphate,Oligo,S1PR2,0.006106855,0.155079007,0.019847328,Receptor,-133.573377,0,-4.221850662,1.32E-05,-1.730321351,0.041786439,0,0,0,5.62E-05,0.12528449,0
Myeloid,HMDB0000053,Androstenedione,Fibro,AR,0.12815854,0.423833333,0.13972912,Nuclear Receptor,-1826.574752,0,-57.73250628,8.18e-321,-1.730321351,0.041786439,0,0,0,8.28182e-319,0.12528449,0
Mast,HMDB0000053,Androstenedione,Fibro,AR,0.050509254,0.119942611,0.13972912,Nuclear Receptor,-503.791971,0,-15.92334127,2.40E-51,-1.730321351,0.041786439,0,0,0,4.04E-50,0.12528449,0
Fibro,HMDB0000285,Uridine triphosphate,Fibro,P2RY11,0.007424717,0.558465011,0.013318284,Receptor,-372.2269899,0,-11.76496993,2.55E-30,-1.730321351,0.041786439,0,0,0,3.13E-29,0.12528449,0
Myeloid,HMDB0003550,Calcidiol,Myeloid,VDR,0.021813944,0.031333333,0.125833333,Nuclear Receptor,-172.1867203,0,-5.442301718,3.31E-08,-1.730321351,0.041786439,0,0,0,1.77E-07,0.12528449,0
Endo,HMDB0000053,Androstenedione,pDC,AR,0.060139375,0.289036545,0.068524971,Nuclear Receptor,-284.9187917,0,-9.005421713,5.32E-19,-1.730321351,0.041786439,0,0,0,4.89E-18,0.12528449,0
pDC,HMDB0000053,Androstenedione,Endo,AR,0.029598011,0.282229965,0.032273374,Nuclear Receptor,-108.4419144,0,-3.4275211,0.000316979,-1.730321351,0.041786439,0,0,0,0.001166427,0.12528449,0
Endo,HMDB0000053,Androstenedione,Endo,AR,0.037758674,0.289036545,0.032273374,Nuclear Receptor,-198.2602457,0,-6.266407039,2.74E-10,-1.730321351,0.041786439,0,0,0,1.69E-09,0.12528449,0
Myeloid,HMDB0000053,Androstenedione,Endo,AR,0.041238234,0.423833333,0.032273374,Nuclear Receptor,-243.1329001,0,-7.684695997,1.83E-14,-1.730321351,0.041786439,0,0,0,1.41E-13,0.12528449,0
Endo,HMDB0000053,Androstenedione,Fibro,AR,0.117344901,0.289036545,0.13972912,Nuclear Receptor,-1541.258177,0,-48.71451186,1.88E-266,-1.730321351,0.041786439,0,0,0,1.44E-264,0.12528449,0
B,HMDB0003550,Calcidiol,Epi,VDR,0.043026137,0.021333333,0.163666667,Nuclear Receptor,-610.0215223,0,-19.28093626,5.69E-71,-1.730321351,0.041786439,0,0,0,1.24E-69,0.12528449,0
Fibro,HMDB0000053,Androstenedione,Endo,AR,0.041836144,0.384875847,0.032273374,Nuclear Receptor,-249.0026189,0,-7.870220065,4.59E-15,-1.730321351,0.041786439,0,0,0,3.64E-14,0.12528449,0
Fibro,HMDB0000285,Uridine triphosphate,B,P2RY11,0.012605752,0.558465011,0.0115,Receptor,-528.271846,0,-16.69707612,1.09E-55,-1.730321351,0.041786439,0,0,0,1.94E-54,0.12528449,0
Epi,HMDB0000285,Uridine triphosphate,Endo,P2RY11,0.012634111,0.570666667,0.011390603,Receptor,-444.737005,0,-14.05679232,2.18E-41,-1.730321351,0.041786439,0,0,0,3.21E-40,0.12528449,0
Fibro,HMDB0000285,Uridine triphosphate,Epi,P2RY11,0.012942956,0.558465011,0.027,Receptor,-511.3872184,0,-16.16340408,1.11E-52,-1.730321351,0.041786439,0,0,0,1.90E-51,0.12528449,0
pDC,HMDB0000277,Sphingosine 1-phosphate,Mast,S1PR2,0.046295304,0.174216028,0.025251076,Receptor,-186.9846004,0,-5.910017975,2.34E-09,-1.730321351,0.041786439,0,0,0,1.36E-08,0.12528449,0
Endo,HMDB0000277,Sphingosine 1-phosphate,Oligo,S1PR2,0.051562255,0.202183199,0.019847328,Receptor,-276.0160416,0,-8.724032694,5.53E-18,-1.730321351,0.041786439,0,0,0,4.88E-17,0.12528449,0
pDC,HMDB0000277,Sphingosine 1-phosphate,Myeloid,S1PR2,0.055962502,0.174216028,0.059333333,Receptor,-214.7029652,0,-6.786111695,9.86E-12,-1.730321351,0.041786439,0,0,0,6.53E-11,0.12528449,0
Fibro,HMDB0000043,Betaine,Fibro,SLC6A12,0.028511043,0.177426637,0.010158014,Transporter,-836.4334641,0,-26.43713331,1.71E-117,-1.730321351,0.041786439,0,0,0,5.44E-116,0.12528449,0
Myeloid,HMDB0001085,Leukotriene B4,Endo,PPARA,0.688243951,0.582,0.03986711,Nuclear Receptor,-583.6438169,0,-18.44721673,6.38E-66,-1.730321351,0.041786439,0,0,0,1.31E-64,0.12528449,0
Epi,HMDB0000641,L-Glutamine,Fibro,SLC38A2,1.633259689,0.5595,0.478555305,Transporter,-586.9270755,0,-18.55099061,1.52E-66,-1.730321351,0.041786439,0,0,0,3.16E-65,0.12528449,0
Fibro,HMDB0000641,L-Glutamine,Fibro,SLC38A2,1.807913107,0.548758465,0.478555305,Transporter,-683.664895,0,-21.60858065,1.44E-85,-1.730321351,0.041786439,0,0,0,3.60E-84,0.12528449,0
Oligo,HMDB0000641,L-Glutamine,Mast,SLC38A2,1.843400934,0.850381679,0.118220947,Transporter,-373.6825257,0,-11.81097502,1.58E-30,-1.730321351,0.041786439,0,0,0,1.95E-29,0.12528449,0
Myeloid,HMDB0000641,L-Glutamine,T,SLC38A2,1.926365865,0.850333333,0.137166667,Transporter,-1004.268061,0,-31.74187757,9.11E-154,-1.730321351,0.041786439,0,0,0,3.67E-152,0.12528449,0
Myeloid,HMDB0000641,L-Glutamine,Endo,SLC38A2,3.854694428,0.850333333,0.304224015,Transporter,-2036.630105,0,-64.371721,0,-1.730321351,0.041786439,0,0,0,0,0.12528449,0
Myeloid,HMDB0000043,Betaine,Oligo,SLC6A12,0.020558302,0.038333333,0.033587786,Transporter,-219.8937598,0,-6.950177023,3.29E-12,-1.730321351,0.041786439,0,0,0,2.24E-11,0.12528449,0
Oligo,HMDB0000043,Betaine,Fibro,SLC6A12,0.027393507,0.138931298,0.010158014,Transporter,-597.153439,0,-18.87421505,1.70E-68,-1.730321351,0.041786439,0,0,0,3.61E-67,0.12528449,0
pDC,HMDB0001085,Leukotriene B4,pDC,PPARA,0.582998087,0.260162602,0.097560976,Nuclear Receptor,-268.2862364,0,-8.479716921,4.02E-17,-1.730321351,0.041786439,0,0,0,3.41E-16,0.12528449,0
Epi,HMDB0000043,Betaine,Myeloid,SLC6A12,0.038903381,0.143666667,0.035833333,Transporter,-1514.279843,0,-47.86180827,4.36E-261,-1.730321351,0.041786439,0,0,0,3.24E-259,0.12528449,0
Fibro,HMDB0001085,Leukotriene B4,pDC,PPARA,0.396927354,0.214446953,0.097560976,Nuclear Receptor,-135.6836933,0,-4.288551383,9.86E-06,-1.730321351,0.041786439,0,0,0,4.26E-05,0.12528449,0
Endo,HMDB0001085,Leukotriene B4,pDC,PPARA,0.421125757,0.179401993,0.097560976,Nuclear Receptor,-151.7819851,0,-4.797369721,9.26E-07,-1.730321351,0.041786439,0,0,0,4.42E-06,0.12528449,0
Myeloid,HMDB0001085,Leukotriene B4,T,PPARA,0.294621084,0.582,0.014833333,Nuclear Receptor,-154.5548417,0,-4.885011337,6.02E-07,-1.730321351,0.041786439,0,0,0,2.91E-06,0.12528449,0
Epi,HMDB0001085,Leukotriene B4,Epi,PPARA,0.537837527,0.4405,0.1065,Nuclear Receptor,-640.1747871,0,-20.23398981,7.25E-77,-1.730321351,0.041786439,0,0,0,1.67E-75,0.12528449,0
Endo,HMDB0000277,Sphingosine 1-phosphate,T,S1PR2,0.076331483,0.202183199,0.024,Receptor,-432.1214166,0,-13.6580517,2.30E-39,-1.730321351,0.041786439,0,0,0,3.31E-38,0.12528449,0
Myeloid,HMDB0000043,Betaine,Myeloid,SLC6A12,0.010951784,0.038333333,0.035833333,Transporter,-278.2781381,0,-8.795530729,3.07E-18,-1.730321351,0.041786439,0,0,0,2.74E-17,0.12528449,0
Oligo,HMDB0000641,L-Glutamine,Endo,SLC38A2,4.351459798,0.850381679,0.304224015,Transporter,-1409.664407,0,-44.55523059,6.28E-240,-1.730321351,0.041786439,0,0,0,4.13E-238,0.12528449,0
Myeloid,HMDB0003550,Calcidiol,Epi,VDR,0.02383583,0.031333333,0.163666667,Nuclear Receptor,-214.5813377,0,-6.78226742,1.01E-11,-1.730321351,0.041786439,0,0,0,6.69E-11,0.12528449,0
Oligo,HMDB0003550,Calcidiol,Myeloid,VDR,0.026485453,0.025954198,0.125833333,Nuclear Receptor,-101.7986586,0,-3.217547867,0.000667248,-1.730321351,0.041786439,0,0,0,0.002375085,0.12528449,0
Oligo,HMDB0003550,Calcidiol,Epi,VDR,0.028940331,0.025954198,0.163666667,Nuclear Receptor,-119.4621751,0,-3.77583823,8.44E-05,-1.730321351,0.041786439,0,0,0,0.000332215,0.12528449,0
Epi,HMDB0003550,Calcidiol,Myeloid,VDR,0.029503039,0.0615,0.125833333,Nuclear Receptor,-353.9980955,0,-11.18880968,9.18E-28,-1.730321351,0.041786439,0,0,0,1.07E-26,0.12528449,0
Mast,HMDB0003550,Calcidiol,Myeloid,VDR,0.030591695,0.017790531,0.125833333,Nuclear Receptor,-291.0541895,0,-9.19934309,1.02E-19,-1.730321351,0.041786439,0,0,0,9.59E-19,0.12528449,0
Mast,HMDB0003550,Calcidiol,Epi,VDR,0.033427172,0.017790531,0.163666667,Nuclear Receptor,-346.6101258,0,-10.9552983,9.35E-27,-1.730321351,0.041786439,0,0,0,1.06E-25,0.12528449,0
Fibro,HMDB0000277,Sphingosine 1-phosphate,Myeloid,S1PR2,0.011450089,0.155079007,0.059333333,Receptor,-211.9600007,0,-6.699414881,1.74E-11,-1.730321351,0.041786439,0,0,0,1.14E-10,0.12528449,0
Mast,HMDB0000641,L-Glutamine,Endo,SLC38A2,3.897952446,0.810329986,0.304224015,Transporter,-1871.188538,0,-59.14261321,0,-1.730321351,0.041786439,0,0,0,0,0.12528449,0
Fibro,HMDB0003550,Calcidiol,Epi,VDR,0.021209524,0.025733634,0.163666667,Nuclear Receptor,-138.753557,0,-4.385580493,6.40E-06,-1.730321351,0.041786439,0,0,0,2.81E-05,0.12528449,0
Myeloid,HMDB0000641,L-Glutamine,Fibro,SLC38A2,5.354998399,0.850333333,0.478555305,Transporter,-4008.950665,0,-126.7108117,0,-1.730321351,0.041786439,0,0,0,0,0.12528449,0
Mast,HMDB0000641,L-Glutamine,Fibro,SLC38A2,5.415501005,0.810329986,0.478555305,Transporter,-3646.925233,0,-115.2682822,0,-1.730321351,0.041786439,0,0,0,0,0.12528449,0
Mast,HMDB0000641,L-Glutamine,NK,SLC38A2,2.640927118,0.810329986,0.16,Transporter,-1466.201815,0,-46.34220715,1.97E-251,-1.730321351,0.041786439,0,0,0,1.37E-249,0.12528449,0
Myeloid,HMDB0000641,L-Glutamine,Myeloid,SLC38A2,2.798390934,0.850333333,0.327166667,Transporter,-1796.062166,0,-56.76809568,3.27960232e-315,-1.730321351,0.041786439,0,0,0,3.2404428917e-313,0.12528449,0
Mast,HMDB0000641,L-Glutamine,Myeloid,SLC38A2,2.830027705,0.810329986,0.327166667,Transporter,-1622.642659,0,-51.28682931,2.09E-282,-1.730321351,0.041786439,0,0,0,1.74E-280,0.12528449,0
Mast,HMDB0000641,L-Glutamine,Epi,SLC38A2,3.43472866,0.810329986,0.391333333,Transporter,-2197.552908,0,-69.45800436,0,-1.730321351,0.041786439,0,0,0,0,0.12528449,0
B,HMDB0001085,Leukotriene B4,pDC,PPARA,0.578128968,0.193833333,0.097560976,Nuclear Receptor,-277.3210637,0,-8.765280501,3.94E-18,-1.730321351,0.041786439,0,0,0,3.50E-17,0.12528449,0
pDC,HMDB0000277,Sphingosine 1-phosphate,Fibro,S1PR3,0.145325973,0.174216028,0.112189616,Receptor,-1389.949216,0,-43.932093,7.01E-236,-1.730321351,0.041786439,0,0,0,4.54E-234,0.12528449,0
Oligo,HMDB0001999,Eicosapentaenoic acid,Myeloid,FFAR4,0.368391604,0.33740458,0.211833333,Receptor,-3636.053735,0,-114.924667,0,-1.730321351,0.041786439,0,0,0,0,0.12528449,0
Mast,HMDB0001999,Eicosapentaenoic acid,Myeloid,FFAR4,0.482536455,0.340602582,0.211833333,Receptor,-6769.23278,0,-213.9549852,0,-1.730321351,0.041786439,0,0,0,0,0.12528449,0
T,HMDB0001999,Eicosapentaenoic acid,Myeloid,FFAR4,0.066410097,0.057666667,0.211833333,Receptor,-683.5327646,0,-21.60440441,1.53E-85,-1.730321351,0.041786439,0,0,0,3.82E-84,0.12528449,0
Endo,HMDB0001999,Eicosapentaenoic acid,Myeloid,FFAR4,0.096227765,0.102515425,0.211833333,Receptor,-982.7894554,0,-31.06300378,4.20E-149,-1.730321351,0.041786439,0,0,0,1.64E-147,0.12528449,0
Fibro,HMDB0001999,Eicosapentaenoic acid,Myeloid,FFAR4,0.107842414,0.142889391,0.211833333,Receptor,-1307.602978,0,-41.32937732,8.84E-219,-1.730321351,0.041786439,0,0,0,5.26E-217,0.12528449,0
Fibro,HMDB0000277,Sphingosine 1-phosphate,Fibro,S1PR3,0.029734113,0.155079007,0.112189616,Receptor,-682.8692993,0,-21.58343428,2.08E-85,-1.730321351,0.041786439,0,0,0,5.18E-84,0.12528449,0
Endo,HMDB0000277,Sphingosine 1-phosphate,pDC,S1PR2,0.026676139,0.202183199,0.012775842,Receptor,-186.5173402,0,-5.895249294,2.56E-09,-1.730321351,0.041786439,0,0,0,1.48E-08,0.12528449,0
Endo,HMDB0000277,Sphingosine 1-phosphate,Fibro,S1PR3,0.251055224,0.202183199,0.112189616,Receptor,-3576.825394,0,-113.0526382,0,-1.730321351,0.041786439,0,0,0,0,0.12528449,0
Myeloid,HMDB0001999,Eicosapentaenoic acid,Myeloid,FFAR4,0.336292247,0.348666667,0.211833333,Receptor,-4736.15666,0,-149.6955949,0,-1.730321351,0.041786439,0,0,0,0,0.12528449,0
Endo,HMDB0003550,Calcidiol,Epi,VDR,0.035127129,0.022781206,0.163666667,Nuclear Receptor,-284.3988151,0,-8.988986825,6.11E-19,-1.730321351,0.041786439,0,0,0,5.60E-18,0.12528449,0
NK,HMDB0003550,Calcidiol,Myeloid,VDR,0.038100762,0.018333333,0.125833333,Nuclear Receptor,-514.0722953,0,-16.24827125,3.72E-53,-1.730321351,0.041786439,0,0,0,6.39E-52,0.12528449,0
T,HMDB0003550,Calcidiol,Myeloid,VDR,0.039327533,0.023166667,0.125833333,Nuclear Receptor,-547.5479491,0,-17.30633547,3.43E-59,-1.730321351,0.041786439,0,0,0,6.41E-58,0.12528449,0
B,HMDB0003550,Calcidiol,Myeloid,VDR,0.039376423,0.021333333,0.125833333,Nuclear Receptor,-576.8315457,0,-18.23190143,1.23E-64,-1.730321351,0.041786439,0,0,0,2.50E-63,0.12528449,0
Mast,HMDB0000145,Estrone,Fibro,ESR1,0.265604613,0.57733142,0.079458239,Receptor,-1836.198496,0,-58.03668376,1.43e-322,-1.730321351,0.041786439,0,0,0,1.4773e-320,0.12528449,0
Myeloid,HMDB0001903,Calcitriol,Epi,VDR,0.019616174,0.012833333,0.163666667,Nuclear Receptor,-656.2162519,0,-20.74101202,4.75E-80,-1.730321351,0.041786439,0,0,0,1.13E-78,0.12528449,0
Fibro,HMDB0001903,Calcitriol,Fibro,VDR,0.006096141,0.011738149,0.072009029,Nuclear Receptor,-123.6026455,0,-3.906705981,4.99E-05,-1.730321351,0.041786439,0,0,0,0.00020081,0.12528449,0
B,HMDB0000277,Sphingosine 1-phosphate,B,S1PR1,0.000594578,0.0415,0.046666667,Receptor,-168.1352981,0,-5.314248512,6.60E-08,-1.730321351,0.041786439,0,0,0,3.44E-07,0.12528449,0
Endo,HMDB0000277,Sphingosine 1-phosphate,Fibro,S1PR1,0.065892152,0.202183199,0.026410835,Receptor,-314.7683699,0,-9.948876647,1.33E-22,-1.730321351,0.041786439,0,0,0,1.35E-21,0.12528449,0
pDC,HMDB0000277,Sphingosine 1-phosphate,B,S1PR1,0.086626195,0.174216028,0.046666667,Receptor,-246.1867357,0,-7.781218509,8.93E-15,-1.730321351,0.041786439,0,0,0,7.00E-14,0.12528449,0
pDC,HMDB0000277,Sphingosine 1-phosphate,NK,S1PR1,0.100824386,0.174216028,0.0495,Receptor,-273.619195,0,-8.64827562,1.03E-17,-1.730321351,0.041786439,0,0,0,8.96E-17,0.12528449,0
pDC,HMDB0000277,Sphingosine 1-phosphate,T,S1PR1,0.109434374,0.174216028,0.0635,Receptor,-293.7233203,0,-9.283706246,4.95E-20,-1.730321351,0.041786439,0,0,0,4.68E-19,0.12528449,0
Fibro,HMDB0000277,Sphingosine 1-phosphate,Endo,S1PR1,0.12341581,0.155079007,0.355007119,Receptor,-685.7847597,0,-21.67558317,5.35E-86,-1.730321351,0.041786439,0,0,0,1.35E-84,0.12528449,0
Endo,HMDB0000277,Sphingosine 1-phosphate,B,S1PR1,0.149649498,0.202183199,0.046666667,Receptor,-600.4120462,0,-18.97720977,4.04E-69,-1.730321351,0.041786439,0,0,0,8.61E-68,0.12528449,0
Myeloid,HMDB0002369,9-cis-Retinoic acid,Myeloid,VDR,0.394673747,0.360333333,0.125833333,Nuclear Receptor,-1657.856016,0,-52.39981707,3.37E-289,-1.730321351,0.041786439,0,0,0,2.89E-287,0.12528449,0
Myeloid,HMDB0002369,9-cis-Retinoic acid,Epi,VDR,0.431255186,0.360333333,0.163666667,Nuclear Receptor,-1797.586046,0,-56.81626092,1.717098986e-315,-1.730321351,0.041786439,0,0,0,1.7016759416e-313,0.12528449,0
Myeloid,HMDB0001903,Calcitriol,Fibro,VDR,0.009380991,0.012833333,0.072009029,Nuclear Receptor,-272.0030736,0,-8.597194907,1.56E-17,-1.730321351,0.041786439,0,0,0,1.35E-16,0.12528449,0
Fibro,HMDB0000277,Sphingosine 1-phosphate,B,S1PR1,0.017723969,0.155079007,0.046666667,Receptor,-222.1721434,0,-7.022189839,2.02E-12,-1.730321351,0.041786439,0,0,0,1.39E-11,0.12528449,0
Fibro,HMDB0000277,Sphingosine 1-phosphate,NK,S1PR1,0.02062896,0.155079007,0.0495,Receptor,-237.5854918,0,-7.509359188,6.57E-14,-1.730321351,0.041786439,0,0,0,4.92E-13,0.12528449,0
Fibro,HMDB0000277,Sphingosine 1-phosphate,T,S1PR1,0.022390588,0.155079007,0.0635,Receptor,-244.4019607,0,-7.724807165,1.36E-14,-1.730321351,0.041786439,0,0,0,1.06E-13,0.12528449,0
pDC,HMDB0000277,Sphingosine 1-phosphate,Mast,S1PR1,0.029549059,0.174216028,0.018077475,Receptor,-122.8420781,0,-3.882666744,5.51E-05,-1.730321351,0.041786439,0,0,0,0.000220557,0.12528449,0
Endo,HMDB0000277,Sphingosine 1-phosphate,Myeloid,S1PR1,0.033052631,0.202183199,0.019833333,Receptor,-203.3709526,0,-6.427941034,1.00E-10,-1.730321351,0.041786439,0,0,0,6.29E-10,0.12528449,0
NK,HMDB0003550,Calcidiol,Epi,VDR,0.041632238,0.018333333,0.163666667,Nuclear Receptor,-596.1442374,0,-18.84231724,2.66E-68,-1.730321351,0.041786439,0,0,0,5.60E-67,0.12528449,0
pDC,HMDB0001999,Eicosapentaenoic acid,Myeloid,FFAR4,0.154956944,0.166085947,0.211833333,Receptor,-1476.496194,0,-46.66758133,1.65E-253,-1.730321351,0.041786439,0,0,0,1.18E-251,0.12528449,0
B,HMDB0000277,Sphingosine 1-phosphate,NK,S1PR2,0.000233917,0.0415,0.016333333,Receptor,-164.861737,0,-5.21078114,1.14E-07,-1.730321351,0.041786439,0,0,0,5.85E-07,0.12528449,0
T,HMDB0003550,Calcidiol,Fibro,VDR,0.020550729,0.023166667,0.072009029,Nuclear Receptor,-140.5356436,0,-4.441906863,4.96E-06,-1.730321351,0.041786439,0,0,0,2.21E-05,0.12528449,0
B,HMDB0003550,Calcidiol,Fibro,VDR,0.020576276,0.021333333,0.072009029,Nuclear Receptor,-143.7628226,0,-4.543908237,3.10E-06,-1.730321351,0.041786439,0,0,0,1.41E-05,0.12528449,0
T,HMDB0003550,Calcidiol,Epi,VDR,0.042972716,0.023166667,0.163666667,Nuclear Receptor,-608.3030493,0,-19.22662053,1.22E-70,-1.730321351,0.041786439,0,0,0,2.64E-69,0.12528449,0
Epi,HMDB0000285,Uridine triphosphate,Fibro,P2RY11,0.009353428,0.570666667,0.013318284,Receptor,-462.146492,0,-14.60705357,3.05E-44,-1.730321351,0.041786439,0,0,0,4.67E-43,0.12528449,0
Fibro,HMDB0000285,Uridine triphosphate,Endo,P2RY11,0.010028911,0.558465011,0.011390603,Receptor,-361.6886704,0,-11.43188551,7.88E-29,-1.730321351,0.041786439,0,0,0,9.37E-28,0.12528449,0
B,HMDB0000277,Sphingosine 1-phosphate,Fibro,S1PR3,0.000997477,0.0415,0.112189616,Receptor,-166.1965954,0,-5.252971978,9.14E-08,-1.730321351,0.041786439,0,0,0,4.72E-07,0.12528449,0
B,HMDB0000277,Sphingosine 1-phosphate,pDC,S1PR2,0.000105988,0.0415,0.012775842,Receptor,-129.0528398,0,-4.078970147,2.44E-05,-1.730321351,0.041786439,0,0,0,0.00010112,0.12528449,0
B,HMDB0000277,Sphingosine 1-phosphate,Oligo,S1PR2,0.000204864,0.0415,0.019847328,Receptor,-117.6197357,0,-3.717604289,0.000106148,-1.730321351,0.041786439,0,0,0,0.000414036,0.12528449,0
NK,HMDB0003550,Calcidiol,Fibro,VDR,0.019909676,0.018333333,0.072009029,Nuclear Receptor,-130.3910404,0,-4.121266623,2.04E-05,-1.730321351,0.041786439,0,0,0,8.52E-05,0.12528449,0
Myeloid,HMDB0001852,all-trans-Retinoic acid,Mast,RARA,0.788301651,0.360333333,0.136011478,Nuclear Receptor,-981.1622955,0,-31.01157417,9.48E-149,-1.730321351,0.041786439,0,0,0,3.69E-147,0.12528449,0
Mast,HMDB0001852,all-trans-Retinoic acid,Fibro,RARA,0.836248346,0.307890961,0.189164786,Nuclear Receptor,-1079.203648,0,-34.11036494,5.08E-170,-1.730321351,0.041786439,0,0,0,2.27E-168,0.12528449,0
NK,HMDB0000053,Androstenedione,pDC,AR,0.043563069,0.165,0.068524971,Nuclear Receptor,-171.0747778,0,-5.407156579,4.01E-08,-1.730321351,0.041786439,0,0,0,2.13E-07,0.12528449,0
Epi,HMDB0000053,Androstenedione,Epi,AR,0.044939846,0.645333333,0.033166667,Nuclear Receptor,-488.1350412,0,-15.42847305,1.24E-48,-1.730321351,0.041786439,0,0,0,2.02E-47,0.12528449,0
pDC,HMDB0000053,Androstenedione,pDC,AR,0.047141642,0.282229965,0.068524971,Nuclear Receptor,-187.9662922,0,-5.941046287,1.95E-09,-1.730321351,0.041786439,0,0,0,1.14E-08,0.12528449,0
T,HMDB0000053,Androstenedione,Fibro,AR,0.048665671,0.111,0.13972912,Nuclear Receptor,-489.8654221,0,-15.48316516,6.27E-49,-1.730321351,0.041786439,0,0,0,1.02E-47,0.12528449,0
Oligo,HMDB0000053,Androstenedione,Endo,AR,0.050180314,0.386259542,0.032273374,Nuclear Receptor,-314.4676038,0,-9.939370339,1.46E-22,-1.730321351,0.041786439,0,0,0,1.47E-21,0.12528449,0
Fibro,HMDB0002369,9-cis-Retinoic acid,Epi,VDR,0.717016358,0.441309255,0.163666667,Nuclear Receptor,-3163.009762,0,-99.97317698,0,-1.730321351,0.041786439,0,0,0,0,0.12528449,0
Fibro,HMDB0001903,Calcitriol,Myeloid,VDR,0.011666068,0.011738149,0.125833333,Nuclear Receptor,-301.4485639,0,-9.527877844,5.86E-21,-1.730321351,0.041786439,0,0,0,5.69E-20,0.12528449,0
Fibro,HMDB0001903,Calcitriol,Epi,VDR,0.01274737,0.011738149,0.163666667,Nuclear Receptor,-334.3910273,0,-10.56908953,4.00E-25,-1.730321351,0.041786439,0,0,0,4.38E-24,0.12528449,0
Myeloid,HMDB0001903,Calcitriol,Myeloid,VDR,0.017952222,0.012833333,0.125833333,Nuclear Receptor,-597.4600373,0,-18.88390569,1.49E-68,-1.730321351,0.041786439,0,0,0,3.16E-67,0.12528449,0
NK,HMDB0000145,Estrone,Fibro,ESR1,0.127112182,0.311333333,0.079458239,Receptor,-747.1596626,0,-23.61545832,1.26E-98,-1.730321351,0.041786439,0,0,0,3.57E-97,0.12528449,0
Epi,HMDB0000053,Androstenedione,pDC,AR,0.162892599,0.645333333,0.068524971,Nuclear Receptor,-1018.829484,0,-32.20212013,6.28E-157,-1.730321351,0.041786439,0,0,0,2.59E-155,0.12528449,0
Myeloid,HMDB0000121,Folic acid,Epi,FOLR1,0.433435117,0.118666667,0.3875,Transporter,-2519.159033,0,-79.62300177,0,-1.730321351,0.041786439,0,0,0,0,0.12528449,0
Mast,HMDB0000145,Estrone,Epi,ESR1,0.060405268,0.57733142,0.028666667,Receptor,-270.3562928,0,-8.545145146,2.37E-17,-1.730321351,0.041786439,0,0,0,2.03E-16,0.12528449,0
B,HMDB0000145,Estrone,Fibro,ESR1,0.124246868,0.3445,0.079458239,Receptor,-726.019447,0,-22.94728001,3.08E-94,-1.730321351,0.041786439,0,0,0,8.37E-93,0.12528449,0
pDC,HMDB0000043,Betaine,Oligo,SLC6A12,0.016560134,0.020905923,0.033587786,Transporter,-159.3994553,0,-5.038134928,2.79E-07,-1.730321351,0.041786439,0,0,0,1.39E-06,0.12528449,0
Fibro,HMDB0000145,Estrone,Fibro,ESR1,0.210711889,0.618735892,0.079458239,Receptor,-1391.924019,0,-43.99451053,2.75E-236,-1.730321351,0.041786439,0,0,0,1.79E-234,0.12528449,0
Endo,HMDB0000145,Estrone,Fibro,ESR1,0.230134831,0.573327005,0.079458239,Receptor,-1546.703307,0,-48.88661596,1.57E-267,-1.730321351,0.041786439,0,0,0,1.21E-265,0.12528449,0
Epi,HMDB0000145,Estrone,Fibro,ESR1,0.264802665,0.684833333,0.079458239,Receptor,-1842.897312,0,-58.24841306,1e-323,-1.730321351,0.041786439,0,0,0,1.03e-321,0.12528449,0
Fibro,HMDB0001852,all-trans-Retinoic acid,NK,RARA,0.452814667,0.441309255,0.042,Nuclear Receptor,-360.3091646,0,-11.3882835,1.23E-28,-1.730321351,0.041786439,0,0,0,1.45E-27,0.12528449,0
Oligo,HMDB0000641,L-Glutamine,Epi,SLC38A2,3.834117476,0.850381679,0.391333333,Transporter,-1323.182849,0,-41.82180996,4.87E-222,-1.730321351,0.041786439,0,0,0,2.96E-220,0.12528449,0
Endo,HMDB0003550,Calcidiol,Myeloid,VDR,0.032147453,0.022781206,0.125833333,Nuclear Receptor,-248.0253413,0,-7.839331273,5.78E-15,-1.730321351,0.041786439,0,0,0,4.57E-14,0.12528449,0
Epi,HMDB0003550,Calcidiol,Epi,VDR,0.032237611,0.0615,0.163666667,Nuclear Receptor,-403.7494792,0,-12.76130053,5.83E-35,-1.730321351,0.041786439,0,0,0,7.77E-34,0.12528449,0
Oligo,HMDB0001220,Prostaglandin E2,NK,PTGER2,4.177280653,0.93129771,0.1745,Receptor,-4000.253674,0,-126.4359261,0,-1.730321351,0.041786439,0,0,0,0,0.12528449,0
Myeloid,HMDB0001220,Prostaglandin E2,T,PTGER2,0.617820054,0.756833333,0.080166667,Receptor,-165.7392159,0,-5.238515596,9.87E-08,-1.730321351,0.041786439,0,0,0,5.08E-07,0.12528449,0
Epi,HMDB0001220,Prostaglandin E2,Myeloid,PTGER2,0.751666312,0.785666667,0.119,Receptor,-357.1512495,0,-11.28847135,3.37E-28,-1.730321351,0.041786439,0,0,0,3.95E-27,0.12528449,0
Epi,HMDB0001220,Prostaglandin E2,Mast,PTGER2,0.755394943,0.785666667,0.082352941,Receptor,-271.9858614,0,-8.596650881,1.56E-17,-1.730321351,0.041786439,0,0,0,1.35E-16,0.12528449,0
Fibro,HMDB0001220,Prostaglandin E2,Myeloid,PTGER2,0.79916269,0.788036117,0.119,Receptor,-417.8355205,0,-13.20651771,4.03E-37,-1.730321351,0.041786439,0,0,0,5.57E-36,0.12528449,0
Oligo,HMDB0000131,Glycerol,Endo,AQP3,0.072950203,0.540458015,0.040816327,Receptor,-319.4669736,0,-10.09738531,3.41E-23,-1.730321351,0.041786439,0,0,0,3.50E-22,0.12528449,0
Epi,HMDB0001085,Leukotriene B4,pDC,PPARA,0.846443599,0.4405,0.097560976,Nuclear Receptor,-483.7636786,0,-15.29030749,6.97E-48,-1.730321351,0.041786439,0,0,0,1.12E-46,0.12528449,0
Endo,HMDB0001852,all-trans-Retinoic acid,Myeloid,RARA,0.632465046,0.2078785,0.283333333,Nuclear Receptor,-591.7899919,0,-18.7046927,1.80E-67,-1.730321351,0.041786439,0,0,0,3.78E-66,0.12528449,0
Mast,HMDB0000641,L-Glutamine,T,SLC38A2,1.948034305,0.810329986,0.137166667,Transporter,-854.3353536,0,-27.00295792,2.50E-121,-1.730321351,0.041786439,0,0,0,8.16E-120,0.12528449,0
Oligo,HMDB0000641,L-Glutamine,NK,SLC38A2,2.948214773,0.850381679,0.16,Transporter,-920.3180344,0,-29.088471,1.48E-135,-1.730321351,0.041786439,0,0,0,5.33E-134,0.12528449,0
Fibro,HMDB0000248,Thyroxine,Epi,THRA,0.044356567,0.088487585,0.133166667,Nuclear Receptor,-1870.340362,0,-59.11580492,0,-1.730321351,0.041786439,0,0,0,0,0.12528449,0
Fibro,HMDB0000248,Thyroxine,Endo,THRA,0.074018209,0.088487585,0.116753678,Nuclear Receptor,-2985.663218,0,-94.36778884,0,-1.730321351,0.041786439,0,0,0,0,0.12528449,0
Fibro,HMDB0000248,Thyroxine,Fibro,THRA,0.095357851,0.088487585,0.204740406,Nuclear Receptor,-4188.726066,0,-132.3929687,0,-1.730321351,0.041786439,0,0,0,0,0.12528449,0
Fibro,HMDB0000248,Thyroxine,Oligo,THRA,0.225537302,0.088487585,0.33740458,Nuclear Receptor,-7847.105139,0,-248.0232721,0,-1.730321351,0.041786439,0,0,0,0,0.12528449,0
Fibro,HMDB0000248,Thyroxine,B,THRA,0.007797716,0.088487585,0.011,Nuclear Receptor,-169.7521827,0,-5.365353343,5.02E-08,-1.730321351,0.041786439,0,0,0,2.65E-07,0.12528449,0
Fibro,HMDB0000248,Thyroxine,Mast,THRA,0.013365548,0.088487585,0.020373027,Nuclear Receptor,-402.0609688,0,-12.70793182,1.05E-34,-1.730321351,0.041786439,0,0,0,1.39E-33,0.12528449,0
T,HMDB0001220,Prostaglandin E2,NK,PTGER2,1.288935285,0.580666667,0.1745,Receptor,-1061.358622,0,-33.54633763,3.73E-166,-1.730321351,0.041786439,0,0,0,1.64E-164,0.12528449,0
Fibro,HMDB0000641,L-Glutamine,Endo,SLC3A2,1.695490139,0.548758465,0.450403417,Transporter,-527.0108866,0,-16.657221,1.83E-55,-1.730321351,0.041786439,0,0,0,3.25E-54,0.12528449,0
Epi,HMDB0001220,Prostaglandin E2,T,PTGER2,0.81105536,0.785666667,0.080166667,Receptor,-423.3867042,0,-13.38197385,5.49E-38,-1.730321351,0.041786439,0,0,0,7.70E-37,0.12528449,0
Myeloid,HMDB0000641,L-Glutamine,pDC,SLC38A2,3.097929856,0.850333333,0.279907085,Transporter,-925.5172965,0,-29.25280396,1.11E-136,-1.730321351,0.041786439,0,0,0,4.04E-135,0.12528449,0
Mast,HMDB0000641,L-Glutamine,pDC,SLC38A2,3.133097203,0.810329986,0.279907085,Transporter,-923.5743958,0,-29.19139474,2.93E-136,-1.730321351,0.041786439,0,0,0,1.06E-134,0.12528449,0
Oligo,HMDB0000641,L-Glutamine,Myeloid,SLC38A2,3.159391338,0.850381679,0.327166667,Transporter,-1024.448531,0,-32.37972122,3.79E-158,-1.730321351,0.041786439,0,0,0,1.58E-156,0.12528449,0
Oligo,HMDB0000641,L-Glutamine,NK,SLC3A2,2.563078806,0.850381679,0.183666667,Transporter,-741.73785,0,-23.44409121,1.70E-97,-1.730321351,0.041786439,0,0,0,4.75E-96,0.12528449,0
Mast,HMDB0000641,L-Glutamine,B,SLC3A2,1.29320418,0.810329986,0.123166667,Transporter,-281.0137849,0,-8.881996254,1.50E-18,-1.730321351,0.041786439,0,0,0,1.35E-17,0.12528449,0
Oligo,HMDB0000641,L-Glutamine,B,SLC3A2,1.443619217,0.850381679,0.123166667,Transporter,-211.5348777,0,-6.685978027,1.90E-11,-1.730321351,0.041786439,0,0,0,1.25E-10,0.12528449,0
Epi,HMDB0000641,L-Glutamine,Endo,SLC3A2,1.53149345,0.5595,0.450403417,Transporter,-398.4741099,0,-12.59456205,3.64E-34,-1.730321351,0.041786439,0,0,0,4.77E-33,0.12528449,0
T,HMDB0001358,Retinal,Epi,STRA6,0.042844893,0.281666667,0.092,Transporter,-1299.826656,0,-41.0835913,3.77E-217,-1.730321351,0.041786439,0,0,0,2.21E-215,0.12528449,0
Epi,HMDB0000641,L-Glutamine,Oligo,SLC38A2,2.011556336,0.5595,0.476335878,Transporter,-402.6084518,0,-12.7252361,8.67E-35,-1.730321351,0.041786439,0,0,0,1.15E-33,0.12528449,0
Oligo,HMDB0000641,L-Glutamine,T,SLC38A2,2.174424682,0.850381679,0.137166667,Transporter,-540.8145203,0,-17.09351214,5.83E-58,-1.730321351,0.041786439,0,0,0,1.07E-56,0.12528449,0
Fibro,HMDB0000641,L-Glutamine,Oligo,SLC38A2,2.226754814,0.548758465,0.476335878,Transporter,-482.8955472,0,-15.26286848,9.81E-48,-1.730321351,0.041786439,0,0,0,1.57E-46,0.12528449,0
Myeloid,HMDB0000641,L-Glutamine,NK,SLC38A2,2.611519974,0.850333333,0.16,Transporter,-1702.311017,0,-53.80490527,1.11E-297,-1.730321351,0.041786439,0,0,0,9.97E-296,0.12528449,0
Fibro,HMDB0000641,L-Glutamine,Epi,SLC38A2,1.146708994,0.548758465,0.391333333,Transporter,-142.6603645,0,-4.509062868,3.64E-06,-1.730321351,0.041786439,0,0,0,1.65E-05,0.12528449,0
Epi,HMDB0000641,L-Glutamine,Endo,SLC38A2,1.175591305,0.5595,0.304224015,Transporter,-121.6167618,0,-3.8439382,6.44E-05,-1.730321351,0.041786439,0,0,0,0.000255883,0.12528449,0
Fibro,HMDB0000641,L-Glutamine,Endo,SLC38A2,1.301366352,0.548758465,0.304224015,Transporter,-202.4087441,0,-6.397528532,1.21E-10,-1.730321351,0.041786439,0,0,0,7.60E-10,0.12528449,0
Epi,HMDB0001547,Corticosterone,Oligo,NR3C1,0.02212728,0.011333333,0.186259542,Nuclear Receptor,-291.5073449,0,-9.213665964,9.05E-20,-1.730321351,0.041786439,0,0,0,8.51E-19,0.12528449,0
Mast,HMDB0000641,L-Glutamine,Fibro,SLC1A5,3.373006401,0.810329986,0.198871332,Transporter,-2263.193148,0,-71.53269392,0,-1.730321351,0.041786439,0,0,0,0,0.12528449,0
Oligo,HMDB0000641,L-Glutamine,Epi,SLC1A5,3.561979645,0.850381679,0.233,Transporter,-1725.971365,0,-54.55273733,3.78E-302,-1.730321351,0.041786439,0,0,0,3.46E-300,0.12528449,0
Oligo,HMDB0000641,L-Glutamine,Fibro,SLC1A5,3.752757845,0.850381679,0.198871332,Transporter,-1775.702115,0,-56.12457602,1.916836960435e-311,-1.730321351,0.041786439,0,0,0,0.00E+00,0.12528449,0
Myeloid,HMDB0000641,L-Glutamine,pDC,SLC1A5,4.795453605,0.850333333,0.2485482,Transporter,-1674.975081,0,-52.94089895,1.77E-292,-1.730321351,0.041786439,0,0,0,1.54E-290,0.12528449,0
Mast,HMDB0000641,L-Glutamine,pDC,SLC1A5,4.856740881,0.810329986,0.2485482,Transporter,-1652.522758,0,-52.23124892,3.56E-288,-1.730321351,0.041786439,0,0,0,3.03E-286,0.12528449,0
Epi,HMDB0001547,Corticosterone,pDC,NR3C1,0.0942033,0.011333333,0.574912892,Nuclear Receptor,-444.7997453,0,-14.05877535,2.13E-41,-1.730321351,0.041786439,0,0,0,3.14E-40,0.12528449,0
Myeloid,HMDB0000641,L-Glutamine,NK,SLC3A2,2.270499273,0.850333333,0.183666667,Transporter,-1480.01026,0,-46.77865035,3.23E-254,-1.730321351,0.041786439,0,0,0,2.34E-252,0.12528449,0
Mast,HMDB0000641,L-Glutamine,NK,SLC3A2,2.296163478,0.810329986,0.183666667,Transporter,-1289.471524,0,-40.75629688,5.64E-215,-1.730321351,0.041786439,0,0,0,3.25E-213,0.12528449,0
Epi,HMDB0001547,Corticosterone,B,NR3C1,0.030148157,0.011333333,0.198833333,Nuclear Receptor,-391.948758,0,-12.3883154,3.43E-33,-1.730321351,0.041786439,0,0,0,4.41E-32,0.12528449,0
Epi,HMDB0001547,Corticosterone,Mast,NR3C1,0.03072667,0.011333333,0.200286944,Nuclear Receptor,-379.4906979,0,-11.99455378,2.30E-31,-1.730321351,0.041786439,0,0,0,2.88E-30,0.12528449,0
Epi,HMDB0001547,Corticosterone,Myeloid,NR3C1,0.034031931,0.011333333,0.376333333,Nuclear Receptor,-390.7731895,0,-12.35115924,5.12E-33,-1.730321351,0.041786439,0,0,0,6.56E-32,0.12528449,0
Epi,HMDB0001547,Corticosterone,NK,NR3C1,0.037743854,0.011333333,0.209333333,Nuclear Receptor,-400.311322,0,-12.65263077,1.93E-34,-1.730321351,0.041786439,0,0,0,2.54E-33,0.12528449,0
Epi,HMDB0001547,Corticosterone,Fibro,NR3C1,0.043933522,0.011333333,0.383972912,Nuclear Receptor,-414.5157817,0,-13.1015908,1.31E-36,-1.730321351,0.041786439,0,0,0,1.80E-35,0.12528449,0
Epi,HMDB0001547,Corticosterone,Endo,NR3C1,0.04523898,0.011333333,0.317513052,Nuclear Receptor,-393.4010427,0,-12.43421773,2.09E-33,-1.730321351,0.041786439,0,0,0,2.70E-32,0.12528449,0
Myeloid,HMDB0001085,Leukotriene B4,pDC,PPARA,1.724208648,0.582,0.097560976,Nuclear Receptor,-1167.856236,0,-36.91240527,3.92E-189,-1.730321351,0.041786439,0,0,0,1.98E-187,0.12528449,0
Myeloid,HMDB0001085,Leukotriene B4,NK,PPARA,0.443883198,0.582,0.0165,Nuclear Receptor,-447.6266131,0,-14.14812409,7.41E-42,-1.730321351,0.041786439,0,0,0,1.10E-40,0.12528449,0
B,HMDB0001220,Prostaglandin E2,NK,PTGER4,1.23580269,0.487666667,0.230166667,Receptor,-234.0068121,0,-7.396247943,1.48E-13,-1.730321351,0.041786439,0,0,0,1.09E-12,0.12528449,0
Oligo,HMDB0001358,Retinal,Fibro,STRA6,0.047488933,0.432061069,0.057336343,Transporter,-572.9326453,0,-18.10866898,6.68E-64,-1.730321351,0.041786439,0,0,0,1.33E-62,0.12528449,0
Oligo,HMDB0000131,Glycerol,Epi,AQP3,1.108298259,0.540458015,0.495,Receptor,-1193.293326,0,-37.71639478,1.40E-194,-1.730321351,0.041786439,0,0,0,7.25E-193,0.12528449,0
Oligo,HMDB0001358,Retinal,Epi,STRA6,0.060409455,0.432061069,0.092,Transporter,-725.6691363,0,-22.93620775,3.64E-94,-1.730321351,0.041786439,0,0,0,9.88E-93,0.12528449,0
Epi,HMDB0001358,Retinal,Epi,STRA6,0.07276562,0.596333333,0.092,Transporter,-2122.272047,0,-67.07860392,0,-1.730321351,0.041786439,0,0,0,0,0.12528449,0
Oligo,HMDB0000131,Glycerol,Mast,AQP3,0.172076236,0.540458015,0.077187948,Receptor,-422.4109722,0,-13.35113391,7.80E-38,-1.730321351,0.041786439,0,0,0,1.09E-36,0.12528449,0
Oligo,HMDB0000131,Glycerol,pDC,AQP3,0.187552807,0.540458015,0.112659698,Receptor,-365.7121468,0,-11.55905544,2.14E-29,-1.730321351,0.041786439,0,0,0,2.58E-28,0.12528449,0
Oligo,HMDB0000131,Glycerol,Fibro,AQP3,0.236958039,0.540458015,0.135891648,Receptor,-477.2872688,0,-15.08560776,8.81E-47,-1.730321351,0.041786439,0,0,0,1.40E-45,0.12528449,0
Oligo,HMDB0000131,Glycerol,NK,AQP3,0.102129515,0.540458015,0.0395,Receptor,-379.3250639,0,-11.98931859,2.43E-31,-1.730321351,0.041786439,0,0,0,3.04E-30,0.12528449,0
Fibro,HMDB0000043,Betaine,Myeloid,SLC6A12,0.063039855,0.177426637,0.035833333,Transporter,-2433.12173,0,-76.90362272,0,-1.730321351,0.041786439,0,0,0,0,0.12528449,0
NK,HMDB0001220,Prostaglandin E2,NK,PTGER4,1.244538638,0.448166667,0.230166667,Receptor,-252.7469374,0,-7.988566652,1.87E-15,-1.730321351,0.041786439,0,0,0,1.51E-14,0.12528449,0
B,HMDB0001358,Retinal,Fibro,STRA6,0.017632286,0.167833333,0.057336343,Transporter,-619.4945786,0,-19.58035094,8.25E-73,-1.730321351,0.041786439,0,0,0,1.83E-71,0.12528449,0
B,HMDB0001358,Retinal,Epi,STRA6,0.022429579,0.167833333,0.092,Transporter,-805.0636199,0,-25.44562737,8.24E-111,-1.730321351,0.041786439,0,0,0,2.51E-109,0.12528449,0
pDC,HMDB0001358,Retinal,Fibro,STRA6,0.022581752,0.284552846,0.057336343,Transporter,-373.6121792,0,-11.80875158,1.62E-30,-1.730321351,0.041786439,0,0,0,1.99E-29,0.12528449,0
pDC,HMDB0001358,Retinal,Epi,STRA6,0.028725668,0.284552846,0.092,Transporter,-457.6058918,0,-14.46353893,1.72E-43,-1.730321351,0.041786439,0,0,0,2.61E-42,0.12528449,0
NK,HMDB0001358,Retinal,Epi,STRA6,0.04115177,0.2615,0.092,Transporter,-1285.807659,0,-40.64049319,3.33E-214,-1.730321351,0.041786439,0,0,0,1.90E-212,0.12528449,0
Epi,HMDB0001547,Corticosterone,T,NR3C1,0.050689316,0.011333333,0.293333333,Nuclear Receptor,-431.7446202,0,-13.64614231,2.64E-39,-1.730321351,0.041786439,0,0,0,3.79E-38,0.12528449,0
Epi,HMDB0000043,Betaine,Oligo,SLC6A12,0.07302805,0.143666667,0.033587786,Transporter,-938.2052448,0,-29.65383165,1.98E-139,-1.730321351,0.041786439,0,0,0,7.31E-138,0.12528449,0
Mast,HMDB0001852,all-trans-Retinoic acid,Myeloid,RARA,1.149195681,0.307890961,0.283333333,Nuclear Receptor,-1788.93785,0,-56.54291759,6.7813840003e-314,-1.730321351,0.041786439,0,0,0,6.640941136372e-312,0.12528449,0
Fibro,HMDB0001852,all-trans-Retinoic acid,Mast,RARA,1.308743724,0.441309255,0.136011478,Nuclear Receptor,-1934.34355,0,-61.13875221,0,-1.730321351,0.041786439,0,0,0,0,0.12528449,0
Fibro,HMDB0001852,all-trans-Retinoic acid,Myeloid,RARA,1.563312067,0.441309255,0.283333333,Nuclear Receptor,-2897.787381,0,-91.59029927,0,-1.730321351,0.041786439,0,0,0,0,0.12528449,0
Myeloid,HMDB0001852,all-trans-Retinoic acid,Endo,RARA,0.633906945,0.360333333,0.136212625,Nuclear Receptor,-563.1697332,0,-17.80009284,4.46E-62,-1.730321351,0.041786439,0,0,0,8.68E-61,0.12528449,0
Mast,HMDB0000641,L-Glutamine,Oligo,SLC38A2,6.669859972,0.810329986,0.476335878,Transporter,-2206.372545,0,-69.73676643,0,-1.730321351,0.041786439,0,0,0,0,0.12528449,0
Oligo,HMDB0000641,L-Glutamine,Oligo,SLC38A2,7.442855794,0.850381679,0.476335878,Transporter,-1961.714578,0,-62.00386767,0,-1.730321351,0.041786439,0,0,0,0,0.12528449,0
Mast,HMDB0001852,all-trans-Retinoic acid,Epi,RARA,0.689436584,0.307890961,0.196333333,Nuclear Receptor,-820.1723645,0,-25.92316911,5.05E-114,-1.730321351,0.041786439,0,0,0,1.58E-112,0.12528449,0
Mast,HMDB0001852,all-trans-Retinoic acid,Endo,RARA,0.773634789,0.307890961,0.136212625,Nuclear Receptor,-758.5074591,0,-23.97412786,5.39E-101,-1.730321351,0.041786439,0,0,0,1.56E-99,0.12528449,0
Fibro,HMDB0001852,all-trans-Retinoic acid,Fibro,RARA,1.137593145,0.441309255,0.189164786,Nuclear Receptor,-1681.642412,0,-53.15163316,9.47E-294,-1.730321351,0.041786439,0,0,0,8.29E-292,0.12528449,0
Endo,HMDB0000043,Betaine,Oligo,SLC6A12,0.077924219,0.096345515,0.033587786,Transporter,-990.4183202,0,-31.30412913,9.27E-151,-1.730321351,0.041786439,0,0,0,3.64E-149,0.12528449,0
Endo,HMDB0000043,Betaine,Myeloid,SLC6A12,0.041511659,0.096345515,0.035833333,Transporter,-1445.706271,0,-45.69440494,2.80E-247,-1.730321351,0.041786439,0,0,0,1.92E-245,0.12528449,0
Myeloid,HMDB0001220,Prostaglandin E2,T,PTGER4,1.72616058,0.756833333,0.234166667,Receptor,-739.485249,0,-23.3728933,4.99E-97,-1.730321351,0.041786439,0,0,0,1.38E-95,0.12528449,0
Oligo,HMDB0000641,L-Glutamine,pDC,SLC38A2,3.497645449,0.850381679,0.279907085,Transporter,-856.2878825,0,-27.06467146,9.52E-122,-1.730321351,0.041786439,0,0,0,3.13E-120,0.12528449,0
Endo,HMDB0001852,all-trans-Retinoic acid,Fibro,RARA,0.460233063,0.2078785,0.189164786,Nuclear Receptor,-282.4657327,0,-8.927887933,1.02E-18,-1.730321351,0.041786439,0,0,0,9.27E-18,0.12528449,0
Endo,HMDB0001852,all-trans-Retinoic acid,Mast,RARA,0.529475002,0.2078785,0.136011478,Nuclear Receptor,-367.7930846,0,-11.62482759,1.09E-29,-1.730321351,0.041786439,0,0,0,1.32E-28,0.12528449,0
Myeloid,HMDB0001852,all-trans-Retinoic acid,Epi,RARA,0.564915959,0.360333333,0.196333333,Nuclear Receptor,-662.2959054,0,-20.93317149,2.89E-81,-1.730321351,0.041786439,0,0,0,6.97E-80,0.12528449,0
Endo,HMDB0000641,L-Glutamine,Fibro,SLC38A2,1.300286487,0.38822971,0.478555305,Transporter,-217.3749392,0,-6.870564719,5.62E-12,-1.730321351,0.041786439,0,0,0,3.76E-11,0.12528449,0
Epi,HMDB0000043,Betaine,Fibro,SLC6A12,0.017594837,0.143666667,0.010158014,Transporter,-475.6956955,0,-15.03530294,1.64E-46,-1.730321351,0.041786439,0,0,0,2.59E-45,0.12528449,0
Myeloid,HMDB0001220,Prostaglandin E2,Myeloid,PTGER4,1.73532567,0.756833333,0.399666667,Receptor,-767.9824009,0,-24.27360213,5.56E-103,-1.730321351,0.041786439,0,0,0,1.64E-101,0.12528449,0
Oligo,HMDB0000043,Betaine,Oligo,SLC6A12,0.113697807,0.138931298,0.033587786,Transporter,-1378.986691,0,-43.58560071,1.27E-233,-1.730321351,0.041786439,0,0,0,8.12E-232,0.12528449,0
Fibro,HMDB0000043,Betaine,Oligo,SLC6A12,0.118336186,0.177426637,0.033587786,Transporter,-1556.47652,0,-49.19551766,1.83E-269,-1.730321351,0.041786439,0,0,0,1.42E-267,0.12528449,0
Endo,HMDB0000043,Betaine,Fibro,SLC6A12,0.018774484,0.096345515,0.010158014,Transporter,-477.9042974,0,-15.10511016,6.93E-47,-1.730321351,0.041786439,0,0,0,1.10E-45,0.12528449,0
Fibro,HMDB0001852,all-trans-Retinoic acid,T,RARA,0.653348367,0.441309255,0.069666667,Nuclear Receptor,-807.4145897,0,-25.51993442,2.61E-111,-1.730321351,0.041786439,0,0,0,7.98E-110,0.12528449,0
Fibro,HMDB0001852,all-trans-Retinoic acid,pDC,RARA,0.669506772,0.441309255,0.090592334,Nuclear Receptor,-424.0731749,0,-13.40367111,4.28E-38,-1.730321351,0.041786439,0,0,0,6.02E-37,0.12528449,0
Myeloid,HMDB0001852,all-trans-Retinoic acid,Fibro,RARA,0.685211733,0.360333333,0.189164786,Nuclear Receptor,-891.7009275,0,-28.18397076,2.27E-129,-1.730321351,0.041786439,0,0,0,7.81E-128,0.12528449,0
Fibro,HMDB0001852,all-trans-Retinoic acid,B,RARA,0.572730278,0.441309255,0.061,Nuclear Receptor,-648.5519514,0,-20.49876665,1.59E-78,-1.730321351,0.041786439,0,0,0,3.74E-77,0.12528449,0
Endo,HMDB0000641,L-Glutamine,Oligo,SLC38A2,1.601619234,0.38822971,0.476335878,Transporter,-229.5676451,0,-7.255939294,4.00E-13,-1.730321351,0.041786439,0,0,0,2.86E-12,0.12528449,0
Myeloid,HMDB0000641,L-Glutamine,Mast,SLC38A2,1.633042585,0.850333333,0.118220947,Transporter,-547.7221939,0,-17.31184282,3.19E-59,-1.730321351,0.041786439,0,0,0,5.96E-58,0.12528449,0
Myeloid,HMDB0000641,L-Glutamine,Epi,SLC38A2,3.396416876,0.850333333,0.391333333,Transporter,-2517.807879,0,-79.58029588,0,-1.730321351,0.041786439,0,0,0,0,0.12528449,0
Fibro,HMDB0001852,all-trans-Retinoic acid,Epi,RARA,0.93787729,0.441309255,0.196333333,Nuclear Receptor,-1511.452812,0,-47.77245436,1.60E-260,-1.730321351,0.041786439,0,0,0,1.18E-258,0.12528449,0
pDC,HMDB0000043,Betaine,Myeloid,SLC6A12,0.008821887,0.020905923,0.035833333,Transporter,-142.5238422,0,-4.504747811,3.71E-06,-1.730321351,0.041786439,0,0,0,1.68E-05,0.12528449,0
Mast,HMDB0001852,all-trans-Retinoic acid,T,RARA,0.480278467,0.307890961,0.069666667,Nuclear Receptor,-408.151604,0,-12.90043839,1.25E-35,-1.730321351,0.041786439,0,0,0,1.68E-34,0.12528449,0
Mast,HMDB0001852,all-trans-Retinoic acid,pDC,RARA,0.492156561,0.307890961,0.090592334,Nuclear Receptor,-217.0702775,0,-6.860935282,5.99E-12,-1.730321351,0.041786439,0,0,0,4.01E-11,0.12528449,0
Endo,HMDB0001220,Prostaglandin E2,NK,PTGER2,1.436703958,0.637399146,0.1745,Receptor,-1171.727646,0,-37.03476884,5.80E-190,-1.730321351,0.041786439,0,0,0,2.94E-188,0.12528449,0
Endo,HMDB0000305,Vitamin A,Myeloid,RARA,0.018010939,0.058376839,0.283333333,Nuclear Receptor,-151.480508,0,-4.787840941,9.70E-07,-1.730321351,0.041786439,0,0,0,4.63E-06,0.12528449,0
pDC,HMDB0000305,Vitamin A,T,RARA,0.027880197,0.039488966,0.069666667,Nuclear Receptor,-112.1379464,0,-3.544341501,0.00020591,-1.730321351,0.041786439,0,0,0,0.000774952,0.12528449,0
Fibro,HMDB0001220,Prostaglandin E2,T,PTGER2,0.86230442,0.788036117,0.080166667,Receptor,-497.9548538,0,-15.73884764,2.50E-50,-1.730321351,0.041786439,0,0,0,4.15E-49,0.12528449,0
B,HMDB0001220,Prostaglandin E2,NK,PTGER2,1.031139722,0.487666667,0.1745,Receptor,-714.5130272,0,-22.58359686,7.26E-92,-1.730321351,0.041786439,0,0,0,1.93E-90,0.12528449,0
NK,HMDB0001220,Prostaglandin E2,NK,PTGER2,1.038523462,0.448166667,0.1745,Receptor,-734.1661299,0,-23.20477203,6.34E-96,-1.730321351,0.041786439,0,0,0,1.75E-94,0.12528449,0
pDC,HMDB0001220,Prostaglandin E2,NK,PTGER2,1.084150707,0.617886179,0.1745,Receptor,-670.8522612,0,-21.20361203,5.55E-83,-1.730321351,0.041786439,0,0,0,1.35E-81,0.12528449,0
Mast,HMDB0001220,Prostaglandin E2,NK,PTGER2,1.118782929,0.503586801,0.1745,Receptor,-817.3064211,0,-25.8325853,2.06E-113,-1.730321351,0.041786439,0,0,0,6.40E-112,0.12528449,0
Oligo,HMDB0001220,Prostaglandin E2,Fibro,PTGER2,1.121563658,0.93129771,0.078329571,Receptor,-627.6471412,0,-19.8380288,2.11E-74,-1.730321351,0.041786439,0,0,0,4.73E-73,0.12528449,0
Oligo,HMDB0000305,Vitamin A,Epi,RARA,0.287402588,0.14351145,0.196333333,Nuclear Receptor,-435.2427415,0,-13.75670735,7.32E-40,-1.730321351,0.041786439,0,0,0,1.06E-38,0.12528449,0
Myeloid,HMDB0001220,Prostaglandin E2,NK,PTGER2,1.530503495,0.756833333,0.1745,Receptor,-1384.821184,0,-43.77001141,7.98E-235,-1.730321351,0.041786439,0,0,0,5.14E-233,0.12528449,0
Myeloid,HMDB0001852,all-trans-Retinoic acid,Myeloid,RARA,0.941636977,0.360333333,0.283333333,Nuclear Receptor,-1578.268908,0,-49.88430916,9.43E-274,-1.730321351,0.041786439,0,0,0,7.42E-272,0.12528449,0
Mast,HMDB0001852,all-trans-Retinoic acid,Mast,RARA,0.962061681,0.307890961,0.136011478,Nuclear Receptor,-1150.493278,0,-36.36361466,2.10E-185,-1.730321351,0.041786439,0,0,0,1.03E-183,0.12528449,0
Fibro,HMDB0001852,all-trans-Retinoic acid,Endo,RARA,1.05241659,0.441309255,0.136212625,Nuclear Receptor,-1220.554427,0,-38.57803577,2.15E-200,-1.730321351,0.041786439,0,0,0,1.15E-198,0.12528449,0
B,HMDB0001085,Leukotriene B4,Epi,PPARA,0.367348108,0.193833333,0.1065,Nuclear Receptor,-290.1899626,0,-9.172027491,1.29E-19,-1.730321351,0.041786439,0,0,0,1.21E-18,0.12528449,0
pDC,HMDB0001085,Leukotriene B4,Epi,PPARA,0.370441988,0.260162602,0.1065,Nuclear Receptor,-226.7085567,0,-7.165572153,7.51E-13,-1.730321351,0.041786439,0,0,0,5.31E-12,0.12528449,0
Oligo,HMDB0000043,Betaine,Myeloid,SLC6A12,0.060568905,0.138931298,0.035833333,Transporter,-1587.103492,0,-50.16354368,1.75E-275,-1.730321351,0.041786439,0,0,0,1.40E-273,0.12528449,0
pDC,HMDB0000305,Vitamin A,Myeloid,RARA,0.066710886,0.039488966,0.283333333,Nuclear Receptor,-171.4559611,0,-5.419204628,3.75E-08,-1.730321351,0.041786439,0,0,0,2.00E-07,0.12528449,0
Mast,HMDB0000641,L-Glutamine,Mast,SLC38A2,1.651246233,0.810329986,0.118220947,Transporter,-470.0396668,0,-14.85653297,1.47E-45,-1.730321351,0.041786439,0,0,0,2.29E-44,0.12528449,0
Oligo,HMDB0000641,L-Glutamine,Fibro,SLC38A2,6.044300995,0.850381679,0.478555305,Transporter,-2226.865121,0,-70.3844748,0,-1.730321351,0.041786439,0,0,0,0,0.12528449,0
Myeloid,HMDB0000641,L-Glutamine,Oligo,SLC38A2,6.595335316,0.850333333,0.476335878,Transporter,-2221.993952,0,-70.23051188,0,-1.730321351,0.041786439,0,0,0,0,0.12528449,0
pDC,HMDB0000305,Vitamin A,pDC,RARA,0.028569721,0.039488966,0.090592334,Nuclear Receptor,-109.7873398,0,-3.470045932,0.000271301,-1.730321351,0.041786439,0,0,0,0.001006848,0.12528449,0
pDC,HMDB0000305,Vitamin A,Epi,RARA,0.04002184,0.039488966,0.196333333,Nuclear Receptor,-129.8329983,0,-4.1036286,2.20E-05,-1.730321351,0.041786439,0,0,0,9.15E-05,0.12528449,0
Oligo,HMDB0000305,Vitamin A,Mast,RARA,0.401050689,0.14351145,0.136011478,Nuclear Receptor,-581.0277528,0,-18.36453086,1.99E-65,-1.730321351,0.041786439,0,0,0,4.07E-64,0.12528449,0
Oligo,HMDB0000305,Vitamin A,Myeloid,RARA,0.479060468,0.14351145,0.283333333,Nuclear Receptor,-686.1248996,0,-21.68633396,4.56E-86,-1.730321351,0.041786439,0,0,0,1.15E-84,0.12528449,0
pDC,HMDB0000305,Vitamin A,Mast,RARA,0.055847745,0.039488966,0.136011478,Nuclear Receptor,-151.9939246,0,-4.80406849,8.96E-07,-1.730321351,0.041786439,0,0,0,4.28E-06,0.12528449,0
Oligo,HMDB0000673,Linoleic acid,Mast,SLC27A5,0.118259358,0.911450382,0.028981349,Transporter,-736.1816824,0,-23.26847755,2.42E-96,-1.730321351,0.041786439,0,0,0,6.69E-95,0.12528449,0
Oligo,HMDB0000305,Vitamin A,Oligo,RARA,0.067142431,0.14351145,0.030534351,Nuclear Receptor,-142.7759852,0,-4.512717289,3.58E-06,-1.730321351,0.041786439,0,0,0,1.62E-05,0.12528449,0
Oligo,HMDB0001220,Prostaglandin E2,T,PTGER2,1.686247544,0.93129771,0.080166667,Receptor,-1305.249339,0,-41.25498592,2.75E-218,-1.730321351,0.041786439,0,0,0,1.62E-216,0.12528449,0
Oligo,HMDB0001220,Prostaglandin E2,Myeloid,PTGER2,1.562773067,0.93129771,0.119,Receptor,-1165.050725,0,-36.82373153,1.57E-188,-1.730321351,0.041786439,0,0,0,7.87E-187,0.12528449,0
Oligo,HMDB0001220,Prostaglandin E2,Mast,PTGER2,1.570525182,0.93129771,0.082352941,Receptor,-974.8711709,0,-30.81273074,2.20E-147,-1.730321351,0.041786439,0,0,0,8.54E-146,0.12528449,0
Epi,HMDB0001220,Prostaglandin E2,NK,PTGER2,2.009198398,0.785666667,0.1745,Receptor,-2026.799906,0,-64.06101815,0,-1.730321351,0.041786439,0,0,0,0,0.12528449,0
Fibro,HMDB0001220,Prostaglandin E2,NK,PTGER2,2.136155859,0.788036117,0.1745,Receptor,-2166.66807,0,-68.48182799,0,-1.730321351,0.041786439,0,0,0,0,0.12528449,0
Oligo,HMDB0000305,Vitamin A,pDC,RARA,0.205163278,0.14351145,0.090592334,Nuclear Receptor,-322.5564644,0,-10.19503477,1.38E-23,-1.730321351,0.041786439,0,0,0,1.43E-22,0.12528449,0
Endo,HMDB0000806,Myristic acid,Mast,SLC27A2,0.021698574,0.038917893,0.041893831,Transporter,-190.5512765,0,-6.022749826,1.20E-09,-1.730321351,0.041786439,0,0,0,7.13E-09,0.12528449,0
Myeloid,HMDB0000262,Thymine,Fibro,SLC29A2,0.127245283,0.9015,0.011286682,Transporter,-147.0456907,0,-4.647669774,1.90E-06,-1.730321351,0.041786439,0,0,0,8.88E-06,0.12528449,0
NK,HMDB0000262,Thymine,Epi,SLC29A2,0.163710059,0.205,0.073333333,Transporter,-298.6574107,0,-9.439657931,1.27E-20,-1.730321351,0.041786439,0,0,0,1.23E-19,0.12528449,0
T,HMDB0000262,Thymine,Epi,SLC29A2,0.171416282,0.235666667,0.073333333,Transporter,-323.3780375,0,-10.22100221,1.08E-23,-1.730321351,0.041786439,0,0,0,1.13E-22,0.12528449,0
Mast,HMDB0000262,Thymine,Epi,SLC29A2,0.1871346,0.266284075,0.073333333,Transporter,-381.6586043,0,-12.06307475,1.11E-31,-1.730321351,0.041786439,0,0,0,1.40E-30,0.12528449,0
B,HMDB0000262,Thymine,Epi,SLC29A2,0.21675754,0.294333333,0.073333333,Transporter,-478.1628102,0,-15.11328097,6.26E-47,-1.730321351,0.041786439,0,0,0,9.95E-46,0.12528449,0
Myeloid,HMDB0002925,Dihomo-gamma-linolenic acid,B,SLC27A5,0.061164723,0.348666667,0.023166667,Transporter,-275.6577488,0,-8.712708143,6.07E-18,-1.730321351,0.041786439,0,0,0,5.34E-17,0.12528449,0
Myeloid,HMDB0002925,Dihomo-gamma-linolenic acid,Myeloid,SLC27A5,0.062239283,0.348666667,0.047833333,Transporter,-287.9822827,0,-9.102249403,2.35E-19,-1.730321351,0.041786439,0,0,0,2.17E-18,0.12528449,0
Epi,HMDB0000574,L-Cysteine,Epi,SLC7A11,0.070581667,0.488833333,0.0975,Transporter,-991.9437759,0,-31.35234417,4.32E-151,-1.730321351,0.041786439,0,0,0,1.70E-149,0.12528449,0
Fibro,HMDB0000574,L-Cysteine,pDC,SLC7A11,0.23689748,0.450790068,0.225319396,Transporter,-1701.595104,0,-53.78227742,1.52E-297,-1.730321351,0.041786439,0,0,0,1.36E-295,0.12528449,0
Epi,HMDB0000806,Myristic acid,Mast,SLC27A2,0.153507052,0.306,0.041893831,Transporter,-2702.600517,0,-85.42103255,0,-1.730321351,0.041786439,0,0,0,0,0.12528449,0
pDC,HMDB0000574,L-Cysteine,Epi,SLC7A11,0.069799321,0.490127758,0.0975,Transporter,-563.8595847,0,-17.82189696,3.32E-62,-1.730321351,0.041786439,0,0,0,6.47E-61,0.12528449,0
Fibro,HMDB0000806,Myristic acid,Mast,SLC27A2,0.036131408,0.081038375,0.041893831,Transporter,-467.4121382,0,-14.77348473,4.05E-45,-1.730321351,0.041786439,0,0,0,6.28E-44,0.12528449,0
Oligo,HMDB0000806,Myristic acid,NK,SLC27A2,0.037050111,0.180152672,0.011,Transporter,-398.405108,0,-12.59238111,3.73E-34,-1.730321351,0.041786439,0,0,0,4.88E-33,0.12528449,0
Epi,HMDB0000806,Myristic acid,NK,SLC27A2,0.047779293,0.306,0.011,Transporter,-949.5318962,0,-30.01183286,6.94E-142,-1.730321351,0.041786439,0,0,0,2.61E-140,0.12528449,0
Oligo,HMDB0000806,Myristic acid,Epi,SLC27A2,0.092731415,0.180152672,0.069166667,Transporter,-1267.626908,0,-40.0658546,2.26E-210,-1.730321351,0.041786439,0,0,0,1.26E-208,0.12528449,0
Myeloid,HMDB0000262,Thymine,Epi,SLC29A2,0.916562151,0.9015,0.073333333,Transporter,-2916.008967,0,-92.16622853,0,-1.730321351,0.041786439,0,0,0,0,0.12528449,0
pDC,HMDB0000660,D-Fructose,Epi,SLC2A8,0.174782934,0.68524971,0.115833333,Transporter,-618.983105,0,-19.5641848,1.04E-72,-1.730321351,0.041786439,0,0,0,2.29E-71,0.12528449,0
pDC,HMDB0002925,Dihomo-gamma-linolenic acid,Oligo,SLC27A5,0.094696996,0.166085947,0.103816794,Transporter,-217.4431184,0,-6.872719656,5.54E-12,-1.730321351,0.041786439,0,0,0,3.71E-11,0.12528449,0
Fibro,HMDB0000574,L-Cysteine,Endo,SLC7A11,0.038645484,0.450790068,0.037019459,Transporter,-251.0160727,0,-7.933859252,2.84E-15,-1.730321351,0.041786439,0,0,0,2.27E-14,0.12528449,0
pDC,HMDB0000574,L-Cysteine,pDC,SLC7A11,0.258165983,0.490127758,0.225319396,Transporter,-1598.439768,0,-50.52184908,1.07E-277,-1.730321351,0.041786439,0,0,0,8.60E-276,0.12528449,0
Epi,HMDB0000574,L-Cysteine,pDC,SLC7A11,0.261059635,0.488833333,0.225319396,Transporter,-1904.323326,0,-60.18990369,0,-1.730321351,0.041786439,0,0,0,0,0.12528449,0
Endo,HMDB0000574,L-Cysteine,pDC,SLC7A11,0.525259031,0.536782155,0.225319396,Transporter,-3688.68641,0,-116.5882268,0,-1.730321351,0.041786439,0,0,0,0,0.12528449,0
Myeloid,HMDB0000574,L-Cysteine,pDC,SLC7A11,0.63046209,0.671833333,0.225319396,Transporter,-4780.289045,0,-151.0904862,0,-1.730321351,0.041786439,0,0,0,0,0.12528449,0
Myeloid,HMDB0000574,L-Cysteine,Myeloid,SLC7A11,0.049919289,0.671833333,0.020833333,Transporter,-609.6366137,0,-19.26877047,6.75E-71,-1.730321351,0.041786439,0,0,0,1.47E-69,0.12528449,0
Mast,HMDB0002925,Dihomo-gamma-linolenic acid,NK,SLC27A5,0.091202484,0.340602582,0.021,Transporter,-557.3960633,0,-17.61760459,5.26E-61,-1.730321351,0.041786439,0,0,0,1.01E-59,0.12528449,0
Oligo,HMDB0002925,Dihomo-gamma-linolenic acid,T,SLC27A5,0.092617507,0.33740458,0.033666667,Transporter,-380.8871349,0,-12.03869094,1.44E-31,-1.730321351,0.041786439,0,0,0,1.81E-30,0.12528449,0
Fibro,HMDB0000660,D-Fructose,Epi,SLC2A8,0.185275038,0.68013544,0.115833333,Transporter,-1022.332637,0,-32.31284422,1.09E-157,-1.730321351,0.041786439,0,0,0,4.52E-156,0.12528449,0
Oligo,HMDB0002925,Dihomo-gamma-linolenic acid,B,SLC27A5,0.067002943,0.33740458,0.023166667,Transporter,-205.7890672,0,-6.504370325,6.16E-11,-1.730321351,0.041786439,0,0,0,3.92E-10,0.12528449,0
Oligo,HMDB0002925,Dihomo-gamma-linolenic acid,Myeloid,SLC27A5,0.068180071,0.33740458,0.047833333,Transporter,-212.055732,0,-6.702440657,1.71E-11,-1.730321351,0.041786439,0,0,0,1.12E-10,0.12528449,0
Oligo,HMDB0002925,Dihomo-gamma-linolenic acid,NK,SLC27A5,0.069628375,0.33740458,0.021,Transporter,-219.4970831,0,-6.937639269,3.58E-12,-1.730321351,0.041786439,0,0,0,2.43E-11,0.12528449,0
Myeloid,HMDB0002925,Dihomo-gamma-linolenic acid,Mast,SLC27A5,0.077034244,0.348666667,0.028981349,Transporter,-348.6327566,0,-11.01922754,4.97E-27,-1.730321351,0.041786439,0,0,0,5.66E-26,0.12528449,0
Myeloid,HMDB0002925,Dihomo-gamma-linolenic acid,Endo,SLC27A5,0.07936571,0.348666667,0.041290935,Transporter,-303.5424765,0,-9.594060093,3.26E-21,-1.730321351,0.041786439,0,0,0,3.20E-20,0.12528449,0
Oligo,HMDB0002925,Dihomo-gamma-linolenic acid,Mast,SLC27A5,0.084387222,0.33740458,0.028981349,Transporter,-301.7324024,0,-9.536849121,5.42E-21,-1.730321351,0.041786439,0,0,0,5.26E-20,0.12528449,0
Myeloid,HMDB0002925,Dihomo-gamma-linolenic acid,T,SLC27A5,0.084547392,0.348666667,0.033666667,Transporter,-552.2781396,0,-17.45584249,4.63E-60,-1.730321351,0.041786439,0,0,0,8.78E-59,0.12528449,0
Myeloid,HMDB0000574,L-Cysteine,Endo,SLC7A11,0.10284834,0.671833333,0.037019459,Transporter,-1022.69521,0,-32.32430403,9.10E-158,-1.730321351,0.041786439,0,0,0,3.78E-156,0.12528449,0
Mast,HMDB0002925,Dihomo-gamma-linolenic acid,Oligo,SLC27A5,0.294886771,0.340602582,0.103816794,Transporter,-1049.4159,0,-33.16886429,1.45E-163,-1.730321351,0.041786439,0,0,0,6.29E-162,0.12528449,0
Myeloid,HMDB0002925,Dihomo-gamma-linolenic acid,Epi,SLC27A5,0.108706962,0.348666667,0.0845,Transporter,-859.3827053,0,-27.16248945,2.06E-122,-1.730321351,0.041786439,0,0,0,6.80E-121,0.12528449,0
Endo,HMDB0000574,L-Cysteine,Endo,SLC7A11,0.085686388,0.536782155,0.037019459,Transporter,-730.958381,0,-23.10338478,2.93E-95,-1.730321351,0.041786439,0,0,0,8.00E-94,0.12528449,0
Myeloid,HMDB0000574,L-Cysteine,Oligo,SLC7A11,0.099596906,0.671833333,0.042748092,Transporter,-561.6229467,0,-17.75120359,8.65E-62,-1.730321351,0.041786439,0,0,0,1.68E-60,0.12528449,0
Myeloid,HMDB0000574,L-Cysteine,Fibro,SLC7A11,0.036544696,0.671833333,0.0248307,Transporter,-323.1221551,0,-10.21291455,1.16E-23,-1.730321351,0.041786439,0,0,0,1.21E-22,0.12528449,0
Myeloid,HMDB0002925,Dihomo-gamma-linolenic acid,Fibro,SLC27A5,0.099518993,0.348666667,0.068171558,Transporter,-639.3140425,0,-20.20678428,1.07E-76,-1.730321351,0.041786439,0,0,0,2.46E-75,0.12528449,0
Oligo,HMDB0002925,Dihomo-gamma-linolenic acid,Fibro,SLC27A5,0.109018158,0.33740458,0.068171558,Transporter,-477.5555094,0,-15.09408603,7.94E-47,-1.730321351,0.041786439,0,0,0,1.26E-45,0.12528449,0
Mast,HMDB0002925,Dihomo-gamma-linolenic acid,Mast,SLC27A5,0.110534308,0.340602582,0.028981349,Transporter,-632.3010487,0,-19.98512474,2.58E-75,-1.730321351,0.041786439,0,0,0,5.83E-74,0.12528449,0
Oligo,HMDB0002925,Dihomo-gamma-linolenic acid,Oligo,SLC27A5,0.225130784,0.33740458,0.103816794,Transporter,-700.8686074,0,-22.152338,4.55E-89,-1.730321351,0.041786439,0,0,0,1.18E-87,0.12528449,0
Mast,HMDB0002925,Dihomo-gamma-linolenic acid,Endo,SLC27A5,0.113879665,0.340602582,0.041290935,Transporter,-540.7477494,0,-17.09140171,6.00E-58,-1.730321351,0.041786439,0,0,0,1.10E-56,0.12528449,0
Oligo,HMDB0002925,Dihomo-gamma-linolenic acid,Epi,SLC27A5,0.119083126,0.33740458,0.0845,Transporter,-570.4485068,0,-18.03015287,1.95E-63,-1.730321351,0.041786439,0,0,0,3.87E-62,0.12528449,0
Mast,HMDB0002925,Dihomo-gamma-linolenic acid,T,SLC27A5,0.121314718,0.340602582,0.033666667,Transporter,-907.5501866,0,-28.68491793,8.57E-133,-1.730321351,0.041786439,0,0,0,3.02E-131,0.12528449,0
Mast,HMDB0002925,Dihomo-gamma-linolenic acid,Fibro,SLC27A5,0.142797053,0.340602582,0.068171558,Transporter,-1019.598268,0,-32.22641907,4.28E-157,-1.730321351,0.041786439,0,0,0,1.76E-155,0.12528449,0
Mast,HMDB0000641,L-Glutamine,NK,SLC7A6,0.479739472,0.810329986,0.017333333,Transporter,-328.0531536,0,-10.3687685,2.69E-24,-1.730321351,0.041786439,0,0,0,2.87E-23,0.12528449,0
Oligo,HMDB0000641,L-Glutamine,NK,SLC7A6,0.533751156,0.850381679,0.017333333,Transporter,-315.9863554,0,-9.987373486,9.38E-23,-1.730321351,0.041786439,0,0,0,9.54E-22,0.12528449,0
Endo,HMDB0000660,D-Fructose,Fibro,SLC2A8,0.092580627,0.473659231,0.083521445,Transporter,-199.671419,0,-6.311009959,2.08E-10,-1.730321351,0.041786439,0,0,0,1.29E-09,0.12528449,0
Epi,HMDB0000806,Myristic acid,Epi,SLC27A2,0.119585107,0.306,0.069166667,Transporter,-2878.384657,0,-90.97703784,0,-1.730321351,0.041786439,0,0,0,0,0.12528449,0
pDC,HMDB0000660,D-Fructose,Myeloid,SLC2A8,0.203446815,0.68524971,0.1275,Transporter,-786.2491917,0,-24.85096017,7.93E-107,-1.730321351,0.041786439,0,0,0,2.37E-105,0.12528449,0
pDC,HMDB0000660,D-Fructose,Endo,SLC2A8,0.205695342,0.68524971,0.079734219,Transporter,-577.4325543,0,-18.2508975,9.51E-65,-1.730321351,0.041786439,0,0,0,1.93E-63,0.12528449,0
Oligo,HMDB0000660,D-Fructose,pDC,SLC2A8,0.447431634,0.738931298,0.113821138,Transporter,-1132.734175,0,-35.8023031,1.39E-181,-1.730321351,0.041786439,0,0,0,6.70E-180,0.12528449,0
Fibro,HMDB0000660,D-Fructose,Myeloid,SLC2A8,0.215659594,0.68013544,0.1275,Transporter,-1225.596,0,-38.73738466,1.82E-201,-1.730321351,0.041786439,0,0,0,9.80E-200,0.12528449,0
Fibro,HMDB0000660,D-Fructose,Endo,SLC2A8,0.218043099,0.68013544,0.079734219,Transporter,-768.2828081,0,-24.28309709,4.81E-103,-1.730321351,0.041786439,0,0,0,1.42E-101,0.12528449,0
Fibro,HMDB0000660,D-Fructose,Oligo,SLC2A8,0.219684212,0.68013544,0.083969466,Transporter,-435.2339124,0,-13.75642829,7.35E-40,-1.730321351,0.041786439,0,0,0,1.06E-38,0.12528449,0
Fibro,HMDB0000574,L-Cysteine,Oligo,SLC7A11,0.037423751,0.450790068,0.042748092,Transporter,-130.9377684,0,-4.138547042,1.89E-05,-1.730321351,0.041786439,0,0,0,7.94E-05,0.12528449,0
Oligo,HMDB0000806,Myristic acid,Mast,SLC27A2,0.119035944,0.180152672,0.041893831,Transporter,-1420.205647,0,-44.88840731,4.38E-242,-1.730321351,0.041786439,0,0,0,2.93E-240,0.12528449,0
Myeloid,HMDB0002925,Dihomo-gamma-linolenic acid,NK,SLC27A5,0.063561391,0.348666667,0.021,Transporter,-295.6952547,0,-9.346033134,2.88E-20,-1.730321351,0.041786439,0,0,0,2.74E-19,0.12528449,0
Endo,HMDB0000574,L-Cysteine,Fibro,SLC7A11,0.030446607,0.536782155,0.0248307,Transporter,-177.5275473,0,-5.611109114,1.30E-08,-1.730321351,0.041786439,0,0,0,7.20E-08,0.12528449,0
Oligo,HMDB0000660,D-Fructose,Epi,SLC2A8,0.289815557,0.738931298,0.115833333,Transporter,-1109.993311,0,-35.08353313,1.12E-176,-1.730321351,0.041786439,0,0,0,5.24E-175,0.12528449,0
Epi,HMDB0000660,D-Fructose,Myeloid,SLC2A8,0.167159265,0.64,0.1275,Transporter,-866.3882745,0,-27.38391432,6.44E-124,-1.730321351,0.041786439,0,0,0,2.14E-122,0.12528449,0
Epi,HMDB0000660,D-Fructose,Endo,SLC2A8,0.169006736,0.64,0.079734219,Transporter,-533.1594588,0,-16.85155879,1.43E-56,-1.730321351,0.041786439,0,0,0,2.58E-55,0.12528449,0
Epi,HMDB0000660,D-Fructose,Oligo,SLC2A8,0.170278775,0.64,0.083969466,Transporter,-306.314465,0,-9.681674269,1.50E-21,-1.730321351,0.041786439,0,0,0,1.48E-20,0.12528449,0
Mast,HMDB0002925,Dihomo-gamma-linolenic acid,Epi,SLC27A5,0.155980617,0.340602582,0.0845,Transporter,-1297.630614,0,-41.01418105,1.09E-216,-1.730321351,0.041786439,0,0,0,6.35E-215,0.12528449,0
Myeloid,HMDB0002925,Dihomo-gamma-linolenic acid,Oligo,SLC27A5,0.205514285,0.348666667,0.103816794,Transporter,-690.8597369,0,-21.83598786,4.98E-87,-1.730321351,0.041786439,0,0,0,1.27E-85,0.12528449,0
Mast,HMDB0000870,Histamine,Myeloid,SLC22A5,0.145200481,0.426111908,0.031333333,Transporter,-1082.23272,0,-34.20610475,1.12E-170,-1.730321351,0.041786439,0,0,0,5.03E-169,0.12528449,0
Myeloid,HMDB0000112,gamma-Aminobutyric acid,NK,SLC6A6,0.72158667,0.898666667,0.048,Transporter,-780.2271336,0,-24.66062111,1.48E-105,-1.730321351,0.041786439,0,0,0,4.38E-104,0.12528449,0
Myeloid,HMDB0000112,gamma-Aminobutyric acid,Epi,SLC6A6,0.867806281,0.898666667,0.1275,Transporter,-1068.020093,0,-33.75688659,1.34E-167,-1.730321351,0.041786439,0,0,0,5.93E-166,0.12528449,0
Endo,HMDB0000112,gamma-Aminobutyric acid,Myeloid,SLC6A6,1.118512844,0.741338396,0.2755,Transporter,-1429.967769,0,-45.19695846,4.46E-244,-1.730321351,0.041786439,0,0,0,3.03E-242,0.12528449,0
Endo,HMDB0000112,gamma-Aminobutyric acid,Oligo,SLC6A6,1.190904164,0.741338396,0.198473282,Transporter,-550.703864,0,-17.4060844,9.03E-60,-1.730321351,0.041786439,0,0,0,1.70E-58,0.12528449,0
B,HMDB0000696,L-Methionine,Epi,SLC7A5,0.020348352,0.202166667,0.1465,Transporter,-643.303492,0,-20.33287872,1.75E-77,-1.730321351,0.041786439,0,0,0,4.05E-76,0.12528449,0
T,HMDB0000696,L-Methionine,Endo,SLC7A5,0.02101445,0.243666667,0.051257712,Transporter,-459.8443964,0,-14.53429129,7.34E-44,-1.730321351,0.041786439,0,0,0,1.12E-42,0.12528449,0
Mast,HMDB0002925,Dihomo-gamma-linolenic acid,pDC,SLC27A5,0.111617516,0.340602582,0.040650407,Transporter,-337.0587118,0,-10.65340697,1.78E-25,-1.730321351,0.041786439,0,0,0,1.96E-24,0.12528449,0
B,HMDB0000696,L-Methionine,Endo,SLC7A5,0.013413863,0.202166667,0.051257712,Transporter,-419.2988167,0,-13.25276808,2.39E-37,-1.730321351,0.041786439,0,0,0,3.31E-36,0.12528449,0
Myeloid,HMDB0000112,gamma-Aminobutyric acid,Mast,SLC6A6,0.712771606,0.898666667,0.054806313,Transporter,-571.0534502,0,-18.0492733,1.50E-63,-1.730321351,0.041786439,0,0,0,2.99E-62,0.12528449,0
Mast,HMDB0000870,Histamine,Fibro,SLC22A5,0.179054909,0.426111908,0.028216704,Transporter,-1090.111357,0,-34.45512467,2.22E-172,-1.730321351,0.041786439,0,0,0,1.01E-170,0.12528449,0
Mast,HMDB0000870,Histamine,Epi,SLC22A5,0.235301812,0.426111908,0.053166667,Transporter,-1619.249038,0,-51.17956721,9.51E-282,-1.730321351,0.041786439,0,0,0,7.89E-280,0.12528449,0
Myeloid,HMDB0000112,gamma-Aminobutyric acid,Myeloid,SLC6A6,2.051069075,0.898666667,0.2755,Transporter,-3327.095687,0,-105.1594371,0,-1.730321351,0.041786439,0,0,0,0,0.12528449,0
T,HMDB0000696,L-Methionine,Oligo,SLC7A5,0.0115689,0.243666667,0.047328244,Transporter,-247.2531404,0,-7.814924336,6.94E-15,-1.730321351,0.041786439,0,0,0,5.47E-14,0.12528449,0
T,HMDB0000696,L-Methionine,Mast,SLC7A5,0.035367566,0.243666667,0.082926829,Transporter,-647.8134385,0,-20.47542449,2.23E-78,-1.730321351,0.041786439,0,0,0,5.22E-77,0.12528449,0
NK,HMDB0000696,L-Methionine,Endo,SLC7A5,0.014014631,0.187833333,0.051257712,Transporter,-424.9001781,0,-13.42981018,3.18E-38,-1.730321351,0.041786439,0,0,0,4.49E-37,0.12528449,0
B,HMDB0000696,L-Methionine,NK,SLC43A1,0.003938572,0.202166667,0.013666667,Transporter,-413.1572813,0,-13.05865271,2.13E-36,-1.730321351,0.041786439,0,0,0,2.91E-35,0.12528449,0
Myeloid,HMDB0000112,gamma-Aminobutyric acid,Oligo,SLC6A6,2.183816407,0.898666667,0.198473282,Transporter,-1203.062125,0,-38.02515699,1.15E-196,-1.730321351,0.041786439,0,0,0,6.00E-195,0.12528449,0
NK,HMDB0000696,L-Methionine,Endo,SLC43A1,0.005409964,0.187833333,0.027052682,Transporter,-271.9639722,0,-8.595959032,1.57E-17,-1.730321351,0.041786439,0,0,0,1.36E-16,0.12528449,0
T,HMDB0000696,L-Methionine,Endo,SLC43A1,0.008112052,0.243666667,0.027052682,Transporter,-320.1433108,0,-10.11876228,2.79E-23,-1.730321351,0.041786439,0,0,0,2.88E-22,0.12528449,0
B,HMDB0000696,L-Methionine,Myeloid,SLC43A2,0.075763412,0.202166667,0.421166667,Transporter,-1137.967857,0,-35.96772394,1.04E-182,-1.730321351,0.041786439,0,0,0,5.03E-181,0.12528449,0
NK,HMDB0000696,L-Methionine,Myeloid,SLC43A2,0.079156635,0.187833333,0.421166667,Transporter,-1163.07493,0,-36.76128265,4.16E-188,-1.730321351,0.041786439,0,0,0,2.09E-186,0.12528449,0
T,HMDB0000696,L-Methionine,Myeloid,SLC43A2,0.118692609,0.243666667,0.421166667,Transporter,-1440.940674,0,-45.54377884,2.60E-246,-1.730321351,0.041786439,0,0,0,1.78E-244,0.12528449,0
Fibro,HMDB0000112,gamma-Aminobutyric acid,Myeloid,SLC6A6,1.248476903,0.774717833,0.2755,Transporter,-1773.379883,0,-56.05117729,5.1718232936856e-311,-1.730321351,0.041786439,0,0,0,0.00E+00,0.12528449,0
Fibro,HMDB0000112,gamma-Aminobutyric acid,Oligo,SLC6A6,1.329279632,0.774717833,0.198473282,Transporter,-643.8469585,0,-20.35005605,1.36E-77,-1.730321351,0.041786439,0,0,0,3.16E-76,0.12528449,0
Mast,HMDB0000112,gamma-Aminobutyric acid,Myeloid,SLC6A6,1.342087067,0.827833572,0.2755,Transporter,-1937.624274,0,-61.24244598,0,-1.730321351,0.041786439,0,0,0,0,0.12528449,0
Oligo,HMDB0000014,Deoxycytidine,Fibro,SLC29A2,0.004543243,0.291603053,0.011286682,Transporter,-203.1776711,0,-6.421831991,1.04E-10,-1.730321351,0.041786439,0,0,0,6.54E-10,0.12528449,0
B,HMDB0000696,L-Methionine,B,SLC7A5,0.002712332,0.202166667,0.011666667,Transporter,-495.2054882,0,-15.65194851,7.50E-50,-1.730321351,0.041786439,0,0,0,1.24E-48,0.12528449,0
NK,HMDB0000696,L-Methionine,B,SLC7A5,0.002833809,0.187833333,0.011666667,Transporter,-526.4572893,0,-16.63972347,2.30E-55,-1.730321351,0.041786439,0,0,0,4.07E-54,0.12528449,0
Epi,HMDB0000014,Deoxycytidine,Fibro,SLC29A2,0.002331548,0.389166667,0.011286682,Transporter,-246.9945663,0,-7.806751591,7.38E-15,-1.730321351,0.041786439,0,0,0,5.81E-14,0.12528449,0
Fibro,HMDB0000014,Deoxycytidine,Epi,SLC29A2,0.031330281,0.379909707,0.073333333,Transporter,-675.0172158,0,-21.33525366,8.04E-84,-1.730321351,0.041786439,0,0,0,1.97E-82,0.12528449,0
Mast,HMDB0000112,gamma-Aminobutyric acid,Epi,SLC6A6,0.567836354,0.827833572,0.1275,Transporter,-434.9574084,0,-13.74768883,8.13E-40,-1.730321351,0.041786439,0,0,0,1.18E-38,0.12528449,0
Myeloid,HMDB0000112,gamma-Aminobutyric acid,T,SLC6A6,0.574621578,0.898666667,0.044666667,Transporter,-482.4253104,0,-15.24800572,1.18E-47,-1.730321351,0.041786439,0,0,0,1.89E-46,0.12528449,0
Myeloid,HMDB0000112,gamma-Aminobutyric acid,Fibro,SLC6A6,0.605208559,0.898666667,0.070428894,Transporter,-458.0268061,0,-14.47684275,1.47E-43,-1.730321351,0.041786439,0,0,0,2.23E-42,0.12528449,0
pDC,HMDB0000660,D-Fructose,Oligo,SLC2A8,0.20724352,0.68524971,0.083969466,Transporter,-378.3639514,0,-11.95894073,3.35E-31,-1.730321351,0.041786439,0,0,0,4.18E-30,0.12528449,0
T,HMDB0000696,L-Methionine,Myeloid,SLC7A5,0.026639289,0.243666667,0.093166667,Transporter,-674.1325213,0,-21.30729114,1.21E-83,-1.730321351,0.041786439,0,0,0,2.96E-82,0.12528449,0
T,HMDB0000696,L-Methionine,T,SLC7A5,0.027141321,0.243666667,0.060333333,Transporter,-687.3685953,0,-21.72564342,2.55E-86,-1.730321351,0.041786439,0,0,0,6.47E-85,0.12528449,0
pDC,HMDB0000574,L-Cysteine,Oligo,SLC7A11,0.040783631,0.490127758,0.042748092,Transporter,-135.9366147,0,-4.296545462,9.52E-06,-1.730321351,0.041786439,0,0,0,4.11E-05,0.12528449,0
Epi,HMDB0000574,L-Cysteine,Oligo,SLC7A11,0.041240754,0.488833333,0.042748092,Transporter,-157.5066779,0,-4.978309955,3.78E-07,-1.730321351,0.041786439,0,0,0,1.86E-06,0.12528449,0
Endo,HMDB0000574,L-Cysteine,Myeloid,SLC7A11,0.041589427,0.536782155,0.020833333,Transporter,-349.5374932,0,-11.04782353,3.75E-27,-1.730321351,0.041786439,0,0,0,4.28E-26,0.12528449,0
pDC,HMDB0000574,L-Cysteine,Endo,SLC7A11,0.042115051,0.490127758,0.037019459,Transporter,-221.924098,0,-7.014349874,2.13E-12,-1.730321351,0.041786439,0,0,0,1.46E-11,0.12528449,0
Epi,HMDB0000574,L-Cysteine,Endo,SLC7A11,0.042587097,0.488833333,0.037019459,Transporter,-296.1727594,0,-9.361125613,2.53E-20,-1.730321351,0.041786439,0,0,0,2.41E-19,0.12528449,0
Myeloid,HMDB0002925,Dihomo-gamma-linolenic acid,pDC,SLC27A5,0.077789159,0.348666667,0.040650407,Transporter,-183.1923429,0,-5.79015618,4.71E-09,-1.730321351,0.041786439,0,0,0,2.67E-08,0.12528449,0
NK,HMDB0000696,L-Methionine,Mast,SLC7A5,0.023586789,0.187833333,0.082926829,Transporter,-584.5133328,0,-18.4746995,4.37E-66,-1.730321351,0.041786439,0,0,0,9.01E-65,0.12528449,0
Myeloid,HMDB0000660,D-Fructose,pDC,SLC2A8,0.12200726,0.585333333,0.113821138,Transporter,-200.9337437,0,-6.350908227,1.62E-10,-1.730321351,0.041786439,0,0,0,1.01E-09,0.12528449,0
Oligo,HMDB0000014,Deoxycytidine,Epi,SLC29A2,0.03272549,0.291603053,0.073333333,Transporter,-486.49293,0,-15.37657088,2.38E-48,-1.730321351,0.041786439,0,0,0,3.85E-47,0.12528449,0
Fibro,HMDB0000014,Deoxycytidine,Fibro,SLC29A2,0.004349547,0.379909707,0.011286682,Transporter,-266.677648,0,-8.428874304,6.03E-17,-1.730321351,0.041786439,0,0,0,5.10E-16,0.12528449,0
Oligo,HMDB0002925,Dihomo-gamma-linolenic acid,pDC,SLC27A5,0.085214195,0.33740458,0.040650407,Transporter,-197.0015073,0,-6.226622122,3.50E-10,-1.730321351,0.041786439,0,0,0,2.14E-09,0.12528449,0
Endo,HMDB0000574,L-Cysteine,Oligo,SLC7A11,0.08297751,0.536782155,0.042748092,Transporter,-415.9215134,0,-13.14602173,7.97E-37,-1.730321351,0.041786439,0,0,0,1.10E-35,0.12528449,0
Mast,HMDB0002925,Dihomo-gamma-linolenic acid,B,SLC27A5,0.087763571,0.340602582,0.023166667,Transporter,-547.6601752,0,-17.3098826,3.27E-59,-1.730321351,0.041786439,0,0,0,6.11E-58,0.12528449,0
Mast,HMDB0002925,Dihomo-gamma-linolenic acid,Myeloid,SLC27A5,0.089305428,0.340602582,0.047833333,Transporter,-555.5205106,0,-17.55832404,1.17E-60,-1.730321351,0.041786439,0,0,0,2.24E-59,0.12528449,0
NK,HMDB0000696,L-Methionine,pDC,SLC7A5,0.157642619,0.187833333,0.577235772,Transporter,-864.8794576,0,-27.33622518,1.36E-123,-1.730321351,0.041786439,0,0,0,4.50E-122,0.12528449,0
B,HMDB0000696,L-Methionine,T,SLC7A5,0.017324744,0.202166667,0.060333333,Transporter,-614.6448714,0,-19.42706635,7.23E-72,-1.730321351,0.041786439,0,0,0,1.58E-70,0.12528449,0
NK,HMDB0000696,L-Methionine,Myeloid,SLC7A5,0.017765862,0.187833333,0.093166667,Transporter,-624.0930003,0,-19.72569314,1.05E-73,-1.730321351,0.041786439,0,0,0,2.34E-72,0.12528449,0
NK,HMDB0000696,L-Methionine,T,SLC7A5,0.018100669,0.187833333,0.060333333,Transporter,-638.8857026,0,-20.19324575,1.30E-76,-1.730321351,0.041786439,0,0,0,2.98E-75,0.12528449,0
B,HMDB0000696,L-Methionine,NK,SLC7A5,0.028913657,0.202166667,0.088333333,Transporter,-706.7958765,0,-22.33968106,2.78E-90,-1.730321351,0.041786439,0,0,0,7.32E-89,0.12528449,0
NK,HMDB0000696,L-Methionine,NK,SLC7A5,0.030208616,0.187833333,0.088333333,Transporter,-743.4318961,0,-23.49763489,7.54E-98,-1.730321351,0.041786439,0,0,0,2.12E-96,0.12528449,0
T,HMDB0000696,L-Methionine,Epi,SLC7A5,0.031878171,0.243666667,0.1465,Transporter,-726.1008283,0,-22.94985222,2.96E-94,-1.730321351,0.041786439,0,0,0,8.06E-93,0.12528449,0
T,HMDB0000696,L-Methionine,NK,SLC7A5,0.045296765,0.243666667,0.088333333,Transporter,-855.4323711,0,-27.03763133,1.45E-121,-1.730321351,0.041786439,0,0,0,4.77E-120,0.12528449,0
B,HMDB0000696,L-Methionine,pDC,SLC7A5,0.15088492,0.202166667,0.577235772,Transporter,-846.4581294,0,-26.75398268,1.22E-119,-1.730321351,0.041786439,0,0,0,3.96E-118,0.12528449,0
Myeloid,HMDB0000660,D-Fructose,Endo,SLC2A8,0.093004961,0.585333333,0.079734219,Transporter,-155.9870361,0,-4.930278673,4.81E-07,-1.730321351,0.041786439,0,0,0,2.34E-06,0.12528449,0
Endo,HMDB0000806,Myristic acid,Epi,SLC27A2,0.01690363,0.038917893,0.069166667,Transporter,-142.1632168,0,-4.493349532,3.92E-06,-1.730321351,0.041786439,0,0,0,1.77E-05,0.12528449,0
Myeloid,HMDB0000806,Myristic acid,Mast,SLC27A2,0.017734065,0.042333333,0.041893831,Transporter,-136.1616214,0,-4.303657244,9.23E-06,-1.730321351,0.041786439,0,0,0,3.99E-05,0.12528449,0
Endo,HMDB0000660,D-Fructose,Oligo,SLC2A8,0.122626798,0.473659231,0.083969466,Transporter,-168.461471,0,-5.324557851,6.25E-08,-1.730321351,0.041786439,0,0,0,3.26E-07,0.12528449,0
Oligo,HMDB0002925,Dihomo-gamma-linolenic acid,Endo,SLC27A5,0.086941229,0.33740458,0.041290935,Transporter,-273.3456192,0,-8.639628715,1.10E-17,-1.730321351,0.041786439,0,0,0,9.60E-17,0.12528449,0
Epi,HMDB0000014,Deoxycytidine,Epi,SLC29A2,0.016794407,0.389166667,0.073333333,Transporter,-489.0543319,0,-15.45752905,8.65E-49,-1.730321351,0.041786439,0,0,0,1.41E-47,0.12528449,0
T,HMDB0000696,L-Methionine,pDC,SLC7A5,0.236379599,0.243666667,0.577235772,Transporter,-1156.535948,0,-36.55460519,1.06E-186,-1.730321351,0.041786439,0,0,0,5.24E-185,0.12528449,0
B,HMDB0000696,L-Methionine,Mast,SLC7A5,0.02257569,0.202166667,0.082926829,Transporter,-554.6321034,0,-17.53024417,1.71E-60,-1.730321351,0.041786439,0,0,0,3.25E-59,0.12528449,0
T,HMDB0000168,L-Asparagine,NK,SLC1A5,0.013211105,0.039,0.049333333,Transporter,-286.5749887,0,-9.057769093,3.42E-19,-1.730321351,0.041786439,0,0,0,3.16E-18,0.12528449,0
Oligo,HMDB0000641,L-Glutamine,B,SLC7A6,0.920552805,0.850381679,0.033166667,Transporter,-786.0580803,0,-24.84491971,8.70E-107,-1.730321351,0.041786439,0,0,0,2.60E-105,0.12528449,0
Epi,HMDB0000641,L-Glutamine,pDC,SLC7A6,0.928755163,0.5595,0.155632985,Transporter,-436.629718,0,-13.80054548,4.40E-40,-1.730321351,0.041786439,0,0,0,6.39E-39,0.12528449,0
Myeloid,HMDB0000641,L-Glutamine,Epi,SLC7A6,0.981041631,0.850333333,0.080333333,Transporter,-1171.987911,0,-37.04299502,5.10E-190,-1.730321351,0.041786439,0,0,0,2.59E-188,0.12528449,0
Fibro,HMDB0000641,L-Glutamine,pDC,SLC7A6,1.028001144,0.548758465,0.155632985,Transporter,-500.5018084,0,-15.81934918,9.01E-51,-1.730321351,0.041786439,0,0,0,1.50E-49,0.12528449,0
Endo,HMDB0000294,Urea,Epi,SLC5A1,0.004218663,0.028001898,0.044666667,Transporter,-490.1193462,0,-15.49119093,5.67E-49,-1.730321351,0.041786439,0,0,0,9.25E-48,0.12528449,0
Mast,HMDB0000641,L-Glutamine,Fibro,SLC7A6,0.643730899,0.810329986,0.049209932,Transporter,-519.9028258,0,-16.43255669,3.42E-54,-1.730321351,0.041786439,0,0,0,5.99E-53,0.12528449,0
Oligo,HMDB0000641,L-Glutamine,Endo,SLC7A7,1.478538812,0.850381679,0.064546749,Transporter,-239.3339338,0,-7.564622156,4.40E-14,-1.730321351,0.041786439,0,0,0,3.33E-13,0.12528449,0
Epi,HMDB0000168,L-Asparagine,pDC,SLC1A5,0.079162191,0.132833333,0.2485482,Transporter,-444.210268,0,-14.04014375,2.65E-41,-1.730321351,0.041786439,0,0,0,3.91E-40,0.12528449,0
Mast,HMDB0000641,L-Glutamine,B,SLC7A6,0.827399643,0.810329986,0.033166667,Transporter,-888.3667451,0,-28.07858734,1.19E-128,-1.730321351,0.041786439,0,0,0,4.07E-127,0.12528449,0
T,HMDB0000168,L-Asparagine,Endo,SLC1A5,0.013633959,0.039,0.077835785,Transporter,-262.6729681,0,-8.302298479,1.65E-16,-1.730321351,0.041786439,0,0,0,1.37E-15,0.12528449,0
Epi,HMDB0000168,L-Asparagine,T,SLC1A5,0.015678426,0.132833333,0.038166667,Transporter,-302.7787078,0,-9.569919674,4.04E-21,-1.730321351,0.041786439,0,0,0,3.95E-20,0.12528449,0
T,HMDB0000168,L-Asparagine,Myeloid,SLC1A5,0.019961671,0.039,0.162833333,Transporter,-318.8151305,0,-10.07678252,4.12E-23,-1.730321351,0.041786439,0,0,0,4.23E-22,0.12528449,0
T,HMDB0000168,L-Asparagine,Epi,SLC1A5,0.028975177,0.039,0.233,Transporter,-352.4779319,0,-11.14076191,1.48E-27,-1.730321351,0.041786439,0,0,0,1.71E-26,0.12528449,0
T,HMDB0000168,L-Asparagine,Fibro,SLC1A5,0.030527076,0.039,0.198871332,Transporter,-357.1260907,0,-11.28767616,3.40E-28,-1.730321351,0.041786439,0,0,0,3.98E-27,0.12528449,0
Epi,HMDB0000168,L-Asparagine,Myeloid,SLC1A5,0.035950234,0.132833333,0.162833333,Transporter,-392.4808888,0,-12.40513445,2.86E-33,-1.730321351,0.041786439,0,0,0,3.69E-32,0.12528449,0
Fibro,HMDB0000195,Inosine,Fibro,SLC29A1,0.131074735,0.456207675,0.180361174,Transporter,-733.0790249,0,-23.17041192,1.07E-95,-1.730321351,0.041786439,0,0,0,2.93E-94,0.12528449,0
pDC,HMDB0000195,Inosine,Fibro,SLC29A2,0.007062606,0.613240418,0.011286682,Transporter,-136.5251589,0,-4.315147565,8.77E-06,-1.730321351,0.041786439,0,0,0,3.81E-05,0.12528449,0
NK,HMDB0000641,L-Glutamine,Myeloid,SLC7A7,1.52904334,0.1745,0.621833333,Transporter,-581.2785891,0,-18.37245903,1.79E-65,-1.730321351,0.041786439,0,0,0,3.66E-64,0.12528449,0
B,HMDB0000187,L-Serine,Epi,SLC43A1,0.004474019,0.118666667,0.026333333,Transporter,-261.5480538,0,-8.266743338,2.18E-16,-1.730321351,0.041786439,0,0,0,1.81E-15,0.12528449,0
Epi,HMDB0000187,L-Serine,Myeloid,SLC43A1,0.005266391,0.303333333,0.0125,Transporter,-293.3110326,0,-9.270675079,5.54E-20,-1.730321351,0.041786439,0,0,0,5.23E-19,0.12528449,0
B,HMDB0000187,L-Serine,NK,SLC43A1,0.005659666,0.118666667,0.013666667,Transporter,-311.4870385,0,-9.845163679,3.43E-22,-1.730321351,0.041786439,0,0,0,3.43E-21,0.12528449,0
B,HMDB0000187,L-Serine,T,SLC43A1,0.005701756,0.118666667,0.0155,Transporter,-313.8405245,0,-9.919550259,1.74E-22,-1.730321351,0.041786439,0,0,0,1.76E-21,0.12528449,0
B,HMDB0000187,L-Serine,Endo,SLC43A1,0.007440783,0.118666667,0.027052682,Transporter,-374.7572164,0,-11.84494274,1.11E-30,-1.730321351,0.041786439,0,0,0,1.37E-29,0.12528449,0
Epi,HMDB0000187,L-Serine,Mast,SLC43A1,0.007596473,0.303333333,0.010329986,Transporter,-388.8834134,0,-12.29142913,9.74E-33,-1.730321351,0.041786439,0,0,0,1.24E-31,0.12528449,0
Epi,HMDB0000187,L-Serine,Epi,SLC43A1,0.009171413,0.303333333,0.026333333,Transporter,-467.3088744,0,-14.77022087,4.21E-45,-1.730321351,0.041786439,0,0,0,6.52E-44,0.12528449,0
B,HMDB0000187,L-Serine,Myeloid,SLC43A1,0.002569062,0.118666667,0.0125,Transporter,-176.3610799,0,-5.574240606,1.60E-08,-1.730321351,0.041786439,0,0,0,8.80E-08,0.12528449,0
Epi,HMDB0000168,L-Asparagine,NK,SLC1A5,0.023792713,0.132833333,0.049333333,Transporter,-342.6917162,0,-10.83144921,3.16E-26,-1.730321351,0.041786439,0,0,0,3.55E-25,0.12528449,0
Endo,HMDB0000641,L-Glutamine,Myeloid,SLC7A7,3.39763709,0.38822971,0.621833333,Transporter,-1863.672577,0,-58.90505638,0,-1.730321351,0.041786439,0,0,0,0,0.12528449,0
B,HMDB0000187,L-Serine,Mast,SLC43A1,0.003705728,0.118666667,0.010329986,Transporter,-225.2515428,0,-7.119520347,1.03E-12,-1.730321351,0.041786439,0,0,0,7.24E-12,0.12528449,0
B,HMDB0000195,Inosine,Epi,SLC29A2,0.028867961,0.345,0.073333333,Transporter,-891.9779454,0,-28.19272646,1.98E-129,-1.730321351,0.041786439,0,0,0,6.81E-128,0.12528449,0
Fibro,HMDB0000195,Inosine,Epi,SLC29A2,0.032430595,0.456207675,0.073333333,Transporter,-923.7132977,0,-29.19578501,2.73E-136,-1.730321351,0.041786439,0,0,0,9.91E-135,0.12528449,0
Oligo,HMDB0000195,Inosine,Epi,SLC29A2,0.039049783,0.389312977,0.073333333,Transporter,-450.7797029,0,-14.24778373,2.27E-42,-1.730321351,0.041786439,0,0,0,3.39E-41,0.12528449,0
Epi,HMDB0000187,L-Serine,NK,SLC43A1,0.011601903,0.303333333,0.013666667,Transporter,-568.3611265,0,-17.96417709,4.80E-63,-1.730321351,0.041786439,0,0,0,9.45E-62,0.12528449,0
Epi,HMDB0000187,L-Serine,Fibro,SLC43A1,0.041008123,0.303333333,0.085553047,Transporter,-1834.123053,0,-57.97108526,3.46e-322,-1.730321351,0.041786439,0,0,0,3.5553e-320,0.12528449,0
pDC,HMDB0000071,Deoxyinosine,Fibro,SLC29A2,0.041202319,0.348432056,0.011286682,Transporter,-412.2654892,0,-13.03046586,2.92E-36,-1.730321351,0.041786439,0,0,0,3.98E-35,0.12528449,0
Mast,HMDB0000641,L-Glutamine,Myeloid,SLC7A6,0.583345291,0.810329986,0.044,Transporter,-491.0666358,0,-15.52113189,3.89E-49,-1.730321351,0.041786439,0,0,0,6.37E-48,0.12528449,0
Myeloid,HMDB0000641,L-Glutamine,Endo,SLC7A6,0.616507347,0.850333333,0.038443284,Transporter,-328.5123736,0,-10.38328306,2.35E-24,-1.730321351,0.041786439,0,0,0,2.50E-23,0.12528449,0
Epi,HMDB0000294,Urea,Epi,SLC5A1,0.015072551,0.114166667,0.044666667,Transporter,-2485.595285,0,-78.56215315,0,-1.730321351,0.041786439,0,0,0,0,0.12528449,0
Epi,HMDB0000641,L-Glutamine,Myeloid,SLC7A7,4.268131724,0.5595,0.621833333,Transporter,-3065.571084,0,-96.89343493,0,-1.730321351,0.041786439,0,0,0,0,0.12528449,0
Fibro,HMDB0001043,Arachidonic acid,B,SLC27A5,0.015871592,0.506772009,0.023166667,Transporter,-557.2520066,0,-17.61305139,5.59E-61,-1.730321351,0.041786439,0,0,0,1.07E-59,0.12528449,0
T,HMDB0001043,Arachidonic acid,B,SLC27A5,0.007654361,0.221833333,0.023166667,Transporter,-407.1834958,0,-12.86983941,1.75E-35,-1.730321351,0.041786439,0,0,0,2.36E-34,0.12528449,0
T,HMDB0001043,Arachidonic acid,Myeloid,SLC27A5,0.007788835,0.221833333,0.047833333,Transporter,-410.8811099,0,-12.98670982,4.76E-36,-1.730321351,0.041786439,0,0,0,6.47E-35,0.12528449,0
Endo,HMDB0001043,Arachidonic acid,Endo,SLC27A5,0.020592135,0.510204082,0.041290935,Transporter,-476.5440803,0,-15.06211782,1.18E-46,-1.730321351,0.041786439,0,0,0,1.86E-45,0.12528449,0
Myeloid,HMDB0000641,L-Glutamine,Myeloid,SLC7A6,0.575984049,0.850333333,0.044,Transporter,-515.8006956,0,-16.30290075,1.84E-53,-1.730321351,0.041786439,0,0,0,3.17E-52,0.12528449,0
NK,HMDB0000071,Deoxyinosine,Epi,SLC29A2,0.075758416,0.097,0.073333333,Transporter,-1763.050498,0,-55.72469664,0.00E+00,-1.730321351,0.041786439,0,0,0,4.10E-307,0.12528449,0
Oligo,HMDB0000071,Deoxyinosine,Epi,SLC29A2,0.099189815,0.132824427,0.073333333,Transporter,-811.2136718,0,-25.64001192,4.07E-112,-1.730321351,0.041786439,0,0,0,1.26E-110,0.12528449,0
pDC,HMDB0000071,Deoxyinosine,Epi,SLC29A2,0.296784961,0.348432056,0.073333333,Transporter,-2646.261103,0,-83.64031398,0,-1.730321351,0.041786439,0,0,0,0,0.12528449,0
NK,HMDB0000071,Deoxyinosine,Fibro,SLC29A2,0.010517455,0.097,0.011286682,Transporter,-350.2300753,0,-11.06971396,3.01E-27,-1.730321351,0.041786439,0,0,0,3.45E-26,0.12528449,0
Fibro,HMDB0000641,L-Glutamine,Epi,SLC6A14,0.747302067,0.548758465,0.135666667,Transporter,-1616.390371,0,-51.08921338,3.41E-281,-1.730321351,0.041786439,0,0,0,2.82E-279,0.12528449,0
Oligo,HMDB0000071,Deoxyinosine,Fibro,SLC29A2,0.013770409,0.132824427,0.011286682,Transporter,-158.007305,0,-4.994133264,3.49E-07,-1.730321351,0.041786439,0,0,0,1.72E-06,0.12528449,0
Fibro,HMDB0000071,Deoxyinosine,Epi,SLC29A2,0.028198487,0.091647856,0.073333333,Transporter,-660.5416172,0,-20.87772374,6.49E-81,-1.730321351,0.041786439,0,0,0,1.56E-79,0.12528449,0
Myeloid,HMDB0000641,L-Glutamine,Endo,SLC43A1,0.501017717,0.850333333,0.027052682,Transporter,-510.5913244,0,-16.13824828,1.53E-52,-1.730321351,0.041786439,0,0,0,2.62E-51,0.12528449,0
T,HMDB0000168,L-Asparagine,Mast,SLC1A5,0.024180767,0.039,0.101865136,Transporter,-331.2373149,0,-10.46941021,1.04E-24,-1.730321351,0.041786439,0,0,0,1.12E-23,0.12528449,0
Epi,HMDB0000168,L-Asparagine,Endo,SLC1A5,0.024554259,0.132833333,0.077835785,Transporter,-321.1844365,0,-10.15166912,2.06E-23,-1.730321351,0.041786439,0,0,0,2.13E-22,0.12528449,0
Epi,HMDB0000168,L-Asparagine,B,SLC1A5,0.008544519,0.132833333,0.022166667,Transporter,-271.91562,0,-8.594430764,1.59E-17,-1.730321351,0.041786439,0,0,0,1.38E-16,0.12528449,0
T,HMDB0000168,L-Asparagine,T,SLC1A5,0.008705579,0.039,0.038166667,Transporter,-271.2795861,0,-8.574327656,1.87E-17,-1.730321351,0.041786439,0,0,0,1.62E-16,0.12528449,0
Epi,HMDB0000168,L-Asparagine,Fibro,SLC1A5,0.054978139,0.132833333,0.198871332,Transporter,-471.7098756,0,-14.90932322,7.70E-46,-1.730321351,0.041786439,0,0,0,1.21E-44,0.12528449,0
NK,HMDB0000294,Urea,Epi,SLC5A1,0.002687566,0.0105,0.044666667,Transporter,-296.1681956,0,-9.360981363,2.53E-20,-1.730321351,0.041786439,0,0,0,2.42E-19,0.12528449,0
Oligo,HMDB0000641,L-Glutamine,T,SLC43A1,0.432605135,0.850381679,0.0155,Transporter,-595.5702431,0,-18.82417501,3.42E-68,-1.730321351,0.041786439,0,0,0,7.21E-67,0.12528449,0
Fibro,HMDB0000641,L-Glutamine,Fibro,SLC43A1,0.454782096,0.548758465,0.085553047,Transporter,-635.8375736,0,-20.09690361,5.20E-76,-1.730321351,0.041786439,0,0,0,1.18E-74,0.12528449,0
Epi,HMDB0000641,L-Glutamine,T,SLC7A6,0.395247385,0.5595,0.052166667,Transporter,-197.4270575,0,-6.240072477,3.23E-10,-1.730321351,0.041786439,0,0,0,1.98E-09,0.12528449,0
Mast,HMDB0000641,L-Glutamine,Endo,SLC43A1,0.507420867,0.810329986,0.027052682,Transporter,-518.9547433,0,-16.40259067,5.05E-54,-1.730321351,0.041786439,0,0,0,8.82E-53,0.12528449,0
Oligo,HMDB0000641,L-Glutamine,Endo,SLC43A1,0.564549074,0.850381679,0.027052682,Transporter,-561.7405596,0,-17.75492098,8.22E-62,-1.730321351,0.041786439,0,0,0,1.60E-60,0.12528449,0
pDC,HMDB0000195,Inosine,Epi,SLC29A1,0.098591316,0.613240418,0.132666667,Transporter,-248.068957,0,-7.840709835,5.72E-15,-1.730321351,0.041786439,0,0,0,4.53E-14,0.12528449,0
Oligo,HMDB0000195,Inosine,Fibro,SLC29A2,0.005421237,0.389312977,0.011286682,Transporter,-114.3124069,0,-3.613069624,0.000158834,-1.730321351,0.041786439,0,0,0,0.000606251,0.12528449,0
Mast,HMDB0000294,Urea,Epi,SLC5A1,0.00618721,0.02553802,0.044666667,Transporter,-880.4198086,0,-27.8274087,6.15E-127,-1.730321351,0.041786439,0,0,0,2.08E-125,0.12528449,0
T,HMDB0000294,Urea,Epi,SLC5A1,0.007002628,0.0345,0.044666667,Transporter,-1046.035461,0,-33.06201882,7.83E-163,-1.730321351,0.041786439,0,0,0,3.38E-161,0.12528449,0
Myeloid,HMDB0000294,Urea,Epi,SLC5A1,0.002109536,0.016,0.044666667,Transporter,-190.6754638,0,-6.02667501,1.18E-09,-1.730321351,0.041786439,0,0,0,6.96E-09,0.12528449,0
Oligo,HMDB0000660,D-Fructose,Endo,SLC2A8,0.341072832,0.738931298,0.079734219,Transporter,-1048.996968,0,-33.1556231,1.78E-163,-1.730321351,0.041786439,0,0,0,7.74E-162,0.12528449,0
T,HMDB0000294,Urea,Endo,SLC14A1,0.024708968,0.0345,0.065970574,Transporter,-1009.178734,0,-31.89708908,7.82E-155,-1.730321351,0.041786439,0,0,0,3.17E-153,0.12528449,0
Epi,HMDB0000294,Urea,Endo,SLC14A1,0.053183918,0.114166667,0.065970574,Transporter,-2344.848089,0,-74.11355975,0,-1.730321351,0.041786439,0,0,0,0,0.12528449,0
Myeloid,HMDB0000294,Urea,Endo,SLC14A1,0.007443555,0.016,0.065970574,Transporter,-215.9530909,0,-6.825624391,7.58E-12,-1.730321351,0.041786439,0,0,0,5.05E-11,0.12528449,0
T,HMDB0000168,L-Asparagine,pDC,SLC1A5,0.043955474,0.039,0.2485482,Transporter,-332.4128134,0,-10.50656417,7.28E-25,-1.730321351,0.041786439,0,0,0,7.91E-24,0.12528449,0
Oligo,HMDB0000660,D-Fructose,Fibro,SLC2A8,0.25944085,0.738931298,0.083521445,Transporter,-889.3000637,0,-28.10808672,7.49E-129,-1.730321351,0.041786439,0,0,0,2.57E-127,0.12528449,0
pDC,HMDB0000660,D-Fructose,pDC,SLC2A8,0.269838564,0.68524971,0.113821138,Transporter,-619.1379657,0,-19.56907948,9.68E-73,-1.730321351,0.041786439,0,0,0,2.14E-71,0.12528449,0
Fibro,HMDB0000660,D-Fructose,pDC,SLC2A8,0.286036795,0.68013544,0.113821138,Transporter,-745.7016349,0,-23.56937447,2.54E-98,-1.730321351,0.041786439,0,0,0,7.15E-97,0.12528449,0
Oligo,HMDB0000660,D-Fructose,Myeloid,SLC2A8,0.337344447,0.738931298,0.1275,Transporter,-1339.785879,0,-42.34658156,1.69E-225,-1.730321351,0.041786439,0,0,0,1.03E-223,0.12528449,0
Mast,HMDB0000294,Urea,Endo,SLC14A1,0.021831742,0.02553802,0.065970574,Transporter,-837.556876,0,-26.47264097,9.82E-118,-1.730321351,0.041786439,0,0,0,3.13E-116,0.12528449,0
Oligo,HMDB0000660,D-Fructose,Oligo,SLC2A8,0.343639936,0.738931298,0.083969466,Transporter,-702.1058001,0,-22.19144192,2.54E-89,-1.730321351,0.041786439,0,0,0,6.62E-88,0.12528449,0
Mast,HMDB0000574,L-Cysteine,pDC,SLC7A11,0.056735692,0.205738881,0.225319396,Transporter,-302.2112226,0,-9.55198318,4.74E-21,-1.730321351,0.041786439,0,0,0,4.62E-20,0.12528449,0
pDC,HMDB0000195,Inosine,Epi,SLC29A2,0.050872751,0.613240418,0.073333333,Transporter,-615.6560827,0,-19.45902768,4.60E-72,-1.730321351,0.041786439,0,0,0,1.01E-70,0.12528449,0
Fibro,HMDB0000294,Urea,Epi,SLC5A5,0.001501663,0.034988713,0.0165,Transporter,-277.9100923,0,-8.783897912,3.38E-18,-1.730321351,0.041786439,0,0,0,3.01E-17,0.12528449,0
Oligo,HMDB0000294,Urea,Epi,SLC5A1,0.005059927,0.038167939,0.044666667,Transporter,-464.2734657,0,-14.67428078,1.35E-44,-1.730321351,0.041786439,0,0,0,2.08E-43,0.12528449,0
Fibro,HMDB0000294,Urea,Epi,SLC5A1,0.005081497,0.034988713,0.044666667,Transporter,-712.1093094,0,-22.50762261,2.26E-91,-1.730321351,0.041786439,0,0,0,5.99E-90,0.12528449,0
B,HMDB0000294,Urea,Epi,SLC5A1,0.005119684,0.024666667,0.044666667,Transporter,-738.2994717,0,-23.33541447,8.80E-97,-1.730321351,0.041786439,0,0,0,2.44E-95,0.12528449,0
Mast,HMDB0000641,L-Glutamine,pDC,SLC7A6,3.083694673,0.810329986,0.155632985,Transporter,-1865.356068,0,-58.95826645,0,-1.730321351,0.041786439,0,0,0,0,0.12528449,0
Fibro,HMDB0000641,L-Glutamine,Myeloid,SLC7A7,4.724220625,0.548758465,0.621833333,Transporter,-3280.681991,0,-103.6924404,0,-1.730321351,0.041786439,0,0,0,0,0.12528449,0
Myeloid,HMDB0000641,L-Glutamine,Myeloid,SLC7A7,13.99241585,0.850333333,0.621833333,Transporter,-10189.16932,0,-322.0488409,0,-1.730321351,0.041786439,0,0,0,0,0.12528449,0
Mast,HMDB0000641,L-Glutamine,Myeloid,SLC7A7,14.17124295,0.810329986,0.621833333,Transporter,-10801.64837,0,-341.4074523,0,-1.730321351,0.041786439,0,0,0,0,0.12528449,0
Oligo,HMDB0000641,L-Glutamine,Myeloid,SLC7A7,15.76671872,0.850381679,0.621833333,Transporter,-7333.48133,0,-231.7891762,0,-1.730321351,0.041786439,0,0,0,0,0.12528449,0
Myeloid,HMDB0000641,L-Glutamine,T,SLC7A6,1.295757989,0.850333333,0.052166667,Transporter,-1746.536561,0,-55.20274103,5.22E-306,-1.730321351,0.041786439,0,0,0,4.84E-304,0.12528449,0
Mast,HMDB0000641,L-Glutamine,T,SLC7A6,1.312318149,0.810329986,0.052166667,Transporter,-1699.904196,0,-53.72883293,3.19E-297,-1.730321351,0.041786439,0,0,0,2.83E-295,0.12528449,0
Oligo,HMDB0000641,L-Glutamine,T,SLC7A6,1.460066078,0.850381679,0.052166667,Transporter,-1491.745216,0,-47.14955681,1.41E-256,-1.730321351,0.041786439,0,0,0,1.03E-254,0.12528449,0
Myeloid,HMDB0000641,L-Glutamine,pDC,SLC7A6,3.04478149,0.850333333,0.155632985,Transporter,-1855.983307,0,-58.6620218,0,-1.730321351,0.041786439,0,0,0,0,0.12528449,0
Oligo,HMDB0000641,L-Glutamine,Fibro,SLC7A6,0.716205632,0.850381679,0.049209932,Transporter,-506.6851571,0,-16.01478614,7.46E-52,-1.730321351,0.041786439,0,0,0,1.27E-50,0.12528449,0
Oligo,HMDB0000641,L-Glutamine,pDC,SLC7A6,3.430873826,0.850381679,0.155632985,Transporter,-2015.378624,0,-63.70002594,0,-1.730321351,0.041786439,0,0,0,0,0.12528449,0
Fibro,HMDB0000641,L-Glutamine,T,SLC7A6,0.437483182,0.548758465,0.052166667,Transporter,-262.9813472,0,-8.312045409,1.52E-16,-1.730321351,0.041786439,0,0,0,1.27E-15,0.12528449,0
Myeloid,HMDB0000641,L-Glutamine,NK,SLC7A6,0.473685633,0.850333333,0.017333333,Transporter,-330.8191659,0,-10.45619379,1.18E-24,-1.730321351,0.041786439,0,0,0,1.27E-23,0.12528449,0
Fibro,HMDB0000574,L-Cysteine,Epi,SLC7A11,0.06404904,0.450790068,0.0975,Transporter,-827.3818509,0,-26.15103918,1.46E-115,-1.730321351,0.041786439,0,0,0,4.62E-114,0.12528449,0
Epi,HMDB0000660,D-Fructose,pDC,SLC2A8,0.221709127,0.64,0.113821138,Transporter,-540.747366,0,-17.09138959,6.00E-58,-1.730321351,0.041786439,0,0,0,1.10E-56,0.12528449,0
Endo,HMDB0000574,L-Cysteine,Epi,SLC7A11,0.142012218,0.536782155,0.0975,Transporter,-1843.349531,0,-58.26270636,1e-323,-1.730321351,0.041786439,0,0,0,1.03e-321,0.12528449,0
Myeloid,HMDB0000574,L-Cysteine,Epi,SLC7A11,0.170455555,0.671833333,0.0975,Transporter,-2832.116747,0,-89.51464905,0,-1.730321351,0.041786439,0,0,0,0,0.12528449,0
Oligo,HMDB0000660,D-Fructose,NK,SLC2A8,0.137535855,0.738931298,0.0215,Transporter,-363.9797535,0,-11.50429972,3.76E-29,-1.730321351,0.041786439,0,0,0,4.50E-28,0.12528449,0
Mast,HMDB0000641,L-Glutamine,Epi,SLC7A6,0.993579626,0.810329986,0.080333333,Transporter,-1145.881565,0,-36.21785233,2.06E-184,-1.730321351,0.041786439,0,0,0,1.01E-182,0.12528449,0
Myeloid,HMDB0000641,L-Glutamine,Endo,SLC7A7,1.312151899,0.850333333,0.064546749,Transporter,-232.8403594,0,-7.359379898,1.93E-13,-1.730321351,0.041786439,0,0,0,1.40E-12,0.12528449,0
Mast,HMDB0000641,L-Glutamine,Endo,SLC7A6,0.624386489,0.810329986,0.038443284,Transporter,-332.7958037,0,-10.51866933,6.48E-25,-1.730321351,0.041786439,0,0,0,7.05E-24,0.12528449,0
Myeloid,HMDB0000641,L-Glutamine,Fibro,SLC7A6,0.63560765,0.850333333,0.049209932,Transporter,-516.9573494,0,-16.33945908,1.14E-53,-1.730321351,0.041786439,0,0,0,1.98E-52,0.12528449,0
Mast,HMDB0000641,L-Glutamine,Endo,SLC7A7,1.328921578,0.810329986,0.064546749,Transporter,-237.101187,0,-7.49405178,7.34E-14,-1.730321351,0.041786439,0,0,0,5.49E-13,0.12528449,0
pDC,HMDB0000660,D-Fructose,Fibro,SLC2A8,0.156464454,0.68524971,0.083521445,Transporter,-467.1664724,0,-14.76571998,4.45E-45,-1.730321351,0.041786439,0,0,0,6.89E-44,0.12528449,0
Endo,HMDB0000660,D-Fructose,pDC,SLC2A8,0.159664529,0.473659231,0.113821138,Transporter,-319.2284504,0,-10.08984631,3.65E-23,-1.730321351,0.041786439,0,0,0,3.75E-22,0.12528449,0
Epi,HMDB0000660,D-Fructose,Fibro,SLC2A8,0.128556857,0.64,0.083521445,Transporter,-462.8603738,0,-14.62961722,2.32E-44,-1.730321351,0.041786439,0,0,0,3.56E-43,0.12528449,0
Fibro,HMDB0000294,Urea,Endo,SLC14A1,0.017930204,0.034988713,0.065970574,Transporter,-690.6275579,0,-21.82864938,5.56E-87,-1.730321351,0.041786439,0,0,0,1.42E-85,0.12528449,0
Endo,HMDB0000641,L-Glutamine,Epi,SLC6A14,0.537456106,0.38822971,0.135666667,Transporter,-1034.833019,0,-32.70794349,2.11E-160,-1.730321351,0.041786439,0,0,0,8.92E-159,0.12528449,0
Epi,HMDB0000641,L-Glutamine,Epi,SLC6A14,0.675155526,0.5595,0.135666667,Transporter,-1415.994639,0,-44.75531007,3.18E-241,-1.730321351,0.041786439,0,0,0,2.13E-239,0.12528449,0
Fibro,HMDB0000071,Deoxyinosine,Fibro,SLC29A2,0.003914764,0.091647856,0.011286682,Transporter,-193.4053709,0,-6.112959121,7.00E-10,-1.730321351,0.041786439,0,0,0,4.21E-09,0.12528449,0
T,HMDB0000168,L-Asparagine,B,SLC1A5,0.004744416,0.039,0.022166667,Transporter,-257.412235,0,-8.136022607,6.03E-16,-1.730321351,0.041786439,0,0,0,4.93E-15,0.12528449,0
Epi,HMDB0000168,L-Asparagine,Oligo,SLC1A5,0.00488772,0.132833333,0.019847328,Transporter,-193.7958077,0,-6.125299648,6.50E-10,-1.730321351,0.041786439,0,0,0,3.91E-09,0.12528449,0
Oligo,HMDB0000641,L-Glutamine,Myeloid,SLC7A6,0.649021483,0.850381679,0.044,Transporter,-452.916694,0,-14.31532756,1.01E-42,-1.730321351,0.041786439,0,0,0,1.52E-41,0.12528449,0
Oligo,HMDB0000641,L-Glutamine,Endo,SLC7A6,0.694683322,0.850381679,0.038443284,Transporter,-359.5655161,0,-11.36477902,1.56E-28,-1.730321351,0.041786439,0,0,0,1.83E-27,0.12528449,0
B,HMDB0000195,Inosine,Fibro,SLC29A2,0.004007706,0.345,0.011286682,Transporter,-242.5039217,0,-7.664815892,2.12E-14,-1.730321351,0.041786439,0,0,0,1.63E-13,0.12528449,0
Endo,HMDB0000641,L-Glutamine,pDC,SLC7A6,0.739333552,0.38822971,0.155632985,Transporter,-302.3866052,0,-9.557526494,4.51E-21,-1.730321351,0.041786439,0,0,0,4.40E-20,0.12528449,0
Myeloid,HMDB0000641,L-Glutamine,B,SLC7A6,0.816958676,0.850333333,0.033166667,Transporter,-880.7576011,0,-27.8380853,5.20E-127,-1.730321351,0.041786439,0,0,0,1.76E-125,0.12528449,0
B,HMDB0000294,Urea,Endo,SLC14A1,0.018064947,0.024666667,0.065970574,Transporter,-698.2006697,0,-22.06801255,1.59E-88,-1.730321351,0.041786439,0,0,0,4.12E-87,0.12528449,0
Epi,HMDB0000187,L-Serine,T,SLC43A1,0.011688184,0.303333333,0.0155,Transporter,-570.9286251,0,-18.04532796,1.59E-63,-1.730321351,0.041786439,0,0,0,3.15E-62,0.12528449,0
Epi,HMDB0000187,L-Serine,Endo,SLC43A1,0.015253064,0.303333333,0.027052682,Transporter,-698.3104152,0,-22.07148128,1.51E-88,-1.730321351,0.041786439,0,0,0,3.92E-87,0.12528449,0
B,HMDB0000187,L-Serine,Fibro,SLC43A1,0.020004673,0.118666667,0.085553047,Transporter,-930.7452551,0,-29.41804393,8.19E-138,-1.730321351,0.041786439,0,0,0,3.00E-136,0.12528449,0
NK,HMDB0000195,Inosine,Epi,SLC29A2,0.00254204,0.301833333,0.073333333,Transporter,-222.9461326,0,-7.0466533,1.71E-12,-1.730321351,0.041786439,0,0,0,1.18E-11,0.12528449,0
Epi,HMDB0000207,Oleic acid,T,SLC27A5,0.053048036,0.450333333,0.033666667,Transporter,-396.0765581,0,-12.51878269,8.32E-34,-1.730321351,0.041786439,0,0,0,1.08E-32,0.12528449,0
Endo,HMDB0000305,Vitamin A,Myeloid,RBP4,0.015120436,0.058376839,0.1735,Transporter,-226.277848,0,-7.151958751,8.26E-13,-1.730321351,0.041786439,0,0,0,5.82E-12,0.12528449,0
Fibro,HMDB0000195,Inosine,Fibro,SLC29A2,0.004502303,0.456207675,0.011286682,Transporter,-230.9307918,0,-7.29902424,2.95E-13,-1.730321351,0.041786439,0,0,0,2.13E-12,0.12528449,0
Epi,HMDB0000660,D-Fructose,Epi,SLC2A8,0.143607982,0.64,0.115833333,Transporter,-672.1531166,0,-21.24472814,3.04E-83,-1.730321351,0.041786439,0,0,0,7.40E-82,0.12528449,0
Oligo,HMDB0000641,L-Glutamine,Epi,SLC7A6,1.105442235,0.850381679,0.080333333,Transporter,-1014.078012,0,-32.05194045,6.76E-156,-1.730321351,0.041786439,0,0,0,2.76E-154,0.12528449,0
NK,HMDB0000294,Urea,Endo,SLC14A1,0.009483151,0.0105,0.065970574,Transporter,-315.501358,0,-9.972044185,1.08E-22,-1.730321351,0.041786439,0,0,0,1.10E-21,0.12528449,0
Epi,HMDB0000294,Urea,NK,SLC14A1,0.012332111,0.114166667,0.016166667,Transporter,-731.2588482,0,-23.11288164,2.54E-95,-1.730321351,0.041786439,0,0,0,6.94E-94,0.12528449,0
Endo,HMDB0000294,Urea,Endo,SLC14A1,0.01488567,0.028001898,0.065970574,Transporter,-530.7282847,0,-16.77471672,3.92E-56,-1.730321351,0.041786439,0,0,0,7.05E-55,0.12528449,0
Oligo,HMDB0000294,Urea,Endo,SLC14A1,0.017854094,0.038167939,0.065970574,Transporter,-526.8164419,0,-16.6510752,1.98E-55,-1.730321351,0.041786439,0,0,0,3.52E-54,0.12528449,0
Endo,HMDB0000574,L-Cysteine,Myeloid,SLC43A2,0.859864875,0.536782155,0.421166667,Transporter,-3012.840625,0,-95.22678453,0,-1.730321351,0.041786439,0,0,0,0,0.12528449,0
Endo,HMDB0000169,D-Mannose,Endo,SLC2A3,0.558661454,0.416706217,0.340768866,Transporter,-247.4688688,0,-7.821742861,6.60E-15,-1.730321351,0.041786439,0,0,0,5.20E-14,0.12528449,0
Mast,HMDB0000296,Uridine,Epi,SLC29A2,0.004478797,0.270875179,0.073333333,Transporter,-365.6852275,0,-11.5582046,2.16E-29,-1.730321351,0.041786439,0,0,0,2.60E-28,0.12528449,0
B,HMDB0000296,Uridine,Fibro,SLC29A2,0.005301814,0.430333333,0.011286682,Transporter,-378.96775,0,-11.97802498,2.74E-31,-1.730321351,0.041786439,0,0,0,3.42E-30,0.12528449,0
B,HMDB0000296,Uridine,Epi,SLC29A2,0.038189568,0.430333333,0.073333333,Transporter,-1560.923908,0,-49.33608617,2.43E-270,-1.730321351,0.041786439,0,0,0,1.89E-268,0.12528449,0
Mast,HMDB0000517,L-Arginine,Epi,SLC7A2,0.097642636,0.123672884,0.094,Transporter,-1749.598387,0,-55.2995161,1.40E-306,-1.730321351,0.041786439,0,0,0,1.31E-304,0.12528449,0
Mast,HMDB0000034,Adenine,Myeloid,SLC29A3,0.437988859,0.51276901,0.130666667,Transporter,-715.0102082,0,-22.59931125,5.73E-92,-1.730321351,0.041786439,0,0,0,1.53E-90,0.12528449,0
pDC,HMDB0000574,L-Cysteine,Myeloid,SLC43A2,0.422625501,0.490127758,0.421166667,Transporter,-872.5140823,0,-27.57753259,3.10E-125,-1.730321351,0.041786439,0,0,0,1.04E-123,0.12528449,0
Epi,HMDB0000574,L-Cysteine,Myeloid,SLC43A2,0.427362497,0.488833333,0.421166667,Transporter,-2006.823485,0,-63.42962386,0,-1.730321351,0.041786439,0,0,0,0,0.12528449,0
Endo,HMDB0000169,D-Mannose,Myeloid,SLC2A3,0.551710291,0.416706217,0.445,Transporter,-244.2700567,0,-7.720638081,1.40E-14,-1.730321351,0.041786439,0,0,0,1.09E-13,0.12528449,0
Epi,HMDB0000517,L-Arginine,Fibro,SLC7A2,0.054513383,0.332166667,0.037020316,Transporter,-825.1269104,0,-26.07976733,4.43E-115,-1.730321351,0.041786439,0,0,0,1.40E-113,0.12528449,0
Myeloid,HMDB0000517,L-Arginine,Epi,SLC7A2,0.112579285,0.255666667,0.094,Transporter,-2280.794114,0,-72.08900724,0,-1.730321351,0.041786439,0,0,0,0,0.12528449,0
Epi,HMDB0000517,L-Arginine,Epi,SLC7A2,0.151465222,0.332166667,0.094,Transporter,-3209.531759,0,-101.4435967,0,-1.730321351,0.041786439,0,0,0,0,0.12528449,0
Fibro,HMDB0000517,L-Arginine,Epi,SLC7A2,0.023284488,0.133634312,0.094,Transporter,-246.2371244,0,-7.782811143,8.83E-15,-1.730321351,0.041786439,0,0,0,6.92E-14,0.12528449,0
Endo,HMDB0000517,L-Arginine,Fibro,SLC7A2,0.029420954,0.181775036,0.037020316,Transporter,-290.1594394,0,-9.171062744,1.30E-19,-1.730321351,0.041786439,0,0,0,1.22E-18,0.12528449,0
Mast,HMDB0000517,L-Arginine,Fibro,SLC7A2,0.035142261,0.123672884,0.037020316,Transporter,-418.0709912,0,-13.21396023,3.70E-37,-1.730321351,0.041786439,0,0,0,5.13E-36,0.12528449,0
Endo,HMDB0000517,L-Arginine,Epi,SLC7A2,0.081746005,0.181775036,0.094,Transporter,-1223.49226,0,-38.67089179,5.09E-201,-1.730321351,0.041786439,0,0,0,2.73E-199,0.12528449,0
Epi,HMDB0000517,L-Arginine,Oligo,SLC7A2,0.027219298,0.332166667,0.01221374,Transporter,-135.9605548,0,-4.297302137,9.49E-06,-1.730321351,0.041786439,0,0,0,4.10E-05,0.12528449,0
NK,HMDB0000169,D-Mannose,Epi,SLC2A1,0.116025869,0.246166667,0.2275,Transporter,-560.5622037,0,-17.71767671,1.36E-61,-1.730321351,0.041786439,0,0,0,2.64E-60,0.12528449,0
Fibro,HMDB0000169,D-Mannose,pDC,SLC2A1,0.441638051,0.555981941,0.229965157,Transporter,-1723.666631,0,-54.47989167,1.03E-301,-1.730321351,0.041786439,0,0,0,9.32E-300,0.12528449,0
Fibro,HMDB0006247,25-Hydroxycholesterol,Myeloid,ABCA1,0.293241505,0.095259594,0.279833333,Transporter,-914.2733441,0,-28.89741662,3.01E-134,-1.730321351,0.041786439,0,0,0,1.08E-132,0.12528449,0
Epi,HMDB0006247,25-Hydroxycholesterol,Fibro,ABCA1,0.203253756,0.068,0.210383747,Transporter,-702.0253954,0,-22.18890057,2.64E-89,-1.730321351,0.041786439,0,0,0,6.87E-88,0.12528449,0
Endo,HMDB0000169,D-Mannose,Fibro,SLC2A3,0.599742212,0.416706217,0.428216704,Transporter,-291.9867571,0,-9.228818736,7.94E-20,-1.730321351,0.041786439,0,0,0,7.48E-19,0.12528449,0
Endo,HMDB0000169,D-Mannose,T,SLC2A3,0.633162479,0.416706217,0.370333333,Transporter,-322.3992589,0,-10.19006598,1.44E-23,-1.730321351,0.041786439,0,0,0,1.50E-22,0.12528449,0
Endo,HMDB0000169,D-Mannose,Mast,SLC2A3,0.854435073,0.416706217,0.475466284,Transporter,-527.966459,0,-16.68742376,1.23E-55,-1.730321351,0.041786439,0,0,0,2.19E-54,0.12528449,0
Fibro,HMDB0000169,D-Mannose,NK,SLC2A3,0.925608154,0.555981941,0.287,Transporter,-857.3256026,0,-27.09747066,5.70E-122,-1.730321351,0.041786439,0,0,0,1.88E-120,0.12528449,0
T,HMDB0000169,D-Mannose,Mast,SLC2A3,0.368224067,0.257,0.475466284,Transporter,-113.6445222,0,-3.591959807,0.000172095,-1.730321351,0.041786439,0,0,0,0.000654343,0.12528449,0
Fibro,HMDB0001220,Prostaglandin E2,Endo,SLCO2A1,4.320191208,0.788036117,0.374466065,Transporter,-4799.022994,0,-151.6826097,0,-1.730321351,0.041786439,0,0,0,0,0.12528449,0
NK,HMDB0000169,D-Mannose,pDC,SLC2A1,0.147765029,0.246166667,0.229965157,Transporter,-460.509549,0,-14.55531475,5.70E-44,-1.730321351,0.041786439,0,0,0,8.68E-43,0.12528449,0
Fibro,HMDB0000169,D-Mannose,Fibro,SLC2A3,1.060511644,0.555981941,0.428216704,Transporter,-1024.787993,0,-32.39045058,3.20E-158,-1.730321351,0.041786439,0,0,0,1.33E-156,0.12528449,0
Fibro,HMDB0000169,D-Mannose,T,SLC2A3,1.119608005,0.555981941,0.370333333,Transporter,-1118.908075,0,-35.36530185,1.33E-178,-1.730321351,0.041786439,0,0,0,6.29E-177,0.12528449,0
pDC,HMDB0000169,D-Mannose,NK,SLC2A3,1.174115659,0.636469222,0.287,Transporter,-509.8758357,0,-16.11563384,2.05E-52,-1.730321351,0.041786439,0,0,0,3.50E-51,0.12528449,0
pDC,HMDB0000169,D-Mannose,Myeloid,SLC2A3,1.237501168,0.636469222,0.445,Transporter,-547.1235546,0,-17.29292164,4.10E-59,-1.730321351,0.041786439,0,0,0,7.65E-58,0.12528449,0
pDC,HMDB0000169,D-Mannose,Endo,SLC2A3,1.253092815,0.636469222,0.340768866,Transporter,-551.8912631,0,-17.44361449,5.46E-60,-1.730321351,0.041786439,0,0,0,1.03E-58,0.12528449,0
Endo,HMDB0000169,D-Mannose,NK,SLC2A3,0.523451378,0.416706217,0.287,Transporter,-218.097286,0,-6.893395916,4.82E-12,-1.730321351,0.041786439,0,0,0,3.24E-11,0.12528449,0
Fibro,HMDB0000207,Oleic acid,Oligo,SLC27A5,0.053589032,0.206772009,0.103816794,Transporter,-138.6392965,0,-4.381969063,6.50E-06,-1.730321351,0.041786439,0,0,0,2.86E-05,0.12528449,0
Mast,HMDB0000207,Oleic acid,Fibro,SLC27A5,0.073807319,0.349210904,0.068171558,Transporter,-614.8435361,0,-19.43334554,6.62E-72,-1.730321351,0.041786439,0,0,0,1.45E-70,0.12528449,0
Oligo,HMDB0000207,Oleic acid,B,SLC27A5,0.075521198,0.555725191,0.023166667,Transporter,-502.0192769,0,-15.86731177,4.90E-51,-1.730321351,0.041786439,0,0,0,8.21E-50,0.12528449,0
Oligo,HMDB0000207,Oleic acid,Myeloid,SLC27A5,0.076847977,0.555725191,0.047833333,Transporter,-515.849381,0,-16.30443955,1.80E-53,-1.730321351,0.041786439,0,0,0,3.11E-52,0.12528449,0
Oligo,HMDB0000207,Oleic acid,NK,SLC27A5,0.078480408,0.555725191,0.021,Transporter,-528.8780053,0,-16.71623498,8.45E-56,-1.730321351,0.041786439,0,0,0,1.51E-54,0.12528449,0
Epi,HMDB0000207,Oleic acid,pDC,SLC27A5,0.048807681,0.450333333,0.040650407,Transporter,-124.1190628,0,-3.923028372,4.67E-05,-1.730321351,0.041786439,0,0,0,0.000188348,0.12528449,0
Mast,HMDB0000870,Histamine,Fibro,SLC22A3,0.061197976,0.426111908,0.010609481,Transporter,-640.5238445,0,-20.24502246,6.19E-77,-1.730321351,0.041786439,0,0,0,1.43E-75,0.12528449,0
B,HMDB0000034,Adenine,Myeloid,SLC28A3,0.040966151,0.546166667,0.012666667,Transporter,-188.9029572,0,-5.970651435,1.64E-09,-1.730321351,0.041786439,0,0,0,9.62E-09,0.12528449,0
Epi,HMDB0000034,Adenine,Myeloid,SLC29A3,0.628770451,0.760666667,0.130666667,Transporter,-1221.561288,0,-38.60985961,1.31E-200,-1.730321351,0.041786439,0,0,0,7.01E-199,0.12528449,0
Epi,HMDB0000207,Oleic acid,Epi,SLC27A5,0.068206608,0.450333333,0.0845,Transporter,-644.4088093,0,-20.36781445,1.05E-77,-1.730321351,0.041786439,0,0,0,2.45E-76,0.12528449,0
Myeloid,HMDB0000207,Oleic acid,Fibro,SLC27A5,0.054492871,0.379333333,0.068171558,Transporter,-366.3530258,0,-11.57931168,1.74E-29,-1.730321351,0.041786439,0,0,0,2.10E-28,0.12528449,0
Mast,HMDB0000207,Oleic acid,Mast,SLC27A5,0.057131718,0.349210904,0.028981349,Transporter,-339.2374861,0,-10.72227144,9.13E-26,-1.730321351,0.041786439,0,0,0,1.02E-24,0.12528449,0
Mast,HMDB0000207,Oleic acid,pDC,SLC27A5,0.057691594,0.349210904,0.040650407,Transporter,-179.4485147,0,-5.671825088,9.25E-09,-1.730321351,0.041786439,0,0,0,5.16E-08,0.12528449,0
Mast,HMDB0000207,Oleic acid,Endo,SLC27A5,0.058860828,0.349210904,0.041290935,Transporter,-291.3954909,0,-9.210130597,9.33E-20,-1.730321351,0.041786439,0,0,0,8.76E-19,0.12528449,0
Myeloid,HMDB0000207,Oleic acid,Endo,SLC27A5,0.043457689,0.379333333,0.041290935,Transporter,-145.1317924,0,-4.587177234,2.53E-06,-1.730321351,0.041786439,0,0,0,1.16E-05,0.12528449,0
Myeloid,HMDB0000574,L-Cysteine,pDC,SLC43A2,0.397388108,0.671833333,0.138211382,Transporter,-1004.487455,0,-31.74881195,8.17E-154,-1.730321351,0.041786439,0,0,0,3.29E-152,0.12528449,0
B,HMDB0000034,Adenine,Myeloid,SLC29A3,0.445366555,0.546166667,0.130666667,Transporter,-739.4506407,0,-23.37179944,5.07E-97,-1.730321351,0.041786439,0,0,0,1.41E-95,0.12528449,0
Myeloid,HMDB0006247,25-Hydroxycholesterol,Oligo,ABCA1,0.217207989,0.050666667,0.167938931,Transporter,-584.2470597,0,-18.46628341,4.90E-66,-1.730321351,0.041786439,0,0,0,1.01E-64,0.12528449,0
Oligo,HMDB0001220,Prostaglandin E2,Endo,SLCO2A1,8.448190274,0.93129771,0.374466065,Transporter,-9266.064375,0,-292.8722842,0,-1.730321351,0.041786439,0,0,0,0,0.12528449,0
Epi,HMDB0001220,Prostaglandin E2,Epi,SLCO2A1,0.280494972,0.785666667,0.059,Transporter,-185.2470609,0,-5.855099605,3.23E-09,-1.730321351,0.041786439,0,0,0,1.86E-08,0.12528449,0
Fibro,HMDB0000169,D-Mannose,Epi,SLC2A1,0.346776494,0.555981941,0.2275,Transporter,-2214.436008,0,-69.9916281,0,-1.730321351,0.041786439,0,0,0,0,0.12528449,0
Oligo,HMDB0001220,Prostaglandin E2,Epi,SLCO2A1,0.583170989,0.93129771,0.059,Transporter,-759.178336,0,-23.99533225,3.90E-101,-1.730321351,0.041786439,0,0,0,1.13E-99,0.12528449,0
Mast,HMDB0000296,Uridine,Fibro,SLC29A2,0.000621786,0.270875179,0.011286682,Transporter,-209.8374911,0,-6.632328769,2.70E-11,-1.730321351,0.041786439,0,0,0,1.75E-10,0.12528449,0
NK,HMDB0000517,L-Arginine,Epi,SLC7A2,0.035549644,0.053666667,0.094,Transporter,-555.7666816,0,-17.56610476,1.05E-60,-1.730321351,0.041786439,0,0,0,2.02E-59,0.12528449,0
Myeloid,HMDB0000517,L-Arginine,Fibro,SLC7A2,0.040518065,0.255666667,0.037020316,Transporter,-572.9848244,0,-18.1103182,6.53E-64,-1.730321351,0.041786439,0,0,0,1.30E-62,0.12528449,0
NK,HMDB0001220,Prostaglandin E2,Endo,SLCO2A1,2.10032424,0.448166667,0.374466065,Transporter,-2225.188259,0,-70.33147426,0,-1.730321351,0.041786439,0,0,0,0,0.12528449,0
Endo,HMDB0006247,25-Hydroxycholesterol,Mast,ABCA1,0.097272959,0.019458946,0.152654232,Transporter,-127.1207146,0,-4.017901511,3.16E-05,-1.730321351,0.041786439,0,0,0,0.000129331,0.12528449,0
Myeloid,HMDB0006247,25-Hydroxycholesterol,Fibro,ABCA1,0.226912522,0.050666667,0.210383747,Transporter,-790.6656089,0,-24.99054976,9.25E-108,-1.730321351,0.041786439,0,0,0,2.78E-106,0.12528449,0
Fibro,HMDB0006247,25-Hydroxycholesterol,Mast,ABCA1,0.228217228,0.095259594,0.152654232,Transporter,-663.7230172,0,-20.97827818,1.50E-81,-1.730321351,0.041786439,0,0,0,3.62E-80,0.12528449,0
Epi,HMDB0006247,25-Hydroxycholesterol,Mast,ABCA1,0.248808864,0.068,0.152654232,Transporter,-906.4461471,0,-28.65002258,1.48E-132,-1.730321351,0.041786439,0,0,0,5.21E-131,0.12528449,0
Myeloid,HMDB0006247,25-Hydroxycholesterol,Mast,ABCA1,0.277770253,0.050666667,0.152654232,Transporter,-991.1200335,0,-31.32630817,6.53E-151,-1.730321351,0.041786439,0,0,0,2.56E-149,0.12528449,0
NK,HMDB0000169,D-Mannose,T,SLC2A3,0.374602933,0.246166667,0.370333333,Transporter,-124.7736594,0,-3.94371819,4.29E-05,-1.730321351,0.041786439,0,0,0,0.00017382,0.12528449,0
Epi,HMDB0001220,Prostaglandin E2,Endo,SLCO2A1,4.06343068,0.785666667,0.374466065,Transporter,-4496.313762,0,-142.1148859,0,-1.730321351,0.041786439,0,0,0,0,0.12528449,0
Mast,HMDB0000207,Oleic acid,T,SLC27A5,0.062703773,0.349210904,0.033666667,Transporter,-519.0639264,0,-16.40604162,4.83E-54,-1.730321351,0.041786439,0,0,0,8.44E-53,0.12528449,0
pDC,HMDB0000169,D-Mannose,pDC,SLC2A1,0.560209144,0.636469222,0.229965157,Transporter,-1595.922822,0,-50.44229603,3.30E-277,-1.730321351,0.041786439,0,0,0,2.66E-275,0.12528449,0
Fibro,HMDB0000538,Adenosine triphosphate,pDC,P2RY1,0.00569242,0.572911964,0.013937282,Receptor,-328.1465573,0,-10.37172071,2.62E-24,-1.730321351,0.041786439,0,0,0,2.79E-23,0.12528449,0
Epi,HMDB0000538,Adenosine triphosphate,Fibro,P2RY1,0.005813749,0.582166667,0.013544018,Receptor,-594.7629593,0,-18.79865921,4.88E-68,-1.730321351,0.041786439,0,0,0,1.03E-66,0.12528449,0
Fibro,HMDB0000538,Adenosine triphosphate,Mast,P2RY1,0.006708958,0.572911964,0.011477762,Receptor,-575.2906349,0,-18.1831979,2.41E-64,-1.730321351,0.041786439,0,0,0,4.84E-63,0.12528449,0
Epi,HMDB0000538,Adenosine triphosphate,Mast,P2RY1,0.007713014,0.582166667,0.011477762,Receptor,-685.9363863,0,-21.68037563,4.98E-86,-1.730321351,0.041786439,0,0,0,1.26E-84,0.12528449,0
Endo,HMDB0000538,Adenosine triphosphate,Endo,P2RY1,0.009891126,0.49833887,0.095870907,Receptor,-540.8760995,0,-17.09545847,5.68E-58,-1.730321351,0.041786439,0,0,0,1.05E-56,0.12528449,0
T,HMDB0000168,L-Asparagine,Mast,SLC43A1,0.002287132,0.039,0.010329986,Transporter,-212.624622,0,-6.720421549,1.52E-11,-1.730321351,0.041786439,0,0,0,9.98E-11,0.12528449,0
T,HMDB0000168,L-Asparagine,Epi,SLC43A1,0.002761312,0.039,0.026333333,Transporter,-246.1505094,0,-7.780073505,9.01E-15,-1.730321351,0.041786439,0,0,0,7.05E-14,0.12528449,0
T,HMDB0000168,L-Asparagine,Endo,SLC43A1,0.004592365,0.039,0.027052682,Transporter,-224.8350917,0,-7.106357585,1.13E-12,-1.730321351,0.041786439,0,0,0,7.92E-12,0.12528449,0
Epi,HMDB0000538,Adenosine triphosphate,NK,P2RX7,0.008698462,0.582166667,0.011833333,Receptor,-575.3094133,0,-18.18379143,2.39E-64,-1.730321351,0.041786439,0,0,0,4.80E-63,0.12528449,0
Oligo,HMDB0000169,D-Mannose,pDC,SLC2A1,0.702196313,0.630534351,0.229965157,Transporter,-1803.562775,0,-57.00516726,1.36085614e-316,-1.730321351,0.041786439,0,0,0,1.360856144e-314,0.12528449,0
Fibro,HMDB0000169,D-Mannose,Myeloid,SLC2A3,0.9755778,0.555981941,0.445,Transporter,-903.0452223,0,-28.54252963,8.07E-132,-1.730321351,0.041786439,0,0,0,2.81E-130,0.12528449,0
Fibro,HMDB0000169,D-Mannose,Endo,SLC2A3,0.987869397,0.555981941,0.340768866,Transporter,-894.3035239,0,-28.26623097,6.23E-130,-1.730321351,0.041786439,0,0,0,2.15E-128,0.12528449,0
Fibro,HMDB0000169,D-Mannose,B,SLC2A3,1.059819511,0.555981941,0.3645,Transporter,-1039.865252,0,-32.86699716,1.71E-161,-1.730321351,0.041786439,0,0,0,7.29E-160,0.12528449,0
Epi,HMDB0000168,L-Asparagine,Endo,SLC43A1,0.00827068,0.132833333,0.027052682,Transporter,-272.6539884,0,-8.617768358,1.32E-17,-1.730321351,0.041786439,0,0,0,1.15E-16,0.12528449,0
T,HMDB0000168,L-Asparagine,Fibro,SLC43A1,0.012346651,0.039,0.085553047,Transporter,-383.1257259,0,-12.10944603,6.81E-32,-1.730321351,0.041786439,0,0,0,8.60E-31,0.12528449,0
Epi,HMDB0000168,L-Asparagine,Fibro,SLC43A1,0.022235864,0.132833333,0.085553047,Transporter,-563.3286276,0,-17.80511501,4.17E-62,-1.730321351,0.041786439,0,0,0,8.12E-61,0.12528449,0
Fibro,HMDB0000538,Adenosine triphosphate,Myeloid,P2RY1,0.015916504,0.572911964,0.062166667,Receptor,-1313.950629,0,-41.5300074,4.15E-220,-1.730321351,0.041786439,0,0,0,2.49E-218,0.12528449,0
Mast,HMDB0001341,ADP,Fibro,P2RY1,0.006869709,0.686944046,0.013544018,Receptor,-223.2701876,0,-7.0568957,1.59E-12,-1.730321351,0.041786439,0,0,0,1.10E-11,0.12528449,0
Epi,HMDB0000538,Adenosine triphosphate,pDC,P2RY1,0.006544341,0.582166667,0.013937282,Receptor,-373.395565,0,-11.80190506,1.74E-30,-1.730321351,0.041786439,0,0,0,2.14E-29,0.12528449,0
NK,HMDB0001341,ADP,pDC,P2RY1,0.008755386,0.676833333,0.013937282,Receptor,-202.2153771,0,-6.391416785,1.26E-10,-1.730321351,0.041786439,0,0,0,7.89E-10,0.12528449,0
Mast,HMDB0001341,ADP,Mast,P2RY1,0.00911394,0.686944046,0.011477762,Receptor,-340.560297,0,-10.76408149,6.09E-26,-1.730321351,0.041786439,0,0,0,6.79E-25,0.12528449,0
Myeloid,HMDB0001341,ADP,Myeloid,P2RY1,0.009160962,0.601833333,0.062166667,Receptor,-438.245249,0,-13.85160753,2.42E-40,-1.730321351,0.041786439,0,0,0,3.53E-39,0.12528449,0
Oligo,HMDB0001341,ADP,Fibro,P2RY1,0.010098403,0.696183206,0.013544018,Receptor,-224.3108815,0,-7.089788887,1.27E-12,-1.730321351,0.041786439,0,0,0,8.85E-12,0.12528449,0
Endo,HMDB0000538,Adenosine triphosphate,Myeloid,P2RY1,0.00320035,0.49833887,0.062166667,Receptor,-279.2319933,0,-8.825679206,2.39E-18,-1.730321351,0.041786439,0,0,0,2.14E-17,0.12528449,0
Oligo,HMDB0001341,ADP,Mast,P2RY1,0.0133974,0.696183206,0.011477762,Receptor,-306.1196452,0,-9.675516605,1.58E-21,-1.730321351,0.041786439,0,0,0,1.56E-20,0.12528449,0
Epi,HMDB0000168,L-Asparagine,Myeloid,SLC43A1,0.002855599,0.132833333,0.0125,Transporter,-255.3232982,0,-8.06999763,1.00E-15,-1.730321351,0.041786439,0,0,0,8.17E-15,0.12528449,0
Epi,HMDB0000538,Adenosine triphosphate,Myeloid,P2RY1,0.018298552,0.582166667,0.062166667,Receptor,-1639.949829,0,-51.83385663,9.39E-286,-1.730321351,0.041786439,0,0,0,7.91E-284,0.12528449,0
Fibro,HMDB0000538,Adenosine triphosphate,Endo,P2RY1,0.049192171,0.572911964,0.095870907,Receptor,-2896.319937,0,-91.54391781,0,-1.730321351,0.041786439,0,0,0,0,0.12528449,0
Epi,HMDB0000538,Adenosine triphosphate,Endo,P2RY1,0.056554219,0.582166667,0.095870907,Receptor,-3504.405723,0,-110.7636713,0,-1.730321351,0.041786439,0,0,0,0,0.12528449,0
Endo,HMDB0000538,Adenosine triphosphate,pDC,P2RY1,0.001144581,0.49833887,0.013937282,Receptor,-120.1851153,0,-3.798688183,7.71E-05,-1.730321351,0.041786439,0,0,0,0.000304374,0.12528449,0
B,HMDB0001341,ADP,Mast,P2RY1,0.004793676,0.61,0.011477762,Receptor,-114.2597327,0,-3.611404751,0.000159844,-1.730321351,0.041786439,0,0,0,0.000609895,0.12528449,0
T,HMDB0001341,ADP,Fibro,P2RY1,0.005121735,0.635833333,0.013544018,Receptor,-146.0265787,0,-4.615458723,2.22E-06,-1.730321351,0.041786439,0,0,0,1.03E-05,0.12528449,0
T,HMDB0001341,ADP,Myeloid,P2RY1,0.016120463,0.635833333,0.062166667,Receptor,-907.47833,0,-28.68264676,8.88E-133,-1.730321351,0.041786439,0,0,0,3.13E-131,0.12528449,0
Fibro,HMDB0006247,25-Hydroxycholesterol,Oligo,ABCA1,0.178459013,0.095259594,0.167938931,Transporter,-412.2759431,0,-13.03079628,2.91E-36,-1.730321351,0.041786439,0,0,0,3.97E-35,0.12528449,0
Mast,HMDB0000296,Uridine,Epi,SLC29A1,0.008679903,0.270875179,0.132666667,Transporter,-383.0796669,0,-12.10799024,6.92E-32,-1.730321351,0.041786439,0,0,0,8.73E-31,0.12528449,0
Mast,HMDB0000296,Uridine,Myeloid,SLC29A1,0.012616826,0.270875179,0.167666667,Transporter,-428.1900659,0,-13.53379359,9.64E-39,-1.730321351,0.041786439,0,0,0,1.37E-37,0.12528449,0
Mast,HMDB0000296,Uridine,Fibro,SLC29A1,0.018101955,0.270875179,0.180361174,Transporter,-430.1915386,0,-13.59705409,4.65E-39,-1.730321351,0.041786439,0,0,0,6.66E-38,0.12528449,0
Epi,HMDB0006247,25-Hydroxycholesterol,Myeloid,ABCA1,0.319700167,0.068,0.279833333,Transporter,-1285.942342,0,-40.6447501,3.12E-214,-1.730321351,0.041786439,0,0,0,1.78E-212,0.12528449,0
Fibro,HMDB0006247,25-Hydroxycholesterol,Epi,ABCA1,0.108266224,0.095259594,0.141666667,Transporter,-230.9074891,0,-7.298287711,2.97E-13,-1.730321351,0.041786439,0,0,0,2.14E-12,0.12528449,0
Epi,HMDB0006247,25-Hydroxycholesterol,Epi,ABCA1,0.118034894,0.068,0.141666667,Transporter,-325.6494706,0,-10.29279535,5.51E-24,-1.730321351,0.041786439,0,0,0,5.80E-23,0.12528449,0
Endo,HMDB0006247,25-Hydroxycholesterol,Myeloid,ABCA1,0.124988237,0.019458946,0.279833333,Transporter,-201.6316375,0,-6.372966541,1.41E-10,-1.730321351,0.041786439,0,0,0,8.83E-10,0.12528449,0
Myeloid,HMDB0006247,25-Hydroxycholesterol,Epi,ABCA1,0.131774172,0.050666667,0.141666667,Transporter,-384.2930098,0,-12.14634035,4.60E-32,-1.730321351,0.041786439,0,0,0,5.82E-31,0.12528449,0
Mast,HMDB0000296,Uridine,Mast,SLC29A1,0.005009061,0.270875179,0.035868006,Transporter,-312.4565949,0,-9.875808429,2.60E-22,-1.730321351,0.041786439,0,0,0,2.61E-21,0.12528449,0
Fibro,HMDB0006247,25-Hydroxycholesterol,Fibro,ABCA1,0.186432299,0.095259594,0.210383747,Transporter,-519.4834276,0,-16.41930078,4.07E-54,-1.730321351,0.041786439,0,0,0,7.11E-53,0.12528449,0
B,HMDB0001220,Prostaglandin E2,Endo,SLCO2A1,2.085391262,0.487666667,0.374466065,Transporter,-2203.954102,0,-69.66032674,0,-1.730321351,0.041786439,0,0,0,0,0.12528449,0
Fibro,HMDB0001220,Prostaglandin E2,Epi,SLCO2A1,0.29821892,0.788036117,0.059,Transporter,-225.2243951,0,-7.11866229,1.04E-12,-1.730321351,0.041786439,0,0,0,7.29E-12,0.12528449,0
Myeloid,HMDB0006247,25-Hydroxycholesterol,Myeloid,ABCA1,0.356913314,0.050666667,0.279833333,Transporter,-1380.220379,0,-43.62459387,7.08E-234,-1.730321351,0.041786439,0,0,0,4.53E-232,0.12528449,0
pDC,HMDB0000169,D-Mannose,T,SLC2A1,0.09545144,0.636469222,0.033333333,Transporter,-176.5981527,0,-5.58173376,1.53E-08,-1.730321351,0.041786439,0,0,0,8.45E-08,0.12528449,0
Epi,HMDB0006247,25-Hydroxycholesterol,Oligo,ABCA1,0.194561054,0.068,0.167938931,Transporter,-517.7252913,0,-16.36373141,8.36E-54,-1.730321351,0.041786439,0,0,0,1.45E-52,0.12528449,0
Endo,HMDB0000169,D-Mannose,B,SLC2A3,0.599350796,0.416706217,0.3645,Transporter,-289.1555987,0,-9.139334374,1.71E-19,-1.730321351,0.041786439,0,0,0,1.59E-18,0.12528449,0
B,HMDB0000296,Uridine,Myeloid,SLC29A1,0.107580468,0.430333333,0.167666667,Transporter,-1497.167865,0,-47.32095036,1.15E-257,-1.730321351,0.041786439,0,0,0,8.45E-256,0.12528449,0
T,HMDB0000168,L-Asparagine,NK,SLC43A1,0.00349308,0.039,0.013666667,Transporter,-269.1354544,0,-8.506558133,3.24E-17,-1.730321351,0.041786439,0,0,0,2.76E-16,0.12528449,0
T,HMDB0000168,L-Asparagine,T,SLC43A1,0.003519057,0.039,0.0155,Transporter,-264.4489255,0,-8.358431123,1.06E-16,-1.730321351,0.041786439,0,0,0,8.84E-16,0.12528449,0
Epi,HMDB0000168,L-Asparagine,Mast,SLC43A1,0.004119041,0.132833333,0.010329986,Transporter,-245.6702915,0,-7.764895269,1.01E-14,-1.730321351,0.041786439,0,0,0,7.87E-14,0.12528449,0
Epi,HMDB0000168,L-Asparagine,Epi,SLC43A1,0.004973022,0.132833333,0.026333333,Transporter,-294.2776807,0,-9.301227904,4.25E-20,-1.730321351,0.041786439,0,0,0,4.03E-19,0.12528449,0
B,HMDB0000296,Uridine,Mast,SLC29A1,0.04271099,0.430333333,0.035868006,Transporter,-724.8755337,0,-22.91112437,5.31E-94,-1.730321351,0.041786439,0,0,0,1.44E-92,0.12528449,0
B,HMDB0000296,Uridine,Epi,SLC29A1,0.074011325,0.430333333,0.132666667,Transporter,-1165.493803,0,-36.8377359,1.26E-188,-1.730321351,0.041786439,0,0,0,6.34E-187,0.12528449,0
B,HMDB0000296,Uridine,pDC,SLC29A1,0.080470144,0.430333333,0.091753775,Transporter,-634.8144245,0,-20.06456495,8.26E-76,-1.730321351,0.041786439,0,0,0,1.88E-74,0.12528449,0
B,HMDB0000296,Uridine,Endo,SLC29A1,0.083995022,0.430333333,0.09492169,Transporter,-943.7008256,0,-29.82753035,1.28E-140,-1.730321351,0.041786439,0,0,0,4.76E-139,0.12528449,0
Endo,HMDB0000034,Adenine,Myeloid,SLC29A3,0.488939207,0.562885619,0.130666667,Transporter,-835.8209285,0,-26.41777291,2.31E-117,-1.730321351,0.041786439,0,0,0,7.34E-116,0.12528449,0
Epi,HMDB0000168,L-Asparagine,NK,SLC43A1,0.006290908,0.132833333,0.013666667,Transporter,-314.1135448,0,-9.928179605,1.61E-22,-1.730321351,0.041786439,0,0,0,1.63E-21,0.12528449,0
T,HMDB0000168,L-Asparagine,Myeloid,SLC43A1,0.001585595,0.039,0.0125,Transporter,-229.3326167,0,-7.248510756,4.21E-13,-1.730321351,0.041786439,0,0,0,3.01E-12,0.12528449,0
Epi,HMDB0000168,L-Asparagine,T,SLC43A1,0.006337693,0.132833333,0.0155,Transporter,-311.7067199,0,-9.852107145,3.22E-22,-1.730321351,0.041786439,0,0,0,3.22E-21,0.12528449,0
Mast,HMDB0000296,Uridine,Oligo,SLC29A1,0.000781892,0.270875179,0.010687023,Transporter,-183.0579003,0,-5.785906857,4.82E-09,-1.730321351,0.041786439,0,0,0,2.74E-08,0.12528449,0
B,HMDB0000296,Uridine,Oligo,SLC29A1,0.006666991,0.430333333,0.010687023,Transporter,-219.2200072,0,-6.92888174,3.80E-12,-1.730321351,0.041786439,0,0,0,2.57E-11,0.12528449,0
Mast,HMDB0000296,Uridine,pDC,SLC29A1,0.00943738,0.270875179,0.091753775,Transporter,-241.0044812,0,-7.617423109,3.00E-14,-1.730321351,0.041786439,0,0,0,2.28E-13,0.12528449,0
Mast,HMDB0000296,Uridine,Endo,SLC29A1,0.009850771,0.270875179,0.09492169,Transporter,-330.7726283,0,-10.45472287,1.19E-24,-1.730321351,0.041786439,0,0,0,1.29E-23,0.12528449,0
B,HMDB0000696,L-Methionine,Endo,SLC43A1,0.005178054,0.202166667,0.027052682,Transporter,-274.0975024,0,-8.663393472,9.09E-18,-1.730321351,0.041786439,0,0,0,7.95E-17,0.12528449,0
B,HMDB0000034,Adenine,Epi,SLC28A3,0.050079368,0.546166667,0.019,Transporter,-278.8576401,0,-8.813847033,2.64E-18,-1.730321351,0.041786439,0,0,0,2.36E-17,0.12528449,0
Endo,HMDB0000034,Adenine,Epi,SLC28A3,0.054978907,0.562885619,0.019,Transporter,-321.9443895,0,-10.17568894,1.65E-23,-1.730321351,0.041786439,0,0,0,1.71E-22,0.12528449,0
Fibro,HMDB0000034,Adenine,Epi,SLC28A3,0.055296551,0.670880361,0.019,Transporter,-321.7318548,0,-10.16897135,1.75E-23,-1.730321351,0.041786439,0,0,0,1.82E-22,0.12528449,0
Mast,HMDB0000870,Histamine,Endo,SLC22A5,0.098082654,0.426111908,0.013289037,Transporter,-506.0424869,0,-15.99447328,9.67E-52,-1.730321351,0.041786439,0,0,0,1.64E-50,0.12528449,0
Mast,HMDB0000870,Histamine,T,SLC22A5,0.105187366,0.426111908,0.011166667,Transporter,-879.5864157,0,-27.80106767,9.30E-127,-1.730321351,0.041786439,0,0,0,3.13E-125,0.12528449,0
Mast,HMDB0000870,Histamine,Oligo,SLC22A5,0.108183636,0.426111908,0.015267176,Transporter,-300.7452495,0,-9.505648201,7.13E-21,-1.730321351,0.041786439,0,0,0,6.91E-20,0.12528449,0
Myeloid,HMDB0000574,L-Cysteine,Mast,SLC43A2,0.115351534,0.671833333,0.033285509,Transporter,-191.227645,0,-6.044127788,1.06E-09,-1.730321351,0.041786439,0,0,0,6.29E-09,0.12528449,0
Fibro,HMDB0000574,L-Cysteine,pDC,SLC43A2,0.149319432,0.450790068,0.138211382,Transporter,-209.0585373,0,-6.607708394,3.17E-11,-1.730321351,0.041786439,0,0,0,2.05E-10,0.12528449,0
T,HMDB0000696,L-Methionine,Fibro,SLC43A1,0.021809391,0.243666667,0.085553047,Transporter,-722.7008716,0,-22.84238987,1.49E-93,-1.730321351,0.041786439,0,0,0,4.03E-92,0.12528449,0
T,HMDB0000696,L-Methionine,T,SLC43A1,0.006216139,0.243666667,0.0155,Transporter,-466.2096007,0,-14.73547616,6.42E-45,-1.730321351,0.041786439,0,0,0,9.94E-44,0.12528449,0
B,HMDB0000696,L-Methionine,Endo,SLC43A2,0.01753418,0.202166667,0.084005695,Transporter,-484.0383292,0,-15.29898837,6.26E-48,-1.730321351,0.041786439,0,0,0,1.01E-46,0.12528449,0
pDC,HMDB0000034,Adenine,Epi,SLC28A3,0.074868983,0.838559814,0.019,Transporter,-494.7786734,0,-15.63845818,8.89E-50,-1.730321351,0.041786439,0,0,0,1.47E-48,0.12528449,0
Endo,HMDB0000034,Adenine,Myeloid,SLC28A3,0.044974094,0.562885619,0.012666667,Transporter,-221.0858242,0,-6.987854574,2.55E-12,-1.730321351,0.041786439,0,0,0,1.74E-11,0.12528449,0
Fibro,HMDB0000034,Adenine,Myeloid,SLC28A3,0.045233935,0.670880361,0.012666667,Transporter,-225.3762895,0,-7.123463212,1.01E-12,-1.730321351,0.041786439,0,0,0,7.05E-12,0.12528449,0
NK,HMDB0000034,Adenine,Myeloid,SLC28A3,0.049162561,0.570166667,0.012666667,Transporter,-260.2148722,0,-8.224605496,3.03E-16,-1.730321351,0.041786439,0,0,0,2.50E-15,0.12528449,0
Mast,HMDB0000034,Adenine,Epi,SLC28A3,0.049249781,0.51276901,0.019,Transporter,-270.9305763,0,-8.563296509,2.05E-17,-1.730321351,0.041786439,0,0,0,1.76E-16,0.12528449,0
pDC,HMDB0000305,Vitamin A,Endo,RBP1,0.126832714,0.039488966,0.312292359,Transporter,-299.7862273,0,-9.475336411,9.31E-21,-1.730321351,0.041786439,0,0,0,9.00E-20,0.12528449,0
NK,HMDB0000696,L-Methionine,Oligo,SLC43A2,0.004613606,0.187833333,0.025954198,Transporter,-243.6211734,0,-7.700128838,1.63E-14,-1.730321351,0.041786439,0,0,0,1.26E-13,0.12528449,0
NK,HMDB0000696,L-Methionine,Epi,SLC43A2,0.015902101,0.187833333,0.125333333,Transporter,-654.5650626,0,-20.68882292,1.01E-79,-1.730321351,0.041786439,0,0,0,2.41E-78,0.12528449,0
Epi,HMDB0000220,Palmitic acid,Oligo,SLC27A5,0.055906628,0.498833333,0.103816794,Transporter,-218.436535,0,-6.904118551,4.49E-12,-1.730321351,0.041786439,0,0,0,3.03E-11,0.12528449,0
Endo,HMDB0000305,Vitamin A,Myeloid,RBP1,0.00455828,0.058376839,0.062,Transporter,-119.269247,0,-3.769740353,8.65E-05,-1.730321351,0.041786439,0,0,0,0.000340117,0.12528449,0
Endo,HMDB0000305,Vitamin A,Epi,RBP1,0.005528658,0.058376839,0.081,Transporter,-123.7416659,0,-3.911099995,4.90E-05,-1.730321351,0.041786439,0,0,0,0.000197365,0.12528449,0
Endo,HMDB0000305,Vitamin A,Endo,RBP1,0.03424293,0.058376839,0.312292359,Transporter,-199.1453872,0,-6.294383685,2.31E-10,-1.730321351,0.041786439,0,0,0,1.43E-09,0.12528449,0
Endo,HMDB0000305,Vitamin A,Fibro,RBP1,0.042924826,0.058376839,0.429345372,Transporter,-229.2272626,0,-7.245180832,4.31E-13,-1.730321351,0.041786439,0,0,0,3.08E-12,0.12528449,0
Endo,HMDB0000305,Vitamin A,Oligo,RBP1,0.047829378,0.058376839,0.444274809,Transporter,-222.057746,0,-7.018574085,2.07E-12,-1.730321351,0.041786439,0,0,0,1.42E-11,0.12528449,0
Myeloid,HMDB0000220,Palmitic acid,Fibro,SLC27A5,0.052516028,0.603333333,0.068171558,Transporter,-432.503978,0,-13.67014331,2.00E-39,-1.730321351,0.041786439,0,0,0,2.88E-38,0.12528449,0
pDC,HMDB0000574,L-Cysteine,pDC,SLC43A2,0.162725235,0.490127758,0.138211382,Transporter,-161.1919838,0,-5.094791336,2.09E-07,-1.730321351,0.041786439,0,0,0,1.05E-06,0.12528449,0
Endo,HMDB0000574,L-Cysteine,B,SLC43A2,0.163617812,0.536782155,0.054833333,Transporter,-317.1111642,0,-10.02292529,6.77E-23,-1.730321351,0.041786439,0,0,0,6.91E-22,0.12528449,0
Epi,HMDB0000574,L-Cysteine,pDC,SLC43A2,0.16454914,0.488833333,0.138211382,Transporter,-271.228291,0,-8.572706373,1.90E-17,-1.730321351,0.041786439,0,0,0,1.64E-16,0.12528449,0
Endo,HMDB0000574,L-Cysteine,Epi,SLC43A2,0.172741781,0.536782155,0.125333333,Transporter,-351.4896152,0,-11.1095242,2.03E-27,-1.730321351,0.041786439,0,0,0,2.33E-26,0.12528449,0
Endo,HMDB0000305,Vitamin A,Endo,RBP4,0.001149738,0.058376839,0.012814428,Transporter,-108.8553973,0,-3.440590046,0.00030223,-1.730321351,0.041786439,0,0,0,0.001115004,0.12528449,0
Oligo,HMDB0000305,Vitamin A,Endo,RBP4,0.030581091,0.14351145,0.012814428,Transporter,-190.7436282,0,-6.028829481,1.16E-09,-1.730321351,0.041786439,0,0,0,6.88E-09,0.12528449,0
Endo,HMDB0000305,Vitamin A,Fibro,RBP4,0.002269996,0.058376839,0.023702032,Transporter,-122.5078396,0,-3.872102475,5.75E-05,-1.730321351,0.041786439,0,0,0,0.000229803,0.12528449,0
NK,HMDB0000696,L-Methionine,Myeloid,SLC43A1,0.001867886,0.187833333,0.0125,Transporter,-361.8964659,0,-11.4384533,7.37E-29,-1.730321351,0.041786439,0,0,0,8.78E-28,0.12528449,0
T,HMDB0000696,L-Methionine,Mast,SLC43A1,0.00404004,0.243666667,0.010329986,Transporter,-326.623731,0,-10.32358877,4.12E-24,-1.730321351,0.041786439,0,0,0,4.37E-23,0.12528449,0
NK,HMDB0000696,L-Methionine,NK,SLC43A1,0.004114969,0.187833333,0.013666667,Transporter,-428.7097224,0,-13.55021836,7.98E-39,-1.730321351,0.041786439,0,0,0,1.14E-37,0.12528449,0
NK,HMDB0000696,L-Methionine,T,SLC43A1,0.004145571,0.187833333,0.0155,Transporter,-422.8898136,0,-13.36626864,6.56E-38,-1.730321351,0.041786439,0,0,0,9.20E-37,0.12528449,0
T,HMDB0000696,L-Methionine,Epi,SLC43A1,0.004877642,0.243666667,0.026333333,Transporter,-422.6926709,0,-13.36003755,7.05E-38,-1.730321351,0.041786439,0,0,0,9.87E-37,0.12528449,0
Mast,HMDB0000112,gamma-Aminobutyric acid,Oligo,SLC6A6,1.428948343,0.827833572,0.198473282,Transporter,-712.280746,0,-22.5130412,2.09E-91,-1.730321351,0.041786439,0,0,0,5.53E-90,0.12528449,0
Endo,HMDB0000305,Vitamin A,Epi,RBP4,0.001772132,0.058376839,0.029666667,Transporter,-120.957468,0,-3.823099917,7.00E-05,-1.730321351,0.041786439,0,0,0,0.0002772,0.12528449,0
NK,HMDB0000696,L-Methionine,Epi,SLC43A1,0.003252921,0.187833333,0.026333333,Transporter,-392.9573473,0,-12.42019386,2.43E-33,-1.730321351,0.041786439,0,0,0,3.14E-32,0.12528449,0
B,HMDB0000696,L-Methionine,Myeloid,SLC43A1,0.001787815,0.202166667,0.0125,Transporter,-352.888942,0,-11.15375269,1.30E-27,-1.730321351,0.041786439,0,0,0,1.51E-26,0.12528449,0
B,HMDB0000696,L-Methionine,T,SLC43A1,0.003967862,0.202166667,0.0155,Transporter,-401.5499898,0,-12.69178132,1.25E-34,-1.730321351,0.041786439,0,0,0,1.66E-33,0.12528449,0
B,HMDB0000696,L-Methionine,Mast,SLC43A1,0.002578823,0.202166667,0.010329986,Transporter,-301.3559727,0,-9.524951316,6.02E-21,-1.730321351,0.041786439,0,0,0,5.84E-20,0.12528449,0
NK,HMDB0000696,L-Methionine,Mast,SLC43A1,0.002694321,0.187833333,0.010329986,Transporter,-302.0242171,0,-9.546072502,4.99E-21,-1.730321351,0.041786439,0,0,0,4.86E-20,0.12528449,0
T,HMDB0000696,L-Methionine,Myeloid,SLC43A1,0.00280083,0.243666667,0.0125,Transporter,-375.8135905,0,-11.87833153,7.81E-31,-1.730321351,0.041786439,0,0,0,9.69E-30,0.12528449,0
B,HMDB0000696,L-Methionine,Epi,SLC43A1,0.003113477,0.202166667,0.026333333,Transporter,-387.7043004,0,-12.25416093,1.45E-32,-1.730321351,0.041786439,0,0,0,1.85E-31,0.12528449,0
T,HMDB0000696,L-Methionine,NK,SLC43A1,0.006170252,0.243666667,0.013666667,Transporter,-473.2496254,0,-14.95799005,4.24E-46,-1.730321351,0.041786439,0,0,0,6.67E-45,0.12528449,0
Oligo,HMDB0000305,Vitamin A,Myeloid,RBP4,0.402177994,0.14351145,0.1735,Transporter,-1866.923044,0,-59.00779382,0,-1.730321351,0.041786439,0,0,0,0,0.12528449,0
pDC,HMDB0000305,Vitamin A,Fibro,RBP4,0.00840786,0.039488966,0.023702032,Transporter,-112.1378421,0,-3.544338204,0.000205912,-1.730321351,0.041786439,0,0,0,0.000774952,0.12528449,0
NK,HMDB0000696,L-Methionine,Epi,SLC7A5,0.021259696,0.187833333,0.1465,Transporter,-658.8419595,0,-20.8240027,1.42E-80,-1.730321351,0.041786439,0,0,0,3.40E-79,0.12528449,0
B,HMDB0000220,Palmitic acid,Oligo,SLC27A5,0.054363668,0.310833333,0.103816794,Transporter,-205.1785812,0,-6.485074709,6.96E-11,-1.730321351,0.041786439,0,0,0,4.41E-10,0.12528449,0
Endo,HMDB0000220,Palmitic acid,Oligo,SLC27A5,0.05703855,0.424299953,0.103816794,Transporter,-212.2326645,0,-6.70803296,1.65E-11,-1.730321351,0.041786439,0,0,0,1.08E-10,0.12528449,0
B,HMDB0000696,L-Methionine,Fibro,SLC43A1,0.013921287,0.202166667,0.085553047,Transporter,-581.6324914,0,-18.38364481,1.53E-65,-1.730321351,0.041786439,0,0,0,3.14E-64,0.12528449,0
NK,HMDB0000696,L-Methionine,Fibro,SLC43A1,0.014544781,0.187833333,0.085553047,Transporter,-591.7570715,0,-18.70365219,1.83E-67,-1.730321351,0.041786439,0,0,0,3.83E-66,0.12528449,0
Oligo,HMDB0000305,Vitamin A,Epi,RBP4,0.047135722,0.14351145,0.029666667,Transporter,-269.5504206,0,-8.519673961,2.91E-17,-1.730321351,0.041786439,0,0,0,2.49E-16,0.12528449,0
pDC,HMDB0000305,Vitamin A,Myeloid,RBP4,0.056004727,0.039488966,0.1735,Transporter,-359.2648643,0,-11.35527633,1.72E-28,-1.730321351,0.041786439,0,0,0,2.02E-27,0.12528449,0
Oligo,HMDB0000305,Vitamin A,Fibro,RBP4,0.060378052,0.14351145,0.023702032,Transporter,-327.7392383,0,-10.35884659,2.96E-24,-1.730321351,0.041786439,0,0,0,3.14E-23,0.12528449,0
B,HMDB0000696,L-Methionine,Myeloid,SLC7A5,0.017004289,0.202166667,0.093166667,Transporter,-612.6509721,0,-19.36404522,1.76E-71,-1.730321351,0.041786439,0,0,0,3.85E-70,0.12528449,0
Oligo,HMDB0000305,Vitamin A,Oligo,RBP1,1.272180461,0.14351145,0.444274809,Transporter,-1963.490175,0,-62.05998891,0,-1.730321351,0.041786439,0,0,0,0,0.12528449,0
T,HMDB0000696,L-Methionine,B,SLC7A5,0.004249198,0.243666667,0.011666667,Transporter,-505.3931144,0,-15.97394858,1.26E-51,-1.730321351,0.041786439,0,0,0,2.13E-50,0.12528449,0
B,HMDB0000696,L-Methionine,Fibro,SLC7A5,0.006811026,0.202166667,0.04537246,Transporter,-487.9757608,0,-15.42343868,1.32E-48,-1.730321351,0.041786439,0,0,0,2.15E-47,0.12528449,0
NK,HMDB0000696,L-Methionine,Fibro,SLC7A5,0.007116072,0.187833333,0.04537246,Transporter,-495.137452,0,-15.64979809,7.71E-50,-1.730321351,0.041786439,0,0,0,1.27E-48,0.12528449,0
B,HMDB0000696,L-Methionine,Oligo,SLC7A5,0.007384616,0.202166667,0.047328244,Transporter,-236.0358529,0,-7.460379788,9.36E-14,-1.730321351,0.041786439,0,0,0,6.95E-13,0.12528449,0
NK,HMDB0000696,L-Methionine,Oligo,SLC7A5,0.007715351,0.187833333,0.047328244,Transporter,-238.8563449,0,-7.549527014,4.91E-14,-1.730321351,0.041786439,0,0,0,3.71E-13,0.12528449,0
T,HMDB0000696,L-Methionine,Fibro,SLC7A5,0.010670301,0.243666667,0.04537246,Transporter,-513.283584,0,-16.22334247,5.13E-53,-1.730321351,0.041786439,0,0,0,8.81E-52,0.12528449,0
Endo,HMDB0000574,L-Cysteine,Fibro,SLC43A2,0.175008163,0.536782155,0.096613995,Transporter,-351.8273658,0,-11.12019948,1.82E-27,-1.730321351,0.041786439,0,0,0,2.10E-26,0.12528449,0
T,HMDB0000696,L-Methionine,pDC,SLC43A2,0.045700703,0.243666667,0.138211382,Transporter,-459.9811659,0,-14.53861416,6.97E-44,-1.730321351,0.041786439,0,0,0,1.06E-42,0.12528449,0
B,HMDB0000696,L-Methionine,pDC,SLC43A2,0.029171498,0.202166667,0.138211382,Transporter,-388.4926174,0,-12.27907725,1.11E-32,-1.730321351,0.041786439,0,0,0,1.42E-31,0.12528449,0
NK,HMDB0000696,L-Methionine,pDC,SLC43A2,0.030478005,0.187833333,0.138211382,Transporter,-397.5481382,0,-12.56529488,5.01E-34,-1.730321351,0.041786439,0,0,0,6.55E-33,0.12528449,0
NK,HMDB0000696,L-Methionine,Mast,SLC43A2,0.00884698,0.187833333,0.033285509,Transporter,-545.3479069,0,-17.23679878,8.67E-59,-1.730321351,0.041786439,0,0,0,1.61E-57,0.12528449,0
NK,HMDB0000696,L-Methionine,T,SLC43A2,0.003968122,0.187833333,0.015666667,Transporter,-569.2390276,0,-17.99192489,3.29E-63,-1.730321351,0.041786439,0,0,0,6.49E-62,0.12528449,0
B,HMDB0000696,L-Methionine,B,SLC43A2,0.014416502,0.202166667,0.054833333,Transporter,-588.8727524,0,-18.61248758,6.49E-67,-1.730321351,0.041786439,0,0,0,1.35E-65,0.12528449,0
NK,HMDB0000696,L-Methionine,B,SLC43A2,0.015062175,0.187833333,0.054833333,Transporter,-639.3576488,0,-20.20816254,1.05E-76,-1.730321351,0.041786439,0,0,0,2.41E-75,0.12528449,0
B,HMDB0000696,L-Methionine,Epi,SLC43A2,0.015220423,0.202166667,0.125333333,Transporter,-651.6185055,0,-20.59569116,3.91E-79,-1.730321351,0.041786439,0,0,0,9.23E-78,0.12528449,0
B,HMDB0000696,L-Methionine,Fibro,SLC43A2,0.015420115,0.202166667,0.096613995,Transporter,-585.9185039,0,-18.51911271,2.36E-66,-1.730321351,0.041786439,0,0,0,4.89E-65,0.12528449,0
T,HMDB0000696,L-Methionine,Endo,SLC43A2,0.027469428,0.243666667,0.084005695,Transporter,-552.6304096,0,-17.46697668,3.99E-60,-1.730321351,0.041786439,0,0,0,7.57E-59,0.12528449,0
NK,HMDB0000696,L-Methionine,Fibro,SLC43A2,0.016110738,0.187833333,0.096613995,Transporter,-598.504226,0,-18.91690934,9.39E-69,-1.730321351,0.041786439,0,0,0,2.00E-67,0.12528449,0
B,HMDB0000696,L-Methionine,Oligo,SLC43A2,0.004415833,0.202166667,0.025954198,Transporter,-245.1405822,0,-7.748152757,1.14E-14,-1.730321351,0.041786439,0,0,0,8.91E-14,0.12528449,0
NK,HMDB0000696,L-Methionine,Endo,SLC43A2,0.018319485,0.187833333,0.084005695,Transporter,-507.8456391,0,-16.05146547,4.67E-52,-1.730321351,0.041786439,0,0,0,7.94E-51,0.12528449,0
Myeloid,HMDB0000034,Adenine,Epi,SLC28A3,0.074172155,0.805833333,0.019,Transporter,-493.6280835,0,-15.60209151,1.41E-49,-1.730321351,0.041786439,0,0,0,2.32E-48,0.12528449,0
B,HMDB0000696,L-Methionine,NK,SLC43A2,0.005452984,0.202166667,0.018166667,Transporter,-553.0587031,0,-17.48051374,3.33E-60,-1.730321351,0.041786439,0,0,0,6.31E-59,0.12528449,0
NK,HMDB0000696,L-Methionine,NK,SLC43A2,0.005697207,0.187833333,0.018166667,Transporter,-551.8051449,0,-17.44089256,5.66E-60,-1.730321351,0.041786439,0,0,0,1.07E-58,0.12528449,0
T,HMDB0000696,L-Methionine,T,SLC43A2,0.00595006,0.243666667,0.015666667,Transporter,-527.3046555,0,-16.66650615,1.62E-55,-1.730321351,0.041786439,0,0,0,2.88E-54,0.12528449,0
Myeloid,HMDB0000574,L-Cysteine,Epi,SLC43A2,0.20733988,0.671833333,0.125333333,Transporter,-763.3430454,0,-24.12696613,5.23E-102,-1.730321351,0.041786439,0,0,0,1.52E-100,0.12528449,0
Fibro,HMDB0000034,Adenine,Myeloid,SLC29A3,0.491764085,0.670880361,0.130666667,Transporter,-855.0141864,0,-27.02441378,1.79E-121,-1.730321351,0.041786439,0,0,0,5.85E-120,0.12528449,0
T,HMDB0000034,Adenine,Myeloid,SLC29A3,0.60420477,0.667666667,0.130666667,Transporter,-1152.495533,0,-36.42689986,7.79E-186,-1.730321351,0.041786439,0,0,0,3.85E-184,0.12528449,0
Myeloid,HMDB0000034,Adenine,Myeloid,SLC29A3,0.659628876,0.805833333,0.130666667,Transporter,-1292.13497,0,-40.84048037,1.55E-215,-1.730321351,0.041786439,0,0,0,8.98E-214,0.12528449,0
pDC,HMDB0000034,Adenine,Myeloid,SLC29A3,0.66582592,0.838559814,0.130666667,Transporter,-1214.873823,0,-38.39848906,3.48E-199,-1.730321351,0.041786439,0,0,0,1.84E-197,0.12528449,0
Oligo,HMDB0000034,Adenine,Myeloid,SLC29A3,0.302648959,0.450381679,0.130666667,Transporter,-341.747197,0,-10.80159582,4.22E-26,-1.730321351,0.041786439,0,0,0,4.73E-25,0.12528449,0
Myeloid,HMDB0000574,L-Cysteine,Myeloid,SLC43A2,1.032085456,0.671833333,0.421166667,Transporter,-5359.586066,0,-169.4003138,0,-1.730321351,0.041786439,0,0,0,0,0.12528449,0
Myeloid,HMDB0000574,L-Cysteine,B,SLC43A2,0.196388489,0.671833333,0.054833333,Transporter,-677.0968584,0,-21.40098487,3.06E-84,-1.730321351,0.041786439,0,0,0,7.53E-83,0.12528449,0
Endo,HMDB0000574,L-Cysteine,Endo,SLC43A2,0.199001405,0.536782155,0.084005695,Transporter,-376.0895029,0,-11.88705229,7.13E-31,-1.730321351,0.041786439,0,0,0,8.85E-30,0.12528449,0
T,HMDB0000696,L-Methionine,Oligo,SLC43A2,0.00691794,0.243666667,0.025954198,Transporter,-252.803548,0,-7.990355944,1.85E-15,-1.730321351,0.041786439,0,0,0,1.49E-14,0.12528449,0
Myeloid,HMDB0000574,L-Cysteine,Fibro,SLC43A2,0.210060191,0.671833333,0.096613995,Transporter,-721.1653461,0,-22.79385655,3.10E-93,-1.730321351,0.041786439,0,0,0,8.32E-92,0.12528449,0
Myeloid,HMDB0000574,L-Cysteine,Endo,SLC43A2,0.238858991,0.671833333,0.084005695,Transporter,-747.0813346,0,-23.61298261,1.31E-98,-1.730321351,0.041786439,0,0,0,3.70E-97,0.12528449,0
Endo,HMDB0000574,L-Cysteine,pDC,SLC43A2,0.33107731,0.536782155,0.138211382,Transporter,-683.6737105,0,-21.60885929,1.43E-85,-1.730321351,0.041786439,0,0,0,3.59E-84,0.12528449,0
Fibro,HMDB0000574,L-Cysteine,Myeloid,SLC43A2,0.38780832,0.450790068,0.421166667,Transporter,-1624.135449,0,-51.33401187,1.07E-282,-1.730321351,0.041786439,0,0,0,8.95E-281,0.12528449,0
T,HMDB0000696,L-Methionine,B,SLC43A2,0.022585206,0.243666667,0.054833333,Transporter,-685.5373892,0,-21.66776454,6.00E-86,-1.730321351,0.041786439,0,0,0,1.51E-84,0.12528449,0
T,HMDB0000696,L-Methionine,Epi,SLC43A2,0.023844645,0.243666667,0.125333333,Transporter,-683.4439543,0,-21.60159739,1.59E-85,-1.730321351,0.041786439,0,0,0,3.98E-84,0.12528449,0
T,HMDB0000696,L-Methionine,Fibro,SLC43A2,0.024157488,0.243666667,0.096613995,Transporter,-650.9788141,0,-20.57547244,5.24E-79,-1.730321351,0.041786439,0,0,0,1.23E-77,0.12528449,0
Myeloid,HMDB0000220,Palmitic acid,Myeloid,SLC27A5,0.03284358,0.603333333,0.047833333,Transporter,-151.2859951,0,-4.781692978,1.00E-06,-1.730321351,0.041786439,0,0,0,4.76E-06,0.12528449,0
Myeloid,HMDB0000220,Palmitic acid,T,SLC27A5,0.044615537,0.603333333,0.033666667,Transporter,-347.9631726,0,-10.99806401,6.13E-27,-1.730321351,0.041786439,0,0,0,6.97E-26,0.12528449,0
NK,HMDB0000220,Palmitic acid,Oligo,SLC27A5,0.051660018,0.321333333,0.103816794,Transporter,-188.0494849,0,-5.943675756,1.92E-09,-1.730321351,0.041786439,0,0,0,1.12E-08,0.12528449,0
T,HMDB0000034,Adenine,Myeloid,SLC28A3,0.055576566,0.667666667,0.012666667,Transporter,-317.8869501,0,-10.04744554,5.40E-23,-1.730321351,0.041786439,0,0,0,5.53E-22,0.12528449,0
NK,HMDB0000034,Adenine,Myeloid,SLC29A3,0.534474438,0.570166667,0.130666667,Transporter,-972.6990215,0,-30.74407566,6.52E-147,-1.730321351,0.041786439,0,0,0,2.52E-145,0.12528449,0
Oligo,HMDB0000034,Adenine,Epi,SLC28A3,0.034031448,0.450381679,0.019,Transporter,-135.4819954,0,-4.28217632,1.01E-05,-1.730321351,0.041786439,0,0,0,4.37E-05,0.12528449,0
Mast,HMDB0000034,Adenine,Myeloid,SLC28A3,0.040287529,0.51276901,0.012666667,Transporter,-181.977344,0,-5.751753739,5.87E-09,-1.730321351,0.041786439,0,0,0,3.31E-08,0.12528449,0
B,HMDB0000696,L-Methionine,T,SLC43A2,0.003798019,0.202166667,0.015666667,Transporter,-538.5178768,0,-17.02092218,1.53E-57,-1.730321351,0.041786439,0,0,0,2.79E-56,0.12528449,0
Myeloid,HMDB0000220,Palmitic acid,B,SLC27A5,0.032276536,0.603333333,0.023166667,Transporter,-146.8907223,0,-4.642771689,1.95E-06,-1.730321351,0.041786439,0,0,0,9.07E-06,0.12528449,0
Fibro,HMDB0000220,Palmitic acid,Oligo,SLC27A5,0.044171153,0.44537246,0.103816794,Transporter,-136.3717181,0,-4.310297765,8.96E-06,-1.730321351,0.041786439,0,0,0,3.88E-05,0.12528449,0
Myeloid,HMDB0000220,Palmitic acid,NK,SLC27A5,0.033541254,0.603333333,0.021,Transporter,-162.9971422,0,-5.151846934,1.55E-07,-1.730321351,0.041786439,0,0,0,7.88E-07,0.12528449,0
Oligo,HMDB0000305,Vitamin A,Epi,RBP1,0.147052944,0.14351145,0.081,Transporter,-291.2293592,0,-9.204879677,9.76E-20,-1.730321351,0.041786439,0,0,0,9.16E-19,0.12528449,0
pDC,HMDB0000305,Vitamin A,Fibro,RBP1,0.158989669,0.039488966,0.429345372,Transporter,-359.8255059,0,-11.37299651,1.43E-28,-1.730321351,0.041786439,0,0,0,1.69E-27,0.12528449,0
pDC,HMDB0000305,Vitamin A,Oligo,RBP1,0.177155687,0.039488966,0.444274809,Transporter,-372.181796,0,-11.76354149,2.59E-30,-1.730321351,0.041786439,0,0,0,3.18E-29,0.12528449,0
Oligo,HMDB0000305,Vitamin A,Endo,RBP1,0.910803959,0.14351145,0.312292359,Transporter,-1470.905609,0,-46.49087985,2.21E-252,-1.730321351,0.041786439,0,0,0,1.57E-250,0.12528449,0
Oligo,HMDB0000305,Vitamin A,Fibro,RBP1,1.141727673,0.14351145,0.429345372,Transporter,-1851.737455,0,-58.52782327,0,-1.730321351,0.041786439,0,0,0,0,0.12528449,0
Oligo,HMDB0000305,Vitamin A,Myeloid,RBP1,0.121242533,0.14351145,0.062,Transporter,-249.9419498,0,-7.899909475,3.67E-15,-1.730321351,0.041786439,0,0,0,2.92E-14,0.12528449,0
pDC,HMDB0000034,Adenine,Myeloid,SLC28A3,0.061244665,0.838559814,0.012666667,Transporter,-358.6183613,0,-11.33484232,2.11E-28,-1.730321351,0.041786439,0,0,0,2.48E-27,0.12528449,0
B,HMDB0000696,L-Methionine,Mast,SLC43A2,0.008467735,0.202166667,0.033285509,Transporter,-505.7935316,0,-15.98660455,1.07E-51,-1.730321351,0.041786439,0,0,0,1.81E-50,0.12528449,0
T,HMDB0000696,L-Methionine,NK,SLC43A2,0.008542764,0.243666667,0.018166667,Transporter,-577.7456556,0,-18.26079369,8.30E-65,-1.730321351,0.041786439,0,0,0,1.68E-63,0.12528449,0
T,HMDB0000696,L-Methionine,Mast,SLC43A2,0.013265737,0.243666667,0.033285509,Transporter,-542.4431223,0,-17.14498733,2.94E-58,-1.730321351,0.041786439,0,0,0,5.44E-57,0.12528449,0
Mast,HMDB0000870,Histamine,Epi,SLC22A3,0.479125418,0.426111908,0.092666667,Transporter,-3811.640317,0,-120.4744281,0,-1.730321351,0.041786439,0,0,0,0,0.12528449,0
Epi,HMDB0000207,Oleic acid,Endo,SLC27A5,0.049796865,0.450333333,0.041290935,Transporter,-211.0939184,0,-6.672040636,2.09E-11,-1.730321351,0.041786439,0,0,0,1.36E-10,0.12528449,0
Epi,HMDB0000034,Adenine,Myeloid,SLC28A3,0.057836191,0.760666667,0.012666667,Transporter,-334.8633426,0,-10.58401799,3.47E-25,-1.730321351,0.041786439,0,0,0,3.80E-24,0.12528449,0
NK,HMDB0000034,Adenine,Epi,SLC28A3,0.060099129,0.570166667,0.019,Transporter,-367.3093425,0,-11.60953796,1.28E-29,-1.730321351,0.041786439,0,0,0,1.54E-28,0.12528449,0
Myeloid,HMDB0000034,Adenine,Myeloid,SLC28A3,0.060674642,0.805833333,0.012666667,Transporter,-359.8514956,0,-11.37381797,1.42E-28,-1.730321351,0.041786439,0,0,0,1.68E-27,0.12528449,0
T,HMDB0000168,L-Asparagine,Oligo,SLC1A5,0.002713948,0.039,0.019847328,Transporter,-178.7835682,0,-5.65080814,1.04E-08,-1.730321351,0.041786439,0,0,0,5.79E-08,0.12528449,0
T,HMDB0000034,Adenine,Epi,SLC28A3,0.067939976,0.667666667,0.019,Transporter,-435.6306865,0,-13.76896912,6.35E-40,-1.730321351,0.041786439,0,0,0,9.21E-39,0.12528449,0
Epi,HMDB0000034,Adenine,Epi,SLC28A3,0.070702271,0.760666667,0.019,Transporter,-460.9909283,0,-14.5705297,4.74E-44,-1.730321351,0.041786439,0,0,0,7.24E-43,0.12528449,0
T,HMDB0000220,Palmitic acid,Fibro,SLC27A5,0.034974495,0.3925,0.068171558,Transporter,-165.833004,0,-5.241479952,9.72E-08,-1.730321351,0.041786439,0,0,0,5.01E-07,0.12528449,0
T,HMDB0000220,Palmitic acid,Epi,SLC27A5,0.038203472,0.3925,0.0845,Transporter,-234.4282685,0,-7.409568904,1.35E-13,-1.730321351,0.041786439,0,0,0,9.90E-13,0.12528449,0
Myeloid,HMDB0000220,Palmitic acid,Mast,SLC27A5,0.040650859,0.603333333,0.028981349,Transporter,-233.1646097,0,-7.369628471,1.79E-13,-1.730321351,0.041786439,0,0,0,1.31E-12,0.12528449,0
Myeloid,HMDB0000220,Palmitic acid,pDC,SLC27A5,0.041049227,0.603333333,0.040650407,Transporter,-130.2660182,0,-4.117315049,2.07E-05,-1.730321351,0.041786439,0,0,0,8.66E-05,0.12528449,0
Myeloid,HMDB0000220,Palmitic acid,Endo,SLC27A5,0.041881171,0.603333333,0.041290935,Transporter,-207.6932345,0,-6.564555299,4.19E-11,-1.730321351,0.041786439,0,0,0,2.70E-10,0.12528449,0
Epi,HMDB0000262,Thymine,Epi,SLC29A2,0.312112335,0.540333333,0.073333333,Transporter,-818.9497918,0,-25.88452728,9.19E-114,-1.730321351,0.041786439,0,0,0,2.86E-112,0.12528449,0
B,HMDB0000187,L-Serine,pDC,SLC1A5,0.071218898,0.118666667,0.2485482,Transporter,-683.2252523,0,-21.59468488,1.77E-85,-1.730321351,0.041786439,0,0,0,4.40E-84,0.12528449,0
Myeloid,HMDB0001388,alpha-Linolenic acid,T,SLC27A5,0.041667643,0.594833333,0.033666667,Transporter,-124.3820684,0,-3.931341182,4.51E-05,-1.730321351,0.041786439,0,0,0,0.000182448,0.12528449,0
Endo,HMDB0001388,alpha-Linolenic acid,T,SLC27A5,0.041930164,0.589938301,0.033666667,Transporter,-122.2087846,0,-3.862650253,5.97E-05,-1.730321351,0.041786439,0,0,0,0.000238083,0.12528449,0
Epi,HMDB0000187,L-Serine,pDC,SLC1A4,0.083106805,0.303333333,0.133565621,Transporter,-2243.19791,0,-70.90070489,0,-1.730321351,0.041786439,0,0,0,0,0.12528449,0
Fibro,HMDB0000132,Guanine,Epi,SLC29A2,0.225883095,0.707900677,0.073333333,Transporter,-829.9808901,0,-26.23318696,4.08E-116,-1.730321351,0.041786439,0,0,0,1.29E-114,0.12528449,0
Mast,HMDB0000827,Stearic acid,Fibro,SLC27A5,0.114237643,0.340602582,0.068171558,Transporter,-1016.269164,0,-32.12119617,2.26E-156,-1.730321351,0.041786439,0,0,0,9.28E-155,0.12528449,0
Oligo,HMDB0000827,Stearic acid,pDC,SLC27A5,0.068171356,0.33740458,0.040650407,Transporter,-195.8712097,0,-6.190896831,4.36E-10,-1.730321351,0.041786439,0,0,0,2.65E-09,0.12528449,0
Mast,HMDB0000827,Stearic acid,B,SLC27A5,0.070210857,0.340602582,0.023166667,Transporter,-545.4996771,0,-17.24159578,8.14E-59,-1.730321351,0.041786439,0,0,0,1.51E-57,0.12528449,0
Epi,HMDB0000187,L-Serine,Myeloid,SLC1A5,0.066300624,0.303333333,0.162833333,Transporter,-651.9019561,0,-20.60465017,3.43E-79,-1.730321351,0.041786439,0,0,0,8.11E-78,0.12528449,0
Fibro,HMDB0000262,Thymine,Epi,SLC29A2,0.323541478,0.511060948,0.073333333,Transporter,-850.8578307,0,-26.89304394,1.39E-120,-1.730321351,0.041786439,0,0,0,4.54E-119,0.12528449,0
pDC,HMDB0000262,Thymine,Epi,SLC29A2,0.355663327,0.56213705,0.073333333,Transporter,-913.239176,0,-28.86472969,5.05E-134,-1.730321351,0.041786439,0,0,0,1.80E-132,0.12528449,0
B,HMDB0000187,L-Serine,Endo,SLC1A5,0.022090435,0.118666667,0.077835785,Transporter,-258.2713726,0,-8.163177348,4.88E-16,-1.730321351,0.041786439,0,0,0,4.00E-15,0.12528449,0
Epi,HMDB0000187,L-Serine,T,SLC1A5,0.028914678,0.303333333,0.038166667,Transporter,-321.7044961,0,-10.16810663,1.77E-23,-1.730321351,0.041786439,0,0,0,1.83E-22,0.12528449,0
Epi,HMDB0000187,L-Serine,Oligo,SLC3A2,0.25007158,0.303333333,0.309923664,Transporter,-698.2749075,0,-22.07035898,1.54E-88,-1.730321351,0.041786439,0,0,0,3.98E-87,0.12528449,0
Myeloid,HMDB0003073,gamma-Linolenic acid,Myeloid,SLC27A5,0.062239283,0.348666667,0.047833333,Transporter,-287.9822827,0,-9.102249403,2.35E-19,-1.730321351,0.041786439,0,0,0,2.17E-18,0.12528449,0
Epi,HMDB0001388,alpha-Linolenic acid,Endo,SLC27A5,0.060682772,0.7415,0.041290935,Transporter,-243.4520423,0,-7.694783117,1.70E-14,-1.730321351,0.041786439,0,0,0,1.31E-13,0.12528449,0
Epi,HMDB0001388,alpha-Linolenic acid,B,SLC27A5,0.046766354,0.7415,0.023166667,Transporter,-201.9998453,0,-6.384604476,1.31E-10,-1.730321351,0.041786439,0,0,0,8.23E-10,0.12528449,0
Myeloid,HMDB0000132,Guanine,Epi,SLC29A2,0.273106915,0.8105,0.073333333,Transporter,-1063.214427,0,-33.604994,1.48E-166,-1.730321351,0.041786439,0,0,0,6.50E-165,0.12528449,0
Myeloid,HMDB0000827,Stearic acid,Myeloid,SLC27A5,0.049969725,0.348833333,0.047833333,Transporter,-288.4240066,0,-9.11621096,2.08E-19,-1.730321351,0.041786439,0,0,0,1.93E-18,0.12528449,0
Myeloid,HMDB0000827,Stearic acid,NK,SLC27A5,0.051031198,0.348833333,0.021,Transporter,-296.2169388,0,-9.362521991,2.50E-20,-1.730321351,0.041786439,0,0,0,2.39E-19,0.12528449,0
Oligo,HMDB0000827,Stearic acid,B,SLC27A5,0.053602355,0.33740458,0.023166667,Transporter,-204.497842,0,-6.4635586,7.98E-11,-1.730321351,0.041786439,0,0,0,5.04E-10,0.12528449,0
Epi,HMDB0001388,alpha-Linolenic acid,pDC,SLC27A5,0.059477346,0.7415,0.040650407,Transporter,-143.9262822,0,-4.549074701,3.02E-06,-1.730321351,0.041786439,0,0,0,1.38E-05,0.12528449,0
Oligo,HMDB0001388,alpha-Linolenic acid,T,SLC27A5,0.129793192,0.911450382,0.033666667,Transporter,-1162.635383,0,-36.74738989,5.17E-188,-1.730321351,0.041786439,0,0,0,2.59E-186,0.12528449,0
pDC,HMDB0001388,alpha-Linolenic acid,Epi,SLC27A5,0.063283007,0.734030197,0.0845,Transporter,-380.3541209,0,-12.02184398,1.72E-31,-1.730321351,0.041786439,0,0,0,2.16E-30,0.12528449,0
T,HMDB0000132,Guanine,Epi,SLC29A2,0.256290749,0.687,0.073333333,Transporter,-977.3319415,0,-30.89050826,6.43E-148,-1.730321351,0.041786439,0,0,0,2.50E-146,0.12528449,0
Epi,HMDB0000132,Guanine,Epi,SLC29A2,0.27113782,0.778166667,0.073333333,Transporter,-1046.865507,0,-33.08825406,5.17E-163,-1.730321351,0.041786439,0,0,0,2.24E-161,0.12528449,0
Epi,HMDB0001388,alpha-Linolenic acid,Myeloid,SLC27A5,0.04758796,0.7415,0.047833333,Transporter,-219.5740321,0,-6.940071397,3.52E-12,-1.730321351,0.041786439,0,0,0,2.39E-11,0.12528449,0
pDC,HMDB0000132,Guanine,Epi,SLC29A2,0.285848069,0.847851336,0.073333333,Transporter,-1094.212485,0,-34.58474893,2.87E-173,-1.730321351,0.041786439,0,0,0,1.31E-171,0.12528449,0
Oligo,HMDB0000132,Guanine,Epi,SLC29A2,0.150140564,0.514503817,0.073333333,Transporter,-449.5571629,0,-14.20914293,3.59E-42,-1.730321351,0.041786439,0,0,0,5.36E-41,0.12528449,0
Mast,HMDB0000132,Guanine,Epi,SLC29A2,0.180453574,0.52482066,0.073333333,Transporter,-607.6789022,0,-19.20689312,1.61E-70,-1.730321351,0.041786439,0,0,0,3.48E-69,0.12528449,0
B,HMDB0000132,Guanine,Epi,SLC29A2,0.197037687,0.576833333,0.073333333,Transporter,-686.172993,0,-21.68785405,4.46E-86,-1.730321351,0.041786439,0,0,0,1.13E-84,0.12528449,0
Endo,HMDB0000132,Guanine,Epi,SLC29A2,0.215517494,0.589938301,0.073333333,Transporter,-771.333073,0,-24.37950675,1.10E-103,-1.730321351,0.041786439,0,0,0,3.25E-102,0.12528449,0
Oligo,HMDB0000827,Stearic acid,Fibro,SLC27A5,0.087214526,0.33740458,0.068171558,Transporter,-475.3969356,0,-15.02586004,1.84E-46,-1.730321351,0.041786439,0,0,0,2.91E-45,0.12528449,0
Myeloid,HMDB0000827,Stearic acid,Epi,SLC27A5,0.087276984,0.348833333,0.0845,Transporter,-861.5572869,0,-27.2312214,7.03E-123,-1.730321351,0.041786439,0,0,0,2.33E-121,0.12528449,0
Epi,HMDB0000187,L-Serine,Mast,SLC3A2,0.193592844,0.303333333,0.232998565,Transporter,-557.5980598,0,-17.62398908,4.82E-61,-1.730321351,0.041786439,0,0,0,9.30E-60,0.12528449,0
B,HMDB0000187,L-Serine,Oligo,SLC3A2,0.121990467,0.118666667,0.309923664,Transporter,-374.8936276,0,-11.84925429,1.06E-30,-1.730321351,0.041786439,0,0,0,1.31E-29,0.12528449,0
B,HMDB0000187,L-Serine,Myeloid,SLC3A2,0.13186854,0.118666667,0.476333333,Transporter,-402.1089576,0,-12.7094486,1.03E-34,-1.730321351,0.041786439,0,0,0,1.37E-33,0.12528449,0
Epi,HMDB0001388,alpha-Linolenic acid,T,SLC27A5,0.064644669,0.7415,0.033666667,Transporter,-464.796273,0,-14.69080514,1.11E-44,-1.730321351,0.041786439,0,0,0,1.70E-43,0.12528449,0
Epi,HMDB0000187,L-Serine,Oligo,SLC1A4,0.021436878,0.303333333,0.039694656,Transporter,-609.6288925,0,-19.26852642,6.77E-71,-1.730321351,0.041786439,0,0,0,1.47E-69,0.12528449,0
Fibro,HMDB0001388,alpha-Linolenic acid,T,SLC27A5,0.044357403,0.60993228,0.033666667,Transporter,-165.1963286,0,-5.22135657,1.08E-07,-1.730321351,0.041786439,0,0,0,5.54E-07,0.12528449,0
pDC,HMDB0001388,alpha-Linolenic acid,Mast,SLC27A5,0.044844952,0.734030197,0.028981349,Transporter,-118.0987816,0,-3.73274548,0.000100047,-1.730321351,0.041786439,0,0,0,0.000391391,0.12528449,0
Mast,HMDB0001388,alpha-Linolenic acid,Epi,SLC27A5,0.044927931,0.472596844,0.0845,Transporter,-178.804963,0,-5.651484364,1.04E-08,-1.730321351,0.041786439,0,0,0,5.77E-08,0.12528449,0
B,HMDB0000187,L-Serine,Endo,SLC3A2,0.182652636,0.118666667,0.450403417,Transporter,-531.3709157,0,-16.79502834,3.01E-56,-1.730321351,0.041786439,0,0,0,5.41E-55,0.12528449,0
Epi,HMDB0000187,L-Serine,Endo,SLC3A2,0.374424612,0.303333333,0.450403417,Transporter,-1017.299958,0,-32.15377644,1.35E-156,-1.730321351,0.041786439,0,0,0,5.55E-155,0.12528449,0
Epi,HMDB0000187,L-Serine,T,SLC3A2,0.193902889,0.303333333,0.240833333,Transporter,-562.2668043,0,-17.77155399,6.57E-62,-1.730321351,0.041786439,0,0,0,1.28E-60,0.12528449,0
B,HMDB0000133,Guanosine,Fibro,SLC29A2,0.005422733,0.292833333,0.011286682,Transporter,-281.4027182,0,-8.894289259,1.35E-18,-1.730321351,0.041786439,0,0,0,1.22E-17,0.12528449,0
T,HMDB0000012,Deoxyuridine,Epi,SLC29A2,0.063092058,0.215833333,0.073333333,Transporter,-1344.238857,0,-42.48732672,2.00E-226,-1.730321351,0.041786439,0,0,0,1.23E-224,0.12528449,0
NK,HMDB0000012,Deoxyuridine,Epi,SLC29A2,0.298700936,0.4535,0.073333333,Transporter,-5732.770218,0,-181.1955368,0,-1.730321351,0.041786439,0,0,0,0,0.12528449,0
Myeloid,HMDB0000112,gamma-Aminobutyric acid,Oligo,SLC6A12,0.373806089,0.898666667,0.033587786,Transporter,-1056.268671,0,-33.38545967,4.73E-165,-1.730321351,0.041786439,0,0,0,2.07E-163,0.12528449,0
Oligo,HMDB0000133,Guanosine,Fibro,SLC29A2,0.005429606,0.322137405,0.011286682,Transporter,-123.6631474,0,-3.908618263,4.95E-05,-1.730321351,0.041786439,0,0,0,0.0001993,0.12528449,0
T,HMDB0000012,Deoxyuridine,Fibro,SLC29A2,0.008758999,0.215833333,0.011286682,Transporter,-325.8919798,0,-10.30046033,5.13E-24,-1.730321351,0.041786439,0,0,0,5.41E-23,0.12528449,0
Epi,HMDB0000187,L-Serine,B,SLC3A2,0.095213753,0.303333333,0.123166667,Transporter,-308.1424668,0,-9.73945188,8.91E-22,-1.730321351,0.041786439,0,0,0,8.83E-21,0.12528449,0
Epi,HMDB0001388,alpha-Linolenic acid,NK,SLC27A5,0.048598839,0.7415,0.021,Transporter,-222.5285738,0,-7.033455528,1.87E-12,-1.730321351,0.041786439,0,0,0,1.29E-11,0.12528449,0
Myeloid,HMDB0001388,alpha-Linolenic acid,Fibro,SLC27A5,0.049046123,0.594833333,0.068171558,Transporter,-206.120864,0,-6.514857422,5.76E-11,-1.730321351,0.041786439,0,0,0,3.67E-10,0.12528449,0
pDC,HMDB0001388,alpha-Linolenic acid,T,SLC27A5,0.04921868,0.734030197,0.033666667,Transporter,-193.0268665,0,-6.100995743,7.53E-10,-1.730321351,0.041786439,0,0,0,4.51E-09,0.12528449,0
Epi,HMDB0000187,L-Serine,NK,SLC3A2,0.168890745,0.303333333,0.183666667,Transporter,-495.9335892,0,-15.67496158,5.61E-50,-1.730321351,0.041786439,0,0,0,9.27E-49,0.12528449,0
B,HMDB0000187,L-Serine,B,SLC3A2,0.046447382,0.118666667,0.123166667,Transporter,-183.6762634,0,-5.805451444,4.31E-09,-1.730321351,0.041786439,0,0,0,2.46E-08,0.12528449,0
B,HMDB0000187,L-Serine,NK,SLC3A2,0.082388654,0.118666667,0.183666667,Transporter,-276.5284034,0,-8.740226904,4.84E-18,-1.730321351,0.041786439,0,0,0,4.28E-17,0.12528449,0
B,HMDB0000187,L-Serine,Mast,SLC3A2,0.094438886,0.118666667,0.232998565,Transporter,-307.4464411,0,-9.71745261,1.09E-21,-1.730321351,0.041786439,0,0,0,1.07E-20,0.12528449,0
B,HMDB0000187,L-Serine,T,SLC3A2,0.094590133,0.118666667,0.240833333,Transporter,-307.7385578,0,-9.726685536,9.99E-22,-1.730321351,0.041786439,0,0,0,9.90E-21,0.12528449,0
Myeloid,HMDB0000827,Stearic acid,B,SLC27A5,0.049106998,0.348833333,0.023166667,Transporter,-275.9116536,0,-8.720733308,5.69E-18,-1.730321351,0.041786439,0,0,0,5.01E-17,0.12528449,0
B,HMDB0000187,L-Serine,Epi,SLC3A2,0.102012543,0.118666667,0.3895,Transporter,-326.1171976,0,-10.30757878,4.79E-24,-1.730321351,0.041786439,0,0,0,5.07E-23,0.12528449,0
B,HMDB0000187,L-Serine,pDC,SLC3A2,0.116409437,0.118666667,0.378629501,Transporter,-360.6014846,0,-11.39752285,1.12E-28,-1.730321351,0.041786439,0,0,0,1.33E-27,0.12528449,0
Epi,HMDB0000187,L-Serine,Epi,SLC3A2,0.209118289,0.303333333,0.3895,Transporter,-597.5505308,0,-18.88676592,1.43E-68,-1.730321351,0.041786439,0,0,0,3.03E-67,0.12528449,0
Epi,HMDB0000187,L-Serine,pDC,SLC3A2,0.238630875,0.303333333,0.378629501,Transporter,-674.8773155,0,-21.33083183,8.58E-84,-1.730321351,0.041786439,0,0,0,2.10E-82,0.12528449,0
B,HMDB0000187,L-Serine,Fibro,SLC3A2,0.121033155,0.118666667,0.399322799,Transporter,-374.7353626,0,-11.84425201,1.12E-30,-1.730321351,0.041786439,0,0,0,1.38E-29,0.12528449,0
Epi,HMDB0000187,L-Serine,Fibro,SLC3A2,0.24810916,0.303333333,0.399322799,Transporter,-697.799525,0,-22.05533358,1.92E-88,-1.730321351,0.041786439,0,0,0,4.97E-87,0.12528449,0
Epi,HMDB0000187,L-Serine,Myeloid,SLC3A2,0.270320911,0.303333333,0.476333333,Transporter,-755.1456245,0,-23.86787043,2.72E-100,-1.730321351,0.041786439,0,0,0,7.79E-99,0.12528449,0
Epi,HMDB0000187,L-Serine,Endo,SLC1A5,0.045283785,0.303333333,0.077835785,Transporter,-464.4005295,0,-14.67829688,1.29E-44,-1.730321351,0.041786439,0,0,0,1.98E-43,0.12528449,0
Oligo,HMDB0001388,alpha-Linolenic acid,Oligo,SLC27A5,0.315495893,0.911450382,0.103816794,Transporter,-1314.182944,0,-41.53735017,3.71E-220,-1.730321351,0.041786439,0,0,0,2.23E-218,0.12528449,0
Myeloid,HMDB0000827,Stearic acid,Oligo,SLC27A5,0.165000169,0.348833333,0.103816794,Transporter,-691.3558398,0,-21.85166817,3.95E-87,-1.730321351,0.041786439,0,0,0,1.01E-85,0.12528449,0
B,HMDB0000187,L-Serine,NK,SLC1A5,0.021405305,0.118666667,0.049333333,Transporter,-255.0832966,0,-8.062411904,1.06E-15,-1.730321351,0.041786439,0,0,0,8.65E-15,0.12528449,0
Oligo,HMDB0000827,Stearic acid,Oligo,SLC27A5,0.180104627,0.33740458,0.103816794,Transporter,-698.595144,0,-22.08048069,1.32E-88,-1.730321351,0.041786439,0,0,0,3.43E-87,0.12528449,0
Mast,HMDB0000827,Stearic acid,Oligo,SLC27A5,0.235909417,0.340602582,0.103816794,Transporter,-1045.888154,0,-33.0573629,8.43E-163,-1.730321351,0.041786439,0,0,0,3.63E-161,0.12528449,0
B,HMDB0000187,L-Serine,Myeloid,SLC1A5,0.032342916,0.118666667,0.162833333,Transporter,-352.2038944,0,-11.13210041,1.62E-27,-1.730321351,0.041786439,0,0,0,1.87E-26,0.12528449,0
B,HMDB0000187,L-Serine,Mast,SLC1A5,0.03917891,0.118666667,0.101865136,Transporter,-413.5605109,0,-13.07139758,1.85E-36,-1.730321351,0.041786439,0,0,0,2.52E-35,0.12528449,0
Epi,HMDB0000187,L-Serine,NK,SLC1A5,0.043879317,0.303333333,0.049333333,Transporter,-450.6423749,0,-14.24344321,2.39E-42,-1.730321351,0.041786439,0,0,0,3.57E-41,0.12528449,0
Mast,HMDB0003073,gamma-Linolenic acid,Epi,SLC27A5,0.155980617,0.340602582,0.0845,Transporter,-1297.630614,0,-41.01418105,1.09E-216,-1.730321351,0.041786439,0,0,0,6.35E-215,0.12528449,0
Oligo,HMDB0000089,Cytidine,Epi,SLC29A2,0.051012739,0.345038168,0.073333333,Transporter,-926.4859674,0,-29.28342072,6.85E-137,-1.730321351,0.041786439,0,0,0,2.50E-135,0.12528449,0
Fibro,HMDB0000089,Cytidine,Epi,SLC29A2,0.05657679,0.441083521,0.073333333,Transporter,-1710.107397,0,-54.05132527,3.72E-299,-1.730321351,0.041786439,0,0,0,3.34E-297,0.12528449,0
Epi,HMDB0000089,Cytidine,Epi,SLC29A2,0.058705564,0.468166667,0.073333333,Transporter,-1846.394559,0,-58.35895047,0,-1.730321351,0.041786439,0,0,0,0,0.12528449,0
Endo,HMDB0000089,Cytidine,Epi,SLC29A2,0.035281879,0.289985762,0.073333333,Transporter,-819.9807618,0,-25.91711313,5.54E-114,-1.730321351,0.041786439,0,0,0,1.73E-112,0.12528449,0
B,HMDB0000187,L-Serine,Oligo,SLC1A5,0.004397277,0.118666667,0.019847328,Transporter,-99.31340849,0,-3.138996624,0.000872501,-1.730321351,0.041786439,0,0,0,0.003064819,0.12528449,0
B,HMDB0000187,L-Serine,B,SLC1A5,0.007687145,0.118666667,0.022166667,Transporter,-132.7534272,0,-4.195934528,1.48E-05,-1.730321351,0.041786439,0,0,0,6.27E-05,0.12528449,0
Epi,HMDB0000187,L-Serine,Oligo,SLC1A5,0.009014097,0.303333333,0.019847328,Transporter,-139.7526908,0,-4.417160091,5.55E-06,-1.730321351,0.041786439,0,0,0,2.46E-05,0.12528449,0
Oligo,HMDB0001388,alpha-Linolenic acid,Endo,SLC27A5,0.121838517,0.911450382,0.041290935,Transporter,-711.5090828,0,-22.48865126,3.01E-91,-1.730321351,0.041786439,0,0,0,7.94E-90,0.12528449,0
pDC,HMDB0000195,Inosine,pDC,SLC29A1,0.10719518,0.613240418,0.091753775,Transporter,-253.8726287,0,-8.024146351,1.43E-15,-1.730321351,0.041786439,0,0,0,1.15E-14,0.12528449,0
Oligo,HMDB0000195,Inosine,Myeloid,SLC29A1,0.110003704,0.389312977,0.167666667,Transporter,-249.1207553,0,-7.873953999,4.46E-15,-1.730321351,0.041786439,0,0,0,3.54E-14,0.12528449,0
Myeloid,HMDB0001388,alpha-Linolenic acid,Oligo,SLC27A5,0.101283973,0.594833333,0.103816794,Transporter,-331.5999882,0,-10.48087322,9.30E-25,-1.730321351,0.041786439,0,0,0,1.01E-23,0.12528449,0
Endo,HMDB0001388,alpha-Linolenic acid,Oligo,SLC27A5,0.101922098,0.589938301,0.103816794,Transporter,-334.4381715,0,-10.57057961,3.94E-25,-1.730321351,0.041786439,0,0,0,4.32E-24,0.12528449,0
Fibro,HMDB0001388,alpha-Linolenic acid,Oligo,SLC27A5,0.107822131,0.60993228,0.103816794,Transporter,-362.5197166,0,-11.45815237,6.03E-29,-1.730321351,0.041786439,0,0,0,7.20E-28,0.12528449,0
Oligo,HMDB0001388,alpha-Linolenic acid,Mast,SLC27A5,0.118259358,0.911450382,0.028981349,Transporter,-826.8504833,0,-26.13424426,1.90E-115,-1.730321351,0.041786439,0,0,0,5.99E-114,0.12528449,0
Oligo,HMDB0001388,alpha-Linolenic acid,pDC,SLC27A5,0.119418269,0.911450382,0.040650407,Transporter,-448.8300568,0,-14.18616131,4.72E-42,-1.730321351,0.041786439,0,0,0,7.02E-41,0.12528449,0
pDC,HMDB0001388,alpha-Linolenic acid,Oligo,SLC27A5,0.119638721,0.734030197,0.103816794,Transporter,-413.7960047,0,-13.07884083,1.70E-36,-1.730321351,0.041786439,0,0,0,2.32E-35,0.12528449,0
B,HMDB0000187,L-Serine,T,SLC1A5,0.014105222,0.118666667,0.038166667,Transporter,-188.9803705,0,-5.973098237,1.62E-09,-1.730321351,0.041786439,0,0,0,9.49E-09,0.12528449,0
B,HMDB0000187,L-Serine,B,SLC1A4,0.004451452,0.118666667,0.013333333,Transporter,-188.7976993,0,-5.967324552,1.67E-09,-1.730321351,0.041786439,0,0,0,9.81E-09,0.12528449,0
B,HMDB0000187,L-Serine,Epi,SLC1A5,0.046947057,0.118666667,0.233,Transporter,-480.7733131,0,-15.19579108,2.26E-47,-1.730321351,0.041786439,0,0,0,3.60E-46,0.12528449,0
B,HMDB0000187,L-Serine,Fibro,SLC1A5,0.049461523,0.118666667,0.198871332,Transporter,-506.1232874,0,-15.99702713,9.36E-52,-1.730321351,0.041786439,0,0,0,1.59E-50,0.12528449,0
pDC,HMDB0000806,Myristic acid,Mast,SLC27A2,0.022184916,0.039488966,0.041893831,Transporter,-169.0373035,0,-5.342758175,5.67E-08,-1.730321351,0.041786439,0,0,0,2.97E-07,0.12528449,0
Fibro,HMDB0000806,Myristic acid,Epi,SLC27A2,0.0281471,0.081038375,0.069166667,Transporter,-446.6637304,0,-14.11769028,1.06E-41,-1.730321351,0.041786439,0,0,0,1.58E-40,0.12528449,0
Mast,HMDB0000827,Stearic acid,Epi,SLC27A5,0.124784493,0.340602582,0.0845,Transporter,-1292.373351,0,-40.84801486,1.39E-215,-1.730321351,0.041786439,0,0,0,8.02E-214,0.12528449,0
Epi,HMDB0000187,L-Serine,B,SLC1A5,0.015758087,0.303333333,0.022166667,Transporter,-204.7662619,0,-6.472042543,7.56E-11,-1.730321351,0.041786439,0,0,0,4.78E-10,0.12528449,0
B,HMDB0000187,L-Serine,T,SLC1A4,0.005266762,0.118666667,0.014333333,Transporter,-209.2921643,0,-6.615092636,3.02E-11,-1.730321351,0.041786439,0,0,0,1.96E-10,0.12528449,0
NK,HMDB0000195,Inosine,Myeloid,SLC29A1,0.007160957,0.301833333,0.167666667,Transporter,-219.2887708,0,-6.931055149,3.74E-12,-1.730321351,0.041786439,0,0,0,2.53E-11,0.12528449,0
NK,HMDB0000195,Inosine,Fibro,SLC29A1,0.010274163,0.301833333,0.180361174,Transporter,-229.1043844,0,-7.241297022,4.43E-13,-1.730321351,0.041786439,0,0,0,3.16E-12,0.12528449,0
NK,HMDB0000195,Inosine,Epi,SLC29A1,0.00492647,0.301833333,0.132666667,Transporter,-207.2681511,0,-6.551119698,4.56E-11,-1.730321351,0.041786439,0,0,0,2.93E-10,0.12528449,0
Myeloid,HMDB0003073,gamma-Linolenic acid,Mast,SLC27A5,0.077034244,0.348666667,0.028981349,Transporter,-348.6327566,0,-11.01922754,4.97E-27,-1.730321351,0.041786439,0,0,0,5.66E-26,0.12528449,0
Epi,HMDB0000187,L-Serine,Mast,SLC1A5,0.080313915,0.303333333,0.101865136,Transporter,-773.1927131,0,-24.43828435,4.47E-104,-1.730321351,0.041786439,0,0,0,1.32E-102,0.12528449,0
Oligo,HMDB0000827,Stearic acid,NK,SLC27A5,0.0557027,0.33740458,0.021,Transporter,-218.2527743,0,-6.898310431,4.66E-12,-1.730321351,0.041786439,0,0,0,3.14E-11,0.12528449,0
Myeloid,HMDB0000827,Stearic acid,Mast,SLC27A5,0.061848076,0.348833333,0.028981349,Transporter,-349.0959805,0,-11.03386865,4.30E-27,-1.730321351,0.041786439,0,0,0,4.91E-26,0.12528449,0
B,HMDB0000187,L-Serine,Mast,SLC1A4,0.005239319,0.118666667,0.015781923,Transporter,-207.164584,0,-6.547846255,4.66E-11,-1.730321351,0.041786439,0,0,0,2.99E-10,0.12528449,0
NK,HMDB0000195,Inosine,Oligo,SLC29A1,0.00044378,0.301833333,0.010687023,Transporter,-133.9666685,0,-4.234281417,1.25E-05,-1.730321351,0.041786439,0,0,0,5.34E-05,0.12528449,0
Oligo,HMDB0000827,Stearic acid,Endo,SLC27A5,0.069552983,0.33740458,0.041290935,Transporter,-271.6161273,0,-8.584964705,1.72E-17,-1.730321351,0.041786439,0,0,0,1.49E-16,0.12528449,0
NK,HMDB0000195,Inosine,Mast,SLC29A1,0.002843003,0.301833333,0.035868006,Transporter,-191.9009564,0,-6.065409127,9.32E-10,-1.730321351,0.041786439,0,0,0,5.56E-09,0.12528449,0
B,HMDB0000195,Inosine,Oligo,SLC29A1,0.00503966,0.345,0.010687023,Transporter,-153.2753734,0,-4.844571212,7.35E-07,-1.730321351,0.041786439,0,0,0,3.53E-06,0.12528449,0
NK,HMDB0000195,Inosine,pDC,SLC29A1,0.005356393,0.301833333,0.091753775,Transporter,-171.5487062,0,-5.422136023,3.69E-08,-1.730321351,0.041786439,0,0,0,1.97E-07,0.12528449,0
NK,HMDB0000195,Inosine,Endo,SLC29A1,0.005591022,0.301833333,0.09492169,Transporter,-195.9097965,0,-6.192116444,4.33E-10,-1.730321351,0.041786439,0,0,0,2.63E-09,0.12528449,0
Fibro,HMDB0000195,Inosine,Oligo,SLC29A1,0.005661611,0.456207675,0.010687023,Transporter,-146.5889205,0,-4.633232649,2.04E-06,-1.730321351,0.041786439,0,0,0,9.46E-06,0.12528449,0
NK,HMDB0000132,Guanine,Epi,SLC29A2,0.223933392,0.583166667,0.073333333,Transporter,-814.103377,0,-25.73134676,9.89E-113,-1.730321351,0.041786439,0,0,0,3.06E-111,0.12528449,0
Myeloid,HMDB0000827,Stearic acid,pDC,SLC27A5,0.062454171,0.348833333,0.040650407,Transporter,-183.47262,0,-5.799014892,4.47E-09,-1.730321351,0.041786439,0,0,0,2.55E-08,0.12528449,0
pDC,HMDB0000827,Stearic acid,Oligo,SLC27A5,0.075757597,0.166085947,0.103816794,Transporter,-216.3150541,0,-6.837064952,7.03E-12,-1.730321351,0.041786439,0,0,0,4.69E-11,0.12528449,0
Myeloid,HMDB0000827,Stearic acid,Fibro,SLC27A5,0.079900288,0.348833333,0.068171558,Transporter,-639.4494556,0,-20.21106428,1.01E-76,-1.730321351,0.041786439,0,0,0,2.32E-75,0.12528449,0
Oligo,HMDB0000827,Stearic acid,Myeloid,SLC27A5,0.054544057,0.33740458,0.047833333,Transporter,-210.9127712,0,-6.666315122,2.17E-11,-1.730321351,0.041786439,0,0,0,1.41E-10,0.12528449,0
Mast,HMDB0000827,Stearic acid,Mast,SLC27A5,0.088427447,0.340602582,0.028981349,Transporter,-629.4280487,0,-19.8943179,9.45E-75,-1.730321351,0.041786439,0,0,0,2.13E-73,0.12528449,0
Mast,HMDB0000827,Stearic acid,pDC,SLC27A5,0.089294013,0.340602582,0.040650407,Transporter,-335.3388622,0,-10.59904773,3.00E-25,-1.730321351,0.041786439,0,0,0,3.29E-24,0.12528449,0
Mast,HMDB0000827,Stearic acid,Endo,SLC27A5,0.091103732,0.340602582,0.041290935,Transporter,-537.9991218,0,-17.0045259,1.90E-57,-1.730321351,0.041786439,0,0,0,3.46E-56,0.12528449,0
Oligo,HMDB0000827,Stearic acid,Epi,SLC27A5,0.095266501,0.33740458,0.0845,Transporter,-567.330905,0,-17.9316149,7.47E-63,-1.730321351,0.041786439,0,0,0,1.47E-61,0.12528449,0
Mast,HMDB0000827,Stearic acid,T,SLC27A5,0.097051774,0.340602582,0.033666667,Transporter,-905.1301244,0,-28.60842708,2.86E-132,-1.730321351,0.041786439,0,0,0,1.00E-130,0.12528449,0
NK,HMDB0003550,Calcidiol,Epi,LRP2,0.012562645,0.018333333,0.0425,Transporter,-564.3449947,0,-17.8372393,2.69E-62,-1.730321351,0.041786439,0,0,0,5.26E-61,0.12528449,0
Myeloid,HMDB0000827,Stearic acid,Endo,SLC27A5,0.063719929,0.348833333,0.041290935,Transporter,-303.7726113,0,-9.601333957,3.06E-21,-1.730321351,0.041786439,0,0,0,3.00E-20,0.12528449,0
Oligo,HMDB0000827,Stearic acid,Mast,SLC27A5,0.067509778,0.33740458,0.028981349,Transporter,-300.0125752,0,-9.482490581,8.75E-21,-1.730321351,0.041786439,0,0,0,8.46E-20,0.12528449,0
Myeloid,HMDB0000827,Stearic acid,T,SLC27A5,0.067880118,0.348833333,0.033666667,Transporter,-552.2353835,0,-17.4544911,4.72E-60,-1.730321351,0.041786439,0,0,0,8.93E-59,0.12528449,0
Myeloid,HMDB0003073,gamma-Linolenic acid,B,SLC27A5,0.061164723,0.348666667,0.023166667,Transporter,-275.6577488,0,-8.712708143,6.07E-18,-1.730321351,0.041786439,0,0,0,5.34E-17,0.12528449,0
Mast,HMDB0000827,Stearic acid,Myeloid,SLC27A5,0.071444343,0.340602582,0.047833333,Transporter,-552.2636668,0,-17.45538505,4.66E-60,-1.730321351,0.041786439,0,0,0,8.83E-59,0.12528449,0
Mast,HMDB0000827,Stearic acid,NK,SLC27A5,0.072961987,0.340602582,0.021,Transporter,-554.6646993,0,-17.53127443,1.68E-60,-1.730321351,0.041786439,0,0,0,3.20E-59,0.12528449,0
Oligo,HMDB0000827,Stearic acid,T,SLC27A5,0.074094005,0.33740458,0.033666667,Transporter,-378.9064081,0,-11.97608615,2.79E-31,-1.730321351,0.041786439,0,0,0,3.49E-30,0.12528449,0
Mast,HMDB0000112,gamma-Aminobutyric acid,Fibro,SLC6A12,0.058930798,0.827833572,0.010158014,Transporter,-318.0645493,0,-10.05305891,5.13E-23,-1.730321351,0.041786439,0,0,0,5.25E-22,0.12528449,0
Myeloid,HMDB0000112,gamma-Aminobutyric acid,Fibro,SLC6A1,0.171591066,0.898666667,0.019187359,Transporter,-1156.773663,0,-36.56211864,9.38E-187,-1.730321351,0.041786439,0,0,0,4.67E-185,0.12528449,0
T,HMDB0000112,gamma-Aminobutyric acid,Oligo,SLC6A1,0.180528812,0.241666667,0.160305344,Transporter,-445.0669719,0,-14.06722157,1.93E-41,-1.730321351,0.041786439,0,0,0,2.84E-40,0.12528449,0
Fibro,HMDB0000133,Guanosine,Mast,SLC29A1,0.050794106,0.411512415,0.035868006,Transporter,-396.5612354,0,-12.53410187,7.04E-34,-1.730321351,0.041786439,0,0,0,9.18E-33,0.12528449,0
Epi,HMDB0000133,Guanosine,pDC,SLC29A1,0.03331151,0.403333333,0.091753775,Transporter,-292.4646396,0,-9.243923157,6.98E-20,-1.730321351,0.041786439,0,0,0,6.58E-19,0.12528449,0
Oligo,HMDB0000122,D-Glucose,Fibro,SLC2A12,0.01104125,0.508396947,0.010383747,Transporter,-973.4473492,0,-30.76772804,4.49E-147,-1.730321351,0.041786439,0,0,0,1.74E-145,0.12528449,0
Oligo,HMDB0000122,D-Glucose,Epi,SLC2A12,0.012072496,0.508396947,0.018666667,Transporter,-1120.836071,0,-35.42624,5.11E-179,-1.730321351,0.041786439,0,0,0,2.42E-177,0.12528449,0
Epi,HMDB0003550,Calcidiol,Oligo,LRP2,0.086998411,0.0615,0.241221374,Transporter,-1898.848988,0,-60.01687642,0,-1.730321351,0.041786439,0,0,0,0,0.12528449,0
Endo,HMDB0000112,gamma-Aminobutyric acid,Fibro,SLC6A12,0.049113694,0.741338396,0.010158014,Transporter,-239.3001334,0,-7.563553826,4.44E-14,-1.730321351,0.041786439,0,0,0,3.36E-13,0.12528449,0
Mast,HMDB0000112,gamma-Aminobutyric acid,Fibro,SLC6A1,0.112278106,0.827833572,0.019187359,Transporter,-697.24692,0,-22.03786741,2.49E-88,-1.730321351,0.041786439,0,0,0,6.43E-87,0.12528449,0
Mast,HMDB0003550,Calcidiol,Oligo,LRP2,0.090208635,0.017790531,0.241221374,Transporter,-1961.940206,0,-62.01099908,0,-1.730321351,0.041786439,0,0,0,0,0.12528449,0
Endo,HMDB0003550,Calcidiol,Oligo,LRP2,0.094796245,0.022781206,0.241221374,Transporter,-2081.693803,0,-65.79604828,0,-1.730321351,0.041786439,0,0,0,0,0.12528449,0
NK,HMDB0003550,Calcidiol,Oligo,LRP2,0.112351332,0.018333333,0.241221374,Transporter,-2513.100406,0,-79.43150688,0,-1.730321351,0.041786439,0,0,0,0,0.12528449,0
Mast,HMDB0003550,Calcidiol,Endo,CUBN,0.016481898,0.017790531,0.051257712,Transporter,-668.5907819,0,-21.13213351,1.58E-82,-1.730321351,0.041786439,0,0,0,3.84E-81,0.12528449,0
Endo,HMDB0000112,gamma-Aminobutyric acid,Oligo,SLC6A12,0.203848284,0.741338396,0.033587786,Transporter,-548.7883288,0,-17.34554012,2.03E-59,-1.730321351,0.041786439,0,0,0,3.82E-58,0.12528449,0
Fibro,HMDB0000112,gamma-Aminobutyric acid,Oligo,SLC6A12,0.227534155,0.774717833,0.033587786,Transporter,-619.7409885,0,-19.58813921,7.39E-73,-1.730321351,0.041786439,0,0,0,1.64E-71,0.12528449,0
Mast,HMDB0000112,gamma-Aminobutyric acid,Oligo,SLC6A12,0.24459455,0.827833572,0.033587786,Transporter,-670.9457921,0,-21.20656826,5.32E-83,-1.730321351,0.041786439,0,0,0,1.29E-81,0.12528449,0
Mast,HMDB0000112,gamma-Aminobutyric acid,Fibro,SLC6A8,0.220581489,0.827833572,0.048081264,Transporter,-276.2250178,0,-8.730637802,5.24E-18,-1.730321351,0.041786439,0,0,0,4.63E-17,0.12528449,0
Mast,HMDB0000112,gamma-Aminobutyric acid,Epi,SLC6A8,0.632806132,0.827833572,0.131,Transporter,-1775.39371,0,-56.11482827,2.1868311845983e-311,-1.730321351,0.041786439,0,0,0,0.00E+00,0.12528449,0
Myeloid,HMDB0000112,gamma-Aminobutyric acid,Epi,SLC6A8,0.96709753,0.898666667,0.131,Transporter,-2975.281652,0,-94.03965892,0,-1.730321351,0.041786439,0,0,0,0,0.12528449,0
pDC,HMDB0000112,gamma-Aminobutyric acid,Oligo,SLC6A8,1.027024473,0.534262485,0.366412214,Transporter,-942.9788519,0,-29.80471094,1.83E-140,-1.730321351,0.041786439,0,0,0,6.82E-139,0.12528449,0
Epi,HMDB0000112,gamma-Aminobutyric acid,Oligo,SLC6A8,2.324368355,0.745333333,0.366412214,Transporter,-2352.709377,0,-74.3620313,0,-1.730321351,0.041786439,0,0,0,0,0.12528449,0
Myeloid,HMDB0000112,gamma-Aminobutyric acid,Myeloid,SLC6A8,0.189708543,0.898666667,0.02,Transporter,-215.9750588,0,-6.826318729,7.55E-12,-1.730321351,0.041786439,0,0,0,5.03E-11,0.12528449,0
Epi,HMDB0000133,Guanosine,Endo,SLC29A1,0.034770673,0.403333333,0.09492169,Transporter,-342.314962,0,-10.81954115,3.54E-26,-1.730321351,0.041786439,0,0,0,3.98E-25,0.12528449,0
Epi,HMDB0000133,Guanosine,Fibro,SLC29A2,0.002194745,0.403333333,0.011286682,Transporter,-207.4699489,0,-6.557497916,4.38E-11,-1.730321351,0.041786439,0,0,0,2.82E-10,0.12528449,0
Fibro,HMDB0000133,Guanosine,Fibro,SLC29A2,0.00630519,0.411512415,0.011286682,Transporter,-273.9737967,0,-8.659483509,9.39E-18,-1.730321351,0.041786439,0,0,0,8.19E-17,0.12528449,0
Epi,HMDB0000181,L-Dopa,Myeloid,SLC16A10,0.000679352,0.0105,0.141166667,Transporter,-139.3835047,0,-4.405491237,5.85E-06,-1.730321351,0.041786439,0,0,0,2.58E-05,0.12528449,0
Epi,HMDB0000112,gamma-Aminobutyric acid,Epi,SLC6A8,0.493428396,0.745333333,0.131,Transporter,-1324.648513,0,-41.86813517,2.41E-222,-1.730321351,0.041786439,0,0,0,1.47E-220,0.12528449,0
Fibro,HMDB0000112,gamma-Aminobutyric acid,Epi,SLC6A8,0.588668097,0.774717833,0.131,Transporter,-1658.726842,0,-52.42734126,2.29E-289,-1.730321351,0.041786439,0,0,0,1.97E-287,0.12528449,0
NK,HMDB0000112,gamma-Aminobutyric acid,Oligo,SLC6A8,0.599903064,0.281,0.366412214,Transporter,-508.689488,0,-16.07813698,3.31E-52,-1.730321351,0.041786439,0,0,0,5.65E-51,0.12528449,0
Endo,HMDB0000112,gamma-Aminobutyric acid,Epi,SLC6A8,0.527388873,0.741338396,0.131,Transporter,-1352.794487,0,-42.75774433,3.34E-228,-1.730321351,0.041786439,0,0,0,2.08E-226,0.12528449,0
Myeloid,HMDB0000112,gamma-Aminobutyric acid,Oligo,SLC6A1,1.71698171,0.898666667,0.160305344,Transporter,-4683.300669,0,-148.0249768,0,-1.730321351,0.041786439,0,0,0,0,0.12528449,0
Endo,HMDB0000112,gamma-Aminobutyric acid,Fibro,SLC6A1,0.093574036,0.741338396,0.019187359,Transporter,-564.2023165,0,-17.83272967,2.86E-62,-1.730321351,0.041786439,0,0,0,5.59E-61,0.12528449,0
Fibro,HMDB0000112,gamma-Aminobutyric acid,Fibro,SLC6A1,0.104446742,0.774717833,0.019187359,Transporter,-647.0945969,0,-20.45270408,3.10E-78,-1.730321351,0.041786439,0,0,0,7.23E-77,0.12528449,0
Fibro,HMDB0000673,Linoleic acid,T,SLC27A5,0.039486872,0.603611738,0.033666667,Transporter,-144.5057192,0,-4.567388952,2.78E-06,-1.730321351,0.041786439,0,0,0,1.27E-05,0.12528449,0
Epi,HMDB0003550,Calcidiol,Epi,LRP2,0.00972779,0.0615,0.0425,Transporter,-399.5704316,0,-12.62921347,2.49E-34,-1.730321351,0.041786439,0,0,0,3.27E-33,0.12528449,0
Mast,HMDB0003550,Calcidiol,Epi,LRP2,0.010086743,0.017790531,0.0425,Transporter,-378.9085753,0,-11.97615465,2.79E-31,-1.730321351,0.041786439,0,0,0,3.49E-30,0.12528449,0
Oligo,HMDB0000673,Linoleic acid,Endo,SLC27A5,0.121838517,0.911450382,0.041290935,Transporter,-685.234754,0,-21.65819915,6.91E-86,-1.730321351,0.041786439,0,0,0,1.74E-84,0.12528449,0
Myeloid,HMDB0000673,Linoleic acid,T,SLC27A5,0.040540105,0.593166667,0.033666667,Transporter,-165.3530736,0,-5.226310803,1.05E-07,-1.730321351,0.041786439,0,0,0,5.41E-07,0.12528449,0
Epi,HMDB0000673,Linoleic acid,B,SLC27A5,0.037054309,0.727333333,0.023166667,Transporter,-110.8670314,0,-3.504171718,0.00023917,-1.730321351,0.041786439,0,0,0,0.000893815,0.12528449,0
Epi,HMDB0000673,Linoleic acid,Myeloid,SLC27A5,0.037705291,0.727333333,0.047833333,Transporter,-126.1115369,0,-3.986004455,3.60E-05,-1.730321351,0.041786439,0,0,0,0.000146939,0.12528449,0
Epi,HMDB0000673,Linoleic acid,NK,SLC27A5,0.038506239,0.727333333,0.021,Transporter,-130.6919527,0,-4.13077755,1.96E-05,-1.730321351,0.041786439,0,0,0,8.19E-05,0.12528449,0
Fibro,HMDB0000300,Uracil,Epi,SLC29A2,0.144176054,0.579232506,0.073333333,Transporter,-638.1221414,0,-20.16911189,1.84E-76,-1.730321351,0.041786439,0,0,0,4.21E-75,0.12528449,0
Myeloid,HMDB0000112,gamma-Aminobutyric acid,Myeloid,SLC6A12,0.199133353,0.898666667,0.035833333,Transporter,-1779.978554,0,-56.25974132,3.087075060505e-312,-1.730321351,0.041786439,0,0,0,2.98778317259395e-310,0.12528449,0
Endo,HMDB0000641,L-Glutamine,Oligo,SLC38A3,0.119818286,0.38822971,0.032061069,Transporter,-425.5224627,0,-13.44947872,2.54E-38,-1.730321351,0.041786439,0,0,0,3.59E-37,0.12528449,0
Myeloid,HMDB0003550,Calcidiol,Endo,CUBN,0.011752706,0.031333333,0.051257712,Transporter,-457.1105405,0,-14.44788237,2.08E-43,-1.730321351,0.041786439,0,0,0,3.15E-42,0.12528449,0
Oligo,HMDB0003550,Calcidiol,Endo,CUBN,0.014269576,0.025954198,0.051257712,Transporter,-418.59823,0,-13.23062465,3.07E-37,-1.730321351,0.041786439,0,0,0,4.25E-36,0.12528449,0
Epi,HMDB0003550,Calcidiol,Endo,CUBN,0.015895362,0.0615,0.051257712,Transporter,-663.8928993,0,-20.98364764,1.39E-81,-1.730321351,0.041786439,0,0,0,3.35E-80,0.12528449,0
Endo,HMDB0003550,Calcidiol,Endo,CUBN,0.017320094,0.022781206,0.051257712,Transporter,-658.4080814,0,-20.81028912,1.73E-80,-1.730321351,0.041786439,0,0,0,4.14E-79,0.12528449,0
Endo,HMDB0000122,D-Glucose,Fibro,SLC2A12,0.002418042,0.35168486,0.010383747,Transporter,-398.27605,0,-12.58830198,3.90E-34,-1.730321351,0.041786439,0,0,0,5.10E-33,0.12528449,0
Endo,HMDB0000122,D-Glucose,Epi,SLC2A12,0.002643885,0.35168486,0.018666667,Transporter,-490.5660963,0,-15.50531135,4.75E-49,-1.730321351,0.041786439,0,0,0,7.76E-48,0.12528449,0
Fibro,HMDB0000112,gamma-Aminobutyric acid,Oligo,SLC6A8,2.773009231,0.774717833,0.366412214,Transporter,-2804.554731,0,-88.64349706,0,-1.730321351,0.041786439,0,0,0,0,0.12528449,0
Fibro,HMDB0000112,gamma-Aminobutyric acid,Myeloid,SLC6A12,0.121211614,0.774717833,0.035833333,Transporter,-1013.13004,0,-32.02197795,1.09E-155,-1.730321351,0.041786439,0,0,0,4.43E-154,0.12528449,0
Mast,HMDB0000112,gamma-Aminobutyric acid,Myeloid,SLC6A12,0.130299999,0.827833572,0.035833333,Transporter,-1104.302192,0,-34.90365407,1.90E-175,-1.730321351,0.041786439,0,0,0,8.83E-174,0.12528449,0
Epi,HMDB0000112,gamma-Aminobutyric acid,Oligo,SLC6A12,0.190721755,0.745333333,0.033587786,Transporter,-510.3457989,0,-16.13048796,1.69E-52,-1.730321351,0.041786439,0,0,0,2.89E-51,0.12528449,0
Fibro,HMDB0003550,Calcidiol,Epi,LRP2,0.006400033,0.025733634,0.0425,Transporter,-177.6966747,0,-5.616454721,1.26E-08,-1.730321351,0.041786439,0,0,0,7.00E-08,0.12528449,0
pDC,HMDB0003550,Calcidiol,Epi,LRP2,0.006945114,0.018583043,0.0425,Transporter,-121.8100561,0,-3.85004765,6.28E-05,-1.730321351,0.041786439,0,0,0,0.000249941,0.12528449,0
Myeloid,HMDB0003550,Calcidiol,Epi,LRP2,0.007192529,0.031333333,0.0425,Transporter,-240.7431214,0,-7.609162317,3.18E-14,-1.730321351,0.041786439,0,0,0,2.42E-13,0.12528449,0
Oligo,HMDB0003550,Calcidiol,Epi,LRP2,0.008732826,0.025954198,0.0425,Transporter,-165.564768,0,-5.233001823,1.02E-07,-1.730321351,0.041786439,0,0,0,5.23E-07,0.12528449,0
NK,HMDB0003550,Calcidiol,Endo,CUBN,0.02052756,0.018333333,0.051257712,Transporter,-893.5770802,0,-28.24327028,8.94E-130,-1.730321351,0.041786439,0,0,0,3.08E-128,0.12528449,0
B,HMDB0000112,gamma-Aminobutyric acid,Oligo,SLC6A8,0.246985823,0.204166667,0.366412214,Transporter,-131.8100567,0,-4.166117437,1.68E-05,-1.730321351,0.041786439,0,0,0,7.09E-05,0.12528449,0
Mast,HMDB0000112,gamma-Aminobutyric acid,Oligo,SLC6A8,2.980928054,0.827833572,0.366412214,Transporter,-3034.92275,0,-95.92473376,0,-1.730321351,0.041786439,0,0,0,0,0.12528449,0
Myeloid,HMDB0000112,gamma-Aminobutyric acid,Oligo,SLC6A8,4.555657748,0.898666667,0.366412214,Transporter,-4737.260247,0,-149.730476,0,-1.730321351,0.041786439,0,0,0,0,0.12528449,0
pDC,HMDB0000112,gamma-Aminobutyric acid,Myeloid,SLC6A6,0.462391657,0.534262485,0.2755,Transporter,-170.4942574,0,-5.388808083,4.42E-08,-1.730321351,0.041786439,0,0,0,2.34E-07,0.12528449,0
Mast,HMDB0000112,gamma-Aminobutyric acid,Mast,SLC6A6,0.466391681,0.827833572,0.054806313,Transporter,-176.4421529,0,-5.576803079,1.58E-08,-1.730321351,0.041786439,0,0,0,8.68E-08,0.12528449,0
Mast,HMDB0000112,gamma-Aminobutyric acid,NK,SLC6A6,0.472159689,0.827833572,0.048,Transporter,-249.157986,0,-7.875130747,4.42E-15,-1.730321351,0.041786439,0,0,0,3.51E-14,0.12528449,0
Endo,HMDB0000112,gamma-Aminobutyric acid,Epi,SLC6A6,0.473242215,0.741338396,0.1275,Transporter,-231.8751873,0,-7.328873726,2.39E-13,-1.730321351,0.041786439,0,0,0,1.73E-12,0.12528449,0
Myeloid,HMDB0000112,gamma-Aminobutyric acid,Fibro,SLC6A8,0.33710769,0.898666667,0.048081264,Transporter,-623.0547493,0,-19.69287717,1.67E-73,-1.730321351,0.041786439,0,0,0,3.72E-72,0.12528449,0
Fibro,HMDB0000133,Guanosine,pDC,SLC29A1,0.095699235,0.411512415,0.091753775,Transporter,-485.5400971,0,-15.34645471,3.46E-48,-1.730321351,0.041786439,0,0,0,5.60E-47,0.12528449,0
Endo,HMDB0001388,alpha-Linolenic acid,Fibro,SLC27A5,0.049355131,0.589938301,0.068171558,Transporter,-195.9158097,0,-6.192306503,4.32E-10,-1.730321351,0.041786439,0,0,0,2.63E-09,0.12528449,0
Fibro,HMDB0001388,alpha-Linolenic acid,Fibro,SLC27A5,0.052212185,0.60993228,0.068171558,Transporter,-241.9368615,0,-7.646892833,2.41E-14,-1.730321351,0.041786439,0,0,0,1.85E-13,0.12528449,0
Mast,HMDB0001388,alpha-Linolenic acid,Fibro,SLC27A5,0.041130598,0.472596844,0.068171558,Transporter,-101.2230535,0,-3.199354729,0.000710363,-1.730321351,0.041786439,0,0,0,0.002523127,0.12528449,0
Epi,HMDB0000187,L-Serine,Endo,SLC1A4,0.016784065,0.303333333,0.028951115,Transporter,-517.6594146,0,-16.36164924,8.58E-54,-1.730321351,0.041786439,0,0,0,1.49E-52,0.12528449,0
Epi,HMDB0000187,L-Serine,Fibro,SLC1A4,0.018175451,0.303333333,0.043566591,Transporter,-565.0669032,0,-17.86005665,1.98E-62,-1.730321351,0.041786439,0,0,0,3.86E-61,0.12528449,0
Epi,HMDB0000187,L-Serine,NK,SLC1A4,0.019596029,0.303333333,0.021833333,Transporter,-609.7018409,0,-19.2708321,6.56E-71,-1.730321351,0.041786439,0,0,0,1.42E-69,0.12528449,0
Epi,HMDB0001388,alpha-Linolenic acid,Fibro,SLC27A5,0.076091908,0.7415,0.068171558,Transporter,-555.0202747,0,-17.54251309,1.45E-60,-1.730321351,0.041786439,0,0,0,2.76E-59,0.12528449,0
Epi,HMDB0000187,L-Serine,Epi,SLC1A4,0.021620991,0.303333333,0.067833333,Transporter,-667.0235927,0,-21.08259939,3.26E-82,-1.730321351,0.041786439,0,0,0,7.91E-81,0.12528449,0
Epi,HMDB0001388,alpha-Linolenic acid,Mast,SLC27A5,0.05890014,0.7415,0.028981349,Transporter,-286.0476623,0,-9.041101901,3.94E-19,-1.730321351,0.041786439,0,0,0,3.63E-18,0.12528449,0
B,HMDB0000133,Guanosine,Myeloid,SLC29A1,0.110034054,0.292833333,0.167666667,Transporter,-763.6328451,0,-24.13612582,4.55E-102,-1.730321351,0.041786439,0,0,0,1.33E-100,0.12528449,0
Fibro,HMDB0000133,Guanosine,Oligo,SLC29A1,0.007928729,0.411512415,0.010687023,Transporter,-166.7067244,0,-5.269095615,8.40E-08,-1.730321351,0.041786439,0,0,0,4.35E-07,0.12528449,0
Epi,HMDB0000133,Guanosine,Oligo,SLC29A1,0.002759875,0.403333333,0.010687023,Transporter,-161.9543181,0,-5.118886416,1.84E-07,-1.730321351,0.041786439,0,0,0,9.29E-07,0.12528449,0
Epi,HMDB0000112,gamma-Aminobutyric acid,Oligo,SLC6A1,0.876031118,0.745333333,0.160305344,Transporter,-2363.083035,0,-74.68991128,0,-1.730321351,0.041786439,0,0,0,0,0.12528449,0
B,HMDB0000133,Guanosine,Mast,SLC29A1,0.043685099,0.292833333,0.035868006,Transporter,-407.9259477,0,-12.89330607,1.35E-35,-1.730321351,0.041786439,0,0,0,1.82E-34,0.12528449,0
Epi,HMDB0000112,gamma-Aminobutyric acid,Fibro,SLC6A1,0.087548465,0.745333333,0.019187359,Transporter,-518.9327298,0,-16.40189489,5.10E-54,-1.730321351,0.041786439,0,0,0,8.90E-53,0.12528449,0
B,HMDB0000133,Guanosine,Oligo,SLC29A1,0.006819045,0.292833333,0.010687023,Transporter,-171.1800182,0,-5.41048291,3.93E-08,-1.730321351,0.041786439,0,0,0,2.09E-07,0.12528449,0
Oligo,HMDB0001388,alpha-Linolenic acid,Myeloid,SLC27A5,0.095546829,0.911450382,0.047833333,Transporter,-740.2866659,0,-23.39822367,3.40E-97,-1.730321351,0.041786439,0,0,0,9.44E-96,0.12528449,0
NK,HMDB0000012,Deoxyuridine,Fibro,SLC29A2,0.041468312,0.4535,0.011286682,Transporter,-907.4994047,0,-28.68331287,8.79E-133,-1.730321351,0.041786439,0,0,0,3.10E-131,0.12528449,0
Epi,HMDB0000133,Guanosine,Epi,SLC29A2,0.015808996,0.403333333,0.073333333,Transporter,-544.235548,0,-17.20164048,1.39E-58,-1.730321351,0.041786439,0,0,0,2.57E-57,0.12528449,0
B,HMDB0000133,Guanosine,Epi,SLC29A2,0.039060557,0.292833333,0.073333333,Transporter,-1082.956408,0,-34.22897835,7.83E-171,-1.730321351,0.041786439,0,0,0,3.51E-169,0.12528449,0
Oligo,HMDB0000133,Guanosine,Epi,SLC29A2,0.039110065,0.322137405,0.073333333,Transporter,-445.8488087,0,-14.09193307,1.44E-41,-1.730321351,0.041786439,0,0,0,2.13E-40,0.12528449,0
Fibro,HMDB0000133,Guanosine,Epi,SLC29A2,0.045416999,0.411512415,0.073333333,Transporter,-1167.049589,0,-36.88690959,5.84E-189,-1.730321351,0.041786439,0,0,0,2.95E-187,0.12528449,0
Epi,HMDB0001388,alpha-Linolenic acid,Epi,SLC27A5,0.083117,0.7415,0.0845,Transporter,-741.4382467,0,-23.43462165,1.96E-97,-1.730321351,0.041786439,0,0,0,5.47E-96,0.12528449,0
Mast,HMDB0001388,alpha-Linolenic acid,Oligo,SLC27A5,0.084937813,0.472596844,0.103816794,Transporter,-252.9652877,0,-7.995468045,1.78E-15,-1.730321351,0.041786439,0,0,0,1.44E-14,0.12528449,0
Oligo,HMDB0001388,alpha-Linolenic acid,B,SLC27A5,0.093897214,0.911450382,0.023166667,Transporter,-732.3663689,0,-23.14788702,1.50E-95,-1.730321351,0.041786439,0,0,0,4.11E-94,0.12528449,0
Fibro,HMDB0000133,Guanosine,Endo,SLC29A1,0.099891201,0.411512415,0.09492169,Transporter,-571.0356795,0,-18.04871162,1.51E-63,-1.730321351,0.041786439,0,0,0,3.01E-62,0.12528449,0
Epi,HMDB0000187,L-Serine,Myeloid,SLC1A4,0.028780913,0.303333333,0.073166667,Transporter,-869.7100321,0,-27.48890504,1.24E-124,-1.730321351,0.041786439,0,0,0,4.15E-123,0.12528449,0
B,HMDB0000187,L-Serine,pDC,SLC1A4,0.040541344,0.118666667,0.133565621,Transporter,-1109.470166,0,-35.06699809,1.45E-176,-1.730321351,0.041786439,0,0,0,6.78E-175,0.12528449,0
Oligo,HMDB0001388,alpha-Linolenic acid,NK,SLC27A5,0.097576467,0.911450382,0.021,Transporter,-756.0414127,0,-23.89618359,1.77E-100,-1.730321351,0.041786439,0,0,0,5.07E-99,0.12528449,0
Myeloid,HMDB0001388,alpha-Linolenic acid,Epi,SLC27A5,0.053574247,0.594833333,0.0845,Transporter,-311.8695921,0,-9.857255043,3.07E-22,-1.730321351,0.041786439,0,0,0,3.08E-21,0.12528449,0
Endo,HMDB0001388,alpha-Linolenic acid,Epi,SLC27A5,0.053911784,0.589938301,0.0845,Transporter,-295.7551106,0,-9.347924995,2.84E-20,-1.730321351,0.041786439,0,0,0,2.70E-19,0.12528449,0
Fibro,HMDB0001388,alpha-Linolenic acid,Epi,SLC27A5,0.057032611,0.60993228,0.0845,Transporter,-356.5203279,0,-11.26852983,4.12E-28,-1.730321351,0.041786439,0,0,0,4.82E-27,0.12528449,0
pDC,HMDB0001388,alpha-Linolenic acid,Fibro,SLC27A5,0.057934294,0.734030197,0.068171558,Transporter,-268.7896184,0,-8.495627304,3.54E-17,-1.730321351,0.041786439,0,0,0,3.01E-16,0.12528449,0
Epi,HMDB0000112,gamma-Aminobutyric acid,Myeloid,SLC6A6,1.046487755,0.745333333,0.2755,Transporter,-1424.959994,0,-45.03867785,4.68E-243,-1.730321351,0.041786439,0,0,0,3.16E-241,0.12528449,0
pDC,HMDB0000112,gamma-Aminobutyric acid,Fibro,SLC6A1,0.038683377,0.534262485,0.019187359,Transporter,-148.0270443,0,-4.678687393,1.64E-06,-1.730321351,0.041786439,0,0,0,7.70E-06,0.12528449,0
Oligo,HMDB0000133,Guanosine,Mast,SLC29A1,0.043740468,0.322137405,0.035868006,Transporter,-145.4000664,0,-4.595656565,2.43E-06,-1.730321351,0.041786439,0,0,0,1.12E-05,0.12528449,0
Epi,HMDB0000133,Guanosine,Myeloid,SLC29A1,0.04453413,0.403333333,0.167666667,Transporter,-425.6614894,0,-13.45387293,2.41E-38,-1.730321351,0.041786439,0,0,0,3.42E-37,0.12528449,0
Endo,HMDB0000112,gamma-Aminobutyric acid,Oligo,SLC6A1,0.936324436,0.741338396,0.160305344,Transporter,-2523.613835,0,-79.76380459,0,-1.730321351,0.041786439,0,0,0,0,0.12528449,0
Fibro,HMDB0000112,gamma-Aminobutyric acid,Oligo,SLC6A1,1.045119364,0.774717833,0.160305344,Transporter,-2838.683704,0,-89.72221071,0,-1.730321351,0.041786439,0,0,0,0,0.12528449,0
Mast,HMDB0000112,gamma-Aminobutyric acid,Oligo,SLC6A1,1.123481883,0.827833572,0.160305344,Transporter,-3045.773003,0,-96.26767744,0,-1.730321351,0.041786439,0,0,0,0,0.12528449,0
Fibro,HMDB0000112,gamma-Aminobutyric acid,Fibro,SLC6A8,0.205195997,0.774717833,0.048081264,Transporter,-236.5168744,0,-7.475583425,8.39E-14,-1.730321351,0.041786439,0,0,0,6.25E-13,0.12528449,0
pDC,HMDB0000112,gamma-Aminobutyric acid,Epi,SLC6A8,0.218021828,0.534262485,0.131,Transporter,-286.293192,0,-9.048862352,3.69E-19,-1.730321351,0.041786439,0,0,0,3.40E-18,0.12528449,0
pDC,HMDB0000112,gamma-Aminobutyric acid,Oligo,SLC6A1,0.387075222,0.534262485,0.160305344,Transporter,-1012.697289,0,-32.0083,1.35E-155,-1.730321351,0.041786439,0,0,0,5.50E-154,0.12528449,0
Fibro,HMDB0000112,gamma-Aminobutyric acid,Mast,SLC6A6,0.433861004,0.774717833,0.054806313,Transporter,-141.2320832,0,-4.463919214,4.48E-06,-1.730321351,0.041786439,0,0,0,2.01E-05,0.12528449,0
Fibro,HMDB0000112,gamma-Aminobutyric acid,Epi,SLC6A6,0.528229942,0.774717833,0.1275,Transporter,-366.3727479,0,-11.57993504,1.73E-29,-1.730321351,0.041786439,0,0,0,2.09E-28,0.12528449,0
Epi,HMDB0000112,gamma-Aminobutyric acid,Oligo,SLC6A6,1.114217536,0.745333333,0.198473282,Transporter,-507.7352318,0,-16.04797583,4.88E-52,-1.730321351,0.041786439,0,0,0,8.30E-51,0.12528449,0
Fibro,HMDB0000112,gamma-Aminobutyric acid,NK,SLC6A6,0.439226695,0.774717833,0.048,Transporter,-194.6760488,0,-6.153121408,5.49E-10,-1.730321351,0.041786439,0,0,0,3.32E-09,0.12528449,0
Epi,HMDB0000112,gamma-Aminobutyric acid,Epi,SLC6A6,0.442768436,0.745333333,0.1275,Transporter,-194.1495889,0,-6.136481604,6.07E-10,-1.730321351,0.041786439,0,0,0,3.66E-09,0.12528449,0
Endo,HMDB0003550,Calcidiol,Epi,LRP2,0.01059971,0.022781206,0.0425,Transporter,-339.8139102,0,-10.74049047,7.65E-26,-1.730321351,0.041786439,0,0,0,8.53E-25,0.12528449,0
Myeloid,HMDB0000112,gamma-Aminobutyric acid,Endo,SLC6A8,0.235047629,0.898666667,0.026578073,Transporter,-224.1309259,0,-7.084101035,1.32E-12,-1.730321351,0.041786439,0,0,0,9.19E-12,0.12528449,0
B,HMDB0000133,Guanosine,pDC,SLC29A1,0.082305426,0.292833333,0.091753775,Transporter,-461.7964347,0,-14.59598932,3.49E-44,-1.730321351,0.041786439,0,0,0,5.33E-43,0.12528449,0
Oligo,HMDB0000133,Guanosine,Myeloid,SLC29A1,0.110173517,0.322137405,0.167666667,Transporter,-256.2344043,0,-8.09879494,8.04E-16,-1.730321351,0.041786439,0,0,0,6.56E-15,0.12528449,0
Fibro,HMDB0000133,Guanosine,Myeloid,SLC29A1,0.127940226,0.411512415,0.167666667,Transporter,-749.1142599,0,-23.67723723,4.94E-99,-1.730321351,0.041786439,0,0,0,1.40E-97,0.12528449,0
B,HMDB0000133,Guanosine,Fibro,SLC29A1,0.157871052,0.292833333,0.180361174,Transporter,-964.9367095,0,-30.49873244,3.16E-145,-1.730321351,0.041786439,0,0,0,1.21E-143,0.12528449,0
Oligo,HMDB0000133,Guanosine,Fibro,SLC29A1,0.158071146,0.322137405,0.180361174,Transporter,-331.4495575,0,-10.47611856,9.73E-25,-1.730321351,0.041786439,0,0,0,1.05E-23,0.12528449,0
Fibro,HMDB0000133,Guanosine,Fibro,SLC29A1,0.183561882,0.411512415,0.180361174,Transporter,-954.5335315,0,-30.16991943,5.71E-143,-1.730321351,0.041786439,0,0,0,2.15E-141,0.12528449,0
Epi,HMDB0000133,Guanosine,Fibro,SLC29A1,0.063895218,0.403333333,0.180361174,Transporter,-515.0277421,0,-16.27847003,2.52E-53,-1.730321351,0.041786439,0,0,0,4.33E-52,0.12528449,0
B,HMDB0000133,Guanosine,Epi,SLC29A1,0.075699301,0.292833333,0.132666667,Transporter,-591.411732,0,-18.69273705,2.13E-67,-1.730321351,0.041786439,0,0,0,4.45E-66,0.12528449,0
Oligo,HMDB0000133,Guanosine,Epi,SLC29A1,0.075795247,0.322137405,0.132666667,Transporter,-197.2740583,0,-6.235236634,3.32E-10,-1.730321351,0.041786439,0,0,0,2.03E-09,0.12528449,0
Mast,HMDB0000641,L-Glutamine,Epi,SLC43A1,0.305103703,0.810329986,0.026333333,Transporter,-402.6811021,0,-12.72753236,8.46E-35,-1.730321351,0.041786439,0,0,0,1.12E-33,0.12528449,0
Oligo,HMDB0000133,Guanosine,pDC,SLC29A1,0.082409745,0.322137405,0.091753775,Transporter,-200.5147467,0,-6.337664998,1.76E-10,-1.730321351,0.041786439,0,0,0,1.10E-09,0.12528449,0
B,HMDB0000133,Guanosine,Endo,SLC29A1,0.085910695,0.292833333,0.09492169,Transporter,-575.8091332,0,-18.19958606,1.92E-64,-1.730321351,0.041786439,0,0,0,3.87E-63,0.12528449,0
Oligo,HMDB0000133,Guanosine,Endo,SLC29A1,0.086019584,0.322137405,0.09492169,Transporter,-214.4819938,0,-6.779127459,1.03E-11,-1.730321351,0.041786439,0,0,0,6.83E-11,0.12528449,0
Fibro,HMDB0000133,Guanosine,Epi,SLC29A1,0.088018075,0.411512415,0.132666667,Transporter,-563.1362547,0,-17.79903468,4.52E-62,-1.730321351,0.041786439,0,0,0,8.80E-61,0.12528449,0
Epi,HMDB0000133,Guanosine,Mast,SLC29A1,0.017680689,0.403333333,0.035868006,Transporter,-289.3831758,0,-9.146527401,1.61E-19,-1.730321351,0.041786439,0,0,0,1.50E-18,0.12528449,0
Epi,HMDB0000133,Guanosine,Epi,SLC29A1,0.03063781,0.403333333,0.132666667,Transporter,-357.3087063,0,-11.29344808,3.21E-28,-1.730321351,0.041786439,0,0,0,3.76E-27,0.12528449,0
NK,HMDB0000112,gamma-Aminobutyric acid,Oligo,SLC6A1,0.226097447,0.281,0.160305344,Transporter,-570.7464737,0,-18.0395707,1.72E-63,-1.730321351,0.041786439,0,0,0,3.40E-62,0.12528449,0
pDC,HMDB0003073,gamma-Linolenic acid,Oligo,SLC27A5,0.094696996,0.166085947,0.103816794,Transporter,-217.4431184,0,-6.872719656,5.54E-12,-1.730321351,0.041786439,0,0,0,3.71E-11,0.12528449,0
Mast,HMDB0003073,gamma-Linolenic acid,T,SLC27A5,0.121314718,0.340602582,0.033666667,Transporter,-907.5501866,0,-28.68491793,8.57E-133,-1.730321351,0.041786439,0,0,0,3.02E-131,0.12528449,0
Myeloid,HMDB0003073,gamma-Linolenic acid,Oligo,SLC27A5,0.205514285,0.348666667,0.103816794,Transporter,-690.8597369,0,-21.83598786,4.98E-87,-1.730321351,0.041786439,0,0,0,1.27E-85,0.12528449,0
B,HMDB0000089,Cytidine,pDC,SLC29A1,0.100600205,0.302,0.091753775,Transporter,-315.087476,0,-9.958962625,1.22E-22,-1.730321351,0.041786439,0,0,0,1.23E-21,0.12528449,0
B,HMDB0000089,Cytidine,Endo,SLC29A1,0.105006851,0.302,0.09492169,Transporter,-470.6371793,0,-14.87541853,1.17E-45,-1.730321351,0.041786439,0,0,0,1.82E-44,0.12528449,0
Oligo,HMDB0000089,Cytidine,pDC,SLC29A1,0.107490151,0.345038168,0.091753775,Transporter,-225.5498018,0,-7.128947413,9.69E-13,-1.730321351,0.041786439,0,0,0,6.80E-12,0.12528449,0
Fibro,HMDB0000089,Cytidine,Epi,SLC29A1,0.109645733,0.441083521,0.132666667,Transporter,-640.0876037,0,-20.23123421,7.54E-77,-1.730321351,0.041786439,0,0,0,1.74E-75,0.12528449,0
Oligo,HMDB0000122,D-Glucose,pDC,SLC2A9,0.031918012,0.508396947,0.025551684,Transporter,-850.4877883,0,-26.88134802,1.67E-120,-1.730321351,0.041786439,0,0,0,5.44E-119,0.12528449,0
pDC,HMDB0001043,Arachidonic acid,NK,SLC27A5,0.032566796,0.718931475,0.021,Transporter,-422.9120972,0,-13.36697296,6.51E-38,-1.730321351,0.041786439,0,0,0,9.13E-37,0.12528449,0
Oligo,HMDB0003073,gamma-Linolenic acid,Epi,SLC27A5,0.119083126,0.33740458,0.0845,Transporter,-570.4485068,0,-18.03015287,1.95E-63,-1.730321351,0.041786439,0,0,0,3.87E-62,0.12528449,0
Myeloid,HMDB0003073,gamma-Linolenic acid,Fibro,SLC27A5,0.099518993,0.348666667,0.068171558,Transporter,-639.3140425,0,-20.20678428,1.07E-76,-1.730321351,0.041786439,0,0,0,2.46E-75,0.12528449,0
Myeloid,HMDB0003073,gamma-Linolenic acid,Epi,SLC27A5,0.108706962,0.348666667,0.0845,Transporter,-859.3827053,0,-27.16248945,2.06E-122,-1.730321351,0.041786439,0,0,0,6.80E-121,0.12528449,0
Epi,HMDB0000187,L-Serine,Epi,SLC1A5,0.096238051,0.303333333,0.233,Transporter,-915.6725104,0,-28.94164003,1.50E-134,-1.730321351,0.041786439,0,0,0,5.37E-133,0.12528449,0
Epi,HMDB0000187,L-Serine,Fibro,SLC1A5,0.101392522,0.303333333,0.198871332,Transporter,-959.7835726,0,-30.33585736,4.14E-144,-1.730321351,0.041786439,0,0,0,1.57E-142,0.12528449,0
Epi,HMDB0000187,L-Serine,pDC,SLC1A5,0.145993559,0.303333333,0.2485482,Transporter,-1306.691883,0,-41.30058037,1.37E-218,-1.730321351,0.041786439,0,0,0,8.14E-217,0.12528449,0
Oligo,HMDB0000122,D-Glucose,Fibro,SLC2A9,0.017114996,0.508396947,0.018735892,Transporter,-559.0784145,0,-17.67077862,2.57E-61,-1.730321351,0.041786439,0,0,0,4.96E-60,0.12528449,0
Oligo,HMDB0000122,D-Glucose,Myeloid,SLC2A9,0.053391458,0.508396947,0.074833333,Transporter,-1658.110909,0,-52.40787347,3.01E-289,-1.730321351,0.041786439,0,0,0,2.59E-287,0.12528449,0
Endo,HMDB0000122,D-Glucose,Fibro,SLC2A9,0.003748196,0.35168486,0.018735892,Transporter,-287.7424606,0,-9.094669351,2.50E-19,-1.730321351,0.041786439,0,0,0,2.32E-18,0.12528449,0
Oligo,HMDB0001043,Arachidonic acid,pDC,SLC27A5,0.116182205,0.906870229,0.040650407,Transporter,-1186.444432,0,-37.49992195,4.09E-193,-1.730321351,0.041786439,0,0,0,2.11E-191,0.12528449,0
NK,HMDB0001043,Arachidonic acid,B,SLC27A5,0.01326963,0.320333333,0.023166667,Transporter,-589.0187833,0,-18.61710317,6.09E-67,-1.730321351,0.041786439,0,0,0,1.27E-65,0.12528449,0
NK,HMDB0001043,Arachidonic acid,Myeloid,SLC27A5,0.013502754,0.320333333,0.047833333,Transporter,-595.3169274,0,-18.81616847,3.83E-68,-1.730321351,0.041786439,0,0,0,8.05E-67,0.12528449,0
T,HMDB0001043,Arachidonic acid,Epi,SLC27A5,0.013603958,0.221833333,0.0845,Transporter,-584.3953784,0,-18.47097132,4.60E-66,-1.730321351,0.041786439,0,0,0,9.48E-65,0.12528449,0
NK,HMDB0001043,Arachidonic acid,NK,SLC27A5,0.013789585,0.320333333,0.021,Transporter,-617.3123213,0,-19.51137638,2.19E-72,-1.730321351,0.041786439,0,0,0,4.84E-71,0.12528449,0
Endo,HMDB0001043,Arachidonic acid,B,SLC27A5,0.015869728,0.510204082,0.023166667,Transporter,-393.6132905,0,-12.44092625,1.94E-33,-1.730321351,0.041786439,0,0,0,2.51E-32,0.12528449,0
Endo,HMDB0001043,Arachidonic acid,Fibro,SLC27A5,0.025821082,0.510204082,0.068171558,Transporter,-582.8301996,0,-18.42150075,9.10E-66,-1.730321351,0.041786439,0,0,0,1.87E-64,0.12528449,0
Endo,HMDB0001043,Arachidonic acid,Myeloid,SLC27A5,0.016148532,0.510204082,0.047833333,Transporter,-409.1282394,0,-12.93130688,8.84E-36,-1.730321351,0.041786439,0,0,0,1.20E-34,0.12528449,0
Fibro,HMDB0001043,Arachidonic acid,Oligo,SLC27A5,0.05332876,0.506772009,0.103816794,Transporter,-1094.971917,0,-34.60875228,1.97E-173,-1.730321351,0.041786439,0,0,0,9.00E-172,0.12528449,0
Fibro,HMDB0000122,D-Glucose,Fibro,SLC2A9,0.005626305,0.439277652,0.018735892,Transporter,-531.4260478,0,-16.7967709,2.94E-56,-1.730321351,0.041786439,0,0,0,5.29E-55,0.12528449,0
T,HMDB0001043,Arachidonic acid,Mast,SLC27A5,0.009640327,0.221833333,0.028981349,Transporter,-439.0552959,0,-13.87721067,1.80E-40,-1.730321351,0.041786439,0,0,0,2.62E-39,0.12528449,0
T,HMDB0001043,Arachidonic acid,pDC,SLC27A5,0.009734799,0.221833333,0.040650407,Transporter,-344.8660707,0,-10.90017399,1.61E-26,-1.730321351,0.041786439,0,0,0,1.81E-25,0.12528449,0
T,HMDB0001043,Arachidonic acid,Endo,SLC27A5,0.009932094,0.221833333,0.041290935,Transporter,-414.8171085,0,-13.11111483,1.18E-36,-1.730321351,0.041786439,0,0,0,1.62E-35,0.12528449,0
Epi,HMDB0001043,Arachidonic acid,Fibro,SLC27A5,0.032016324,0.576,0.068171558,Transporter,-1146.413942,0,-36.23467916,1.58E-184,-1.730321351,0.041786439,0,0,0,7.76E-183,0.12528449,0
NK,HMDB0001043,Arachidonic acid,T,SLC27A5,0.018342478,0.320333333,0.033666667,Transporter,-725.1027484,0,-22.91830594,4.77E-94,-1.730321351,0.041786439,0,0,0,1.29E-92,0.12528449,0
T,HMDB0001043,Arachidonic acid,T,SLC27A5,0.010580547,0.221833333,0.033666667,Transporter,-487.1229386,0,-15.39648355,1.86E-48,-1.730321351,0.041786439,0,0,0,3.01E-47,0.12528449,0
Mast,HMDB0003073,gamma-Linolenic acid,Endo,SLC27A5,0.113879665,0.340602582,0.041290935,Transporter,-540.7477494,0,-17.09140171,6.00E-58,-1.730321351,0.041786439,0,0,0,1.10E-56,0.12528449,0
B,HMDB0000089,Cytidine,Epi,SLC29A1,0.092525676,0.302,0.132666667,Transporter,-529.9878642,0,-16.75131427,5.34E-56,-1.730321351,0.041786439,0,0,0,9.56E-55,0.12528449,0
B,HMDB0000034,Adenine,Epi,SLC35F5,0.756127563,0.546166667,0.2175,Transporter,-547.0654353,0,-17.29108467,4.20E-59,-1.730321351,0.041786439,0,0,0,7.84E-58,0.12528449,0
T,HMDB0000034,Adenine,Fibro,SLC35F5,0.777472145,0.667666667,0.137923251,Transporter,-483.8843939,0,-15.29412294,6.65E-48,-1.730321351,0.041786439,0,0,0,1.07E-46,0.12528449,0
Epi,HMDB0000034,Adenine,Fibro,SLC35F5,0.809082508,0.760666667,0.137923251,Transporter,-523.0557113,0,-16.53220987,9.37E-55,-1.730321351,0.041786439,0,0,0,1.65E-53,0.12528449,0
pDC,HMDB0000089,Cytidine,Fibro,SLC29A1,0.117730964,0.320557491,0.180361174,Transporter,-338.733973,0,-10.70635692,1.07E-25,-1.730321351,0.041786439,0,0,0,1.18E-24,0.12528449,0
Fibro,HMDB0000089,Cytidine,pDC,SLC29A1,0.119214295,0.441083521,0.091753775,Transporter,-400.0554454,0,-12.64454328,2.11E-34,-1.730321351,0.041786439,0,0,0,2.77E-33,0.12528449,0
Epi,HMDB0000034,Adenine,Myeloid,SLC35F5,0.498896528,0.760666667,0.102333333,Transporter,-127.4176018,0,-4.027285217,3.03E-05,-1.730321351,0.041786439,0,0,0,0.000124589,0.12528449,0
Oligo,HMDB0000034,Adenine,Epi,SLC35F5,0.513826684,0.450381679,0.2175,Transporter,-129.4365061,0,-4.091096679,2.32E-05,-1.730321351,0.041786439,0,0,0,9.63E-05,0.12528449,0
Myeloid,HMDB0000034,Adenine,Myeloid,SLC35F5,0.523381078,0.805833333,0.102333333,Transporter,-164.2652088,0,-5.191926687,1.26E-07,-1.730321351,0.041786439,0,0,0,6.43E-07,0.12528449,0
Mast,HMDB0000034,Adenine,Epi,SLC35F5,0.743601972,0.51276901,0.2175,Transporter,-501.5135822,0,-15.85132829,6.00E-51,-1.730321351,0.041786439,0,0,0,1.00E-49,0.12528449,0
NK,HMDB0000034,Adenine,Endo,SLC35F5,0.591720517,0.570166667,0.090650214,Transporter,-156.168059,0,-4.93600026,4.67E-07,-1.730321351,0.041786439,0,0,0,2.28E-06,0.12528449,0
Endo,HMDB0000034,Adenine,Fibro,SLC35F5,0.629151958,0.562885619,0.137923251,Transporter,-270.2290563,0,-8.541123583,2.45E-17,-1.730321351,0.041786439,0,0,0,2.10E-16,0.12528449,0
Oligo,HMDB0000089,Cytidine,Epi,SLC29A1,0.098862611,0.345038168,0.132666667,Transporter,-230.527043,0,-7.28626296,3.23E-13,-1.730321351,0.041786439,0,0,0,2.32E-12,0.12528449,0
Endo,HMDB0000089,Cytidine,Myeloid,SLC29A1,0.099389472,0.289985762,0.167666667,Transporter,-375.5531815,0,-11.87010079,8.51E-31,-1.730321351,0.041786439,0,0,0,1.06E-29,0.12528449,0
NK,HMDB0000034,Adenine,Epi,SLC35F5,0.907411771,0.570166667,0.2175,Transporter,-778.0172271,0,-24.59077265,4.32E-105,-1.730321351,0.041786439,0,0,0,1.28E-103,0.12528449,0
T,HMDB0000034,Adenine,Epi,SLC35F5,1.025797459,0.667666667,0.2175,Transporter,-968.1209497,0,-30.59937665,6.43E-146,-1.730321351,0.041786439,0,0,0,2.47E-144,0.12528449,0
Epi,HMDB0000034,Adenine,Epi,SLC35F5,1.067504201,0.760666667,0.2175,Transporter,-1016.177677,0,-32.11830452,2.36E-156,-1.730321351,0.041786439,0,0,0,9.70E-155,0.12528449,0
Epi,HMDB0001043,Arachidonic acid,Oligo,SLC27A5,0.066116143,0.576,0.103816794,Transporter,-1520.347186,0,-48.05357865,2.69E-262,-1.730321351,0.041786439,0,0,0,2.03E-260,0.12528449,0
Oligo,HMDB0000122,D-Glucose,Epi,SLC2A9,0.006896318,0.508396947,0.010666667,Transporter,-260.0841922,0,-8.220475099,3.13E-16,-1.730321351,0.041786439,0,0,0,2.58E-15,0.12528449,0
Endo,HMDB0000122,D-Glucose,pDC,SLC2A9,0.006990068,0.35168486,0.025551684,Transporter,-356.6789604,0,-11.27354372,3.92E-28,-1.730321351,0.041786439,0,0,0,4.58E-27,0.12528449,0
Fibro,HMDB0000122,D-Glucose,pDC,SLC2A9,0.01049258,0.439277652,0.025551684,Transporter,-578.4763505,0,-18.28388874,6.05E-65,-1.730321351,0.041786439,0,0,0,1.23E-63,0.12528449,0
Fibro,HMDB0000122,D-Glucose,Myeloid,SLC2A9,0.017551661,0.439277652,0.074833333,Transporter,-1445.569775,0,-45.69009071,2.98E-247,-1.730321351,0.041786439,0,0,0,2.05E-245,0.12528449,0
NK,HMDB0001043,Arachidonic acid,Oligo,SLC27A5,0.044586133,0.320333333,0.103816794,Transporter,-1039.285464,0,-32.84867181,2.28E-161,-1.730321351,0.041786439,0,0,0,9.73E-160,0.12528449,0
T,HMDB0001043,Arachidonic acid,Oligo,SLC27A5,0.025718755,0.221833333,0.103816794,Transporter,-634.3964854,0,-20.05135516,9.98E-76,-1.730321351,0.041786439,0,0,0,2.27E-74,0.12528449,0
Epi,HMDB0001043,Arachidonic acid,T,SLC27A5,0.0271998,0.576,0.033666667,Transporter,-1047.465424,0,-33.10721562,3.83E-163,-1.730321351,0.041786439,0,0,0,1.66E-161,0.12528449,0
pDC,HMDB0001043,Arachidonic acid,Epi,SLC27A5,0.055697923,0.718931475,0.0845,Transporter,-682.9087371,0,-21.58468079,2.05E-85,-1.730321351,0.041786439,0,0,0,5.09E-84,0.12528449,0
T,HMDB0001043,Arachidonic acid,Fibro,SLC27A5,0.012454144,0.221833333,0.068171558,Transporter,-533.9576199,0,-16.87678625,1.02E-56,-1.730321351,0.041786439,0,0,0,1.85E-55,0.12528449,0
Oligo,HMDB0001043,Arachidonic acid,B,SLC27A5,0.091352734,0.906870229,0.023166667,Transporter,-1014.565045,0,-32.06733409,5.30E-156,-1.730321351,0.041786439,0,0,0,2.17E-154,0.12528449,0
Oligo,HMDB0001043,Arachidonic acid,Myeloid,SLC27A5,0.092957647,0.906870229,0.047833333,Transporter,-1028.686506,0,-32.51367078,4.55E-159,-1.730321351,0.041786439,0,0,0,1.91E-157,0.12528449,0
Oligo,HMDB0001043,Arachidonic acid,NK,SLC27A5,0.094932284,0.906870229,0.021,Transporter,-1054.000889,0,-33.31378193,1.47E-164,-1.730321351,0.041786439,0,0,0,6.40E-163,0.12528449,0
Fibro,HMDB0000034,Adenine,Fibro,SLC35F5,0.632786924,0.670880361,0.137923251,Transporter,-282.2559519,0,-8.921257398,1.08E-18,-1.730321351,0.041786439,0,0,0,9.80E-18,0.12528449,0
T,HMDB0000034,Adenine,Endo,SLC35F5,0.668919472,0.667666667,0.090650214,Transporter,-221.6337475,0,-7.005172774,2.26E-12,-1.730321351,0.041786439,0,0,0,1.55E-11,0.12528449,0
NK,HMDB0000034,Adenine,Fibro,SLC35F5,0.687745295,0.570166667,0.137923251,Transporter,-360.768247,0,-11.40279371,1.06E-28,-1.730321351,0.041786439,0,0,0,1.26E-27,0.12528449,0
T,HMDB0000034,Adenine,Myeloid,SLC35F5,0.479404943,0.667666667,0.102333333,Transporter,-96.08430106,0,-3.0369343,0.001226003,-1.730321351,0.041786439,0,0,0,0.004229799,0.12528449,0
pDC,HMDB0001043,Arachidonic acid,Fibro,SLC27A5,0.050990306,0.718931475,0.068171558,Transporter,-622.1905179,0,-19.66556143,2.46E-73,-1.730321351,0.041786439,0,0,0,5.48E-72,0.12528449,0
B,HMDB0000294,Urea,Epi,SLC5A5,0.001512947,0.024666667,0.0165,Transporter,-278.2896209,0,-8.795893665,3.06E-18,-1.730321351,0.041786439,0,0,0,2.73E-17,0.12528449,0
Mast,HMDB0000294,Urea,Epi,SLC5A5,0.001828418,0.02553802,0.0165,Transporter,-355.0775637,0,-11.22292841,6.52E-28,-1.730321351,0.041786439,0,0,0,7.57E-27,0.12528449,0
Epi,HMDB0001043,Arachidonic acid,Endo,SLC27A5,0.025532798,0.576,0.041290935,Transporter,-888.8074014,0,-28.09251515,9.56E-129,-1.730321351,0.041786439,0,0,0,3.28E-127,0.12528449,0
Oligo,HMDB0001043,Arachidonic acid,Endo,SLC27A5,0.118536867,0.906870229,0.041290935,Transporter,-1261.161053,0,-39.86148848,5.24E-209,-1.730321351,0.041786439,0,0,0,2.90E-207,0.12528449,0
Oligo,HMDB0001043,Arachidonic acid,T,SLC27A5,0.126275982,0.906870229,0.033666667,Transporter,-1374.386023,0,-43.4401875,1.13E-232,-1.730321351,0.041786439,0,0,0,7.17E-231,0.12528449,0
Oligo,HMDB0001043,Arachidonic acid,Fibro,SLC27A5,0.148636856,0.906870229,0.068171558,Transporter,-1609.609027,0,-50.87487559,7.10E-280,-1.730321351,0.041786439,0,0,0,5.80E-278,0.12528449,0
Oligo,HMDB0001043,Arachidonic acid,Epi,SLC27A5,0.162359571,0.906870229,0.0845,Transporter,-1759.472351,0,-55.61160224,0.00E+00,-1.730321351,0.041786439,0,0,0,1.89E-306,0.12528449,0
Oligo,HMDB0001043,Arachidonic acid,Oligo,SLC27A5,0.306946406,0.906870229,0.103816794,Transporter,-3095.564877,0,-97.84144808,0,-1.730321351,0.041786439,0,0,0,0,0.12528449,0
NK,HMDB0000641,L-Glutamine,Epi,SLC6A14,0.241872118,0.1745,0.135666667,Transporter,-293.9517962,0,-9.290927679,4.65E-20,-1.730321351,0.041786439,0,0,0,4.40E-19,0.12528449,0
Endo,HMDB0001043,Arachidonic acid,Oligo,SLC27A5,0.053322498,0.510204082,0.103816794,Transporter,-909.7754774,0,-28.75525265,2.83E-133,-1.730321351,0.041786439,0,0,0,1.00E-131,0.12528449,0
T,HMDB0001043,Arachidonic acid,NK,SLC27A5,0.007954288,0.221833333,0.021,Transporter,-406.316805,0,-12.84244594,2.37E-35,-1.730321351,0.041786439,0,0,0,3.19E-34,0.12528449,0
pDC,HMDB0001043,Arachidonic acid,Oligo,SLC27A5,0.105298858,0.718931475,0.103816794,Transporter,-1141.088841,0,-36.06636884,2.21E-183,-1.730321351,0.041786439,0,0,0,1.08E-181,0.12528449,0
Oligo,HMDB0001043,Arachidonic acid,Mast,SLC27A5,0.115054699,0.906870229,0.028981349,Transporter,-1259.183262,0,-39.79897646,1.37E-208,-1.730321351,0.041786439,0,0,0,7.57E-207,0.12528449,0
Endo,HMDB0001043,Arachidonic acid,T,SLC27A5,0.021936568,0.510204082,0.033666667,Transporter,-506.334955,0,-16.00371731,8.60E-52,-1.730321351,0.041786439,0,0,0,1.46E-50,0.12528449,0
Fibro,HMDB0001043,Arachidonic acid,T,SLC27A5,0.021939144,0.506772009,0.033666667,Transporter,-722.154198,0,-22.82511117,1.94E-93,-1.730321351,0.041786439,0,0,0,5.20E-92,0.12528449,0
NK,HMDB0001043,Arachidonic acid,Epi,SLC27A5,0.023583874,0.320333333,0.0845,Transporter,-903.7195346,0,-28.5638426,5.77E-132,-1.730321351,0.041786439,0,0,0,2.01E-130,0.12528449,0
Endo,HMDB0000660,D-Fructose,Myeloid,SLC2A8,0.120380273,0.473659231,0.1275,Transporter,-402.6701448,0,-12.72718603,8.49E-35,-1.730321351,0.041786439,0,0,0,1.13E-33,0.12528449,0
NK,HMDB0000195,Inosine,Fibro,SLC29A2,0.000352909,0.301833333,0.011286682,Transporter,-156.3882638,0,-4.942960266,4.51E-07,-1.730321351,0.041786439,0,0,0,2.20E-06,0.12528449,0
Epi,HMDB0001043,Arachidonic acid,B,SLC27A5,0.019677345,0.576,0.023166667,Transporter,-820.8302742,0,-25.94396365,3.65E-114,-1.730321351,0.041786439,0,0,0,1.14E-112,0.12528449,0
Endo,HMDB0001043,Arachidonic acid,Mast,SLC27A5,0.019987216,0.510204082,0.028981349,Transporter,-474.555575,0,-14.99926717,2.55E-46,-1.730321351,0.041786439,0,0,0,4.03E-45,0.12528449,0
T,HMDB0000294,Urea,Epi,SLC5A5,0.002069387,0.0345,0.0165,Transporter,-430.0101995,0,-13.59132251,4.97E-39,-1.730321351,0.041786439,0,0,0,7.11E-38,0.12528449,0
Epi,HMDB0000294,Urea,Epi,SLC5A5,0.004454177,0.114166667,0.0165,Transporter,-1075.58094,0,-33.99586209,3.09E-169,-1.730321351,0.041786439,0,0,0,1.38E-167,0.12528449,0
Mast,HMDB0000660,D-Fructose,pDC,SLC2A8,0.102391673,0.367862267,0.113821138,Transporter,-133.1058873,0,-4.207074728,1.41E-05,-1.730321351,0.041786439,0,0,0,5.98E-05,0.12528449,0
Endo,HMDB0000660,D-Fructose,Epi,SLC2A8,0.103419743,0.473659231,0.115833333,Transporter,-288.8078285,0,-9.128342411,1.88E-19,-1.730321351,0.041786439,0,0,0,1.75E-18,0.12528449,0
Oligo,HMDB0000660,D-Fructose,Mast,SLC2A8,0.120194903,0.738931298,0.021233859,Transporter,-252.2650741,0,-7.973336411,2.10E-15,-1.730321351,0.041786439,0,0,0,1.69E-14,0.12528449,0
Epi,HMDB0001043,Arachidonic acid,Mast,SLC27A5,0.02478274,0.576,0.028981349,Transporter,-910.1663571,0,-28.76760717,2.33E-133,-1.730321351,0.041786439,0,0,0,8.28E-132,0.12528449,0
Endo,HMDB0000294,Urea,Epi,SLC5A5,0.001246681,0.028001898,0.0165,Transporter,-192.2312644,0,-6.075849165,8.76E-10,-1.730321351,0.041786439,0,0,0,5.23E-09,0.12528449,0
Oligo,HMDB0000294,Urea,Epi,SLC5A5,0.001495288,0.038167939,0.0165,Transporter,-218.0282207,0,-6.89121297,4.89E-12,-1.730321351,0.041786439,0,0,0,3.29E-11,0.12528449,0
Epi,HMDB0000168,L-Asparagine,Mast,SLC1A5,0.043548671,0.132833333,0.101865136,Transporter,-399.6332076,0,-12.63119763,2.44E-34,-1.730321351,0.041786439,0,0,0,3.21E-33,0.12528449,0
Epi,HMDB0000168,L-Asparagine,Epi,SLC1A5,0.052183227,0.132833333,0.233,Transporter,-455.1523426,0,-14.38598965,4.36E-43,-1.730321351,0.041786439,0,0,0,6.59E-42,0.12528449,0
Myeloid,HMDB0000641,L-Glutamine,Epi,SLC6A14,2.213393937,0.850333333,0.135666667,Transporter,-5550.450162,0,-175.432951,0,-1.730321351,0.041786439,0,0,0,0,0.12528449,0
Mast,HMDB0000641,L-Glutamine,Epi,SLC6A14,2.241681749,0.810329986,0.135666667,Transporter,-5473.595531,0,-173.0038084,0,-1.730321351,0.041786439,0,0,0,0,0.12528449,0
Oligo,HMDB0000641,L-Glutamine,Epi,SLC6A14,2.494062497,0.850381679,0.135666667,Transporter,-5285.522101,0,-167.0593758,0,-1.730321351,0.041786439,0,0,0,0,0.12528449,0
Fibro,HMDB0001043,Arachidonic acid,Myeloid,SLC27A5,0.016150429,0.506772009,0.047833333,Transporter,-572.7199956,0,-18.10194776,7.32E-64,-1.730321351,0.041786439,0,0,0,1.46E-62,0.12528449,0
pDC,HMDB0001043,Arachidonic acid,Myeloid,SLC27A5,0.031889391,0.718931475,0.047833333,Transporter,-419.5219371,0,-13.25982024,2.20E-37,-1.730321351,0.041786439,0,0,0,3.06E-36,0.12528449,0
Fibro,HMDB0001043,Arachidonic acid,Endo,SLC27A5,0.020594553,0.506772009,0.041290935,Transporter,-629.1195676,0,-19.88456774,1.09E-74,-1.730321351,0.041786439,0,0,0,2.45E-73,0.12528449,0
NK,HMDB0001043,Arachidonic acid,Fibro,SLC27A5,0.021590553,0.320333333,0.068171558,Transporter,-839.8930464,0,-26.54648025,3.11E-118,-1.730321351,0.041786439,0,0,0,9.98E-117,0.12528449,0
Epi,HMDB0001043,Arachidonic acid,Epi,SLC27A5,0.034972192,0.576,0.0845,Transporter,-1290.883341,0,-40.80092015,2.85E-215,-1.730321351,0.041786439,0,0,0,1.64E-213,0.12528449,0
pDC,HMDB0001043,Arachidonic acid,Mast,SLC27A5,0.039469849,0.718931475,0.028981349,Transporter,-499.0743989,0,-15.77423308,1.60E-50,-1.730321351,0.041786439,0,0,0,2.66E-49,0.12528449,0
pDC,HMDB0001043,Arachidonic acid,pDC,SLC27A5,0.039856644,0.718931475,0.040650407,Transporter,-478.5569205,0,-15.12573761,5.37E-47,-1.730321351,0.041786439,0,0,0,8.55E-46,0.12528449,0
pDC,HMDB0001043,Arachidonic acid,Endo,SLC27A5,0.040664417,0.718931475,0.041290935,Transporter,-502.9862963,0,-15.89787633,3.32E-51,-1.730321351,0.041786439,0,0,0,5.57E-50,0.12528449,0
pDC,HMDB0001043,Arachidonic acid,T,SLC27A5,0.043319343,0.718931475,0.033666667,Transporter,-544.3731497,0,-17.20598966,1.31E-58,-1.730321351,0.041786439,0,0,0,2.42E-57,0.12528449,0
NK,HMDB0001043,Arachidonic acid,Endo,SLC27A5,0.017218317,0.320333333,0.041290935,Transporter,-627.7229963,0,-19.84042634,2.04E-74,-1.730321351,0.041786439,0,0,0,4.58E-73,0.12528449,0
Endo,HMDB0001043,Arachidonic acid,NK,SLC27A5,0.016491565,0.510204082,0.021,Transporter,-408.4036864,0,-12.90840595,1.14E-35,-1.730321351,0.041786439,0,0,0,1.54E-34,0.12528449,0
Fibro,HMDB0001043,Arachidonic acid,NK,SLC27A5,0.016493501,0.506772009,0.021,Transporter,-586.3745654,0,-18.53352744,1.94E-66,-1.730321351,0.041786439,0,0,0,4.02E-65,0.12528449,0
Fibro,HMDB0001043,Arachidonic acid,Fibro,SLC27A5,0.025824115,0.506772009,0.068171558,Transporter,-817.7161007,0,-25.84553404,1.68E-113,-1.730321351,0.041786439,0,0,0,5.24E-112,0.12528449,0
Fibro,HMDB0000660,D-Fructose,Fibro,SLC2A8,0.165856912,0.68013544,0.083521445,Transporter,-722.3479904,0,-22.83123636,1.77E-93,-1.730321351,0.041786439,0,0,0,4.75E-92,0.12528449,0
Endo,HMDB0001043,Arachidonic acid,Epi,SLC27A5,0.028204982,0.510204082,0.0845,Transporter,-633.5373586,0,-20.02420076,1.47E-75,-1.730321351,0.041786439,0,0,0,3.34E-74,0.12528449,0
Fibro,HMDB0001043,Arachidonic acid,Epi,SLC27A5,0.028208295,0.506772009,0.0845,Transporter,-899.9267692,0,-28.44396475,3.80E-131,-1.730321351,0.041786439,0,0,0,1.32E-129,0.12528449,0
pDC,HMDB0001043,Arachidonic acid,B,SLC27A5,0.031338821,0.718931475,0.023166667,Transporter,-412.0700735,0,-13.02428936,3.13E-36,-1.730321351,0.041786439,0,0,0,4.26E-35,0.12528449,0
Epi,HMDB0001043,Arachidonic acid,NK,SLC27A5,0.020448379,0.576,0.021,Transporter,-830.0238611,0,-26.23454514,4.00E-116,-1.730321351,0.041786439,0,0,0,1.27E-114,0.12528449,0
Epi,HMDB0001043,Arachidonic acid,pDC,SLC27A5,0.025025604,0.576,0.040650407,Transporter,-685.9310926,0,-21.68020831,4.99E-86,-1.730321351,0.041786439,0,0,0,1.26E-84,0.12528449,0
Endo,HMDB0000122,D-Glucose,Myeloid,SLC2A9,0.011692768,0.35168486,0.074833333,Transporter,-723.7242755,0,-22.87473657,9.18E-94,-1.730321351,0.041786439,0,0,0,2.48E-92,0.12528449,0
B,HMDB0000187,L-Serine,Epi,SLC7A10,0.00577848,0.118666667,0.0185,Transporter,-1375.964741,0,-43.49008601,5.35E-233,-1.730321351,0.041786439,0,0,0,3.40E-231,0.12528449,0
Epi,HMDB0000187,L-Serine,Epi,SLC7A10,0.011845463,0.303333333,0.0185,Transporter,-2741.732105,0,-86.65786376,0,-1.730321351,0.041786439,0,0,0,0,0.12528449,0
Fibro,HMDB0001043,Arachidonic acid,Mast,SLC27A5,0.019989563,0.506772009,0.028981349,Transporter,-654.3263703,0,-20.68127858,1.13E-79,-1.730321351,0.041786439,0,0,0,2.69E-78,0.12528449,0
Epi,HMDB0001043,Arachidonic acid,Myeloid,SLC27A5,0.020023043,0.576,0.047833333,Transporter,-812.6368183,0,-25.68499328,2.03E-112,-1.730321351,0.041786439,0,0,0,6.27E-111,0.12528449,0
Endo,HMDB0001043,Arachidonic acid,pDC,SLC27A5,0.020183085,0.510204082,0.040650407,Transporter,-418.1559501,0,-13.21664552,3.59E-37,-1.730321351,0.041786439,0,0,0,4.98E-36,0.12528449,0
Fibro,HMDB0001043,Arachidonic acid,pDC,SLC27A5,0.020185455,0.506772009,0.040650407,Transporter,-521.6626514,0,-16.48817946,1.66E-54,-1.730321351,0.041786439,0,0,0,2.91E-53,0.12528449,0
Myeloid,HMDB0000034,Adenine,Epi,SLC35F5,1.119894543,0.805833333,0.2175,Transporter,-1117.729639,0,-35.32805505,2.39E-178,-1.730321351,0.041786439,0,0,0,1.13E-176,0.12528449,0
Mast,HMDB0000294,Urea,NK,SLC14A1,0.005062272,0.02553802,0.016166667,Transporter,-162.3358872,0,-5.130946664,1.73E-07,-1.730321351,0.041786439,0,0,0,8.74E-07,0.12528449,0
T,HMDB0000294,Urea,NK,SLC14A1,0.005729434,0.0345,0.016166667,Transporter,-228.5501346,0,-7.223778863,5.01E-13,-1.730321351,0.041786439,0,0,0,3.56E-12,0.12528449,0
T,HMDB0000071,Deoxyinosine,Epi,SLC29A2,0.011519271,0.070333333,0.073333333,Transporter,-368.7779781,0,-11.65595709,7.90E-30,-1.730321351,0.041786439,0,0,0,9.61E-29,0.12528449,0
Endo,HMDB0000262,Thymine,Epi,SLC29A2,0.222554953,0.323682962,0.073333333,Transporter,-497.5531031,0,-15.72614952,2.94E-50,-1.730321351,0.041786439,0,0,0,4.87E-49,0.12528449,0
T,HMDB0000071,Deoxyinosine,Fibro,SLC29A2,0.001599207,0.070333333,0.011286682,Transporter,-167.9727751,0,-5.309111649,6.79E-08,-1.730321351,0.041786439,0,0,0,3.54E-07,0.12528449,0
NK,HMDB0001043,Arachidonic acid,Mast,SLC27A5,0.016712507,0.320333333,0.028981349,Transporter,-657.994342,0,-20.79721207,2.10E-80,-1.730321351,0.041786439,0,0,0,5.01E-79,0.12528449,0
NK,HMDB0001043,Arachidonic acid,pDC,SLC27A5,0.016876286,0.320333333,0.040650407,Transporter,-496.7251427,0,-15.69998019,4.09E-50,-1.730321351,0.041786439,0,0,0,6.76E-49,0.12528449,0
B,HMDB0000187,L-Serine,Myeloid,SLC1A4,0.014039968,0.118666667,0.073166667,Transporter,-452.7196475,0,-14.30909951,1.09E-42,-1.730321351,0.041786439,0,0,0,1.64E-41,0.12528449,0
Oligo,HMDB0003073,gamma-Linolenic acid,B,SLC27A5,0.067002943,0.33740458,0.023166667,Transporter,-205.7890672,0,-6.504370325,6.16E-11,-1.730321351,0.041786439,0,0,0,3.92E-10,0.12528449,0
Oligo,HMDB0003073,gamma-Linolenic acid,Fibro,SLC27A5,0.109018158,0.33740458,0.068171558,Transporter,-477.5555094,0,-15.09408603,7.94E-47,-1.730321351,0.041786439,0,0,0,1.26E-45,0.12528449,0
Mast,HMDB0003073,gamma-Linolenic acid,Mast,SLC27A5,0.110534308,0.340602582,0.028981349,Transporter,-632.3010487,0,-19.98512474,2.58E-75,-1.730321351,0.041786439,0,0,0,5.83E-74,0.12528449,0
Mast,HMDB0003073,gamma-Linolenic acid,pDC,SLC27A5,0.111617516,0.340602582,0.040650407,Transporter,-337.0587118,0,-10.65340697,1.78E-25,-1.730321351,0.041786439,0,0,0,1.96E-24,0.12528449,0
Myeloid,HMDB0003073,gamma-Linolenic acid,pDC,SLC27A5,0.077789159,0.348666667,0.040650407,Transporter,-183.1923429,0,-5.79015618,4.71E-09,-1.730321351,0.041786439,0,0,0,2.67E-08,0.12528449,0
B,HMDB0000187,L-Serine,Epi,SLC1A4,0.010547199,0.118666667,0.067833333,Transporter,-360.0864364,0,-11.38124374,1.32E-28,-1.730321351,0.041786439,0,0,0,1.56E-27,0.12528449,0
Epi,HMDB0000187,L-Serine,Mast,SLC1A4,0.010740224,0.303333333,0.015781923,Transporter,-356.3517736,0,-11.26320234,4.35E-28,-1.730321351,0.041786439,0,0,0,5.08E-27,0.12528449,0
Epi,HMDB0000187,L-Serine,T,SLC1A4,0.010796478,0.303333333,0.014333333,Transporter,-360.4528625,0,-11.39282536,1.17E-28,-1.730321351,0.041786439,0,0,0,1.39E-27,0.12528449,0
Myeloid,HMDB0003073,gamma-Linolenic acid,NK,SLC27A5,0.063561391,0.348666667,0.021,Transporter,-295.6952547,0,-9.346033134,2.88E-20,-1.730321351,0.041786439,0,0,0,2.74E-19,0.12528449,0
Oligo,HMDB0003073,gamma-Linolenic acid,Myeloid,SLC27A5,0.068180071,0.33740458,0.047833333,Transporter,-212.055732,0,-6.702440657,1.71E-11,-1.730321351,0.041786439,0,0,0,1.12E-10,0.12528449,0
Oligo,HMDB0003073,gamma-Linolenic acid,NK,SLC27A5,0.069628375,0.33740458,0.021,Transporter,-219.4970831,0,-6.937639269,3.58E-12,-1.730321351,0.041786439,0,0,0,2.43E-11,0.12528449,0
B,HMDB0000187,L-Serine,Endo,SLC1A4,0.00818764,0.118666667,0.028951115,Transporter,-284.7337185,0,-8.99957211,5.59E-19,-1.730321351,0.041786439,0,0,0,5.13E-18,0.12528449,0
Oligo,HMDB0003073,gamma-Linolenic acid,Endo,SLC27A5,0.086941229,0.33740458,0.041290935,Transporter,-273.3456192,0,-8.639628715,1.10E-17,-1.730321351,0.041786439,0,0,0,9.60E-17,0.12528449,0
pDC,HMDB0000195,Inosine,Fibro,SLC29A1,0.205612396,0.613240418,0.180361174,Transporter,-446.3482582,0,-14.10771916,1.20E-41,-1.730321351,0.041786439,0,0,0,1.77E-40,0.12528449,0
Oligo,HMDB0001388,alpha-Linolenic acid,Fibro,SLC27A5,0.15277689,0.911450382,0.068171558,Transporter,-1281.206179,0,-40.49505431,3.09E-213,-1.730321351,0.041786439,0,0,0,1.75E-211,0.12528449,0
Epi,HMDB0001388,alpha-Linolenic acid,Oligo,SLC27A5,0.157135574,0.7415,0.103816794,Transporter,-599.0345979,0,-18.9336728,7.43E-69,-1.730321351,0.041786439,0,0,0,1.58E-67,0.12528449,0
Myeloid,HMDB0003073,gamma-Linolenic acid,T,SLC27A5,0.084547392,0.348666667,0.033666667,Transporter,-552.2781396,0,-17.45584249,4.63E-60,-1.730321351,0.041786439,0,0,0,8.78E-59,0.12528449,0
pDC,HMDB0000034,Adenine,Epi,SLC35F5,1.130415665,0.838559814,0.2175,Transporter,-985.6327209,0,-31.1528708,1.01E-149,-1.730321351,0.041786439,0,0,0,3.97E-148,0.12528449,0
Epi,HMDB0000207,Oleic acid,Myeloid,SLC27A5,0.039051136,0.450333333,0.047833333,Transporter,-170.7141719,0,-5.395758915,4.26E-08,-1.730321351,0.041786439,0,0,0,2.26E-07,0.12528449,0
Epi,HMDB0000207,Oleic acid,NK,SLC27A5,0.039880674,0.450333333,0.021,Transporter,-175.6588753,0,-5.552046042,1.81E-08,-1.730321351,0.041786439,0,0,0,9.91E-08,0.12528449,0
Myeloid,HMDB0000207,Oleic acid,Mast,SLC27A5,0.042181065,0.379333333,0.028981349,Transporter,-164.4994533,0,-5.199330446,1.21E-07,-1.730321351,0.041786439,0,0,0,6.20E-07,0.12528449,0
pDC,HMDB0000207,Oleic acid,Epi,SLC27A5,0.043888266,0.259001161,0.0845,Transporter,-180.8448574,0,-5.715959258,7.20E-09,-1.730321351,0.041786439,0,0,0,4.04E-08,0.12528449,0
Mast,HMDB0000207,Oleic acid,B,SLC27A5,0.045362238,0.349210904,0.023166667,Transporter,-260.0000691,0,-8.217816219,3.19E-16,-1.730321351,0.041786439,0,0,0,2.63E-15,0.12528449,0
Myeloid,HMDB0003073,gamma-Linolenic acid,Endo,SLC27A5,0.07936571,0.348666667,0.041290935,Transporter,-303.5424765,0,-9.594060093,3.26E-21,-1.730321351,0.041786439,0,0,0,3.20E-20,0.12528449,0
Oligo,HMDB0003073,gamma-Linolenic acid,Mast,SLC27A5,0.084387222,0.33740458,0.028981349,Transporter,-301.7324024,0,-9.536849121,5.42E-21,-1.730321351,0.041786439,0,0,0,5.26E-20,0.12528449,0
Oligo,HMDB0001388,alpha-Linolenic acid,Epi,SLC27A5,0.16688183,0.911450382,0.0845,Transporter,-1611.938226,0,-50.94849452,2.50E-280,-1.730321351,0.041786439,0,0,0,2.05E-278,0.12528449,0
Oligo,HMDB0003073,gamma-Linolenic acid,pDC,SLC27A5,0.085214195,0.33740458,0.040650407,Transporter,-197.0015073,0,-6.226622122,3.50E-10,-1.730321351,0.041786439,0,0,0,2.14E-09,0.12528449,0
Mast,HMDB0003073,gamma-Linolenic acid,Fibro,SLC27A5,0.142797053,0.340602582,0.068171558,Transporter,-1019.598268,0,-32.22641907,4.28E-157,-1.730321351,0.041786439,0,0,0,1.76E-155,0.12528449,0
Oligo,HMDB0003073,gamma-Linolenic acid,Oligo,SLC27A5,0.225130784,0.33740458,0.103816794,Transporter,-700.8686074,0,-22.152338,4.55E-89,-1.730321351,0.041786439,0,0,0,1.18E-87,0.12528449,0
Mast,HMDB0003073,gamma-Linolenic acid,Oligo,SLC27A5,0.294886771,0.340602582,0.103816794,Transporter,-1049.4159,0,-33.16886429,1.45E-163,-1.730321351,0.041786439,0,0,0,6.29E-162,0.12528449,0
Mast,HMDB0003073,gamma-Linolenic acid,NK,SLC27A5,0.091202484,0.340602582,0.021,Transporter,-557.3960633,0,-17.61760459,5.26E-61,-1.730321351,0.041786439,0,0,0,1.01E-59,0.12528449,0
Mast,HMDB0003073,gamma-Linolenic acid,B,SLC27A5,0.087763571,0.340602582,0.023166667,Transporter,-547.6601752,0,-17.3098826,3.27E-59,-1.730321351,0.041786439,0,0,0,6.11E-58,0.12528449,0
Mast,HMDB0003073,gamma-Linolenic acid,Myeloid,SLC27A5,0.089305428,0.340602582,0.047833333,Transporter,-555.5205106,0,-17.55832404,1.17E-60,-1.730321351,0.041786439,0,0,0,2.24E-59,0.12528449,0
Oligo,HMDB0000641,L-Glutamine,Myeloid,SLC43A1,0.194920575,0.850381679,0.0125,Transporter,-115.5825244,0,-3.653214197,0.000136218,-1.730321351,0.041786439,0,0,0,0.000524404,0.12528449,0
Myeloid,HMDB0000641,L-Glutamine,NK,SLC43A1,0.381087975,0.850333333,0.013666667,Transporter,-611.6574668,0,-19.33264352,2.74E-71,-1.730321351,0.041786439,0,0,0,5.99E-70,0.12528449,0
Myeloid,HMDB0000641,L-Glutamine,T,SLC43A1,0.383922048,0.850333333,0.0155,Transporter,-615.2092173,0,-19.44490362,5.62E-72,-1.730321351,0.041786439,0,0,0,1.24E-70,0.12528449,0
Mast,HMDB0000641,L-Glutamine,NK,SLC43A1,0.385958389,0.810329986,0.013666667,Transporter,-605.0668009,0,-19.1243325,5.14E-70,-1.730321351,0.041786439,0,0,0,1.10E-68,0.12528449,0
pDC,HMDB0000195,Inosine,Endo,SLC29A1,0.111890709,0.613240418,0.09492169,Transporter,-268.617758,0,-8.490195316,3.69E-17,-1.730321351,0.041786439,0,0,0,3.14E-16,0.12528449,0
B,HMDB0000195,Inosine,Fibro,SLC29A1,0.116675637,0.345,0.180361174,Transporter,-760.4156922,0,-24.03444134,2.15E-101,-1.730321351,0.041786439,0,0,0,6.23E-100,0.12528449,0
Mast,HMDB0000641,L-Glutamine,T,SLC43A1,0.388828683,0.810329986,0.0155,Transporter,-596.3444447,0,-18.84864518,2.43E-68,-1.730321351,0.041786439,0,0,0,5.13E-67,0.12528449,0
Epi,HMDB0000641,L-Glutamine,Fibro,SLC43A1,0.410876216,0.5595,0.085553047,Transporter,-554.5447639,0,-17.52748363,1.77E-60,-1.730321351,0.041786439,0,0,0,3.37E-59,0.12528449,0
Oligo,HMDB0000641,L-Glutamine,NK,SLC43A1,0.429411688,0.850381679,0.013666667,Transporter,-587.3295112,0,-18.56371039,1.27E-66,-1.730321351,0.041786439,0,0,0,2.65E-65,0.12528449,0
Oligo,HMDB0000641,L-Glutamine,Epi,SLC43A1,0.339453941,0.850381679,0.026333333,Transporter,-422.3003855,0,-13.3476386,8.12E-38,-1.730321351,0.041786439,0,0,0,1.13E-36,0.12528449,0
Fibro,HMDB0000195,Inosine,pDC,SLC29A1,0.068335276,0.456207675,0.091753775,Transporter,-399.0119671,0,-12.61156209,3.02E-34,-1.730321351,0.041786439,0,0,0,3.97E-33,0.12528449,0
Mast,HMDB0000641,L-Glutamine,Mast,SLC43A1,0.252710472,0.810329986,0.010329986,Transporter,-207.666991,0,-6.563725822,4.21E-11,-1.730321351,0.041786439,0,0,0,2.71E-10,0.12528449,0
Oligo,HMDB0003073,gamma-Linolenic acid,T,SLC27A5,0.092617507,0.33740458,0.033666667,Transporter,-380.8871349,0,-12.03869094,1.44E-31,-1.730321351,0.041786439,0,0,0,1.81E-30,0.12528449,0
B,HMDB0000195,Inosine,Mast,SLC29A1,0.032285759,0.345,0.035868006,Transporter,-330.2851042,0,-10.43931371,1.38E-24,-1.730321351,0.041786439,0,0,0,1.49E-23,0.12528449,0
Fibro,HMDB0000195,Inosine,Mast,SLC29A1,0.036270188,0.456207675,0.035868006,Transporter,-316.2978701,0,-9.997219524,8.57E-23,-1.730321351,0.041786439,0,0,0,8.73E-22,0.12528449,0
Oligo,HMDB0000641,L-Glutamine,Mast,SLC43A1,0.281161994,0.850381679,0.010329986,Transporter,-235.2059984,0,-7.434150595,1.13E-13,-1.730321351,0.041786439,0,0,0,8.36E-13,0.12528449,0
Myeloid,HMDB0000641,L-Glutamine,Epi,SLC43A1,0.301253596,0.850333333,0.026333333,Transporter,-400.4453865,0,-12.65686815,1.84E-34,-1.730321351,0.041786439,0,0,0,2.43E-33,0.12528449,0
B,HMDB0000195,Inosine,pDC,SLC29A1,0.060828365,0.345,0.091753775,Transporter,-391.1033985,0,-12.36159614,4.57E-33,-1.730321351,0.041786439,0,0,0,5.87E-32,0.12528449,0
B,HMDB0000187,L-Serine,Fibro,SLC1A4,0.008866389,0.118666667,0.043566591,Transporter,-312.3239945,0,-9.871617329,2.70E-22,-1.730321351,0.041786439,0,0,0,2.71E-21,0.12528449,0
Epi,HMDB0000187,L-Serine,B,SLC1A4,0.009125152,0.303333333,0.013333333,Transporter,-315.8589119,0,-9.983345384,9.73E-23,-1.730321351,0.041786439,0,0,0,9.89E-22,0.12528449,0
B,HMDB0000187,L-Serine,NK,SLC1A4,0.009559378,0.118666667,0.021833333,Transporter,-329.6530004,0,-10.41933482,1.67E-24,-1.730321351,0.041786439,0,0,0,1.79E-23,0.12528449,0
B,HMDB0000187,L-Serine,Oligo,SLC1A4,0.010457385,0.118666667,0.039694656,Transporter,-325.0464038,0,-10.27373423,6.59E-24,-1.730321351,0.041786439,0,0,0,6.93E-23,0.12528449,0
Myeloid,HMDB0000641,L-Glutamine,Mast,SLC43A1,0.249521515,0.850333333,0.010329986,Transporter,-206.9688719,0,-6.541660387,4.85E-11,-1.730321351,0.041786439,0,0,0,3.11E-10,0.12528449,0
Oligo,HMDB0000195,Inosine,Mast,SLC29A1,0.04367305,0.389312977,0.035868006,Transporter,-135.4425348,0,-4.280929091,1.02E-05,-1.730321351,0.041786439,0,0,0,4.39E-05,0.12528449,0
B,HMDB0000195,Inosine,Epi,SLC29A1,0.055946065,0.345,0.132666667,Transporter,-465.1246533,0,-14.70118425,9.75E-45,-1.730321351,0.041786439,0,0,0,1.51E-43,0.12528449,0
pDC,HMDB0000195,Inosine,Mast,SLC29A1,0.056895788,0.613240418,0.035868006,Transporter,-169.5239446,0,-5.358139429,5.22E-08,-1.730321351,0.041786439,0,0,0,2.75E-07,0.12528449,0
Oligo,HMDB0000207,Oleic acid,Oligo,SLC27A5,0.253752233,0.555725191,0.103816794,Transporter,-1166.495685,0,-36.86940235,7.68E-189,-1.730321351,0.041786439,0,0,0,3.87E-187,0.12528449,0
Fibro,HMDB0000195,Inosine,Epi,SLC29A1,0.062850445,0.456207675,0.132666667,Transporter,-437.4622239,0,-13.82685848,3.24E-40,-1.730321351,0.041786439,0,0,0,4.71E-39,0.12528449,0
B,HMDB0000195,Inosine,Endo,SLC29A1,0.063492863,0.345,0.09492169,Transporter,-465.0205281,0,-14.69789316,1.01E-44,-1.730321351,0.041786439,0,0,0,1.57E-43,0.12528449,0
B,HMDB0000089,Cytidine,Epi,SLC29A2,0.047742904,0.302,0.073333333,Transporter,-1455.8988,0,-46.01655997,2.40E-249,-1.730321351,0.041786439,0,0,0,1.66E-247,0.12528449,0
Myeloid,HMDB0000641,L-Glutamine,Fibro,SLC43A1,1.346994715,0.850333333,0.085553047,Transporter,-2459.546006,0,-77.73881421,0,-1.730321351,0.041786439,0,0,0,0,0.12528449,0
Mast,HMDB0000641,L-Glutamine,Fibro,SLC43A1,1.364209695,0.810329986,0.085553047,Transporter,-2468.89289,0,-78.03424095,0,-1.730321351,0.041786439,0,0,0,0,0.12528449,0
Oligo,HMDB0000641,L-Glutamine,Fibro,SLC43A1,1.517799857,0.850381679,0.085553047,Transporter,-2499.570156,0,-79.00385658,0,-1.730321351,0.041786439,0,0,0,0,0.12528449,0
Endo,HMDB0000641,L-Glutamine,Fibro,SLC43A1,0.327077129,0.38822971,0.085553047,Transporter,-367.1600575,0,-11.60481952,1.34E-29,-1.730321351,0.041786439,0,0,0,1.62E-28,0.12528449,0
Epi,HMDB0000034,Adenine,Fibro,SLC29A3,0.219077904,0.760666667,0.040632054,Transporter,-133.19363,0,-4.209848007,1.39E-05,-1.730321351,0.041786439,0,0,0,5.91E-05,0.12528449,0
Oligo,HMDB0000207,Oleic acid,Epi,SLC27A5,0.134222467,0.555725191,0.0845,Transporter,-1123.490966,0,-35.51015319,1.37E-179,-1.730321351,0.041786439,0,0,0,6.50E-178,0.12528449,0
Endo,HMDB0000089,Cytidine,Fibro,SLC29A1,0.142598767,0.289985762,0.180361174,Transporter,-652.8239682,0,-20.63379219,2.25E-79,-1.730321351,0.041786439,0,0,0,5.33E-78,0.12528449,0
Fibro,HMDB0000089,Cytidine,Myeloid,SLC29A1,0.159377489,0.441083521,0.167666667,Transporter,-1101.293028,0,-34.80854346,8.47E-175,-1.730321351,0.041786439,0,0,0,3.93E-173,0.12528449,0
Myeloid,HMDB0000207,Oleic acid,Oligo,SLC27A5,0.112531922,0.379333333,0.103816794,Transporter,-464.7379487,0,-14.68896169,1.13E-44,-1.730321351,0.041786439,0,0,0,1.74E-43,0.12528449,0
Oligo,HMDB0000207,Oleic acid,Fibro,SLC27A5,0.122877914,0.555725191,0.068171558,Transporter,-929.5444859,0,-29.38009124,1.49E-137,-1.730321351,0.041786439,0,0,0,5.45E-136,0.12528449,0
Myeloid,HMDB0000207,Oleic acid,Epi,SLC27A5,0.059523859,0.379333333,0.0845,Transporter,-518.2227307,0,-16.37945396,6.82E-54,-1.730321351,0.041786439,0,0,0,1.19E-52,0.12528449,0
Epi,HMDB0000207,Oleic acid,Fibro,SLC27A5,0.06244175,0.450333333,0.068171558,Transporter,-483.9131784,0,-15.29503273,6.58E-48,-1.730321351,0.041786439,0,0,0,1.06E-46,0.12528449,0
T,HMDB0000034,Adenine,Fibro,SLC29A3,0.210518663,0.667666667,0.040632054,Transporter,-115.3095108,0,-3.644585062,0.000140808,-1.730321351,0.041786439,0,0,0,0.000541255,0.12528449,0
pDC,HMDB0000034,Adenine,Myeloid,SLC35F5,0.528298109,0.838559814,0.102333333,Transporter,-148.3948018,0,-4.690311097,1.55E-06,-1.730321351,0.041786439,0,0,0,7.30E-06,0.12528449,0
Epi,HMDB0000034,Adenine,Endo,SLC35F5,0.696116315,0.760666667,0.090650214,Transporter,-247.7249204,0,-7.829835877,6.21E-15,-1.730321351,0.041786439,0,0,0,4.90E-14,0.12528449,0
Myeloid,HMDB0000034,Adenine,Endo,SLC35F5,0.730279901,0.805833333,0.090650214,Transporter,-277.0018688,0,-8.755191714,4.28E-18,-1.730321351,0.041786439,0,0,0,3.80E-17,0.12528449,0
pDC,HMDB0000034,Adenine,Endo,SLC35F5,0.737140693,0.838559814,0.090650214,Transporter,-272.7085309,0,-8.619492281,1.30E-17,-1.730321351,0.041786439,0,0,0,1.13E-16,0.12528449,0
Myeloid,HMDB0000089,Cytidine,Epi,SLC29A2,0.022477251,0.395166667,0.073333333,Transporter,-555.9002608,0,-17.57032679,9.94E-61,-1.730321351,0.041786439,0,0,0,1.91E-59,0.12528449,0
Mast,HMDB0000089,Cytidine,Epi,SLC29A2,0.022740254,0.188809182,0.073333333,Transporter,-518.4314755,0,-16.38605175,6.26E-54,-1.730321351,0.041786439,0,0,0,1.09E-52,0.12528449,0
pDC,HMDB0000089,Cytidine,Epi,SLC29A2,0.029129071,0.320557491,0.073333333,Transporter,-517.7663667,0,-16.36502968,8.22E-54,-1.730321351,0.041786439,0,0,0,1.43E-52,0.12528449,0
Epi,HMDB0000089,Cytidine,Fibro,SLC29A1,0.237270275,0.468166667,0.180361174,Transporter,-1781.210818,0,-56.29868947,1.824802171353e-312,-1.730321351,0.041786439,0,0,0,1.7712889111964e-310,0.12528449,0
B,HMDB0000089,Cytidine,Myeloid,SLC29A1,0.134492329,0.302,0.167666667,Transporter,-955.0243359,0,-30.18543228,4.47E-143,-1.730321351,0.041786439,0,0,0,1.69E-141,0.12528449,0
Oligo,HMDB0000089,Cytidine,Endo,SLC29A1,0.112198601,0.345038168,0.09492169,Transporter,-268.8030309,0,-8.496051232,3.52E-17,-1.730321351,0.041786439,0,0,0,3.00E-16,0.12528449,0
Epi,HMDB0000089,Cytidine,Epi,SLC29A1,0.113771295,0.468166667,0.132666667,Transporter,-704.0044699,0,-22.25145313,1.04E-89,-1.730321351,0.041786439,0,0,0,2.71E-88,0.12528449,0
Mast,HMDB0000089,Cytidine,Myeloid,SLC29A1,0.064059566,0.188809182,0.167666667,Transporter,-195.1967956,0,-6.16958064,4.97E-10,-1.730321351,0.041786439,0,0,0,3.01E-09,0.12528449,0
Epi,HMDB0000089,Cytidine,Mast,SLC29A1,0.06565596,0.468166667,0.035868006,Transporter,-204.111497,0,-6.451347405,8.62E-11,-1.730321351,0.041786439,0,0,0,5.44E-10,0.12528449,0
Endo,HMDB0000089,Cytidine,Epi,SLC29A1,0.068376228,0.289985762,0.132666667,Transporter,-173.7861141,0,-5.492853723,2.51E-08,-1.730321351,0.041786439,0,0,0,1.36E-07,0.12528449,0
Epi,HMDB0000089,Cytidine,pDC,SLC29A1,0.123699886,0.468166667,0.091753775,Transporter,-424.192432,0,-13.40744047,4.10E-38,-1.730321351,0.041786439,0,0,0,5.78E-37,0.12528449,0
Fibro,HMDB0000089,Cytidine,Endo,SLC29A1,0.124436303,0.441083521,0.09492169,Transporter,-594.2307029,0,-18.7818362,6.17E-68,-1.730321351,0.041786439,0,0,0,1.29E-66,0.12528449,0
Epi,HMDB0000089,Cytidine,Endo,SLC29A1,0.129118379,0.468166667,0.09492169,Transporter,-648.4785353,0,-20.49644619,1.64E-78,-1.730321351,0.041786439,0,0,0,3.86E-77,0.12528449,0
Myeloid,HMDB0000089,Cytidine,Myeloid,SLC29A1,0.063318685,0.395166667,0.167666667,Transporter,-215.7021125,0,-6.817691723,7.99E-12,-1.730321351,0.041786439,0,0,0,5.32E-11,0.12528449,0
Mast,HMDB0000089,Cytidine,Fibro,SLC29A1,0.091909283,0.188809182,0.180361174,Transporter,-404.6878848,0,-12.79096069,4.20E-35,-1.730321351,0.041786439,0,0,0,5.61E-34,0.12528449,0
Myeloid,HMDB0000034,Adenine,Fibro,SLC29A3,0.229829681,0.805833333,0.040632054,Transporter,-157.9887633,0,-4.993547219,3.50E-07,-1.730321351,0.041786439,0,0,0,1.72E-06,0.12528449,0
Mast,HMDB0000207,Oleic acid,Epi,SLC27A5,0.08062149,0.349210904,0.0845,Transporter,-805.189842,0,-25.44961687,7.75E-111,-1.730321351,0.041786439,0,0,0,2.36E-109,0.12528449,0
pDC,HMDB0000207,Oleic acid,Oligo,SLC27A5,0.082972291,0.259001161,0.103816794,Transporter,-284.9881631,0,-9.007614335,5.23E-19,-1.730321351,0.041786439,0,0,0,4.80E-18,0.12528449,0
pDC,HMDB0000034,Adenine,Fibro,SLC29A3,0.231988871,0.838559814,0.040632054,Transporter,-155.6442921,0,-4.919445569,5.07E-07,-1.730321351,0.041786439,0,0,0,2.47E-06,0.12528449,0
Fibro,HMDB0000089,Cytidine,Mast,SLC29A1,0.063275151,0.441083521,0.035868006,Transporter,-178.7761935,0,-5.650575047,1.04E-08,-1.730321351,0.041786439,0,0,0,5.80E-08,0.12528449,0
Epi,HMDB0000207,Oleic acid,Mast,SLC27A5,0.04833402,0.450333333,0.028981349,Transporter,-243.2785384,0,-7.689299184,1.77E-14,-1.730321351,0.041786439,0,0,0,1.36E-13,0.12528449,0
Myeloid,HMDB0000207,Oleic acid,T,SLC27A5,0.046294984,0.379333333,0.033666667,Transporter,-284.4693503,0,-8.99121623,6.00E-19,-1.730321351,0.041786439,0,0,0,5.50E-18,0.12528449,0
Endo,HMDB0000089,Cytidine,pDC,SLC29A1,0.074343283,0.289985762,0.091753775,Transporter,-148.0282957,0,-4.678726947,1.64E-06,-1.730321351,0.041786439,0,0,0,7.70E-06,0.12528449,0
Endo,HMDB0000089,Cytidine,Endo,SLC29A1,0.077599782,0.289985762,0.09492169,Transporter,-201.8961435,0,-6.381326777,1.34E-10,-1.730321351,0.041786439,0,0,0,8.39E-10,0.12528449,0
pDC,HMDB0000089,Cytidine,Myeloid,SLC29A1,0.082056939,0.320557491,0.167666667,Transporter,-189.1637429,0,-5.978894084,1.56E-09,-1.730321351,0.041786439,0,0,0,9.18E-09,0.12528449,0
Myeloid,HMDB0000089,Cytidine,Fibro,SLC29A1,0.090846306,0.395166667,0.180361174,Transporter,-447.2252015,0,-14.13543668,8.61E-42,-1.730321351,0.041786439,0,0,0,1.28E-40,0.12528449,0
Oligo,HMDB0000207,Oleic acid,Mast,SLC27A5,0.095115584,0.555725191,0.028981349,Transporter,-633.1487323,0,-20.01191746,1.76E-75,-1.730321351,0.041786439,0,0,0,3.98E-74,0.12528449,0
Oligo,HMDB0000207,Oleic acid,pDC,SLC27A5,0.096047693,0.555725191,0.040650407,Transporter,-382.977816,0,-12.10477105,7.16E-32,-1.730321351,0.041786439,0,0,0,9.02E-31,0.12528449,0
Oligo,HMDB0000207,Oleic acid,Endo,SLC27A5,0.097994289,0.555725191,0.041290935,Transporter,-554.0370816,0,-17.51143733,2.20E-60,-1.730321351,0.041786439,0,0,0,4.17E-59,0.12528449,0
Mast,HMDB0000207,Oleic acid,Myeloid,SLC27A5,0.046159175,0.349210904,0.047833333,Transporter,-265.3989659,0,-8.388459027,8.32E-17,-1.730321351,0.041786439,0,0,0,6.99E-16,0.12528449,0
Oligo,HMDB0000207,Oleic acid,T,SLC27A5,0.104392206,0.555725191,0.033666667,Transporter,-800.2388863,0,-25.29313212,8.70E-110,-1.730321351,0.041786439,0,0,0,2.63E-108,0.12528449,0
Mast,HMDB0000207,Oleic acid,NK,SLC27A5,0.047139704,0.349210904,0.021,Transporter,-275.8657062,0,-8.719281047,5.75E-18,-1.730321351,0.041786439,0,0,0,5.06E-17,0.12528449,0
Epi,HMDB0000207,Oleic acid,B,SLC27A5,0.038376919,0.450333333,0.023166667,Transporter,-156.980085,0,-4.961665945,4.11E-07,-1.730321351,0.041786439,0,0,0,2.01E-06,0.12528449,0
Epi,HMDB0000207,Oleic acid,Oligo,SLC27A5,0.12894696,0.450333333,0.103816794,Transporter,-555.3118092,0,-17.55172761,1.28E-60,-1.730321351,0.041786439,0,0,0,2.44E-59,0.12528449,0
Fibro,HMDB0000034,Adenine,Epi,SLC35F5,0.834899647,0.670880361,0.2175,Transporter,-655.4347518,0,-20.71631117,6.79E-80,-1.730321351,0.041786439,0,0,0,1.62E-78,0.12528449,0
Myeloid,HMDB0000034,Adenine,Fibro,SLC35F5,0.848790182,0.805833333,0.137923251,Transporter,-580.6696024,0,-18.3532108,2.33E-65,-1.730321351,0.041786439,0,0,0,4.75E-64,0.12528449,0
pDC,HMDB0000034,Adenine,Fibro,SLC35F5,0.856764348,0.838559814,0.137923251,Transporter,-522.8290276,0,-16.52504508,1.03E-54,-1.730321351,0.041786439,0,0,0,1.81E-53,0.12528449,0
Mast,HMDB0000207,Oleic acid,Oligo,SLC27A5,0.152417725,0.349210904,0.103816794,Transporter,-677.0903561,0,-21.40077935,3.07E-84,-1.730321351,0.041786439,0,0,0,7.55E-83,0.12528449,0
Fibro,HMDB0000195,Inosine,Endo,SLC29A1,0.071328603,0.456207675,0.09492169,Transporter,-452.0112391,0,-14.28670887,1.43E-42,-1.730321351,0.041786439,0,0,0,2.14E-41,0.12528449,0
Endo,HMDB0000034,Adenine,Epi,SLC35F5,0.830103669,0.562885619,0.2175,Transporter,-614.3772857,0,-19.41860878,8.15E-72,-1.730321351,0.041786439,0,0,0,1.78E-70,0.12528449,0
Mast,HMDB0000034,Adenine,Fibro,SLC35F5,0.563590614,0.51276901,0.137923251,Transporter,-189.1359803,0,-5.978016592,1.57E-09,-1.730321351,0.041786439,0,0,0,9.23E-09,0.12528449,0
B,HMDB0000034,Adenine,Fibro,SLC35F5,0.573084006,0.546166667,0.137923251,Transporter,-206.5278794,0,-6.527721947,5.30E-11,-1.730321351,0.041786439,0,0,0,3.39E-10,0.12528449,0
Oligo,HMDB0000089,Cytidine,Myeloid,SLC29A1,0.143703492,0.345038168,0.167666667,Transporter,-404.9815034,0,-12.80024109,3.79E-35,-1.730321351,0.041786439,0,0,0,5.07E-34,0.12528449,0
Epi,HMDB0000089,Cytidine,Myeloid,SLC29A1,0.165374272,0.468166667,0.167666667,Transporter,-1282.015652,0,-40.5206393,2.09E-213,-1.730321351,0.041786439,0,0,0,1.18E-211,0.12528449,0
B,HMDB0000089,Cytidine,Fibro,SLC29A1,0.192962493,0.302,0.180361174,Transporter,-1414.164709,0,-44.69747152,7.53E-241,-1.730321351,0.041786439,0,0,0,4.99E-239,0.12528449,0
Oligo,HMDB0000089,Cytidine,Fibro,SLC29A1,0.206178184,0.345038168,0.180361174,Transporter,-645.4677388,0,-20.40128402,6.51E-78,-1.730321351,0.041786439,0,0,0,1.52E-76,0.12528449,0
Fibro,HMDB0000089,Cytidine,Fibro,SLC29A1,0.228666407,0.441083521,0.180361174,Transporter,-1523.930741,0,-48.16684398,5.19E-263,-1.730321351,0.041786439,0,0,0,3.94E-261,0.12528449,0
NK,HMDB0001358,Retinal,Mast,RARA,0.135690243,0.2615,0.136011478,Nuclear Receptor,-733.1076772,0,-23.17131754,1.05E-95,-1.730321351,0.041786439,0,0,0,2.89E-94,0.12528449,0
Oligo,HMDB0000195,Inosine,Epi,SLC29A1,0.075678421,0.389312977,0.132666667,Transporter,-188.8721517,0,-5.969677767,1.65E-09,-1.730321351,0.041786439,0,0,0,9.68E-09,0.12528449,0
B,HMDB0000195,Inosine,Myeloid,SLC29A1,0.08132139,0.345,0.167666667,Transporter,-596.9659078,0,-18.86828776,1.85E-68,-1.730321351,0.041786439,0,0,0,3.91E-67,0.12528449,0
Oligo,HMDB0000195,Inosine,pDC,SLC29A1,0.082282724,0.389312977,0.091753775,Transporter,-195.002553,0,-6.163441219,5.16E-10,-1.730321351,0.041786439,0,0,0,3.12E-09,0.12528449,0
Oligo,HMDB0000195,Inosine,Endo,SLC29A1,0.085886999,0.389312977,0.09492169,Transporter,-206.997235,0,-6.542556858,4.82E-11,-1.730321351,0.041786439,0,0,0,3.09E-10,0.12528449,0
Fibro,HMDB0000195,Inosine,Myeloid,SLC29A1,0.091357372,0.456207675,0.167666667,Transporter,-574.2099347,0,-18.14904023,3.84E-64,-1.730321351,0.041786439,0,0,0,7.71E-63,0.12528449,0
pDC,HMDB0000195,Inosine,Myeloid,SLC29A1,0.143309146,0.613240418,0.167666667,Transporter,-328.9933684,0,-10.39848585,2.03E-24,-1.730321351,0.041786439,0,0,0,2.17E-23,0.12528449,0
Oligo,HMDB0000195,Inosine,Fibro,SLC29A1,0.157827507,0.389312977,0.180361174,Transporter,-327.862926,0,-10.36275598,2.85E-24,-1.730321351,0.041786439,0,0,0,3.03E-23,0.12528449,0
Mast,HMDB0003178,Heme,Fibro,NR1D2,0.019602613,0.089526542,0.105191874,Nuclear Receptor,-445.6497463,0,-14.08564131,1.55E-41,-1.730321351,0.041786439,0,0,0,2.29E-40,0.12528449,0
Fibro,HMDB0002369,9-cis-Retinoic acid,Oligo,RXRB,0.897031565,0.441309255,0.13129771,Nuclear Receptor,-844.2137323,0,-26.68304407,3.69E-119,-1.730321351,0.041786439,0,0,0,1.19E-117,0.12528449,0
Mast,HMDB0003178,Heme,pDC,NR1D2,0.011704217,0.089526542,0.053426249,Nuclear Receptor,-237.4378755,0,-7.504693483,6.80E-14,-1.730321351,0.041786439,0,0,0,5.09E-13,0.12528449,0
Mast,HMDB0003178,Heme,B,NR1D2,0.00954743,0.089526542,0.034333333,Nuclear Receptor,-425.8400227,0,-13.45951583,2.26E-38,-1.730321351,0.041786439,0,0,0,3.21E-37,0.12528449,0
Mast,HMDB0003178,Heme,Mast,NR1D2,0.005380901,0.089526542,0.019512195,Nuclear Receptor,-357.9263704,0,-11.31297058,2.63E-28,-1.730321351,0.041786439,0,0,0,3.09E-27,0.12528449,0
Mast,HMDB0000870,Histamine,Fibro,HRH2,0.159902664,0.426111908,0.018961625,Receptor,-923.2944177,0,-29.18254548,3.36E-136,-1.730321351,0.041786439,0,0,0,1.22E-134,0.12528449,0
Mast,HMDB0000870,Histamine,pDC,HRH2,1.23346864,0.426111908,0.149825784,Receptor,-2437.27595,0,-77.03492504,0,-1.730321351,0.041786439,0,0,0,0,0.12528449,0
Mast,HMDB0000870,Histamine,Myeloid,HRH2,0.379888869,0.426111908,0.062666667,Receptor,-2220.662136,0,-70.18841719,0,-1.730321351,0.041786439,0,0,0,0,0.12528449,0
Mast,HMDB0000870,Histamine,T,HRH2,0.251883638,0.426111908,0.026666667,Receptor,-1572.963708,0,-49.71662783,1.04E-272,-1.730321351,0.041786439,0,0,0,8.15E-271,0.12528449,0
Fibro,HMDB0001251,Lanosterol,T,HRH2,0.01877289,0.062528217,0.026666667,Receptor,-541.3440634,0,-17.11024939,4.67E-58,-1.730321351,0.041786439,0,0,0,8.61E-57,0.12528449,0
Myeloid,HMDB0015531,Iron,Epi,TFR2,0.343459826,1,0.022,Receptor,-345.1364631,0,-10.90872027,1.48E-26,-1.730321351,0.041786439,0,0,0,1.67E-25,0.12528449,0
pDC,HMDB0003178,Heme,B,NR1D2,0.026227677,0.160278746,0.034333333,Nuclear Receptor,-280.6713,0,-8.871171341,1.64E-18,-1.730321351,0.041786439,0,0,0,1.48E-17,0.12528449,0
Fibro,HMDB0002369,9-cis-Retinoic acid,Fibro,RXRB,0.979894522,0.441309255,0.160496614,Nuclear Receptor,-2148.405654,0,-67.90460822,0,-1.730321351,0.041786439,0,0,0,0,0.12528449,0
Mast,HMDB0003178,Heme,Endo,NR1D2,0.018992411,0.089526542,0.084005695,Nuclear Receptor,-358.2249142,0,-11.32240665,2.39E-28,-1.730321351,0.041786439,0,0,0,2.81E-27,0.12528449,0
Mast,HMDB0003178,Heme,Epi,NR1D2,0.018902462,0.089526542,0.133333333,Nuclear Receptor,-458.1237618,0,-14.47990723,1.41E-43,-1.730321351,0.041786439,0,0,0,2.15E-42,0.12528449,0
Mast,HMDB0003178,Heme,Oligo,NR1D2,0.018850293,0.089526542,0.087022901,Nuclear Receptor,-225.2042757,0,-7.118026376,1.04E-12,-1.730321351,0.041786439,0,0,0,7.32E-12,0.12528449,0
Mast,HMDB0000870,Histamine,Fibro,HRH1,0.203945172,0.426111908,0.03724605,Receptor,-1131.190996,0,-35.75352787,2.99E-181,-1.730321351,0.041786439,0,0,0,1.44E-179,0.12528449,0
Mast,HMDB0000870,Histamine,Epi,HRH1,0.190663604,0.426111908,0.048833333,Receptor,-1307.334151,0,-41.32088051,1.01E-218,-1.730321351,0.041786439,0,0,0,5.98E-217,0.12528449,0
Endo,HMDB0001514,Glucosamine,Epi,SLC2A1,0.023636237,0.045087803,0.2275,Transporter,-255.0679273,0,-8.061926128,1.07E-15,-1.730321351,0.041786439,0,0,0,8.68E-15,0.12528449,0
Oligo,HMDB0001514,Glucosamine,Endo,SLC2A1,0.022484324,0.025954198,0.056953014,Transporter,-133.6270428,0,-4.223546877,1.31E-05,-1.730321351,0.041786439,0,0,0,5.59E-05,0.12528449,0
Mast,HMDB0003178,Heme,NK,NR1D1,0.003997557,0.089526542,0.012166667,Nuclear Receptor,-342.6698393,0,-10.83075775,3.18E-26,-1.730321351,0.041786439,0,0,0,3.57E-25,0.12528449,0
Mast,HMDB0003178,Heme,Myeloid,NR1D1,0.002411709,0.089526542,0.016333333,Nuclear Receptor,-333.9274894,0,-10.5544385,4.61E-25,-1.730321351,0.041786439,0,0,0,5.02E-24,0.12528449,0
pDC,HMDB0003178,Heme,Oligo,NR1D1,0.015675092,0.160278746,0.029007634,Nuclear Receptor,-163.8532716,0,-5.178906596,1.35E-07,-1.730321351,0.041786439,0,0,0,6.88E-07,0.12528449,0
pDC,HMDB0003178,Heme,Fibro,NR1D1,0.03309597,0.160278746,0.062528217,Nuclear Receptor,-386.4160649,0,-12.2134437,2.25E-32,-1.730321351,0.041786439,0,0,0,2.85E-31,0.12528449,0
Mast,HMDB0002369,9-cis-Retinoic acid,Oligo,RXRB,0.657578213,0.307890961,0.13129771,Nuclear Receptor,-557.265426,0,-17.61347554,5.56E-61,-1.730321351,0.041786439,0,0,0,1.07E-59,0.12528449,0
Oligo,HMDB0003125,Hydrogen peroxide,Myeloid,TRPM2,0.030929244,0.601526718,0.056333333,Receptor,-674.8570742,0,-21.33019206,8.67E-84,-1.730321351,0.041786439,0,0,0,2.12E-82,0.12528449,0
Mast,HMDB0003178,Heme,Myeloid,NR1D2,0.012006132,0.089526542,0.076833333,Nuclear Receptor,-429.3278911,0,-13.56975681,6.37E-39,-1.730321351,0.041786439,0,0,0,9.11E-38,0.12528449,0
pDC,HMDB0003178,Heme,NK,NR1D1,0.010981659,0.160278746,0.012166667,Nuclear Receptor,-269.8410868,0,-8.52886104,2.71E-17,-1.730321351,0.041786439,0,0,0,2.31E-16,0.12528449,0
Mast,HMDB0003178,Heme,Epi,NR1D1,0.009656268,0.089526542,0.0725,Nuclear Receptor,-398.3061593,0,-12.58925364,3.86E-34,-1.730321351,0.041786439,0,0,0,5.05E-33,0.12528449,0
Mast,HMDB0003178,Heme,T,NR1D1,0.007754281,0.089526542,0.028166667,Nuclear Receptor,-377.2530063,0,-11.92382712,4.84E-31,-1.730321351,0.041786439,0,0,0,6.02E-30,0.12528449,0
pDC,HMDB0003178,Heme,Myeloid,NR1D1,0.006625189,0.160278746,0.016333333,Nuclear Receptor,-240.7947589,0,-7.610794421,3.14E-14,-1.730321351,0.041786439,0,0,0,2.39E-13,0.12528449,0
Mast,HMDB0003178,Heme,Endo,NR1D1,0.006483264,0.089526542,0.034171808,Nuclear Receptor,-251.6525525,0,-7.953976455,2.43E-15,-1.730321351,0.041786439,0,0,0,1.95E-14,0.12528449,0
Mast,HMDB0003178,Heme,Oligo,NR1D1,0.005706066,0.089526542,0.029007634,Nuclear Receptor,-142.1513659,0,-4.492974961,3.92E-06,-1.730321351,0.041786439,0,0,0,1.77E-05,0.12528449,0
Mast,HMDB0002369,9-cis-Retinoic acid,Fibro,RXRB,0.718321756,0.307890961,0.160496614,Nuclear Receptor,-1414.463407,0,-44.70691247,6.54E-241,-1.730321351,0.041786439,0,0,0,4.35E-239,0.12528449,0
Fibro,HMDB0002369,9-cis-Retinoic acid,Epi,RXRB,0.680774833,0.441309255,0.152166667,Nuclear Receptor,-1519.590236,0,-48.02965374,3.80E-262,-1.730321351,0.041786439,0,0,0,2.85E-260,0.12528449,0
Mast,HMDB0002369,9-cis-Retinoic acid,Endo,RXRB,0.669757066,0.307890961,0.118652112,Nuclear Receptor,-955.6626427,0,-30.20560723,3.25E-143,-1.730321351,0.041786439,0,0,0,1.23E-141,0.12528449,0
Fibro,HMDB0015531,Iron,Epi,TFR2,0.239280843,0.997742664,0.022,Receptor,-180.1215962,0,-5.69309916,8.20E-09,-1.730321351,0.041786439,0,0,0,4.59E-08,0.12528449,0
Fibro,HMDB0002369,9-cis-Retinoic acid,NK,RXRB,0.570187749,0.441309255,0.053333333,Nuclear Receptor,-1218.090116,0,-38.50014637,7.19E-200,-1.730321351,0.041786439,0,0,0,3.81E-198,0.12528449,0
Myeloid,HMDB0002369,9-cis-Retinoic acid,Endo,RXRB,0.549519213,0.360333333,0.118652112,Nuclear Receptor,-754.857246,0,-23.85875566,3.12E-100,-1.730321351,0.041786439,0,0,0,8.94E-99,0.12528449,0
Myeloid,HMDB0002369,9-cis-Retinoic acid,Oligo,RXRB,0.539526763,0.360333333,0.13129771,Nuclear Receptor,-428.1432486,0,-13.53231384,9.81E-39,-1.730321351,0.041786439,0,0,0,1.40E-37,0.12528449,0
Oligo,HMDB0003125,Hydrogen peroxide,pDC,TRPM2,0.046124,0.601526718,0.067363531,Receptor,-349.81212,0,-11.05650365,3.44E-27,-1.730321351,0.041786439,0,0,0,3.93E-26,0.12528449,0
Mast,HMDB0002369,9-cis-Retinoic acid,Mast,RXRB,0.306032936,0.307890961,0.047632712,Nuclear Receptor,-285.8339571,0,-9.034347327,4.17E-19,-1.730321351,0.041786439,0,0,0,3.84E-18,0.12528449,0
Fibro,HMDB0002369,9-cis-Retinoic acid,Mast,RXRB,0.417473083,0.441309255,0.047632712,Nuclear Receptor,-576.8271631,0,-18.23176291,1.24E-64,-1.730321351,0.041786439,0,0,0,2.50E-63,0.12528449,0
Myeloid,HMDB0002369,9-cis-Retinoic acid,T,RXRB,0.294702811,0.360333333,0.056,Nuclear Receptor,-350.5808406,0,-11.08080059,2.70E-27,-1.730321351,0.041786439,0,0,0,3.09E-26,0.12528449,0
Myeloid,HMDB0002369,9-cis-Retinoic acid,Fibro,RXRB,0.589365348,0.360333333,0.160496614,Nuclear Receptor,-1174.59525,0,-37.12540513,1.41E-190,-1.730321351,0.041786439,0,0,0,7.17E-189,0.12528449,0
Fibro,HMDB0002369,9-cis-Retinoic acid,Endo,RXRB,0.913645277,0.441309255,0.118652112,Nuclear Receptor,-1467.711605,0,-46.38992703,9.77E-252,-1.730321351,0.041786439,0,0,0,6.85E-250,0.12528449,0
Mast,HMDB0002369,9-cis-Retinoic acid,Epi,RXRB,0.499048992,0.307890961,0.152166667,Nuclear Receptor,-916.655868,0,-28.97272099,9.20E-135,-1.730321351,0.041786439,0,0,0,3.29E-133,0.12528449,0
pDC,HMDB0003178,Heme,Myeloid,NR1D2,0.032981958,0.160278746,0.076833333,Nuclear Receptor,-303.4368377,0,-9.590721169,3.36E-21,-1.730321351,0.041786439,0,0,0,3.29E-20,0.12528449,0
NK,HMDB0001251,Lanosterol,Fibro,HRH2,0.00883812,0.019833333,0.018961625,Receptor,-356.2804509,0,-11.26094804,4.45E-28,-1.730321351,0.041786439,0,0,0,5.20E-27,0.12528449,0
Endo,HMDB0001251,Lanosterol,Fibro,HRH2,0.007499775,0.033222591,0.018961625,Receptor,-213.8714681,0,-6.759830587,1.17E-11,-1.730321351,0.041786439,0,0,0,7.74E-11,0.12528449,0
pDC,HMDB0003178,Heme,Epi,NR1D2,0.051926816,0.160278746,0.133333333,Nuclear Receptor,-353.2740485,0,-11.16592475,1.15E-27,-1.730321351,0.041786439,0,0,0,1.34E-26,0.12528449,0
pDC,HMDB0003178,Heme,Oligo,NR1D2,0.051783505,0.160278746,0.087022901,Nuclear Receptor,-246.3391541,0,-7.786035992,8.62E-15,-1.730321351,0.041786439,0,0,0,6.76E-14,0.12528449,0
pDC,HMDB0003178,Heme,NK,NR1D2,0.045720479,0.160278746,0.049666667,Nuclear Receptor,-334.4704858,0,-10.57160097,3.91E-25,-1.730321351,0.041786439,0,0,0,4.27E-24,0.12528449,0
Fibro,HMDB0001514,Glucosamine,Endo,SLC2A1,0.020955013,0.057336343,0.056953014,Transporter,-304.6482502,0,-9.629010256,2.39E-21,-1.730321351,0.041786439,0,0,0,2.35E-20,0.12528449,0
Fibro,HMDB0001514,Glucosamine,Oligo,SLC2A1,0.031929309,0.057336343,0.13129771,Transporter,-289.9788593,0,-9.165355153,1.37E-19,-1.730321351,0.041786439,0,0,0,1.28E-18,0.12528449,0
pDC,HMDB0001251,Lanosterol,Fibro,HRH2,0.012108703,0.033681765,0.018961625,Receptor,-179.2104786,0,-5.664301486,9.65E-09,-1.730321351,0.041786439,0,0,0,5.38E-08,0.12528449,0
Fibro,HMDB0001251,Lanosterol,Fibro,HRH2,0.011917547,0.062528217,0.018961625,Receptor,-379.6742456,0,-12.00035517,2.16E-31,-1.730321351,0.041786439,0,0,0,2.71E-30,0.12528449,0
Endo,HMDB0001251,Lanosterol,T,HRH2,0.011813878,0.033222591,0.026666667,Receptor,-277.6713743,0,-8.776352758,3.60E-18,-1.730321351,0.041786439,0,0,0,3.20E-17,0.12528449,0
pDC,HMDB0003178,Heme,T,NR1D2,0.041422895,0.160278746,0.0535,Nuclear Receptor,-319.184266,0,-10.08844977,3.70E-23,-1.730321351,0.041786439,0,0,0,3.80E-22,0.12528449,0
NK,HMDB0001251,Lanosterol,T,HRH2,0.013922082,0.019833333,0.026666667,Receptor,-481.0729637,0,-15.20526213,2.01E-47,-1.730321351,0.041786439,0,0,0,3.21E-46,0.12528449,0
pDC,HMDB0003178,Heme,pDC,NR1D2,0.03215257,0.160278746,0.053426249,Nuclear Receptor,-228.9800588,0,-7.237367466,4.56E-13,-1.730321351,0.041786439,0,0,0,3.25E-12,0.12528449,0
Mast,HMDB0003178,Heme,NK,NR1D2,0.016643223,0.089526542,0.049666667,Nuclear Receptor,-443.8895043,0,-14.03000538,2.99E-41,-1.730321351,0.041786439,0,0,0,4.40E-40,0.12528449,0
Mast,HMDB0003178,Heme,T,NR1D2,0.015078812,0.089526542,0.0535,Nuclear Receptor,-451.0363504,0,-14.25589558,2.06E-42,-1.730321351,0.041786439,0,0,0,3.08E-41,0.12528449,0
pDC,HMDB0003178,Heme,Mast,NR1D2,0.014781834,0.160278746,0.019512195,Nuclear Receptor,-246.3501212,0,-7.786382628,8.60E-15,-1.730321351,0.041786439,0,0,0,6.74E-14,0.12528449,0
pDC,HMDB0003178,Heme,Fibro,NR1D2,0.053850196,0.160278746,0.105191874,Nuclear Receptor,-346.7398854,0,-10.9593996,8.98E-27,-1.730321351,0.041786439,0,0,0,1.02E-25,0.12528449,0
pDC,HMDB0003178,Heme,Endo,NR1D2,0.052173916,0.160278746,0.084005695,Nuclear Receptor,-312.7324088,0,-9.884526071,2.40E-22,-1.730321351,0.041786439,0,0,0,2.41E-21,0.12528449,0
Oligo,HMDB0000305,Vitamin A,Epi,RARG,0.145068741,0.14351145,0.109166667,Nuclear Receptor,-697.5389768,0,-22.04709844,2.17E-88,-1.730321351,0.041786439,0,0,0,5.61E-87,0.12528449,0
Oligo,HMDB0000305,Vitamin A,Endo,RARG,0.130723476,0.14351145,0.060749881,Nuclear Receptor,-618.5728082,0,-19.55121656,1.25E-72,-1.730321351,0.041786439,0,0,0,2.75E-71,0.12528449,0
Oligo,HMDB0000305,Vitamin A,T,RARG,0.049049536,0.14351145,0.0185,Nuclear Receptor,-274.748923,0,-8.683982907,7.68E-18,-1.730321351,0.041786439,0,0,0,6.73E-17,0.12528449,0
NK,HMDB0000673,Linoleic acid,Myeloid,TRPV4,0.016886174,0.3295,0.043333333,Receptor,-503.5045338,0,-15.91425625,2.69E-51,-1.730321351,0.041786439,0,0,0,4.53E-50,0.12528449,0
Oligo,HMDB0001358,Retinal,Epi,RARB,0.009171404,0.432061069,0.0105,Nuclear Receptor,-289.2526719,0,-9.142402566,1.67E-19,-1.730321351,0.041786439,0,0,0,1.55E-18,0.12528449,0
Oligo,HMDB0000673,Linoleic acid,Epi,TRPV4,0.037419038,0.911450382,0.02,Receptor,-1170.440877,0,-36.99409796,1.09E-189,-1.730321351,0.041786439,0,0,0,5.54E-188,0.12528449,0
pDC,HMDB0015531,Iron,Epi,TFR2,0.221980487,0.99883856,0.022,Receptor,-151.566339,0,-4.790553802,9.58E-07,-1.730321351,0.041786439,0,0,0,4.57E-06,0.12528449,0
Endo,HMDB0015531,Iron,Epi,TFR2,0.208182603,0.994304699,0.022,Receptor,-129.9256107,0,-4.106555798,2.17E-05,-1.730321351,0.041786439,0,0,0,9.05E-05,0.12528449,0
pDC,HMDB0003178,Heme,Epi,NR1D1,0.026526665,0.160278746,0.0725,Nuclear Receptor,-373.0378632,0,-11.79059919,1.95E-30,-1.730321351,0.041786439,0,0,0,2.40E-29,0.12528449,0
pDC,HMDB0003178,Heme,Endo,NR1D1,0.017810128,0.160278746,0.034171808,Nuclear Receptor,-249.0291981,0,-7.871060153,4.56E-15,-1.730321351,0.041786439,0,0,0,3.61E-14,0.12528449,0
Mast,HMDB0003178,Heme,Fibro,NR1D1,0.012047635,0.089526542,0.062528217,Nuclear Receptor,-386.8912031,0,-12.22846138,1.91E-32,-1.730321351,0.041786439,0,0,0,2.43E-31,0.12528449,0
Oligo,HMDB0001514,Glucosamine,Epi,SLC2A1,0.05168614,0.025954198,0.2275,Transporter,-201.8560221,0,-6.380058659,1.35E-10,-1.730321351,0.041786439,0,0,0,8.46E-10,0.12528449,0
Fibro,HMDB0001514,Glucosamine,Epi,SLC2A1,0.048170616,0.057336343,0.2275,Transporter,-493.592624,0,-15.60097075,1.43E-49,-1.730321351,0.041786439,0,0,0,2.35E-48,0.12528449,0
pDC,HMDB0001514,Glucosamine,Fibro,SLC2A1,0.00291621,0.012775842,0.063656885,Transporter,-105.0815402,0,-3.32130983,0.000464206,-1.730321351,0.041786439,0,0,0,0.001676875,0.12528449,0
Endo,HMDB0001514,Glucosamine,pDC,SLC2A1,0.030101987,0.045087803,0.229965157,Transporter,-233.7181532,0,-7.387124308,1.58E-13,-1.730321351,0.041786439,0,0,0,1.16E-12,0.12528449,0
Endo,HMDB0001251,Lanosterol,Myeloid,HRH2,0.017817595,0.033222591,0.062666667,Receptor,-366.1486199,0,-11.57285103,1.86E-29,-1.730321351,0.041786439,0,0,0,2.24E-28,0.12528449,0
Oligo,HMDB0000673,Linoleic acid,Myeloid,TRPV4,0.09055102,0.911450382,0.043333333,Receptor,-3025.648031,0,-95.63158792,0,-1.730321351,0.041786439,0,0,0,0,0.12528449,0
B,HMDB0015531,Iron,Epi,TFR2,0.190300779,0.995666667,0.022,Receptor,-101.7184447,0,-3.215012548,0.000673108,-1.730321351,0.041786439,0,0,0,0.002394655,0.12528449,0
Epi,HMDB0000673,Linoleic acid,Myeloid,TRPV4,0.035733813,0.727333333,0.043333333,Receptor,-1305.694,0,-41.26904031,2.22E-218,-1.730321351,0.041786439,0,0,0,1.31E-216,0.12528449,0
Endo,HMDB0000305,Vitamin A,T,RARG,0.001844085,0.058376839,0.0185,Nuclear Receptor,-122.418601,0,-3.869281914,5.81E-05,-1.730321351,0.041786439,0,0,0,0.000232213,0.12528449,0
NK,HMDB0001251,Lanosterol,Myeloid,HRH2,0.020997171,0.019833333,0.062666667,Receptor,-660.8917959,0,-20.88879183,5.53E-81,-1.730321351,0.041786439,0,0,0,1.33E-79,0.12528449,0
pDC,HMDB0001251,Lanosterol,T,HRH2,0.019074005,0.033681765,0.026666667,Receptor,-247.9979605,0,-7.838465849,5.82E-15,-1.730321351,0.041786439,0,0,0,4.60E-14,0.12528449,0
Oligo,HMDB0001251,Lanosterol,pDC,HRH2,0.492026334,0.244274809,0.149825784,Receptor,-3371.486577,0,-106.5624989,0,-1.730321351,0.041786439,0,0,0,0,0.12528449,0
NK,HMDB0001251,Lanosterol,pDC,HRH2,0.068176127,0.019833333,0.149825784,Receptor,-910.4134136,0,-28.77541588,2.06E-133,-1.730321351,0.041786439,0,0,0,7.33E-132,0.12528449,0
Oligo,HMDB0001251,Lanosterol,Fibro,HRH2,0.063784615,0.244274809,0.018961625,Receptor,-583.8695918,0,-18.4543528,5.78E-66,-1.730321351,0.041786439,0,0,0,1.19E-64,0.12528449,0
Endo,HMDB0001251,Lanosterol,pDC,HRH2,0.0578523,0.033222591,0.149825784,Receptor,-653.6439695,0,-20.65970995,1.55E-79,-1.730321351,0.041786439,0,0,0,3.67E-78,0.12528449,0
pDC,HMDB0001251,Lanosterol,Myeloid,HRH2,0.02876726,0.033681765,0.062666667,Receptor,-329.3354822,0,-10.40929903,1.84E-24,-1.730321351,0.041786439,0,0,0,1.97E-23,0.12528449,0
Fibro,HMDB0001251,Lanosterol,Myeloid,HRH2,0.028313121,0.062528217,0.062666667,Receptor,-714.2467024,0,-22.57517914,8.23E-92,-1.730321351,0.041786439,0,0,0,2.19E-90,0.12528449,0
Fibro,HMDB0001852,all-trans-Retinoic acid,NK,RXRB,0.568475956,0.441309255,0.053333333,Nuclear Receptor,-1223.98555,0,-38.68648321,4.00E-201,-1.730321351,0.041786439,0,0,0,2.15E-199,0.12528449,0
Fibro,HMDB0001852,all-trans-Retinoic acid,Endo,RXRB,0.91090237,0.441309255,0.118652112,Nuclear Receptor,-1474.737376,0,-46.61199041,3.73E-253,-1.730321351,0.041786439,0,0,0,2.67E-251,0.12528449,0
Fibro,HMDB0001852,all-trans-Retinoic acid,Oligo,RXRB,0.894338535,0.441309255,0.13129771,Nuclear Receptor,-848.6004625,0,-26.82169535,4.24E-120,-1.730321351,0.041786439,0,0,0,1.38E-118,0.12528449,0
Mast,HMDB0001852,all-trans-Retinoic acid,Fibro,RXRB,0.718161061,0.307890961,0.160496614,Nuclear Receptor,-1423.781537,0,-45.00143038,8.15E-243,-1.730321351,0.041786439,0,0,0,5.47E-241,0.12528449,0
Fibro,HMDB0001852,all-trans-Retinoic acid,Epi,RXRB,0.678731039,0.441309255,0.152166667,Nuclear Receptor,-1525.411879,0,-48.21365827,2.63E-263,-1.730321351,0.041786439,0,0,0,2.00E-261,0.12528449,0
Myeloid,HMDB0001852,all-trans-Retinoic acid,Endo,RXRB,0.548668031,0.360333333,0.118652112,Nuclear Receptor,-760.2046233,0,-24.02777009,2.38E-101,-1.730321351,0.041786439,0,0,0,6.89E-100,0.12528449,0
Myeloid,HMDB0001852,all-trans-Retinoic acid,Oligo,RXRB,0.53869106,0.360333333,0.13129771,Nuclear Receptor,-432.316607,0,-13.66422108,2.14E-39,-1.730321351,0.041786439,0,0,0,3.08E-38,0.12528449,0
Myeloid,HMDB0001852,all-trans-Retinoic acid,T,RXRB,0.29424633,0.360333333,0.056,Nuclear Receptor,-355.9091449,0,-11.24921218,5.01E-28,-1.730321351,0.041786439,0,0,0,5.84E-27,0.12528449,0
Mast,HMDB0001852,all-trans-Retinoic acid,Myeloid,RXRB,0.281850354,0.307890961,0.081666667,Nuclear Receptor,-284.4417388,0,-8.990343513,6.05E-19,-1.730321351,0.041786439,0,0,0,5.54E-18,0.12528449,0
Endo,HMDB0001852,all-trans-Retinoic acid,Epi,RXRB,0.274592429,0.2078785,0.152166667,Nuclear Receptor,-222.5754519,0,-7.034937204,1.85E-12,-1.730321351,0.041786439,0,0,0,1.28E-11,0.12528449,0
B,HMDB0001358,Retinal,B,RXRB,0.023905891,0.167833333,0.045666667,Nuclear Receptor,-398.1902887,0,-12.58559132,4.02E-34,-1.730321351,0.041786439,0,0,0,5.25E-33,0.12528449,0
B,HMDB0001358,Retinal,Myeloid,RXRB,0.021666905,0.167833333,0.081666667,Nuclear Receptor,-386.5726069,0,-12.21839152,2.13E-32,-1.730321351,0.041786439,0,0,0,2.71E-31,0.12528449,0
Mast,HMDB0001220,Prostaglandin E2,Fibro,PTGER1,0.259518115,0.503586801,0.065688488,Receptor,-821.5875932,0,-25.96790021,2.52E-114,-1.730321351,0.041786439,0,0,0,7.91E-113,0.12528449,0
Mast,HMDB0001852,all-trans-Retinoic acid,Endo,RXRB,0.669607234,0.307890961,0.118652112,Nuclear Receptor,-964.6180506,0,-30.4886606,3.70E-145,-1.730321351,0.041786439,0,0,0,1.41E-143,0.12528449,0
Fibro,HMDB0001852,all-trans-Retinoic acid,B,RXRB,0.423036975,0.441309255,0.045666667,Nuclear Receptor,-746.8464079,0,-23.60555728,1.47E-98,-1.730321351,0.041786439,0,0,0,4.14E-97,0.12528449,0
Endo,HMDB0001852,all-trans-Retinoic acid,Fibro,RXRB,0.395243191,0.2078785,0.160496614,Nuclear Receptor,-483.5736918,0,-15.28430259,7.51E-48,-1.730321351,0.041786439,0,0,0,1.21E-46,0.12528449,0
Fibro,HMDB0001852,all-trans-Retinoic acid,Myeloid,RXRB,0.383416042,0.441309255,0.081666667,Nuclear Receptor,-619.149873,0,-19.56945583,9.63E-73,-1.730321351,0.041786439,0,0,0,2.13E-71,0.12528449,0
Endo,HMDB0001852,all-trans-Retinoic acid,Endo,RXRB,0.368521373,0.2078785,0.118652112,Nuclear Receptor,-338.9061979,0,-10.71180042,1.01E-25,-1.730321351,0.041786439,0,0,0,1.12E-24,0.12528449,0
Endo,HMDB0001852,all-trans-Retinoic acid,Oligo,RXRB,0.361820186,0.2078785,0.13129771,Nuclear Receptor,-212.8543458,0,-6.727682427,1.45E-11,-1.730321351,0.041786439,0,0,0,9.52E-11,0.12528449,0
Mast,HMDB0001852,all-trans-Retinoic acid,T,RXRB,0.359105069,0.307890961,0.056,Nuclear Receptor,-507.6526671,0,-16.04536621,5.04E-52,-1.730321351,0.041786439,0,0,0,8.58E-51,0.12528449,0
Myeloid,HMDB0001852,all-trans-Retinoic acid,NK,RXRB,0.342412748,0.360333333,0.053333333,Nuclear Receptor,-521.3657241,0,-16.47879448,1.88E-54,-1.730321351,0.041786439,0,0,0,3.29E-53,0.12528449,0
Mast,HMDB0001852,all-trans-Retinoic acid,pDC,RXRB,0.322100382,0.307890961,0.068524971,Nuclear Receptor,-176.7049533,0,-5.585109405,1.51E-08,-1.730321351,0.041786439,0,0,0,8.30E-08,0.12528449,0
Mast,HMDB0001852,all-trans-Retinoic acid,B,RXRB,0.310975828,0.307890961,0.045666667,Nuclear Receptor,-377.0133758,0,-11.91625312,5.25E-31,-1.730321351,0.041786439,0,0,0,6.52E-30,0.12528449,0
Myeloid,HMDB0001852,all-trans-Retinoic acid,Mast,RXRB,0.250703572,0.360333333,0.047632712,Nuclear Receptor,-175.6779968,0,-5.552650414,1.80E-08,-1.730321351,0.041786439,0,0,0,9.88E-08,0.12528449,0
Myeloid,HMDB0006219,13-cis-Retinoic acid,Mast,RXRB,0.251092503,0.360333333,0.047632712,Nuclear Receptor,-171.7324326,0,-5.427943058,3.58E-08,-1.730321351,0.041786439,0,0,0,1.91E-07,0.12528449,0
Mast,HMDB0006219,13-cis-Retinoic acid,Fibro,RXRB,0.718321756,0.307890961,0.160496614,Nuclear Receptor,-1414.463407,0,-44.70691247,6.54E-241,-1.730321351,0.041786439,0,0,0,4.35E-239,0.12528449,0
Mast,HMDB0006219,13-cis-Retinoic acid,Endo,RXRB,0.669757066,0.307890961,0.118652112,Nuclear Receptor,-955.6626427,0,-30.20560723,3.25E-143,-1.730321351,0.041786439,0,0,0,1.23E-141,0.12528449,0
B,HMDB0000148,L-Glutamic acid,Oligo,GRID1,0.003662974,0.388,0.088549618,Receptor,-108.6082953,0,-3.432779899,0.000310965,-1.730321351,0.041786439,0,0,0,0.001145571,0.12528449,0
B,HMDB0000148,L-Glutamic acid,Fibro,GRID1,0.000550893,0.388,0.015349887,Receptor,-140.144213,0,-4.429534925,5.24E-06,-1.730321351,0.041786439,0,0,0,2.33E-05,0.12528449,0
Fibro,HMDB0006219,13-cis-Retinoic acid,Epi,RXRB,0.680774833,0.441309255,0.152166667,Nuclear Receptor,-1519.590236,0,-48.02965374,3.80E-262,-1.730321351,0.041786439,0,0,0,2.85E-260,0.12528449,0
Myeloid,HMDB0006219,13-cis-Retinoic acid,NK,RXRB,0.342943953,0.360333333,0.053333333,Nuclear Receptor,-515.65544,0,-16.29830966,1.95E-53,-1.730321351,0.041786439,0,0,0,3.36E-52,0.12528449,0
Fibro,HMDB0006219,13-cis-Retinoic acid,NK,RXRB,0.570187749,0.441309255,0.053333333,Nuclear Receptor,-1218.090116,0,-38.50014637,7.19E-200,-1.730321351,0.041786439,0,0,0,3.81E-198,0.12528449,0
Myeloid,HMDB0006219,13-cis-Retinoic acid,Endo,RXRB,0.549519213,0.360333333,0.118652112,Nuclear Receptor,-754.857246,0,-23.85875566,3.12E-100,-1.730321351,0.041786439,0,0,0,8.94E-99,0.12528449,0
Mast,HMDB0006219,13-cis-Retinoic acid,Mast,RXRB,0.306032936,0.307890961,0.047632712,Nuclear Receptor,-285.8339571,0,-9.034347327,4.17E-19,-1.730321351,0.041786439,0,0,0,3.84E-18,0.12528449,0
Mast,HMDB0006219,13-cis-Retinoic acid,Oligo,RXRB,0.657578213,0.307890961,0.13129771,Nuclear Receptor,-557.265426,0,-17.61347554,5.56E-61,-1.730321351,0.041786439,0,0,0,1.07E-59,0.12528449,0
Myeloid,HMDB0006219,13-cis-Retinoic acid,Fibro,RXRB,0.589365348,0.360333333,0.160496614,Nuclear Receptor,-1174.59525,0,-37.12540513,1.41E-190,-1.730321351,0.041786439,0,0,0,7.17E-189,0.12528449,0
Myeloid,HMDB0001852,all-trans-Retinoic acid,Myeloid,RXRB,0.230944755,0.360333333,0.081666667,Nuclear Receptor,-158.5416957,0,-5.011023739,3.20E-07,-1.730321351,0.041786439,0,0,0,1.58E-06,0.12528449,0
Myeloid,HMDB0006219,13-cis-Retinoic acid,Oligo,RXRB,0.539526763,0.360333333,0.13129771,Nuclear Receptor,-428.1432486,0,-13.53231384,9.81E-39,-1.730321351,0.041786439,0,0,0,1.40E-37,0.12528449,0
Fibro,HMDB0006219,13-cis-Retinoic acid,pDC,RXRB,0.439489716,0.441309255,0.068524971,Nuclear Receptor,-334.9766652,0,-10.58759977,3.35E-25,-1.730321351,0.041786439,0,0,0,3.67E-24,0.12528449,0
Fibro,HMDB0006219,13-cis-Retinoic acid,B,RXRB,0.424310823,0.441309255,0.045666667,Nuclear Receptor,-741.3671881,0,-23.43237571,2.03E-97,-1.730321351,0.041786439,0,0,0,5.65E-96,0.12528449,0
Mast,HMDB0006219,13-cis-Retinoic acid,NK,RXRB,0.417981993,0.307890961,0.053333333,Nuclear Receptor,-686.6965339,0,-21.7044016,3.49E-86,-1.730321351,0.041786439,0,0,0,8.85E-85,0.12528449,0
Endo,HMDB0006219,13-cis-Retinoic acid,Fibro,RXRB,0.395243191,0.2078785,0.160496614,Nuclear Receptor,-478.5421381,0,-15.12527038,5.40E-47,-1.730321351,0.041786439,0,0,0,8.59E-46,0.12528449,0
Fibro,HMDB0006219,13-cis-Retinoic acid,Myeloid,RXRB,0.384570584,0.441309255,0.081666667,Nuclear Receptor,-615.086203,0,-19.44101551,5.94E-72,-1.730321351,0.041786439,0,0,0,1.30E-70,0.12528449,0
Endo,HMDB0006219,13-cis-Retinoic acid,Endo,RXRB,0.368521373,0.2078785,0.118652112,Nuclear Receptor,-334.3687594,0,-10.56838571,4.03E-25,-1.730321351,0.041786439,0,0,0,4.40E-24,0.12528449,0
Endo,HMDB0006219,13-cis-Retinoic acid,Oligo,RXRB,0.361820186,0.2078785,0.13129771,Nuclear Receptor,-209.7751787,0,-6.630359261,2.74E-11,-1.730321351,0.041786439,0,0,0,1.78E-10,0.12528449,0
Mast,HMDB0006219,13-cis-Retinoic acid,T,RXRB,0.359185422,0.307890961,0.056,Nuclear Receptor,-501.6407007,0,-15.85534612,5.70E-51,-1.730321351,0.041786439,0,0,0,9.54E-50,0.12528449,0
Mast,HMDB0001852,all-trans-Retinoic acid,NK,RXRB,0.417888486,0.307890961,0.053333333,Nuclear Receptor,-692.6401836,0,-21.8922624,2.17E-87,-1.730321351,0.041786439,0,0,0,5.54E-86,0.12528449,0
pDC,HMDB0001358,Retinal,Myeloid,RXRB,0.027748909,0.284552846,0.081666667,Nuclear Receptor,-166.6199651,0,-5.266353416,8.52E-08,-1.730321351,0.041786439,0,0,0,4.41E-07,0.12528449,0
Myeloid,HMDB0001852,all-trans-Retinoic acid,Fibro,RXRB,0.588452446,0.360333333,0.160496614,Nuclear Receptor,-1184.435633,0,-37.43642988,1.10E-192,-1.730321351,0.041786439,0,0,0,5.67E-191,0.12528449,0
Fibro,HMDB0002369,9-cis-Retinoic acid,T,RXRB,0.489980743,0.441309255,0.056,Nuclear Receptor,-919.4581838,0,-29.06129372,2.28E-135,-1.730321351,0.041786439,0,0,0,8.16E-134,0.12528449,0
Myeloid,HMDB0002369,9-cis-Retinoic acid,Myeloid,RXRB,0.231303034,0.360333333,0.081666667,Nuclear Receptor,-154.1925704,0,-4.873561034,6.37E-07,-1.730321351,0.041786439,0,0,0,3.08E-06,0.12528449,0
Endo,HMDB0002369,9-cis-Retinoic acid,NK,RXRB,0.22998682,0.2078785,0.053333333,Nuclear Receptor,-113.6258963,0,-3.591371099,0.000172479,-1.730321351,0.041786439,0,0,0,0.00065546,0.12528449,0
Endo,HMDB0002369,9-cis-Retinoic acid,Endo,RXRB,0.368521373,0.2078785,0.118652112,Nuclear Receptor,-334.3687594,0,-10.56838571,4.03E-25,-1.730321351,0.041786439,0,0,0,4.40E-24,0.12528449,0
Endo,HMDB0002369,9-cis-Retinoic acid,Oligo,RXRB,0.361820186,0.2078785,0.13129771,Nuclear Receptor,-209.7751787,0,-6.630359261,2.74E-11,-1.730321351,0.041786439,0,0,0,1.78E-10,0.12528449,0
Mast,HMDB0002369,9-cis-Retinoic acid,T,RXRB,0.359185422,0.307890961,0.056,Nuclear Receptor,-501.6407007,0,-15.85534612,5.70E-51,-1.730321351,0.041786439,0,0,0,9.54E-50,0.12528449,0
Mast,HMDB0001852,all-trans-Retinoic acid,Epi,RXRB,0.49893735,0.307890961,0.152166667,Nuclear Receptor,-923.4805106,0,-29.18842732,3.07E-136,-1.730321351,0.041786439,0,0,0,1.11E-134,0.12528449,0
Fibro,HMDB0001852,all-trans-Retinoic acid,T,RXRB,0.488509743,0.441309255,0.056,Nuclear Receptor,-922.6617466,0,-29.16254866,4.61E-136,-1.730321351,0.041786439,0,0,0,1.66E-134,0.12528449,0
Fibro,HMDB0001852,all-trans-Retinoic acid,pDC,RXRB,0.438170298,0.441309255,0.068524971,Nuclear Receptor,-337.7208138,0,-10.67433402,1.45E-25,-1.730321351,0.041786439,0,0,0,1.61E-24,0.12528449,0
B,HMDB0001358,Retinal,Mast,RXRB,0.023520649,0.167833333,0.047632712,Nuclear Receptor,-373.4227351,0,-11.80276382,1.72E-30,-1.730321351,0.041786439,0,0,0,2.12E-29,0.12528449,0
Mast,HMDB0001852,all-trans-Retinoic acid,Oligo,RXRB,0.657431107,0.307890961,0.13129771,Nuclear Receptor,-562.9837741,0,-17.79421524,4.83E-62,-1.730321351,0.041786439,0,0,0,9.39E-61,0.12528449,0
B,HMDB0001358,Retinal,T,RXRB,0.027605768,0.167833333,0.056,Nuclear Receptor,-430.034192,0,-13.59208084,4.93E-39,-1.730321351,0.041786439,0,0,0,7.05E-38,0.12528449,0
B,HMDB0001358,Retinal,pDC,RXRB,0.024761078,0.167833333,0.068524971,Nuclear Receptor,-279.7576644,0,-8.84229408,2.08E-18,-1.730321351,0.041786439,0,0,0,1.87E-17,0.12528449,0
Fibro,HMDB0001852,all-trans-Retinoic acid,Mast,RXRB,0.416219763,0.441309255,0.047632712,Nuclear Receptor,-581.2769287,0,-18.37240655,1.79E-65,-1.730321351,0.041786439,0,0,0,3.66E-64,0.12528449,0
Endo,HMDB0015531,Iron,pDC,TFRC,1.346509265,0.994304699,0.217189315,Receptor,-118.4514104,0,-3.743891012,9.58E-05,-1.730321351,0.041786439,0,0,0,0.000375229,0.12528449,0
pDC,HMDB0003178,Heme,T,NR1D1,0.02130173,0.160278746,0.028166667,Nuclear Receptor,-326.3843486,0,-10.31602262,4.43E-24,-1.730321351,0.041786439,0,0,0,4.69E-23,0.12528449,0
NK,HMDB0015531,Iron,Epi,TFR2,0.197304442,0.992166667,0.022,Receptor,-112.5083669,0,-3.556049371,0.000197063,-1.730321351,0.041786439,0,0,0,0.000743082,0.12528449,0
T,HMDB0015531,Iron,Epi,TFR2,0.195731259,0.993,0.022,Receptor,-110.1317667,0,-3.480932224,0.000260638,-1.730321351,0.041786439,0,0,0,0.000970102,0.12528449,0
Oligo,HMDB0015531,Iron,Epi,TFR2,0.300308053,1,0.022,Receptor,-275.160182,0,-8.69698156,6.91E-18,-1.730321351,0.041786439,0,0,0,6.06E-17,0.12528449,0
Mast,HMDB0015531,Iron,Epi,TFR2,0.286564231,1,0.022,Receptor,-255.0849393,0,-8.062463826,1.06E-15,-1.730321351,0.041786439,0,0,0,8.65E-15,0.12528449,0
Epi,HMDB0015531,Iron,Epi,TFR2,0.275869642,0.995,0.022,Receptor,-238.0390679,0,-7.523695358,5.93E-14,-1.730321351,0.041786439,0,0,0,4.45E-13,0.12528449,0
Fibro,HMDB0002369,9-cis-Retinoic acid,pDC,RXRB,0.439489716,0.441309255,0.068524971,Nuclear Receptor,-334.9766652,0,-10.58759977,3.35E-25,-1.730321351,0.041786439,0,0,0,3.67E-24,0.12528449,0
Endo,HMDB0001852,all-trans-Retinoic acid,NK,RXRB,0.22998682,0.2078785,0.053333333,Nuclear Receptor,-117.3944972,0,-3.710485179,0.000109136,-1.730321351,0.041786439,0,0,0,0.00042524,0.12528449,0
B,HMDB0000148,L-Glutamic acid,Oligo,GRIK4,0.002480479,0.388,0.05648855,Receptor,-88.88624148,0,-2.809425395,0.002529924,-1.730321351,0.041786439,0,0,0,0.008432231,0.12528449,0
Oligo,HMDB0001514,Glucosamine,Oligo,SLC2A1,0.034259532,0.025954198,0.13129771,Transporter,-149.9216112,0,-4.738568927,1.23E-06,-1.730321351,0.041786439,0,0,0,5.84E-06,0.12528449,0
Epi,HMDB0001852,all-trans-Retinoic acid,Fibro,RXRB,0.222059268,0.162,0.160496614,Nuclear Receptor,-111.3092777,0,-3.518149787,0.000227065,-1.730321351,0.041786439,0,0,0,0.000851075,0.12528449,0
Mast,HMDB0001852,all-trans-Retinoic acid,Mast,RXRB,0.305964474,0.307890961,0.047632712,Nuclear Receptor,-290.394673,0,-9.178497767,1.22E-19,-1.730321351,0.041786439,0,0,0,1.14E-18,0.12528449,0
Myeloid,HMDB0001852,all-trans-Retinoic acid,Epi,RXRB,0.408823201,0.360333333,0.152166667,Nuclear Receptor,-719.2806214,0,-22.7342861,7.57E-93,-1.730321351,0.041786439,0,0,0,2.03E-91,0.12528449,0
Myeloid,HMDB0002369,9-cis-Retinoic acid,B,RXRB,0.255205116,0.360333333,0.045666667,Nuclear Receptor,-228.4897469,0,-7.22187019,5.08E-13,-1.730321351,0.041786439,0,0,0,3.61E-12,0.12528449,0
Myeloid,HMDB0002369,9-cis-Retinoic acid,Mast,RXRB,0.251092503,0.360333333,0.047632712,Nuclear Receptor,-171.7324326,0,-5.427943058,3.58E-08,-1.730321351,0.041786439,0,0,0,1.91E-07,0.12528449,0
Epi,HMDB0002369,9-cis-Retinoic acid,Fibro,RXRB,0.234204501,0.162166667,0.160496614,Nuclear Receptor,-141.4546796,0,-4.470954813,4.34E-06,-1.730321351,0.041786439,0,0,0,1.95E-05,0.12528449,0
B,HMDB0000148,L-Glutamic acid,Oligo,GRID2,0.001398821,0.388,0.027480916,Receptor,-66.20964525,0,-2.092686739,0.018314476,-1.730321351,0.041786439,0,0,0,0.052967161,0.12528449,0
Mast,HMDB0002369,9-cis-Retinoic acid,B,RXRB,0.311045412,0.307890961,0.045666667,Nuclear Receptor,-371.6586429,0,-11.7470062,3.08E-30,-1.730321351,0.041786439,0,0,0,3.76E-29,0.12528449,0
T,HMDB0001358,Retinal,Epi,RARB,0.00650474,0.281666667,0.0105,Nuclear Receptor,-464.0495473,0,-14.6672034,1.47E-44,-1.730321351,0.041786439,0,0,0,2.26E-43,0.12528449,0
Fibro,HMDB0002369,9-cis-Retinoic acid,B,RXRB,0.424310823,0.441309255,0.045666667,Nuclear Receptor,-741.3671881,0,-23.43237571,2.03E-97,-1.730321351,0.041786439,0,0,0,5.65E-96,0.12528449,0
Mast,HMDB0002369,9-cis-Retinoic acid,NK,RXRB,0.417981993,0.307890961,0.053333333,Nuclear Receptor,-686.6965339,0,-21.7044016,3.49E-86,-1.730321351,0.041786439,0,0,0,8.85E-85,0.12528449,0
Myeloid,HMDB0002369,9-cis-Retinoic acid,NK,RXRB,0.342943953,0.360333333,0.053333333,Nuclear Receptor,-515.65544,0,-16.29830966,1.95E-53,-1.730321351,0.041786439,0,0,0,3.36E-52,0.12528449,0
Mast,HMDB0002369,9-cis-Retinoic acid,pDC,RXRB,0.322172456,0.307890961,0.068524971,Nuclear Receptor,-173.5129629,0,-5.484220239,2.63E-08,-1.730321351,0.041786439,0,0,0,1.42E-07,0.12528449,0
Myeloid,HMDB0002369,9-cis-Retinoic acid,Epi,RXRB,0.409457433,0.360333333,0.152166667,Nuclear Receptor,-713.7206165,0,-22.55855115,1.06E-91,-1.730321351,0.041786439,0,0,0,2.80E-90,0.12528449,0
Endo,HMDB0002369,9-cis-Retinoic acid,Fibro,RXRB,0.395243191,0.2078785,0.160496614,Nuclear Receptor,-478.5421381,0,-15.12527038,5.40E-47,-1.730321351,0.041786439,0,0,0,8.59E-46,0.12528449,0
Fibro,HMDB0002369,9-cis-Retinoic acid,Myeloid,RXRB,0.384570584,0.441309255,0.081666667,Nuclear Receptor,-615.086203,0,-19.44101551,5.94E-72,-1.730321351,0.041786439,0,0,0,1.30E-70,0.12528449,0
Fibro,HMDB0006219,13-cis-Retinoic acid,Fibro,RXRB,0.979894522,0.441309255,0.160496614,Nuclear Receptor,-2148.405654,0,-67.90460822,0,-1.730321351,0.041786439,0,0,0,0,0.12528449,0
Mast,HMDB0002369,9-cis-Retinoic acid,Myeloid,RXRB,0.281913421,0.307890961,0.081666667,Nuclear Receptor,-279.7889323,0,-8.843282367,2.07E-18,-1.730321351,0.041786439,0,0,0,1.86E-17,0.12528449,0
Endo,HMDB0002369,9-cis-Retinoic acid,Epi,RXRB,0.274592429,0.2078785,0.152166667,Nuclear Receptor,-218.3464838,0,-6.901272305,4.57E-12,-1.730321351,0.041786439,0,0,0,3.08E-11,0.12528449,0
NK,HMDB0001358,Retinal,T,RARG,0.016595268,0.2615,0.0185,Nuclear Receptor,-443.351127,0,-14.0129889,3.65E-41,-1.730321351,0.041786439,0,0,0,5.37E-40,0.12528449,0
Oligo,HMDB0001358,Retinal,Endo,RARG,0.064926102,0.432061069,0.060749881,Nuclear Receptor,-328.7958405,0,-10.39224259,2.16E-24,-1.730321351,0.041786439,0,0,0,2.30E-23,0.12528449,0
B,HMDB0001358,Retinal,Fibro,RARG,0.055962398,0.167833333,0.159819413,Nuclear Receptor,-782.1141257,0,-24.72026323,5.91E-106,-1.730321351,0.041786439,0,0,0,1.76E-104,0.12528449,0
T,HMDB0001358,Retinal,Epi,RARG,0.05110151,0.281666667,0.109166667,Nuclear Receptor,-795.0779207,0,-25.1300096,1.08E-108,-1.730321351,0.041786439,0,0,0,3.25E-107,0.12528449,0
NK,HMDB0001358,Retinal,Epi,RARG,0.049082107,0.2615,0.109166667,Nuclear Receptor,-804.6274663,0,-25.43184187,1.02E-110,-1.730321351,0.041786439,0,0,0,3.10E-109,0.12528449,0
T,HMDB0001358,Retinal,Endo,RARG,0.046048287,0.281666667,0.060749881,Nuclear Receptor,-601.6722877,0,-19.01704219,2.31E-69,-1.730321351,0.041786439,0,0,0,4.94E-68,0.12528449,0
Myeloid,HMDB0000097,Choline,Epi,SLC44A1,0.717795621,0.719666667,0.298333333,Transporter,-1685.285797,0,-53.26678953,1.91E-294,-1.730321351,0.041786439,0,0,0,1.69E-292,0.12528449,0
Oligo,HMDB0000064,Creatine,Fibro,SLC16A12,0.081964382,0.436641221,0.018735892,Transporter,-2001.667253,0,-63.26665095,0,-1.730321351,0.041786439,0,0,0,0,0.12528449,0
Fibro,HMDB0000064,Creatine,Fibro,SLC16A12,0.047724481,0.248984199,0.018735892,Transporter,-1318.806285,0,-41.68347999,4.00E-221,-1.730321351,0.041786439,0,0,0,2.41E-219,0.12528449,0
pDC,HMDB0000064,Creatine,Fibro,SLC16A12,0.041017784,0.119628339,0.018735892,Transporter,-1011.655072,0,-31.97535866,2.27E-155,-1.730321351,0.041786439,0,0,0,9.22E-154,0.12528449,0
Mast,HMDB0000064,Creatine,Fibro,SLC16A12,0.037052839,0.075466284,0.018735892,Transporter,-998.2218198,0,-31.55077416,1.87E-152,-1.730321351,0.041786439,0,0,0,7.48E-151,0.12528449,0
T,HMDB0000064,Creatine,Fibro,SLC16A12,0.030113148,0.069666667,0.018735892,Transporter,-788.0279985,0,-24.90718287,3.34E-107,-1.730321351,0.041786439,0,0,0,1.00E-105,0.12528449,0
pDC,HMDB0001358,Retinal,Fibro,RARG,0.07167131,0.284552846,0.159819413,Nuclear Receptor,-425.4396908,0,-13.44686255,2.61E-38,-1.730321351,0.041786439,0,0,0,3.70E-37,0.12528449,0
Fibro,HMDB0000122,D-Glucose,NK,SLC2A1,0.027798453,0.439277652,0.045333333,Transporter,-455.3022409,0,-14.39072749,4.12E-43,-1.730321351,0.041786439,0,0,0,6.23E-42,0.12528449,0
Fibro,HMDB0000122,D-Glucose,Oligo,SLC2A1,0.049940817,0.439277652,0.13129771,Transporter,-567.2878795,0,-17.93025499,7.61E-63,-1.730321351,0.041786439,0,0,0,1.49E-61,0.12528449,0
Epi,HMDB0000538,Adenosine triphosphate,Fibro,P2RX2,0.007132526,0.582166667,0.016027088,Receptor,-2305.728291,0,-72.87710121,0,-1.730321351,0.041786439,0,0,0,0,0.12528449,0
pDC,HMDB0000123,Glycine,Mast,SLC36A1,0.01342293,0.4970964,0.010043042,Transporter,-196.9650055,0,-6.225468412,3.53E-10,-1.730321351,0.041786439,0,0,0,2.16E-09,0.12528449,0
Endo,HMDB0000538,Adenosine triphosphate,NK,P2RX4,0.005268956,0.49833887,0.041833333,Receptor,-166.6657875,0,-5.267801723,8.45E-08,-1.730321351,0.041786439,0,0,0,4.38E-07,0.12528449,0
Endo,HMDB0000538,Adenosine triphosphate,Myeloid,P2RX4,0.024617988,0.49833887,0.3565,Receptor,-313.8198585,0,-9.91889707,1.75E-22,-1.730321351,0.041786439,0,0,0,1.77E-21,0.12528449,0
Epi,HMDB0000538,Adenosine triphosphate,Oligo,P2RX4,0.023866198,0.582166667,0.051908397,Receptor,-426.8241838,0,-13.49062219,1.58E-38,-1.730321351,0.041786439,0,0,0,2.25E-37,0.12528449,0
Epi,HMDB0000538,Adenosine triphosphate,pDC,P2RX4,0.021018261,0.582166667,0.046457607,Receptor,-426.389607,0,-13.47688653,1.85E-38,-1.730321351,0.041786439,0,0,0,2.63E-37,0.12528449,0
Fibro,HMDB0000538,Adenosine triphosphate,Oligo,P2RX4,0.020759373,0.572911964,0.051908397,Receptor,-368.78424,0,-11.65615501,7.89E-30,-1.730321351,0.041786439,0,0,0,9.60E-29,0.12528449,0
Epi,HMDB0000538,Adenosine triphosphate,B,P2RX4,0.01891601,0.582166667,0.030666667,Receptor,-491.881408,0,-15.54688438,2.82E-49,-1.730321351,0.041786439,0,0,0,4.62E-48,0.12528449,0
Fibro,HMDB0001311,D-Lactic acid,Epi,HCAR1,0.031848332,0.262528217,0.023,Receptor,-526.8324577,0,-16.6515814,1.97E-55,-1.730321351,0.041786439,0,0,0,3.50E-54,0.12528449,0
B,HMDB0001358,Retinal,Myeloid,RARG,0.005517496,0.167833333,0.019333333,Nuclear Receptor,-310.8043581,0,-9.823586217,4.17E-22,-1.730321351,0.041786439,0,0,0,4.17E-21,0.12528449,0
NK,HMDB0001358,Retinal,NK,RARG,0.014750285,0.2615,0.012833333,Nuclear Receptor,-402.0116132,0,-12.70637184,1.07E-34,-1.730321351,0.041786439,0,0,0,1.42E-33,0.12528449,0
pDC,HMDB0001358,Retinal,T,RARG,0.011584196,0.284552846,0.0185,Nuclear Receptor,-159.3874345,0,-5.037754986,2.79E-07,-1.730321351,0.041786439,0,0,0,1.39E-06,0.12528449,0
T,HMDB0001358,Retinal,Myeloid,RARG,0.0105395,0.281666667,0.019333333,Nuclear Receptor,-372.7301226,0,-11.78087243,2.16E-30,-1.730321351,0.041786439,0,0,0,2.65E-29,0.12528449,0
Endo,HMDB0000305,Vitamin A,Myeloid,RARG,0.00112488,0.058376839,0.019333333,Nuclear Receptor,-114.2461089,0,-3.610974143,0.000160106,-1.730321351,0.041786439,0,0,0,0.000610825,0.12528449,0
Endo,HMDB0000305,Vitamin A,Fibro,RARG,0.011409336,0.058376839,0.159819413,Nuclear Receptor,-194.7875497,0,-6.156645615,5.37E-10,-1.730321351,0.041786439,0,0,0,3.25E-09,0.12528449,0
Myeloid,HMDB0000097,Choline,Oligo,SLC44A1,5.436630069,0.719666667,0.80610687,Transporter,-7169.522517,0,-226.6069337,0,-1.730321351,0.041786439,0,0,0,0,0.12528449,0
Fibro,HMDB0000097,Choline,Oligo,SLC44A1,3.861032039,0.588713318,0.80610687,Transporter,-4965.734719,0,-156.9518634,0,-1.730321351,0.041786439,0,0,0,0,0.12528449,0
pDC,HMDB0000097,Choline,Mast,SLC44A1,1.907309742,0.826945412,0.270014347,Transporter,-2423.865414,0,-76.61105853,0,-1.730321351,0.041786439,0,0,0,0,0.12528449,0
pDC,HMDB0000097,Choline,Fibro,SLC44A1,1.68819769,0.826945412,0.345823928,Transporter,-2144.708582,0,-67.78775496,0,-1.730321351,0.041786439,0,0,0,0,0.12528449,0
Fibro,HMDB0000538,Adenosine triphosphate,Fibro,P2RX2,0.006204036,0.572911964,0.016027088,Receptor,-1957.322753,0,-61.86505536,0,-1.730321351,0.041786439,0,0,0,0,0.12528449,0
Endo,HMDB0000538,Adenosine triphosphate,Fibro,P2RX2,0.001247453,0.49833887,0.016027088,Receptor,-423.6447352,0,-13.39012943,5.00E-38,-1.730321351,0.041786439,0,0,0,7.02E-37,0.12528449,0
B,HMDB0001311,D-Lactic acid,Epi,HCAR1,0.029132254,0.157166667,0.023,Receptor,-467.9010371,0,-14.78893735,3.35E-45,-1.730321351,0.041786439,0,0,0,5.21E-44,0.12528449,0
B,HMDB0001358,Retinal,NK,RARG,0.008039574,0.167833333,0.012833333,Nuclear Receptor,-353.3488086,0,-11.16828769,1.13E-27,-1.730321351,0.041786439,0,0,0,1.31E-26,0.12528449,0
Epi,HMDB0000097,Choline,Oligo,SLC44A1,1.615929802,0.4765,0.80610687,Transporter,-1931.233516,0,-61.04045344,0,-1.730321351,0.041786439,0,0,0,0,0.12528449,0
Endo,HMDB0000097,Choline,Oligo,SLC44A1,1.469972087,0.384432843,0.80610687,Transporter,-1562.50032,0,-49.38591177,1.19E-270,-1.730321351,0.041786439,0,0,0,9.27E-269,0.12528449,0
Myeloid,HMDB0000097,Choline,Mast,SLC44A1,1.271155468,0.719666667,0.270014347,Transporter,-2902.981745,0,-91.75447743,0,-1.730321351,0.041786439,0,0,0,0,0.12528449,0
Myeloid,HMDB0000097,Choline,Myeloid,SLC44A1,0.364775252,0.719666667,0.1435,Transporter,-499.6536578,0,-15.7925417,1.27E-50,-1.730321351,0.041786439,0,0,0,2.11E-49,0.12528449,0
Fibro,HMDB0000097,Choline,Mast,SLC44A1,0.902759968,0.588713318,0.270014347,Transporter,-1798.98981,0,-56.86062968,9.46306377e-316,-1.730321351,0.041786439,0,0,0,9.434560565e-314,0.12528449,0
Fibro,HMDB0000097,Choline,Fibro,SLC44A1,0.799050757,0.588713318,0.345823928,Transporter,-1563.188411,0,-49.40766024,8.71E-271,-1.730321351,0.041786439,0,0,0,6.80E-269,0.12528449,0
Myeloid,HMDB0000097,Choline,Endo,SLC44A1,0.751766136,0.719666667,0.187470337,Transporter,-1258.450155,0,-39.77580517,1.96E-208,-1.730321351,0.041786439,0,0,0,1.08E-206,0.12528449,0
pDC,HMDB0000097,Choline,Oligo,SLC44A1,8.157410918,0.826945412,0.80610687,Transporter,-8543.293589,0,-270.0276845,0,-1.730321351,0.041786439,0,0,0,0,0.12528449,0
Oligo,HMDB0001358,Retinal,Epi,RARG,0.072050929,0.432061069,0.109166667,Nuclear Receptor,-371.6444778,0,-11.74655848,3.09E-30,-1.730321351,0.041786439,0,0,0,3.78E-29,0.12528449,0
Oligo,HMDB0000305,Vitamin A,NK,RARG,0.043596443,0.14351145,0.012833333,Nuclear Receptor,-250.941947,0,-7.931516361,2.89E-15,-1.730321351,0.041786439,0,0,0,2.31E-14,0.12528449,0
Endo,HMDB0000538,Adenosine triphosphate,Endo,P2RX4,0.006010017,0.49833887,0.070716659,Receptor,-168.4396778,0,-5.323869032,6.27E-08,-1.730321351,0.041786439,0,0,0,3.28E-07,0.12528449,0
Endo,HMDB0000538,Adenosine triphosphate,Mast,P2RX4,0.005739416,0.49833887,0.052223816,Receptor,-168.7740639,0,-5.334437967,5.93E-08,-1.730321351,0.041786439,0,0,0,3.10E-07,0.12528449,0
Fibro,HMDB0000538,Adenosine triphosphate,T,P2RX4,0.025253845,0.572911964,0.048333333,Receptor,-499.0456446,0,-15.77332424,1.62E-50,-1.730321351,0.041786439,0,0,0,2.69E-49,0.12528449,0
Endo,HMDB0000538,Adenosine triphosphate,T,P2RX4,0.005077819,0.49833887,0.048333333,Receptor,-166.2150176,0,-5.253554247,9.12E-08,-1.730321351,0.041786439,0,0,0,4.71E-07,0.12528449,0
Endo,HMDB0000538,Adenosine triphosphate,Oligo,P2RX4,0.004174111,0.49833887,0.051908397,Receptor,-143.3570219,0,-4.531082102,3.29E-06,-1.730321351,0.041786439,0,0,0,1.50E-05,0.12528449,0
Endo,HMDB0000538,Adenosine triphosphate,B,P2RX4,0.003308341,0.49833887,0.030666667,Receptor,-151.3368201,0,-4.783299402,9.92E-07,-1.730321351,0.041786439,0,0,0,4.73E-06,0.12528449,0
Fibro,HMDB0000538,Adenosine triphosphate,B,P2RX4,0.016453584,0.572911964,0.030666667,Receptor,-391.836885,0,-12.38477944,3.56E-33,-1.730321351,0.041786439,0,0,0,4.58E-32,0.12528449,0
Fibro,HMDB0001251,Lanosterol,pDC,HRH2,0.091930431,0.062528217,0.149825784,Receptor,-1125.660261,0,-35.57871805,4.66E-180,-1.730321351,0.041786439,0,0,0,2.22E-178,0.12528449,0
Oligo,HMDB0000305,Vitamin A,Fibro,RARG,0.303469024,0.14351145,0.159819413,Nuclear Receptor,-1380.83835,0,-43.64412607,5.28E-234,-1.730321351,0.041786439,0,0,0,3.38E-232,0.12528449,0
Endo,HMDB0000305,Vitamin A,Epi,RARG,0.005454059,0.058376839,0.109166667,Nuclear Receptor,-149.3193436,0,-4.719533067,1.35E-06,-1.730321351,0.041786439,0,0,0,6.38E-06,0.12528449,0
Endo,HMDB0000305,Vitamin A,Endo,RARG,0.004914729,0.058376839,0.060749881,Nuclear Receptor,-135.2934805,0,-4.276217934,1.04E-05,-1.730321351,0.041786439,0,0,0,4.48E-05,0.12528449,0
Epi,HMDB0000064,Creatine,Fibro,SLC16A12,0.023789923,0.2255,0.018735892,Transporter,-606.8030012,0,-19.17920854,2.38E-70,-1.730321351,0.041786439,0,0,0,5.13E-69,0.12528449,0
pDC,HMDB0000305,Vitamin A,Fibro,RARG,0.042259149,0.039488966,0.159819413,Nuclear Receptor,-285.2325809,0,-9.015339641,4.90E-19,-1.730321351,0.041786439,0,0,0,4.51E-18,0.12528449,0
Oligo,HMDB0000305,Vitamin A,Myeloid,RARG,0.029919898,0.14351145,0.019333333,Nuclear Receptor,-192.2562309,0,-6.07663828,8.72E-10,-1.730321351,0.041786439,0,0,0,5.21E-09,0.12528449,0
Endo,HMDB0000305,Vitamin A,NK,RARG,0.001639068,0.058376839,0.012833333,Nuclear Receptor,-118.8312672,0,-3.755897136,9.14E-05,-1.730321351,0.041786439,0,0,0,0.000358521,0.12528449,0
Oligo,HMDB0000122,D-Glucose,T,SLC2A1,0.049733726,0.508396947,0.033333333,Transporter,-254.9909589,0,-8.059493388,1.09E-15,-1.730321351,0.041786439,0,0,0,8.84E-15,0.12528449,0
Oligo,HMDB0000122,D-Glucose,Mast,SLC2A1,0.021778881,0.508396947,0.013773314,Transporter,-142.4452388,0,-4.502263394,3.76E-06,-1.730321351,0.041786439,0,0,0,1.70E-05,0.12528449,0
Endo,HMDB0000122,D-Glucose,Myeloid,SLC2A1,0.018564655,0.35168486,0.067666667,Transporter,-239.4600154,0,-7.568607214,4.28E-14,-1.730321351,0.041786439,0,0,0,3.24E-13,0.12528449,0
Fibro,HMDB0000122,D-Glucose,Mast,SLC2A1,0.007159489,0.439277652,0.013773314,Transporter,-223.1765015,0,-7.053934563,1.62E-12,-1.730321351,0.041786439,0,0,0,1.12E-11,0.12528449,0
Endo,HMDB0000122,D-Glucose,Mast,SLC2A1,0.004769591,0.35168486,0.013773314,Transporter,-135.6088037,0,-4.286184348,9.97E-06,-1.730321351,0.041786439,0,0,0,4.30E-05,0.12528449,0
pDC,HMDB0000305,Vitamin A,Epi,RARG,0.020201342,0.039488966,0.109166667,Nuclear Receptor,-171.2987676,0,-5.414236218,3.85E-08,-1.730321351,0.041786439,0,0,0,2.05E-07,0.12528449,0
pDC,HMDB0000305,Vitamin A,Endo,RARG,0.018203712,0.039488966,0.060749881,Nuclear Receptor,-158.7443268,0,-5.017428297,3.10E-07,-1.730321351,0.041786439,0,0,0,1.53E-06,0.12528449,0
Endo,HMDB0000122,D-Glucose,T,SLC2A1,0.010891722,0.35168486,0.033333333,Transporter,-181.9166332,0,-5.749834851,5.93E-09,-1.730321351,0.041786439,0,0,0,3.35E-08,0.12528449,0
Mast,HMDB0001311,D-Lactic acid,Epi,HCAR1,0.03237225,0.172740316,0.023,Receptor,-531.9261363,0,-16.81257719,2.39E-56,-1.730321351,0.041786439,0,0,0,4.30E-55,0.12528449,0
Endo,HMDB0000122,D-Glucose,Oligo,SLC2A1,0.033270148,0.35168486,0.13129771,Transporter,-309.9175392,0,-9.795556553,5.37E-22,-1.730321351,0.041786439,0,0,0,5.36E-21,0.12528449,0
Endo,HMDB0000122,D-Glucose,NK,SLC2A1,0.018519093,0.35168486,0.045333333,Transporter,-241.8378915,0,-7.64376469,2.47E-14,-1.730321351,0.041786439,0,0,0,1.89E-13,0.12528449,0
Fibro,HMDB0000122,D-Glucose,Fibro,SLC2A1,0.017808568,0.439277652,0.063656885,Transporter,-336.507266,0,-10.63597744,2.10E-25,-1.730321351,0.041786439,0,0,0,2.32E-24,0.12528449,0
Endo,HMDB0000122,D-Glucose,B,SLC2A1,0.016493559,0.35168486,0.046,Transporter,-224.8632465,0,-7.107247473,1.13E-12,-1.730321351,0.041786439,0,0,0,7.87E-12,0.12528449,0
Fibro,HMDB0000122,D-Glucose,T,SLC2A1,0.016349235,0.439277652,0.033333333,Transporter,-325.8858507,0,-10.30026661,5.14E-24,-1.730321351,0.041786439,0,0,0,5.42E-23,0.12528449,0
Endo,HMDB0000122,D-Glucose,Fibro,SLC2A1,0.011863917,0.35168486,0.063656885,Transporter,-188.8417094,0,-5.968715576,1.66E-09,-1.730321351,0.041786439,0,0,0,9.73E-09,0.12528449,0
Endo,HMDB0001311,D-Lactic acid,Epi,HCAR1,0.02812663,0.196962506,0.023,Receptor,-439.1915196,0,-13.88151629,1.71E-40,-1.730321351,0.041786439,0,0,0,2.49E-39,0.12528449,0
pDC,HMDB0001311,D-Lactic acid,Epi,HCAR1,0.043919751,0.300813008,0.023,Receptor,-736.0962231,0,-23.26577644,2.52E-96,-1.730321351,0.041786439,0,0,0,6.97E-95,0.12528449,0
Myeloid,HMDB0001311,D-Lactic acid,Epi,HCAR1,0.035548117,0.3645,0.023,Receptor,-602.5134743,0,-19.04362956,1.60E-69,-1.730321351,0.041786439,0,0,0,3.41E-68,0.12528449,0
T,HMDB0001311,D-Lactic acid,Epi,HCAR1,0.034644685,0.188166667,0.023,Receptor,-579.5013908,0,-18.31628716,3.87E-65,-1.730321351,0.041786439,0,0,0,7.88E-64,0.12528449,0
NK,HMDB0001311,D-Lactic acid,Epi,HCAR1,0.03291411,0.156333333,0.023,Receptor,-548.6081191,0,-17.33984424,2.19E-59,-1.730321351,0.041786439,0,0,0,4.11E-58,0.12528449,0
Oligo,HMDB0001358,Retinal,Myeloid,RARG,0.014860241,0.432061069,0.019333333,Nuclear Receptor,-149.8749346,0,-4.737093621,1.24E-06,-1.730321351,0.041786439,0,0,0,5.88E-06,0.12528449,0
Oligo,HMDB0001311,D-Lactic acid,Epi,HCAR1,0.097824296,0.500763359,0.023,Receptor,-1783.512498,0,-56.37143861,6.8383047255e-313,-1.730321351,0.041786439,0,0,0,6.657290776868e-311,0.12528449,0
Epi,HMDB0001311,D-Lactic acid,Epi,HCAR1,0.050464076,0.424,0.023,Receptor,-915.5340496,0,-28.93726371,1.61E-134,-1.730321351,0.041786439,0,0,0,5.74E-133,0.12528449,0
Endo,HMDB0000538,Adenosine triphosphate,Epi,P2RX4,0.012565116,0.49833887,0.2195,Receptor,-223.740171,0,-7.071750452,1.44E-12,-1.730321351,0.041786439,0,0,0,9.98E-12,0.12528449,0
Endo,HMDB0000538,Adenosine triphosphate,Fibro,P2RX4,0.008492952,0.49833887,0.127088036,Receptor,-190.2832577,0,-6.01427856,1.27E-09,-1.730321351,0.041786439,0,0,0,7.48E-09,0.12528449,0
Endo,HMDB0000538,Adenosine triphosphate,pDC,P2RX5,0.002535438,0.49833887,0.034843206,Receptor,-137.0778518,0,-4.332616518,8.11E-06,-1.730321351,0.041786439,0,0,0,3.54E-05,0.12528449,0
Endo,HMDB0000538,Adenosine triphosphate,pDC,P2RX4,0.003676017,0.49833887,0.046457607,Receptor,-144.7152166,0,-4.574010532,2.69E-06,-1.730321351,0.041786439,0,0,0,1.23E-05,0.12528449,0
Epi,HMDB0000538,Adenosine triphosphate,B,P2RX5,0.130767187,0.582166667,0.1875,Receptor,-3794.575448,0,-119.9350591,0,-1.730321351,0.041786439,0,0,0,0,0.12528449,0
Fibro,HMDB0000538,Adenosine triphosphate,B,P2RX5,0.11374433,0.572911964,0.1875,Receptor,-2871.241735,0,-90.75127166,0,-1.730321351,0.041786439,0,0,0,0,0.12528449,0
Endo,HMDB0000538,Adenosine triphosphate,B,P2RX5,0.022870702,0.49833887,0.1875,Receptor,-483.7551773,0,-15.29003879,7.00E-48,-1.730321351,0.041786439,0,0,0,1.13E-46,0.12528449,0
Epi,HMDB0000538,Adenosine triphosphate,T,P2RX5,0.017451279,0.582166667,0.027666667,Receptor,-658.7278922,0,-20.82039738,1.50E-80,-1.730321351,0.041786439,0,0,0,3.59E-79,0.12528449,0
Endo,HMDB0000673,Linoleic acid,Myeloid,TRPV4,0.029061709,0.589463692,0.043333333,Receptor,-993.3970385,0,-31.39827741,2.09E-151,-1.730321351,0.041786439,0,0,0,8.28E-150,0.12528449,0
Oligo,HMDB0001514,Glucosamine,NK,SLC2A1,0.019069812,0.025954198,0.045333333,Transporter,-126.7249306,0,-4.005391973,3.33E-05,-1.730321351,0.041786439,0,0,0,0.000135986,0.12528449,0
Oligo,HMDB0001514,Glucosamine,pDC,SLC2A1,0.065825011,0.025954198,0.229965157,Transporter,-222.5697273,0,-7.034756266,1.85E-12,-1.730321351,0.041786439,0,0,0,1.28E-11,0.12528449,0
Fibro,HMDB0001514,Glucosamine,pDC,SLC2A1,0.061347806,0.057336343,0.229965157,Transporter,-446.0815825,0,-14.09929035,1.32E-41,-1.730321351,0.041786439,0,0,0,1.95E-40,0.12528449,0
B,HMDB0001358,Retinal,Epi,RARG,0.026751972,0.167833333,0.109166667,Nuclear Receptor,-551.6266142,0,-17.43524974,6.11E-60,-1.730321351,0.041786439,0,0,0,1.15E-58,0.12528449,0
Epi,HMDB0001358,Retinal,NK,RARG,0.026081834,0.596333333,0.012833333,Nuclear Receptor,-547.4540621,0,-17.30336798,3.57E-59,-1.730321351,0.041786439,0,0,0,6.66E-58,0.12528449,0
Oligo,HMDB0001358,Retinal,T,RARG,0.024361311,0.432061069,0.0185,Nuclear Receptor,-186.2372187,0,-5.886395501,2.69E-09,-1.730321351,0.041786439,0,0,0,1.55E-08,0.12528449,0
B,HMDB0001358,Retinal,Endo,RARG,0.024106576,0.167833333,0.060749881,Nuclear Receptor,-409.7580208,0,-12.95121237,7.08E-36,-1.730321351,0.041786439,0,0,0,9.58E-35,0.12528449,0
Oligo,HMDB0001358,Retinal,NK,RARG,0.021652937,0.432061069,0.012833333,Nuclear Receptor,-176.7876981,0,-5.587724718,1.48E-08,-1.730321351,0.041786439,0,0,0,8.18E-08,0.12528449,0
Epi,HMDB0001358,Retinal,Myeloid,RARG,0.017899758,0.596333333,0.019333333,Nuclear Receptor,-440.1469849,0,-13.91171565,1.20E-40,-1.730321351,0.041786439,0,0,0,1.76E-39,0.12528449,0
T,HMDB0001358,Retinal,T,RARG,0.017278053,0.281666667,0.0185,Nuclear Receptor,-445.9162923,0,-14.09406602,1.40E-41,-1.730321351,0.041786439,0,0,0,2.08E-40,0.12528449,0
Epi,HMDB0015531,Iron,pDC,TFRC,1.784009818,0.995,0.217189315,Receptor,-268.9335106,0,-8.500175302,3.41E-17,-1.730321351,0.041786439,0,0,0,2.90E-16,0.12528449,0
Oligo,HMDB0001514,Glucosamine,Myeloid,SLC2A1,0.019116729,0.025954198,0.067666667,Transporter,-126.0654065,0,-3.98454641,3.63E-05,-1.730321351,0.041786439,0,0,0,0.000147757,0.12528449,0
Myeloid,HMDB0000673,Linoleic acid,Myeloid,TRPV4,0.028283054,0.593166667,0.043333333,Receptor,-1000.985093,0,-31.63811288,4.71E-153,-1.730321351,0.041786439,0,0,0,1.89E-151,0.12528449,0
Fibro,HMDB0000673,Linoleic acid,Myeloid,TRPV4,0.02754826,0.603611738,0.043333333,Receptor,-968.1505344,0,-30.60031173,6.33E-146,-1.730321351,0.041786439,0,0,0,2.44E-144,0.12528449,0
Mast,HMDB0000673,Linoleic acid,Myeloid,TRPV4,0.021108856,0.471162123,0.043333333,Receptor,-677.0060274,0,-21.39811398,3.19E-84,-1.730321351,0.041786439,0,0,0,7.85E-83,0.12528449,0
NK,HMDB0001358,Retinal,Endo,RARG,0.044228574,0.2615,0.060749881,Nuclear Receptor,-586.1245394,0,-18.52562487,2.16E-66,-1.730321351,0.041786439,0,0,0,4.48E-65,0.12528449,0
pDC,HMDB0001358,Retinal,Epi,RARG,0.034261377,0.284552846,0.109166667,Nuclear Receptor,-260.2295121,0,-8.225068218,3.02E-16,-1.730321351,0.041786439,0,0,0,2.49E-15,0.12528449,0
pDC,HMDB0001358,Retinal,Endo,RARG,0.030873407,0.284552846,0.060749881,Nuclear Receptor,-231.7015122,0,-7.323384383,2.49E-13,-1.730321351,0.041786439,0,0,0,1.80E-12,0.12528449,0
T,HMDB0001358,Retinal,Fibro,RARG,0.106899151,0.281666667,0.159819413,Nuclear Receptor,-1342.300195,0,-42.42605148,5.06E-226,-1.730321351,0.041786439,0,0,0,3.11E-224,0.12528449,0
Oligo,HMDB0000122,D-Glucose,pDC,SLC2A6,0.247647373,0.508396947,0.195121951,Transporter,-1211.95343,0,-38.30618427,1.46E-198,-1.730321351,0.041786439,0,0,0,7.69E-197,0.12528449,0
Oligo,HMDB0000122,D-Glucose,Mast,SLC2A6,0.271874754,0.508396947,0.156671449,Transporter,-1358.802675,0,-42.94764497,1.90E-229,-1.730321351,0.041786439,0,0,0,1.18E-227,0.12528449,0
Oligo,HMDB0000122,D-Glucose,B,SLC2A6,0.106817318,0.508396947,0.0655,Transporter,-569.8233222,0,-18.01039268,2.56E-63,-1.730321351,0.041786439,0,0,0,5.05E-62,0.12528449,0
pDC,HMDB0001358,Retinal,Myeloid,RARG,0.007066284,0.284552846,0.019333333,Nuclear Receptor,-138.9620808,0,-4.392171301,6.21E-06,-1.730321351,0.041786439,0,0,0,2.74E-05,0.12528449,0
Oligo,HMDB0000122,D-Glucose,Fibro,SLC2A1,0.054172958,0.508396947,0.063656885,Transporter,-272.4750539,0,-8.612112779,1.38E-17,-1.730321351,0.041786439,0,0,0,1.20E-16,0.12528449,0
NK,HMDB0001358,Retinal,Epi,RARB,0.006247689,0.2615,0.0105,Nuclear Receptor,-438.325314,0,-13.85413815,2.35E-40,-1.730321351,0.041786439,0,0,0,3.43E-39,0.12528449,0
B,HMDB0001358,Retinal,Epi,RARB,0.003405274,0.167833333,0.0105,Nuclear Receptor,-325.7930429,0,-10.29733323,5.28E-24,-1.730321351,0.041786439,0,0,0,5.56E-23,0.12528449,0
Oligo,HMDB0000122,D-Glucose,NK,SLC2A1,0.084561791,0.508396947,0.045333333,Transporter,-393.8205858,0,-12.44747822,1.81E-33,-1.730321351,0.041786439,0,0,0,2.34E-32,0.12528449,0
Fibro,HMDB0000122,D-Glucose,Epi,SLC2A1,0.075343939,0.439277652,0.2275,Transporter,-961.8055951,0,-30.39976738,1.51E-144,-1.730321351,0.041786439,0,0,0,5.75E-143,0.12528449,0
Oligo,HMDB0000122,D-Glucose,B,SLC2A1,0.075312806,0.508396947,0.046,Transporter,-360.2365544,0,-11.38598851,1.26E-28,-1.730321351,0.041786439,0,0,0,1.49E-27,0.12528449,0
Endo,HMDB0000122,D-Glucose,pDC,SLC2A1,0.063924045,0.35168486,0.229965157,Transporter,-528.9935651,0,-16.71988748,8.06E-56,-1.730321351,0.041786439,0,0,0,1.44E-54,0.12528449,0
pDC,HMDB0001358,Retinal,Epi,RARB,0.00436115,0.284552846,0.0105,Nuclear Receptor,-205.2924692,0,-6.488674365,6.80E-11,-1.730321351,0.041786439,0,0,0,4.32E-10,0.12528449,0
Oligo,HMDB0001358,Retinal,Fibro,RARB,0.042784498,0.432061069,0.053498871,Nuclear Receptor,-1008.320075,0,-31.86994948,1.20E-154,-1.730321351,0.041786439,0,0,0,4.87E-153,0.12528449,0
T,HMDB0001358,Retinal,Fibro,RARB,0.030344542,0.281666667,0.053498871,Nuclear Receptor,-1399.983169,0,-44.24923591,6.07E-238,-1.730321351,0.041786439,0,0,0,3.96E-236,0.12528449,0
NK,HMDB0001358,Retinal,Fibro,RARB,0.029145402,0.2615,0.053498871,Nuclear Receptor,-1367.981445,0,-43.23775817,2.39E-231,-1.730321351,0.041786439,0,0,0,1.50E-229,0.12528449,0
Endo,HMDB0000122,D-Glucose,Epi,SLC2A9,0.001510299,0.35168486,0.010666667,Transporter,-173.90198,0,-5.496515893,2.46E-08,-1.730321351,0.041786439,0,0,0,1.33E-07,0.12528449,0
Myeloid,HMDB0015531,Iron,Epi,TFRC,1.237035445,1,0.183333333,Receptor,-216.1302231,0,-6.831223005,7.31E-12,-1.730321351,0.041786439,0,0,0,4.87E-11,0.12528449,0
Endo,HMDB0000122,D-Glucose,Epi,SLC2A1,0.050193493,0.35168486,0.2275,Transporter,-475.6359426,0,-15.03341433,1.68E-46,-1.730321351,0.041786439,0,0,0,2.65E-45,0.12528449,0
Oligo,HMDB0000122,D-Glucose,pDC,SLC2A1,0.291889658,0.508396947,0.229965157,Transporter,-1175.951077,0,-37.16825873,7.21E-191,-1.730321351,0.041786439,0,0,0,3.69E-189,0.12528449,0
Oligo,HMDB0000122,D-Glucose,Epi,SLC2A1,0.229193276,0.508396947,0.2275,Transporter,-971.1306458,0,-30.69450405,1.43E-146,-1.730321351,0.041786439,0,0,0,5.52E-145,0.12528449,0
Oligo,HMDB0000122,D-Glucose,Oligo,SLC2A1,0.151917986,0.508396947,0.13129771,Transporter,-645.61179,0,-20.40583704,6.09E-78,-1.730321351,0.041786439,0,0,0,1.42E-76,0.12528449,0
Oligo,HMDB0000122,D-Glucose,Endo,SLC2A1,0.099702858,0.508396947,0.056953014,Transporter,-453.4501287,0,-14.33218782,8.30E-43,-1.730321351,0.041786439,0,0,0,1.25E-41,0.12528449,0
Fibro,HMDB0000122,D-Glucose,pDC,SLC2A1,0.095954458,0.439277652,0.229965157,Transporter,-1009.894101,0,-31.91969969,5.47E-155,-1.730321351,0.041786439,0,0,0,2.22E-153,0.12528449,0
Oligo,HMDB0001251,Lanosterol,Myeloid,HRH2,0.151536344,0.244274809,0.062666667,Receptor,-1286.743724,0,-40.67007937,2.11E-214,-1.730321351,0.041786439,0,0,0,1.21E-212,0.12528449,0
Oligo,HMDB0001251,Lanosterol,T,HRH2,0.100475504,0.244274809,0.026666667,Receptor,-879.8794157,0,-27.81032851,8.04E-127,-1.730321351,0.041786439,0,0,0,2.71E-125,0.12528449,0
pDC,HMDB0001251,Lanosterol,pDC,HRH2,0.093404982,0.033681765,0.149825784,Receptor,-741.2055862,0,-23.42726796,2.19E-97,-1.730321351,0.041786439,0,0,0,6.10E-96,0.12528449,0
Fibro,HMDB0000122,D-Glucose,Epi,SLC2A9,0.002267064,0.439277652,0.010666667,Transporter,-302.0764368,0,-9.547723008,4.92E-21,-1.730321351,0.041786439,0,0,0,4.79E-20,0.12528449,0
Fibro,HMDB0000123,Glycine,Myeloid,SLC36A1,0.009661942,0.332731377,0.068,Transporter,-178.6661436,0,-5.647096701,1.06E-08,-1.730321351,0.041786439,0,0,0,5.91E-08,0.12528449,0
B,HMDB0000123,Glycine,Myeloid,SLC36A1,0.014109076,0.202166667,0.068,Transporter,-392.0047917,0,-12.39008646,3.36E-33,-1.730321351,0.041786439,0,0,0,4.33E-32,0.12528449,0
Endo,HMDB0000123,Glycine,Myeloid,SLC36A1,0.060385958,0.459895586,0.068,Transporter,-2082.852451,0,-65.83266963,0,-1.730321351,0.041786439,0,0,0,0,0.12528449,0
pDC,HMDB0000123,Glycine,Myeloid,SLC36A1,0.051837951,0.4970964,0.068,Transporter,-1374.994839,0,-43.45943034,8.48E-233,-1.730321351,0.041786439,0,0,0,5.38E-231,0.12528449,0
Myeloid,HMDB0000123,Glycine,Oligo,SLC36A1,0.045599355,0.669333333,0.025954198,Transporter,-639.9443971,0,-20.22670788,8.05E-77,-1.730321351,0.041786439,0,0,0,1.85E-75,0.12528449,0
T,HMDB0015531,Iron,Myeloid,TFRC,2.917116486,0.993,0.445333333,Receptor,-1761.906634,0,-55.68854257,0.00E+00,-1.730321351,0.041786439,0,0,0,6.68E-307,0.12528449,0
B,HMDB0015531,Iron,Myeloid,TFRC,2.837023229,0.995666667,0.445333333,Receptor,-1676.430019,0,-52.98688514,9.35E-293,-1.730321351,0.041786439,0,0,0,8.17E-291,0.12528449,0
Myeloid,HMDB0015531,Iron,pDC,TFRC,2.220160427,1,0.217189315,Receptor,-418.6697421,0,-13.23288494,2.99E-37,-1.730321351,0.041786439,0,0,0,4.14E-36,0.12528449,0
Oligo,HMDB0015531,Iron,pDC,TFRC,1.943092811,1,0.217189315,Receptor,-319.3777485,0,-10.09456517,3.50E-23,-1.730321351,0.041786439,0,0,0,3.59E-22,0.12528449,0
Mast,HMDB0015531,Iron,pDC,TFRC,1.852743424,1,0.217189315,Receptor,-291.9056019,0,-9.226253665,8.12E-20,-1.730321351,0.041786439,0,0,0,7.64E-19,0.12528449,0
Fibro,HMDB0015531,Iron,pDC,TFRC,1.547339192,0.997742664,0.217189315,Receptor,-187.8631909,0,-5.937787567,1.99E-09,-1.730321351,0.041786439,0,0,0,1.16E-08,0.12528449,0
NK,HMDB0000123,Glycine,Myeloid,SLC36A1,0.013419006,0.178666667,0.068,Transporter,-364.8623493,0,-11.53219591,2.83E-29,-1.730321351,0.041786439,0,0,0,3.39E-28,0.12528449,0
Myeloid,HMDB0000123,Glycine,Epi,SLC36A1,0.014474466,0.669333333,0.017333333,Transporter,-411.4653317,0,-13.0051753,3.88E-36,-1.730321351,0.041786439,0,0,0,5.27E-35,0.12528449,0
pDC,HMDB0015531,Iron,pDC,TFRC,1.435362542,0.99883856,0.217189315,Receptor,-143.9921835,0,-4.551157641,3.00E-06,-1.730321351,0.041786439,0,0,0,1.37E-05,0.12528449,0
Myeloid,HMDB0015531,Iron,Myeloid,TFRC,5.11687687,1,0.445333333,Receptor,-3628.63413,0,-114.6901557,0,-1.730321351,0.041786439,0,0,0,0,0.12528449,0
Oligo,HMDB0015531,Iron,Myeloid,TFRC,4.478555425,1,0.445333333,Receptor,-2955.029214,0,-93.39954058,0,-1.730321351,0.041786439,0,0,0,0,0.12528449,0
Mast,HMDB0015531,Iron,Myeloid,TFRC,4.2703439,1,0.445333333,Receptor,-2981.504432,0,-94.2363422,0,-1.730321351,0.041786439,0,0,0,0,0.12528449,0
Epi,HMDB0015531,Iron,Myeloid,TFRC,4.111831265,0.995,0.445333333,Receptor,-2833.173384,0,-89.54804615,0,-1.730321351,0.041786439,0,0,0,0,0.12528449,0
Fibro,HMDB0015531,Iron,Myeloid,TFRC,3.56635378,0.997742664,0.445333333,Receptor,-2347.124255,0,-74.1855025,0,-1.730321351,0.041786439,0,0,0,0,0.12528449,0
pDC,HMDB0015531,Iron,Myeloid,TFRC,3.309201737,0.99883856,0.445333333,Receptor,-2033.808805,0,-64.28254824,0,-1.730321351,0.041786439,0,0,0,0,0.12528449,0
Endo,HMDB0015531,Iron,Myeloid,TFRC,3.103519494,0.994304699,0.445333333,Receptor,-1892.187664,0,-59.8063321,0,-1.730321351,0.041786439,0,0,0,0,0.12528449,0
NK,HMDB0015531,Iron,Myeloid,TFRC,2.94024434,0.992166667,0.445333333,Receptor,-1775.995254,0,-56.13384124,1.691191816298e-311,-1.730321351,0.041786439,0,0,0,0.00E+00,0.12528449,0
T,HMDB0001358,Retinal,NK,RARG,0.015357161,0.281666667,0.012833333,Nuclear Receptor,-436.1444014,0,-13.78520609,5.26E-40,-1.730321351,0.041786439,0,0,0,7.64E-39,0.12528449,0
Oligo,HMDB0000122,D-Glucose,Myeloid,SLC2A6,0.149690121,0.508396947,0.158166667,Transporter,-772.893938,0,-24.42884097,5.17E-104,-1.730321351,0.041786439,0,0,0,1.53E-102,0.12528449,0
Epi,HMDB0001358,Retinal,Fibro,RARG,0.181552165,0.596333333,0.159819413,Nuclear Receptor,-2140.705871,0,-67.66124137,0,-1.730321351,0.041786439,0,0,0,0,0.12528449,0
Oligo,HMDB0001358,Retinal,Fibro,RARG,0.150723202,0.432061069,0.159819413,Nuclear Receptor,-671.3411799,0,-21.21906527,4.43E-83,-1.730321351,0.041786439,0,0,0,1.08E-81,0.12528449,0
pDC,HMDB0000673,Linoleic acid,Myeloid,TRPV4,0.03163003,0.730545877,0.043333333,Receptor,-976.0864229,0,-30.85114118,1.20E-147,-1.730321351,0.041786439,0,0,0,4.66E-146,0.12528449,0
Oligo,HMDB0000122,D-Glucose,Myeloid,SLC2A1,0.084769838,0.508396947,0.067666667,Transporter,-396.8700274,0,-12.54386185,6.33E-34,-1.730321351,0.041786439,0,0,0,8.26E-33,0.12528449,0
Epi,HMDB0000673,Linoleic acid,Epi,TRPV4,0.014766536,0.727333333,0.02,Receptor,-410.5649219,0,-12.97671607,5.33E-36,-1.730321351,0.041786439,0,0,0,7.22E-35,0.12528449,0
pDC,HMDB0000673,Linoleic acid,Epi,TRPV4,0.013070701,0.730545877,0.02,Receptor,-290.9454849,0,-9.195907267,1.05E-19,-1.730321351,0.041786439,0,0,0,9.87E-19,0.12528449,0
Endo,HMDB0000673,Linoleic acid,Epi,TRPV4,0.012009375,0.589463692,0.02,Receptor,-276.5923299,0,-8.742247428,4.76E-18,-1.730321351,0.041786439,0,0,0,4.22E-17,0.12528449,0
Myeloid,HMDB0000673,Linoleic acid,Epi,TRPV4,0.011687606,0.593166667,0.02,Receptor,-280.3548813,0,-8.861170304,1.78E-18,-1.730321351,0.041786439,0,0,0,1.61E-17,0.12528449,0
Fibro,HMDB0000673,Linoleic acid,Epi,TRPV4,0.011383962,0.603611738,0.02,Receptor,-265.3610747,0,-8.387261402,8.40E-17,-1.730321351,0.041786439,0,0,0,7.06E-16,0.12528449,0
T,HMDB0000673,Linoleic acid,Myeloid,TRPV4,0.009481106,0.219333333,0.043333333,Receptor,-183.8506423,0,-5.810963034,4.17E-09,-1.730321351,0.041786439,0,0,0,2.38E-08,0.12528449,0
Mast,HMDB0000673,Linoleic acid,Epi,TRPV4,0.008722962,0.471162123,0.02,Receptor,-150.4291893,0,-4.754611936,1.14E-06,-1.730321351,0.041786439,0,0,0,5.41E-06,0.12528449,0
Fibro,HMDB0006219,13-cis-Retinoic acid,Oligo,RXRB,0.897031565,0.441309255,0.13129771,Nuclear Receptor,-844.2137323,0,-26.68304407,3.69E-119,-1.730321351,0.041786439,0,0,0,1.19E-117,0.12528449,0
pDC,HMDB0001358,Retinal,NK,RARG,0.01029632,0.284552846,0.012833333,Nuclear Receptor,-152.8024883,0,-4.829624742,7.91E-07,-1.730321351,0.041786439,0,0,0,3.79E-06,0.12528449,0
NK,HMDB0001358,Retinal,Myeloid,RARG,0.010123005,0.2615,0.019333333,Nuclear Receptor,-360.5205904,0,-11.39496603,1.15E-28,-1.730321351,0.041786439,0,0,0,1.36E-27,0.12528449,0
B,HMDB0001358,Retinal,T,RARG,0.009045173,0.167833333,0.0185,Nuclear Receptor,-361.3040793,0,-11.41972975,8.91E-29,-1.730321351,0.041786439,0,0,0,1.06E-27,0.12528449,0
Epi,HMDB0001358,Retinal,T,RARG,0.029344179,0.596333333,0.0185,Nuclear Receptor,-581.1322318,0,-18.36783312,1.91E-65,-1.730321351,0.041786439,0,0,0,3.89E-64,0.12528449,0
NK,HMDB0001358,Retinal,Fibro,RARG,0.102674766,0.2615,0.159819413,Nuclear Receptor,-1350.398328,0,-42.68200897,1.05E-227,-1.730321351,0.041786439,0,0,0,6.50E-226,0.12528449,0
Epi,HMDB0001358,Retinal,Epi,RARG,0.086788245,0.596333333,0.109166667,Nuclear Receptor,-1176.160518,0,-37.17487852,6.50E-191,-1.730321351,0.041786439,0,0,0,3.33E-189,0.12528449,0
Epi,HMDB0001358,Retinal,Endo,RARG,0.078206104,0.596333333,0.060749881,Nuclear Receptor,-886.5512629,0,-28.02120543,2.93E-128,-1.730321351,0.041786439,0,0,0,9.97E-127,0.12528449,0
Endo,HMDB0000123,Glycine,Epi,SLC36A1,0.009655506,0.459895586,0.017333333,Transporter,-146.29937,0,-4.624080833,2.13E-06,-1.730321351,0.041786439,0,0,0,9.87E-06,0.12528449,0
Endo,HMDB0000123,Glycine,Oligo,SLC36A1,0.030418038,0.459895586,0.025954198,Transporter,-379.1049618,0,-11.98236183,2.62E-31,-1.730321351,0.041786439,0,0,0,3.27E-30,0.12528449,0
Myeloid,HMDB0000123,Glycine,Fibro,SLC36A1,0.027940139,0.669333333,0.022121896,Transporter,-922.1154811,0,-29.14528286,6.06E-136,-1.730321351,0.041786439,0,0,0,2.18E-134,0.12528449,0
Oligo,HMDB0000122,D-Glucose,pDC,SLC2A3,0.149223511,0.508396947,0.117305459,Transporter,-150.244108,0,-4.748762076,1.17E-06,-1.730321351,0.041786439,0,0,0,5.56E-06,0.12528449,0
Endo,HMDB0000122,D-Glucose,B,SLC2A3,0.153401524,0.35168486,0.3645,Transporter,-287.4424128,0,-9.085185749,2.71E-19,-1.730321351,0.041786439,0,0,0,2.51E-18,0.12528449,0
Epi,HMDB0000538,Adenosine triphosphate,Oligo,P2RX7,0.103767458,0.582166667,0.20610687,Receptor,-2644.05154,0,-83.57047636,0,-1.730321351,0.041786439,0,0,0,0,0.12528449,0
Endo,HMDB0000122,D-Glucose,Endo,SLC2A3,0.142987244,0.35168486,0.340768866,Transporter,-272.5313848,0,-8.613893227,1.36E-17,-1.730321351,0.041786439,0,0,0,1.18E-16,0.12528449,0
Endo,HMDB0000122,D-Glucose,Myeloid,SLC2A3,0.141208121,0.35168486,0.445,Transporter,-271.013874,0,-8.565929299,2.01E-17,-1.730321351,0.041786439,0,0,0,1.73E-16,0.12528449,0
Endo,HMDB0000122,D-Glucose,NK,SLC2A3,0.133975361,0.35168486,0.287,Transporter,-262.2086577,0,-8.287623029,1.85E-16,-1.730321351,0.041786439,0,0,0,1.54E-15,0.12528449,0
Fibro,HMDB0000122,D-Glucose,T,SLC2A3,0.243256618,0.439277652,0.370333333,Transporter,-578.8641531,0,-18.29614601,5.11E-65,-1.730321351,0.041786439,0,0,0,1.04E-63,0.12528449,0
Fibro,HMDB0000122,D-Glucose,Fibro,SLC2A3,0.230416784,0.439277652,0.428216704,Transporter,-555.3969037,0,-17.5544172,1.23E-60,-1.730321351,0.041786439,0,0,0,2.35E-59,0.12528449,0
Fibro,HMDB0000122,D-Glucose,B,SLC2A3,0.230266405,0.439277652,0.3645,Transporter,-553.8194931,0,-17.50456002,2.41E-60,-1.730321351,0.041786439,0,0,0,4.57E-59,0.12528449,0
Endo,HMDB0000122,D-Glucose,Epi,SLC2A3,0.036379434,0.35168486,0.105166667,Transporter,-146.319239,0,-4.624708831,2.12E-06,-1.730321351,0.041786439,0,0,0,9.84E-06,0.12528449,0
Endo,HMDB0000122,D-Glucose,pDC,SLC2A3,0.032680056,0.35168486,0.117305459,Transporter,-139.7544146,0,-4.417214578,5.54E-06,-1.730321351,0.041786439,0,0,0,2.46E-05,0.12528449,0
Endo,HMDB0000122,D-Glucose,T,SLC2A3,0.162055494,0.35168486,0.370333333,Transporter,-295.7547058,0,-9.347912201,2.84E-20,-1.730321351,0.041786439,0,0,0,2.70E-19,0.12528449,0
Endo,HMDB0000122,D-Glucose,Fibro,SLC2A3,0.153501706,0.35168486,0.428216704,Transporter,-284.9692481,0,-9.007016488,5.25E-19,-1.730321351,0.041786439,0,0,0,4.83E-18,0.12528449,0
Oligo,HMDB0000122,D-Glucose,Oligo,SLC2A3,0.143806181,0.508396947,0.094656489,Transporter,-147.2831706,0,-4.655175794,1.84E-06,-1.730321351,0.041786439,0,0,0,8.58E-06,0.12528449,0
Oligo,HMDB0000122,D-Glucose,NK,SLC2A6,0.022653582,0.508396947,0.012333333,Transporter,-165.634094,0,-5.235193009,1.00E-07,-1.730321351,0.041786439,0,0,0,5.17E-07,0.12528449,0
Fibro,HMDB0000122,D-Glucose,Oligo,SLC2A6,0.019581103,0.439277652,0.050381679,Transporter,-327.5951064,0,-10.35429101,3.09E-24,-1.730321351,0.041786439,0,0,0,3.28E-23,0.12528449,0
Fibro,HMDB0000122,D-Glucose,Endo,SLC2A6,0.015900962,0.439277652,0.03654485,Transporter,-337.7039305,0,-10.67380039,1.46E-25,-1.730321351,0.041786439,0,0,0,1.62E-24,0.12528449,0
Fibro,HMDB0000122,D-Glucose,Fibro,SLC2A6,0.014372241,0.439277652,0.044469526,Transporter,-328.9124356,0,-10.39592781,2.08E-24,-1.730321351,0.041786439,0,0,0,2.23E-23,0.12528449,0
pDC,HMDB0000097,Choline,Epi,SLC22A5,0.151868693,0.826945412,0.053166667,Transporter,-1640.006721,0,-51.83565481,9.16E-286,-1.730321351,0.041786439,0,0,0,7.73E-284,0.12528449,0
pDC,HMDB0000097,Choline,Fibro,SLC22A5,0.115565769,0.826945412,0.028216704,Transporter,-1064.328291,0,-33.64019989,8.47E-167,-1.730321351,0.041786439,0,0,0,3.73E-165,0.12528449,0
Endo,HMDB0000122,D-Glucose,Mast,SLC2A6,0.059540767,0.35168486,0.156671449,Transporter,-621.5292591,0,-19.64466104,3.31E-73,-1.730321351,0.041786439,0,0,0,7.36E-72,0.12528449,0
Endo,HMDB0000122,D-Glucose,pDC,SLC2A6,0.054234953,0.35168486,0.195121951,Transporter,-530.8005755,0,-16.77700161,3.81E-56,-1.730321351,0.041786439,0,0,0,6.85E-55,0.12528449,0
Fibro,HMDB0000122,D-Glucose,Myeloid,SLC2A6,0.049208439,0.439277652,0.158166667,Transporter,-775.6153841,0,-24.51485765,1.38E-104,-1.730321351,0.041786439,0,0,0,4.09E-103,0.12528449,0
Oligo,HMDB0000122,D-Glucose,Endo,SLC2A6,0.048370095,0.508396947,0.03654485,Transporter,-282.5357168,0,-8.93009992,1.00E-18,-1.730321351,0.041786439,0,0,0,9.11E-18,0.12528449,0
Endo,HMDB0000122,D-Glucose,Epi,SLC2A6,0.004181848,0.35168486,0.026833333,Transporter,-139.2008109,0,-4.399716837,6.00E-06,-1.730321351,0.041786439,0,0,0,2.65E-05,0.12528449,0
Myeloid,HMDB0000097,Choline,Oligo,SLC22A5,0.046535244,0.719666667,0.015267176,Transporter,-146.6387717,0,-4.634808295,2.02E-06,-1.730321351,0.041786439,0,0,0,9.40E-06,0.12528449,0
Myeloid,HMDB0000097,Choline,T,SLC22A5,0.045246397,0.719666667,0.011166667,Transporter,-442.2919106,0,-13.97951027,5.42E-41,-1.730321351,0.041786439,0,0,0,7.95E-40,0.12528449,0
NK,HMDB0001256,Spermine,Myeloid,SLC22A4,0.065965802,0.185,0.031,Transporter,-276.7716981,0,-8.747916715,4.55E-18,-1.730321351,0.041786439,0,0,0,4.03E-17,0.12528449,0
Mast,HMDB0001256,Spermine,Myeloid,SLC22A4,0.064568389,0.198852224,0.031,Transporter,-262.9803687,0,-8.31201448,1.52E-16,-1.730321351,0.041786439,0,0,0,1.27E-15,0.12528449,0
Endo,HMDB0001256,Spermine,Myeloid,SLC22A4,0.05928329,0.273849075,0.031,Transporter,-223.8771089,0,-7.076078647,1.39E-12,-1.730321351,0.041786439,0,0,0,9.69E-12,0.12528449,0
pDC,HMDB0001256,Spermine,Epi,SLC22A4,0.047294092,0.355400697,0.014666667,Transporter,-142.2941355,0,-4.497487477,3.84E-06,-1.730321351,0.041786439,0,0,0,1.74E-05,0.12528449,0
Endo,HMDB0000538,Adenosine triphosphate,Epi,P2RX5,0.00079783,0.49833887,0.012,Receptor,-138.0711882,0,-4.36401288,7.05E-06,-1.730321351,0.041786439,0,0,0,3.09E-05,0.12528449,0
Epi,HMDB0000097,Choline,Epi,SLC22A5,0.030084196,0.4765,0.053166667,Transporter,-193.0208718,0,-6.100806269,7.54E-10,-1.730321351,0.041786439,0,0,0,4.52E-09,0.12528449,0
Fibro,HMDB0000097,Choline,Endo,SLC22A5,0.029963066,0.588713318,0.013289037,Transporter,-109.8710489,0,-3.472691721,0.000268673,-1.730321351,0.041786439,0,0,0,0.000998324,0.12528449,0
Endo,HMDB0000122,D-Glucose,NK,SLC2A6,0.004961151,0.35168486,0.012333333,Transporter,-145.5228962,0,-4.599538842,2.39E-06,-1.730321351,0.041786439,0,0,0,1.10E-05,0.12528449,0
Endo,HMDB0000538,Adenosine triphosphate,NK,P2RX5,0.002258513,0.49833887,0.017333333,Receptor,-157.1351683,0,-4.966567659,4.01E-07,-1.730321351,0.041786439,0,0,0,1.97E-06,0.12528449,0
Oligo,HMDB0000122,D-Glucose,Fibro,SLC2A6,0.043719788,0.508396947,0.044469526,Transporter,-263.8637027,0,-8.339933998,1.22E-16,-1.730321351,0.041786439,0,0,0,1.02E-15,0.12528449,0
Endo,HMDB0000122,D-Glucose,Fibro,SLC2A6,0.009574665,0.35168486,0.044469526,Transporter,-185.1092309,0,-5.850743214,3.31E-09,-1.730321351,0.041786439,0,0,0,1.90E-08,0.12528449,0
Fibro,HMDB0000122,D-Glucose,NK,SLC2A6,0.007447034,0.439277652,0.012333333,Transporter,-245.7741113,0,-7.768176697,9.84E-15,-1.730321351,0.041786439,0,0,0,7.69E-14,0.12528449,0
Fibro,HMDB0000122,D-Glucose,Epi,SLC2A6,0.006277246,0.439277652,0.026833333,Transporter,-230.6943232,0,-7.291550183,3.11E-13,-1.730321351,0.041786439,0,0,0,2.24E-12,0.12528449,0
Endo,HMDB0000122,D-Glucose,Endo,SLC2A6,0.010593086,0.35168486,0.03654485,Transporter,-192.5155528,0,-6.08483466,8.30E-10,-1.730321351,0.041786439,0,0,0,4.96E-09,0.12528449,0
Fibro,HMDB0000097,Choline,Myeloid,SLC22A5,0.044356994,0.588713318,0.031333333,Transporter,-412.8305135,0,-13.04832457,2.39E-36,-1.730321351,0.041786439,0,0,0,3.26E-35,0.12528449,0
Myeloid,HMDB0000097,Choline,Endo,SLC22A5,0.042190302,0.719666667,0.013289037,Transporter,-228.1569051,0,-7.211350065,5.46E-13,-1.730321351,0.041786439,0,0,0,3.88E-12,0.12528449,0
Fibro,HMDB0000097,Choline,T,SLC22A5,0.03213347,0.588713318,0.011166667,Transporter,-221.4154544,0,-6.998273188,2.37E-12,-1.730321351,0.041786439,0,0,0,1.63E-11,0.12528449,0
Endo,HMDB0000122,D-Glucose,Oligo,SLC2A6,0.013044764,0.35168486,0.050381679,Transporter,-187.3741172,0,-5.922329426,2.18E-09,-1.730321351,0.041786439,0,0,0,1.27E-08,0.12528449,0
Endo,HMDB0000122,D-Glucose,Oligo,SLC2A3,0.031493657,0.35168486,0.094656489,Transporter,-137.0012329,0,-4.330194826,8.20E-06,-1.730321351,0.041786439,0,0,0,3.57E-05,0.12528449,0
Fibro,HMDB0000097,Choline,Fibro,SLC22A5,0.054699113,0.588713318,0.028216704,Transporter,-489.5529395,0,-15.47328853,7.10E-49,-1.730321351,0.041786439,0,0,0,1.16E-47,0.12528449,0
Myeloid,HMDB0001452,Thromboxane A2,Fibro,TBXA2R,0.24520719,0.388333333,0.038148984,Receptor,-2115.081709,0,-66.85133907,0,-1.730321351,0.041786439,0,0,0,0,0.12528449,0
Fibro,HMDB0000538,Adenosine triphosphate,Myeloid,P2RY11,0.023370302,0.572911964,0.081333333,Receptor,-1381.54352,0,-43.66641433,3.78E-234,-1.730321351,0.041786439,0,0,0,2.42E-232,0.12528449,0
Endo,HMDB0000538,Adenosine triphosphate,Myeloid,P2RY11,0.004699093,0.49833887,0.081333333,Receptor,-285.9691234,0,-9.038619523,4.02E-19,-1.730321351,0.041786439,0,0,0,3.71E-18,0.12528449,0
Epi,HMDB0000538,Adenosine triphosphate,Fibro,P2RY11,0.004108326,0.582166667,0.013318284,Receptor,-409.7752815,0,-12.95175792,7.04E-36,-1.730321351,0.041786439,0,0,0,9.53E-35,0.12528449,0
Endo,HMDB0001452,Thromboxane A2,Fibro,TBXA2R,0.040234651,0.045087803,0.038148984,Receptor,-165.2400819,0,-5.222739477,1.07E-07,-1.730321351,0.041786439,0,0,0,5.51E-07,0.12528449,0
NK,HMDB0001452,Thromboxane A2,Fibro,TBXA2R,0.034446475,0.031666667,0.038148984,Receptor,-120.4373115,0,-3.806659341,7.47E-05,-1.730321351,0.041786439,0,0,0,0.000295397,0.12528449,0
Epi,HMDB0000538,Adenosine triphosphate,Epi,P2RY11,0.007161738,0.582166667,0.027,Receptor,-597.0306862,0,-18.8703352,1.80E-68,-1.730321351,0.041786439,0,0,0,3.80E-67,0.12528449,0
Epi,HMDB0000538,Adenosine triphosphate,B,P2RY11,0.006975153,0.582166667,0.0115,Receptor,-596.8846208,0,-18.86571852,1.92E-68,-1.730321351,0.041786439,0,0,0,4.05E-67,0.12528449,0
Fibro,HMDB0000538,Adenosine triphosphate,Epi,P2RY11,0.006229446,0.572911964,0.027,Receptor,-481.3156653,0,-15.21293319,1.82E-47,-1.730321351,0.041786439,0,0,0,2.92E-46,0.12528449,0
Fibro,HMDB0000538,Adenosine triphosphate,B,P2RY11,0.00606715,0.572911964,0.0115,Receptor,-490.4294345,0,-15.50099189,5.01E-49,-1.730321351,0.041786439,0,0,0,8.19E-48,0.12528449,0
Epi,HMDB0000538,Adenosine triphosphate,Endo,P2RY11,0.005549307,0.582166667,0.011390603,Receptor,-398.2866815,0,-12.58863801,3.88E-34,-1.730321351,0.041786439,0,0,0,5.08E-33,0.12528449,0
Epi,HMDB0000538,Adenosine triphosphate,Myeloid,P2RY11,0.026867877,0.582166667,0.081333333,Receptor,-1792.062276,0,-56.64167126,1.7949730127e-314,-1.730321351,0.041786439,0,0,0,1.76301503623e-312,0.12528449,0
Endo,HMDB0000305,Vitamin A,Epi,STRA6,0.004572831,0.058376839,0.092,Transporter,-200.1801383,0,-6.32708904,1.88E-10,-1.730321351,0.041786439,0,0,0,1.17E-09,0.12528449,0
pDC,HMDB0001452,Thromboxane A2,Endo,TBXA2R,0.157892199,0.108013937,0.070716659,Receptor,-730.2990749,0,-23.08254611,4.01E-95,-1.730321351,0.041786439,0,0,0,1.10E-93,0.12528449,0
Mast,HMDB0001452,Thromboxane A2,Fibro,TBXA2R,0.139763629,0.141176471,0.038148984,Receptor,-1080.897211,0,-34.16389335,2.18E-170,-1.730321351,0.041786439,0,0,0,9.77E-169,0.12528449,0
Endo,HMDB0001452,Thromboxane A2,Endo,TBXA2R,0.091384238,0.045087803,0.070716659,Receptor,-405.9153474,0,-12.82975708,2.73E-35,-1.730321351,0.041786439,0,0,0,3.66E-34,0.12528449,0
pDC,HMDB0001452,Thromboxane A2,Fibro,TBXA2R,0.069516774,0.108013937,0.038148984,Receptor,-359.9382359,0,-11.37655957,1.38E-28,-1.730321351,0.041786439,0,0,0,1.63E-27,0.12528449,0
Epi,HMDB0001452,Thromboxane A2,Endo,TBXA2R,0.055317687,0.059333333,0.070716659,Receptor,-199.1890035,0,-6.295762265,2.29E-10,-1.730321351,0.041786439,0,0,0,1.41E-09,0.12528449,0
B,HMDB0001452,Thromboxane A2,Endo,TBXA2R,0.054711562,0.027333333,0.070716659,Receptor,-198.3658637,0,-6.269745302,2.69E-10,-1.730321351,0.041786439,0,0,0,1.65E-09,0.12528449,0
NK,HMDB0001452,Thromboxane A2,Endo,TBXA2R,0.078237658,0.031666667,0.070716659,Receptor,-337.0520878,0,-10.65319761,1.78E-25,-1.730321351,0.041786439,0,0,0,1.97E-24,0.12528449,0
T,HMDB0001452,Thromboxane A2,Endo,TBXA2R,0.054188311,0.026333333,0.070716659,Receptor,-194.4099857,0,-6.144711959,5.78E-10,-1.730321351,0.041786439,0,0,0,3.49E-09,0.12528449,0
Myeloid,HMDB0001452,Thromboxane A2,Endo,TBXA2R,0.55693468,0.388333333,0.070716659,Receptor,-3171.343208,0,-100.236572,0,-1.730321351,0.041786439,0,0,0,0,0.12528449,0
Mast,HMDB0001452,Thromboxane A2,Endo,TBXA2R,0.317442617,0.141176471,0.070716659,Receptor,-1733.07384,0,-54.7772251,1.75E-303,-1.730321351,0.041786439,0,0,0,1.61E-301,0.12528449,0
Endo,HMDB0000538,Adenosine triphosphate,NK,P2RY11,0.003464844,0.49833887,0.027,Receptor,-241.1642367,0,-7.622472499,2.89E-14,-1.730321351,0.041786439,0,0,0,2.20E-13,0.12528449,0
pDC,HMDB0000097,Choline,Myeloid,SLC22A5,0.093715416,0.826945412,0.031333333,Transporter,-907.8350728,0,-28.69392232,7.44E-133,-1.730321351,0.041786439,0,0,0,2.63E-131,0.12528449,0
Fibro,HMDB0000122,D-Glucose,B,SLC2A6,0.035114632,0.439277652,0.0655,Transporter,-593.8923889,0,-18.77114311,7.16E-68,-1.730321351,0.041786439,0,0,0,1.50E-66,0.12528449,0
Endo,HMDB0000122,D-Glucose,Myeloid,SLC2A6,0.032782244,0.35168486,0.158166667,Transporter,-395.2271611,0,-12.49193582,1.11E-33,-1.730321351,0.041786439,0,0,0,1.45E-32,0.12528449,0
Endo,HMDB0000122,D-Glucose,B,SLC2A6,0.02339307,0.35168486,0.0655,Transporter,-309.7772843,0,-9.791123518,5.59E-22,-1.730321351,0.041786439,0,0,0,5.57E-21,0.12528449,0
Oligo,HMDB0000122,D-Glucose,Epi,SLC2A6,0.019095134,0.508396947,0.026833333,Transporter,-147.9042451,0,-4.674806082,1.67E-06,-1.730321351,0.041786439,0,0,0,7.84E-06,0.12528449,0
Fibro,HMDB0000122,D-Glucose,Mast,SLC2A6,0.089374851,0.439277652,0.156671449,Transporter,-1282.608588,0,-40.53938022,1.57E-213,-1.730321351,0.041786439,0,0,0,8.88E-212,0.12528449,0
Fibro,HMDB0000122,D-Glucose,pDC,SLC2A6,0.081410453,0.439277652,0.195121951,Transporter,-991.9349908,0,-31.3520665,4.34E-151,-1.730321351,0.041786439,0,0,0,1.71E-149,0.12528449,0
Oligo,HMDB0000122,D-Glucose,Oligo,SLC2A6,0.059564938,0.508396947,0.050381679,Transporter,-325.6018587,0,-10.29129048,5.59E-24,-1.730321351,0.041786439,0,0,0,5.88E-23,0.12528449,0
pDC,HMDB0000097,Choline,Endo,SLC22A5,0.063304589,0.826945412,0.013289037,Transporter,-383.0001659,0,-12.10547746,7.10E-32,-1.730321351,0.041786439,0,0,0,8.96E-31,0.12528449,0
Myeloid,HMDB0000097,Choline,Myeloid,SLC22A5,0.062458059,0.719666667,0.031333333,Transporter,-711.6611454,0,-22.4934575,2.80E-91,-1.730321351,0.041786439,0,0,0,7.40E-90,0.12528449,0
Epi,HMDB0000538,Adenosine triphosphate,Oligo,P2RX6,0.014017942,0.582166667,0.030534351,Receptor,-1862.868838,0,-58.87965263,0,-1.730321351,0.041786439,0,0,0,0,0.12528449,0
Myeloid,HMDB0000097,Choline,Epi,SLC22A5,0.101215191,0.719666667,0.053166667,Transporter,-1376.437399,0,-43.50502531,4.27E-233,-1.730321351,0.041786439,0,0,0,2.72E-231,0.12528449,0
Endo,HMDB0000097,Choline,Epi,SLC22A5,0.027366862,0.384432843,0.053166667,Transporter,-132.4503201,0,-4.186354228,1.54E-05,-1.730321351,0.041786439,0,0,0,6.52E-05,0.12528449,0
Fibro,HMDB0000122,D-Glucose,Epi,SLC2A3,0.054608072,0.439277652,0.105166667,Transporter,-249.2258506,0,-7.877275743,4.35E-15,-1.730321351,0.041786439,0,0,0,3.45E-14,0.12528449,0
Fibro,HMDB0000097,Choline,Epi,SLC22A5,0.071881862,0.588713318,0.053166667,Transporter,-885.0322812,0,-27.97319501,6.23E-128,-1.730321351,0.041786439,0,0,0,2.12E-126,0.12528449,0
pDC,HMDB0000097,Choline,Oligo,SLC22A5,0.069823973,0.826945412,0.015267176,Transporter,-259.6241416,0,-8.205934287,3.50E-16,-1.730321351,0.041786439,0,0,0,2.88E-15,0.12528449,0
pDC,HMDB0000097,Choline,T,SLC22A5,0.067890118,0.826945412,0.011166667,Transporter,-584.8783478,0,-18.48623652,3.72E-66,-1.730321351,0.041786439,0,0,0,7.69E-65,0.12528449,0
Endo,HMDB0000538,Adenosine triphosphate,Fibro,P2RY6,0.000557952,0.49833887,0.010835214,Receptor,-136.9549437,0,-4.328731765,8.25E-06,-1.730321351,0.041786439,0,0,0,3.59E-05,0.12528449,0
Endo,HMDB0000305,Vitamin A,Fibro,STRA6,0.003594783,0.058376839,0.057336343,Transporter,-174.2441138,0,-5.507329708,2.32E-08,-1.730321351,0.041786439,0,0,0,1.26E-07,0.12528449,0
Oligo,HMDB0000305,Vitamin A,Epi,STRA6,0.12162957,0.14351145,0.092,Transporter,-1514.135606,0,-47.85724938,4.66E-261,-1.730321351,0.041786439,0,0,0,3.45E-259,0.12528449,0
Oligo,HMDB0000305,Vitamin A,Fibro,STRA6,0.09561514,0.14351145,0.057336343,Transporter,-1183.164866,0,-37.39626477,2.06E-192,-1.730321351,0.041786439,0,0,0,1.06E-190,0.12528449,0
pDC,HMDB0000305,Vitamin A,Epi,STRA6,0.016937353,0.039488966,0.092,Transporter,-301.4164555,0,-9.526862996,5.92E-21,-1.730321351,0.041786439,0,0,0,5.74E-20,0.12528449,0
pDC,HMDB0000305,Vitamin A,Fibro,STRA6,0.013314751,0.039488966,0.057336343,Transporter,-253.9518402,0,-8.026649989,1.40E-15,-1.730321351,0.041786439,0,0,0,1.13E-14,0.12528449,0
T,HMDB0001341,ADP,Endo,P2RY1,0.049822532,0.635833333,0.095870907,Receptor,-2362.335532,0,-74.66628496,0,-1.730321351,0.041786439,0,0,0,0,0.12528449,0
Myeloid,HMDB0001341,ADP,Endo,P2RY1,0.028313227,0.601833333,0.095870907,Receptor,-1268.23834,0,-40.08518012,1.68E-210,-1.730321351,0.041786439,0,0,0,9.37E-209,0.12528449,0
NK,HMDB0001341,ADP,Myeloid,P2RY1,0.024480827,0.676833333,0.062166667,Receptor,-1555.414493,0,-49.16195021,2.97E-269,-1.730321351,0.041786439,0,0,0,2.29E-267,0.12528449,0
Mast,HMDB0001341,ADP,Myeloid,P2RY1,0.021622145,0.686944046,0.062166667,Receptor,-1087.592021,0,-34.37549606,7.77E-172,-1.730321351,0.041786439,0,0,0,3.51E-170,0.12528449,0
T,HMDB0001341,ADP,Mast,P2RY1,0.006794929,0.635833333,0.011477762,Receptor,-230.9974153,0,-7.301130006,2.91E-13,-1.730321351,0.041786439,0,0,0,2.10E-12,0.12528449,0
B,HMDB0000123,Glycine,Myeloid,SLC16A10,0.037107773,0.202166667,0.141166667,Transporter,-787.334591,0,-24.88526636,4.68E-107,-1.730321351,0.041786439,0,0,0,1.40E-105,0.12528449,0
NK,HMDB0000123,Glycine,Myeloid,SLC16A10,0.035292847,0.178666667,0.141166667,Transporter,-719.1534079,0,-22.73026527,8.05E-93,-1.730321351,0.041786439,0,0,0,2.15E-91,0.12528449,0
Oligo,HMDB0001341,ADP,pDC,P2RY1,0.011367432,0.696183206,0.013937282,Receptor,-194.0580331,0,-6.1335878,6.18E-10,-1.730321351,0.041786439,0,0,0,3.73E-09,0.12528449,0
NK,HMDB0001341,ADP,Mast,P2RY1,0.010318902,0.676833333,0.011477762,Receptor,-434.7114763,0,-13.73991566,8.90E-40,-1.730321351,0.041786439,0,0,0,1.29E-38,0.12528449,0
Oligo,HMDB0001341,ADP,Endo,P2RY1,0.098233907,0.696183206,0.095870907,Receptor,-2643.678596,0,-83.55868873,0,-1.730321351,0.041786439,0,0,0,0,0.12528449,0
NK,HMDB0001341,ADP,Endo,P2RY1,0.075661401,0.676833333,0.095870907,Receptor,-3589.399891,0,-113.45008,0,-1.730321351,0.041786439,0,0,0,0,0.12528449,0
Mast,HMDB0001341,ADP,Endo,P2RY1,0.066826247,0.686944046,0.095870907,Receptor,-2942.378917,0,-92.99970292,0,-1.730321351,0.041786439,0,0,0,0,0.12528449,0
Fibro,HMDB0000538,Adenosine triphosphate,pDC,P2RX7,0.008847235,0.572911964,0.025551684,Receptor,-368.6563421,0,-11.65211255,8.22E-30,-1.730321351,0.041786439,0,0,0,9.99E-29,0.12528449,0
NK,HMDB0001341,ADP,Fibro,P2RY1,0.007777959,0.676833333,0.013544018,Receptor,-307.1960462,0,-9.709538385,1.16E-21,-1.730321351,0.041786439,0,0,0,1.15E-20,0.12528449,0
Mast,HMDB0001341,ADP,pDC,P2RY1,0.007733,0.686944046,0.013937282,Receptor,-159.438196,0,-5.039359403,2.77E-07,-1.730321351,0.041786439,0,0,0,1.38E-06,0.12528449,0
B,HMDB0001341,ADP,Endo,P2RY1,0.035148725,0.61,0.095870907,Receptor,-1579.294946,0,-49.91673912,5.93E-274,-1.730321351,0.041786439,0,0,0,4.70E-272,0.12528449,0
Oligo,HMDB0001341,ADP,Myeloid,P2RY1,0.031784335,0.696183206,0.062166667,Receptor,-889.9437335,0,-28.12843117,5.44E-129,-1.730321351,0.041786439,0,0,0,1.87E-127,0.12528449,0
Oligo,HMDB0000122,D-Glucose,Myeloid,SLC2A3,0.644783821,0.508396947,0.445,Transporter,-466.9789158,0,-14.75979188,4.78E-45,-1.730321351,0.041786439,0,0,0,7.40E-44,0.12528449,0
Oligo,HMDB0000122,D-Glucose,NK,SLC2A3,0.611757629,0.508396947,0.287,Transporter,-445.8209242,0,-14.09105172,1.46E-41,-1.730321351,0.041786439,0,0,0,2.15E-40,0.12528449,0
Fibro,HMDB0000122,D-Glucose,Mast,SLC2A3,0.328268009,0.439277652,0.475466284,Transporter,-727.0152107,0,-22.97875309,1.92E-94,-1.730321351,0.041786439,0,0,0,5.22E-93,0.12528449,0
Oligo,HMDB0000122,D-Glucose,T,SLC2A3,0.739976993,0.508396947,0.370333333,Transporter,-528.4111708,0,-16.70147975,1.03E-55,-1.730321351,0.041786439,0,0,0,1.83E-54,0.12528449,0
Oligo,HMDB0000122,D-Glucose,Fibro,SLC2A3,0.700918727,0.508396947,0.428216704,Transporter,-502.7681988,0,-15.89098293,3.62E-51,-1.730321351,0.041786439,0,0,0,6.08E-50,0.12528449,0
Oligo,HMDB0000122,D-Glucose,B,SLC2A3,0.700461279,0.508396947,0.3645,Transporter,-501.6495177,0,-15.8556248,5.68E-51,-1.730321351,0.041786439,0,0,0,9.52E-50,0.12528449,0
Fibro,HMDB0000538,Adenosine triphosphate,Fibro,P2RY1,0.005056934,0.572911964,0.013544018,Receptor,-509.5099907,0,-16.10407059,2.38E-52,-1.730321351,0.041786439,0,0,0,4.05E-51,0.12528449,0
Fibro,HMDB0000538,Adenosine triphosphate,Epi,P2RX7,0.003699486,0.572911964,0.017,Receptor,-325.03352,0,-10.27332701,6.61E-24,-1.730321351,0.041786439,0,0,0,6.96E-23,0.12528449,0
Endo,HMDB0000538,Adenosine triphosphate,Fibro,P2RX7,0.001810282,0.49833887,0.030699774,Receptor,-167.5315526,0,-5.295165941,7.31E-08,-1.730321351,0.041786439,0,0,0,3.80E-07,0.12528449,0
Endo,HMDB0000538,Adenosine triphosphate,pDC,P2RX7,0.001778924,0.49833887,0.025551684,Receptor,-133.980764,0,-4.234726934,1.25E-05,-1.730321351,0.041786439,0,0,0,5.33E-05,0.12528449,0
Endo,HMDB0000538,Adenosine triphosphate,NK,P2RX7,0.001521329,0.49833887,0.011833333,Receptor,-164.4438956,0,-5.197574436,1.22E-07,-1.730321351,0.041786439,0,0,0,6.25E-07,0.12528449,0
Endo,HMDB0000538,Adenosine triphosphate,Mast,P2RX7,0.001216225,0.49833887,0.010903874,Receptor,-150.9091099,0,-4.769780774,1.06E-06,-1.730321351,0.041786439,0,0,0,5.04E-06,0.12528449,0
Fibro,HMDB0000122,D-Glucose,Myeloid,SLC2A3,0.211963255,0.439277652,0.445,Transporter,-524.8674562,0,-16.58947365,4.44E-55,-1.730321351,0.041786439,0,0,0,7.84E-54,0.12528449,0
Fibro,HMDB0000122,D-Glucose,NK,SLC2A3,0.201106377,0.439277652,0.287,Transporter,-505.2525571,0,-15.96950598,1.33E-51,-1.730321351,0.041786439,0,0,0,2.25E-50,0.12528449,0
Oligo,HMDB0000122,D-Glucose,Epi,SLC2A3,0.166115592,0.508396947,0.105166667,Transporter,-162.5719799,0,-5.13840884,1.67E-07,-1.730321351,0.041786439,0,0,0,8.43E-07,0.12528449,0
Oligo,HMDB0000122,D-Glucose,Mast,SLC2A3,0.998578274,0.508396947,0.475466284,Transporter,-692.6870496,0,-21.89374369,2.12E-87,-1.730321351,0.041786439,0,0,0,5.42E-86,0.12528449,0
Endo,HMDB0000538,Adenosine triphosphate,Oligo,P2RX7,0.018148548,0.49833887,0.20610687,Receptor,-432.7731253,0,-13.67865025,1.81E-39,-1.730321351,0.041786439,0,0,0,2.61E-38,0.12528449,0
Endo,HMDB0000538,Adenosine triphosphate,Epi,P2RX7,0.00074386,0.49833887,0.017,Receptor,-140.4789447,0,-4.440114784,5.00E-06,-1.730321351,0.041786439,0,0,0,2.23E-05,0.12528449,0
Epi,HMDB0000538,Adenosine triphosphate,Epi,P2RX7,0.004253147,0.582166667,0.017,Receptor,-401.3420166,0,-12.68520791,1.35E-34,-1.730321351,0.041786439,0,0,0,1.78E-33,0.12528449,0
B,HMDB0001341,ADP,Myeloid,P2RY1,0.01137264,0.61,0.062166667,Receptor,-613.70241,0,-19.397278,1.10E-71,-1.730321351,0.041786439,0,0,0,2.41E-70,0.12528449,0
Endo,HMDB0000538,Adenosine triphosphate,Myeloid,P2RX7,0.008696871,0.49833887,0.144666667,Receptor,-348.1465746,0,-11.0038608,5.79E-27,-1.730321351,0.041786439,0,0,0,6.59E-26,0.12528449,0
Fibro,HMDB0000538,Adenosine triphosphate,NK,P2RX7,0.007566124,0.572911964,0.011833333,Receptor,-487.0008705,0,-15.39262534,1.95E-48,-1.730321351,0.041786439,0,0,0,3.15E-47,0.12528449,0
Epi,HMDB0000538,Adenosine triphosphate,Mast,P2RX7,0.006953978,0.582166667,0.010903874,Receptor,-474.395744,0,-14.9942154,2.72E-46,-1.730321351,0.041786439,0,0,0,4.28E-45,0.12528449,0
Fibro,HMDB0000538,Adenosine triphosphate,Mast,P2RX7,0.006048732,0.572911964,0.010903874,Receptor,-388.9491621,0,-12.29350724,9.52E-33,-1.730321351,0.041786439,0,0,0,1.22E-31,0.12528449,0
Fibro,HMDB0000538,Adenosine triphosphate,Endo,P2RX7,0.015669108,0.572911964,0.030849549,Receptor,-680.4609529,0,-21.50731373,6.40E-85,-1.730321351,0.041786439,0,0,0,1.59E-83,0.12528449,0
Epi,HMDB0000538,Adenosine triphosphate,Fibro,P2RX7,0.010350602,0.582166667,0.030699774,Receptor,-623.5947167,0,-19.70994391,1.31E-73,-1.730321351,0.041786439,0,0,0,2.92E-72,0.12528449,0
Endo,HMDB0000122,D-Glucose,Mast,SLC2A3,0.218689361,0.35168486,0.475466284,Transporter,-362.1133098,0,-11.44530708,6.87E-29,-1.730321351,0.041786439,0,0,0,8.19E-28,0.12528449,0
Fibro,HMDB0000122,D-Glucose,Endo,SLC2A3,0.214633843,0.439277652,0.340768866,Transporter,-525.9567129,0,-16.62390176,2.83E-55,-1.730321351,0.041786439,0,0,0,5.00E-54,0.12528449,0
Epi,HMDB0000538,Adenosine triphosphate,pDC,P2RX7,0.010171302,0.582166667,0.025551684,Receptor,-411.0308513,0,-12.99144269,4.52E-36,-1.730321351,0.041786439,0,0,0,6.14E-35,0.12528449,0
Fibro,HMDB0000538,Adenosine triphosphate,Fibro,P2RX7,0.009003193,0.572911964,0.030699774,Receptor,-522.8618447,0,-16.52608233,1.01E-54,-1.730321351,0.041786439,0,0,0,1.78E-53,0.12528449,0
Endo,HMDB0000538,Adenosine triphosphate,Epi,P2RY2,0.002249838,0.49833887,0.051833333,Receptor,-420.6250195,0,-13.29468534,1.48E-37,-1.730321351,0.041786439,0,0,0,2.06E-36,0.12528449,0
Endo,HMDB0000123,Glycine,Epi,SLC16A10,0.022058347,0.459895586,0.026166667,Transporter,-248.7589432,0,-7.862518211,4.86E-15,-1.730321351,0.041786439,0,0,0,3.85E-14,0.12528449,0
pDC,HMDB0000123,Glycine,Epi,SLC16A10,0.018935851,0.4970964,0.026166667,Transporter,-133.9256673,0,-4.232985496,1.26E-05,-1.730321351,0.041786439,0,0,0,5.37E-05,0.12528449,0
Endo,HMDB0000123,Glycine,T,SLC16A10,0.016267295,0.459895586,0.0105,Transporter,-122.5010104,0,-3.871886626,5.75E-05,-1.730321351,0.041786439,0,0,0,0.000229976,0.12528449,0
Myeloid,HMDB0000123,Glycine,Myeloid,SLC16A10,0.238083774,0.669333333,0.141166667,Transporter,-6519.268846,0,-206.0543809,0,-1.730321351,0.041786439,0,0,0,0,0.12528449,0
Endo,HMDB0000123,Glycine,Myeloid,SLC16A10,0.158818939,0.459895586,0.141166667,Transporter,-3257.688849,0,-102.9656967,0,-1.730321351,0.041786439,0,0,0,0,0.12528449,0
Fibro,HMDB0000112,gamma-Aminobutyric acid,Epi,GABRB2,0.067377207,0.774717833,0.018166667,Receptor,-648.4137121,0,-20.49439733,1.69E-78,-1.730321351,0.041786439,0,0,0,3.97E-77,0.12528449,0
Endo,HMDB0000112,gamma-Aminobutyric acid,Fibro,GABRB2,0.063551786,0.741338396,0.013544018,Receptor,-483.0118226,0,-15.2665436,9.37E-48,-1.730321351,0.041786439,0,0,0,1.50E-46,0.12528449,0
Endo,HMDB0000112,gamma-Aminobutyric acid,Epi,GABRB2,0.060363369,0.741338396,0.018166667,Receptor,-555.2004862,0,-17.54820903,1.34E-60,-1.730321351,0.041786439,0,0,0,2.56E-59,0.12528449,0
Endo,HMDB0000538,Adenosine triphosphate,Fibro,P2RY1,0.001016803,0.49833887,0.013544018,Receptor,-164.5119908,0,-5.19972672,1.21E-07,-1.730321351,0.041786439,0,0,0,6.19E-07,0.12528449,0
pDC,HMDB0000123,Glycine,Myeloid,SLC16A10,0.136337134,0.4970964,0.141166667,Transporter,-2062.689077,0,-65.19536633,0,-1.730321351,0.041786439,0,0,0,0,0.12528449,0
T,HMDB0000123,Glycine,Myeloid,SLC16A10,0.042299534,0.214,0.141166667,Transporter,-955.1206881,0,-30.18847768,4.26E-143,-1.730321351,0.041786439,0,0,0,1.61E-141,0.12528449,0
Myeloid,HMDB0000123,Glycine,T,SLC16A10,0.024386128,0.669333333,0.0105,Transporter,-410.3945024,0,-12.97132962,5.66E-36,-1.730321351,0.041786439,0,0,0,7.67E-35,0.12528449,0
Myeloid,HMDB0000123,Glycine,Epi,SLC16A10,0.033067432,0.669333333,0.026166667,Transporter,-678.03296,0,-21.43057222,1.98E-84,-1.730321351,0.041786439,0,0,0,4.88E-83,0.12528449,0
Fibro,HMDB0000112,gamma-Aminobutyric acid,Fibro,GABRB2,0.070936099,0.774717833,0.013544018,Receptor,-559.6014216,0,-17.68730929,2.05E-61,-1.730321351,0.041786439,0,0,0,3.97E-60,0.12528449,0
Epi,HMDB0000538,Adenosine triphosphate,Endo,P2RX7,0.018014131,0.582166667,0.030849549,Receptor,-823.2462777,0,-26.02032622,1.12E-114,-1.730321351,0.041786439,0,0,0,3.51E-113,0.12528449,0
Fibro,HMDB0000538,Adenosine triphosphate,Epi,P2RY2,0.011189262,0.572911964,0.051833333,Receptor,-2206.493763,0,-69.74059775,0,-1.730321351,0.041786439,0,0,0,0,0.12528449,0
Endo,HMDB0000538,Adenosine triphosphate,Oligo,P2RX6,0.002451687,0.49833887,0.030534351,Receptor,-334.2422653,0,-10.56438761,4.19E-25,-1.730321351,0.041786439,0,0,0,4.57E-24,0.12528449,0
Myeloid,HMDB0001256,Spermine,Myeloid,SLC22A4,0.154374565,0.621666667,0.031,Transporter,-922.8633151,0,-29.16891963,4.17E-136,-1.730321351,0.041786439,0,0,0,1.51E-134,0.12528449,0
Epi,HMDB0001256,Spermine,Myeloid,SLC22A4,0.122811531,0.488833333,0.031,Transporter,-697.0738024,0,-22.03239568,2.71E-88,-1.730321351,0.041786439,0,0,0,6.96E-87,0.12528449,0
Fibro,HMDB0001256,Spermine,Myeloid,SLC22A4,0.122192131,0.47020316,0.031,Transporter,-699.9356543,0,-22.12285017,7.05E-89,-1.730321351,0.041786439,0,0,0,1.83E-87,0.12528449,0
Myeloid,HMDB0001256,Spermine,Endo,SLC22A4,0.091938612,0.621666667,0.013289037,Transporter,-274.4494964,0,-8.674518938,8.30E-18,-1.730321351,0.041786439,0,0,0,7.26E-17,0.12528449,0
Fibro,HMDB0000538,Adenosine triphosphate,Oligo,P2RX6,0.012193131,0.572911964,0.030534351,Receptor,-1613.807353,0,-51.00757198,1.08E-280,-1.730321351,0.041786439,0,0,0,8.92E-279,0.12528449,0
Fibro,HMDB0000538,Adenosine triphosphate,Oligo,P2RX7,0.09025934,0.572911964,0.20610687,Receptor,-2232.320798,0,-70.55691226,0,-1.730321351,0.041786439,0,0,0,0,0.12528449,0
B,HMDB0000296,Uridine,Fibro,SLC29A1,0.154350775,0.430333333,0.180361174,Transporter,-1716.451554,0,-54.25184491,2.36E-300,-1.730321351,0.041786439,0,0,0,2.13E-298,0.12528449,0
B,HMDB0000517,L-Arginine,Epi,SLC7A2,0.0191666,0.047666667,0.094,Transporter,-171.0169768,0,-5.405329661,4.05E-08,-1.730321351,0.041786439,0,0,0,2.15E-07,0.12528449,0
Myeloid,HMDB0000220,Palmitic acid,Oligo,SLC27A5,0.108449591,0.603333333,0.103816794,Transporter,-564.2472891,0,-17.83415112,2.81E-62,-1.730321351,0.041786439,0,0,0,5.48E-61,0.12528449,0
T,HMDB0000220,Palmitic acid,Oligo,SLC27A5,0.072224991,0.3925,0.103816794,Transporter,-328.6806122,0,-10.38860057,2.23E-24,-1.730321351,0.041786439,0,0,0,2.38E-23,0.12528449,0
pDC,HMDB0000220,Palmitic acid,Oligo,SLC27A5,0.057525884,0.506387921,0.103816794,Transporter,-181.2900871,0,-5.730031624,6.64E-09,-1.730321351,0.041786439,0,0,0,3.74E-08,0.12528449,0
Myeloid,HMDB0000220,Palmitic acid,Epi,SLC27A5,0.057364507,0.603333333,0.0845,Transporter,-565.7247995,0,-17.88085076,1.49E-62,-1.730321351,0.041786439,0,0,0,2.92E-61,0.12528449,0
Endo,HMDB0000538,Adenosine triphosphate,Mast,P2RY1,0.001348978,0.49833887,0.011477762,Receptor,-173.9257773,0,-5.497268054,2.45E-08,-1.730321351,0.041786439,0,0,0,1.33E-07,0.12528449,0
Oligo,HMDB0000122,D-Glucose,Endo,SLC2A3,0.652907645,0.508396947,0.340768866,Transporter,-471.0805827,0,-14.88943317,9.82E-46,-1.730321351,0.041786439,0,0,0,1.54E-44,0.12528449,0
Epi,HMDB0000112,gamma-Aminobutyric acid,Epi,GABRB2,0.056476353,0.745333333,0.018166667,Receptor,-517.5955303,0,-16.35963005,8.81E-54,-1.730321351,0.041786439,0,0,0,1.53E-52,0.12528449,0
pDC,HMDB0000112,gamma-Aminobutyric acid,Epi,GABRB2,0.024954133,0.534262485,0.018166667,Receptor,-131.2717714,0,-4.149103869,1.81E-05,-1.730321351,0.041786439,0,0,0,7.60E-05,0.12528449,0
Myeloid,HMDB0000112,gamma-Aminobutyric acid,Fibro,GABRB2,0.116537869,0.898666667,0.013544018,Receptor,-1005.474454,0,-31.780008,4.99E-154,-1.730321351,0.041786439,0,0,0,2.02E-152,0.12528449,0
Fibro,HMDB0000538,Adenosine triphosphate,Fibro,P2RY11,0.003573517,0.572911964,0.013318284,Receptor,-341.8922101,0,-10.80617924,4.04E-26,-1.730321351,0.041786439,0,0,0,4.53E-25,0.12528449,0
Epi,HMDB0000538,Adenosine triphosphate,Myeloid,P2RX7,0.049725865,0.582166667,0.144666667,Receptor,-2413.812619,0,-76.29332009,0,-1.730321351,0.041786439,0,0,0,0,0.12528449,0
Fibro,HMDB0000538,Adenosine triphosphate,Myeloid,P2RX7,0.043252709,0.572911964,0.144666667,Receptor,-1836.441874,0,-58.0443762,1.3e-322,-1.730321351,0.041786439,0,0,0,1.3285e-320,0.12528449,0
Fibro,HMDB0000122,D-Glucose,pDC,SLC2A3,0.049055048,0.439277652,0.117305459,Transporter,-234.0278769,0,-7.396913737,1.47E-13,-1.730321351,0.041786439,0,0,0,1.08E-12,0.12528449,0
Fibro,HMDB0000122,D-Glucose,Oligo,SLC2A3,0.04727418,0.439277652,0.094656489,Transporter,-228.1600345,0,-7.211448975,5.46E-13,-1.730321351,0.041786439,0,0,0,3.88E-12,0.12528449,0
Epi,HMDB0000112,gamma-Aminobutyric acid,Fibro,GABRB2,0.059459457,0.745333333,0.013544018,Receptor,-447.5411305,0,-14.14542225,7.65E-42,-1.730321351,0.041786439,0,0,0,1.14E-40,0.12528449,0
Epi,HMDB0000538,Adenosine triphosphate,Epi,P2RY2,0.012863835,0.582166667,0.051833333,Receptor,-2749.469829,0,-86.90242983,0,-1.730321351,0.041786439,0,0,0,0,0.12528449,0
Myeloid,HMDB0000112,gamma-Aminobutyric acid,Epi,GABRB2,0.11069112,0.898666667,0.018166667,Receptor,-1174.82765,0,-37.13275059,1.26E-190,-1.730321351,0.041786439,0,0,0,6.41E-189,0.12528449,0
Mast,HMDB0000112,gamma-Aminobutyric acid,Fibro,GABRB2,0.076254851,0.827833572,0.013544018,Receptor,-614.0755221,0,-19.40907094,9.32E-72,-1.730321351,0.041786439,0,0,0,2.04E-70,0.12528449,0
Mast,HMDB0000112,gamma-Aminobutyric acid,Epi,GABRB2,0.072429116,0.827833572,0.018166667,Receptor,-709.738965,0,-22.43270319,6.94E-91,-1.730321351,0.041786439,0,0,0,1.83E-89,0.12528449,0
Fibro,HMDB0000123,Glycine,Myeloid,SLC16A10,0.025411526,0.332731377,0.141166667,Transporter,-407.3673378,0,-12.8756501,1.64E-35,-1.730321351,0.041786439,0,0,0,2.21E-34,0.12528449,0
Epi,HMDB0001358,Retinal,Myeloid,RXRB,0.070291369,0.596333333,0.081666667,Nuclear Receptor,-664.0636903,0,-20.98904583,1.28E-81,-1.730321351,0.041786439,0,0,0,3.10E-80,0.12528449,0
B,HMDB0001358,Retinal,Oligo,RXRB,0.050539222,0.167833333,0.13129771,Nuclear Receptor,-348.8100128,0,-11.02483007,4.70E-27,-1.730321351,0.041786439,0,0,0,5.37E-26,0.12528449,0
pDC,HMDB0001358,Retinal,Epi,RXRB,0.049121694,0.284552846,0.152166667,Nuclear Receptor,-211.0697618,0,-6.671277119,2.10E-11,-1.730321351,0.041786439,0,0,0,1.37E-10,0.12528449,0
pDC,HMDB0001358,Retinal,B,RXRB,0.030616388,0.284552846,0.045666667,Nuclear Receptor,-174.1964412,0,-5.50582292,2.34E-08,-1.730321351,0.041786439,0,0,0,1.27E-07,0.12528449,0
pDC,HMDB0003178,Heme,Myeloid,SLC46A1,0.024264381,0.160278746,0.062833333,Transporter,-438.8968383,0,-13.8722023,1.91E-40,-1.730321351,0.041786439,0,0,0,2.78E-39,0.12528449,0
T,HMDB0001358,Retinal,pDC,RXRB,0.047298512,0.281666667,0.068524971,Nuclear Receptor,-369.9914397,0,-11.69431095,5.31E-30,-1.730321351,0.041786439,0,0,0,6.48E-29,0.12528449,0
T,HMDB0001358,Retinal,B,RXRB,0.045664938,0.281666667,0.045666667,Nuclear Receptor,-530.2631034,0,-16.76001374,4.76E-56,-1.730321351,0.041786439,0,0,0,8.54E-55,0.12528449,0
NK,HMDB0001358,Retinal,pDC,RXRB,0.045429394,0.2615,0.068524971,Nuclear Receptor,-359.8260549,0,-11.37301386,1.43E-28,-1.730321351,0.041786439,0,0,0,1.69E-27,0.12528449,0
B,HMDB0001358,Retinal,NK,RXRB,0.032124672,0.167833333,0.053333333,Nuclear Receptor,-439.3789497,0,-13.88744039,1.59E-40,-1.730321351,0.041786439,0,0,0,2.33E-39,0.12528449,0
T,HMDB0001358,Retinal,Endo,RXRB,0.098327812,0.281666667,0.118652112,Nuclear Receptor,-697.0877124,0,-22.03283534,2.69E-88,-1.730321351,0.041786439,0,0,0,6.92E-87,0.12528449,0
NK,HMDB0001358,Retinal,Fibro,RXRB,0.10129023,0.2615,0.160496614,Nuclear Receptor,-809.9976832,0,-25.60157819,7.38E-112,-1.730321351,0.041786439,0,0,0,2.27E-110,0.12528449,0
T,HMDB0001358,Retinal,Mast,RXRB,0.04492905,0.281666667,0.047632712,Nuclear Receptor,-488.4979206,0,-15.43994257,1.08E-48,-1.730321351,0.041786439,0,0,0,1.75E-47,0.12528449,0
NK,HMDB0001358,Retinal,T,RXRB,0.050648576,0.2615,0.056,Nuclear Receptor,-544.5256636,0,-17.21081016,1.23E-58,-1.730321351,0.041786439,0,0,0,2.27E-57,0.12528449,0
T,HMDB0001358,Retinal,Epi,RXRB,0.073265962,0.281666667,0.152166667,Nuclear Receptor,-666.782586,0,-21.0749819,3.65E-82,-1.730321351,0.041786439,0,0,0,8.83E-81,0.12528449,0
pDC,HMDB0003178,Heme,Myeloid,LRP1,0.264775061,0.160278746,0.470666667,Transporter,-525.0552062,0,-16.59540786,4.11E-55,-1.730321351,0.041786439,0,0,0,7.25E-54,0.12528449,0
Mast,HMDB0003178,Heme,Fibro,LRP1,0.167745605,0.089526542,0.578781038,Transporter,-759.1211815,0,-23.99352577,4.01E-101,-1.730321351,0.041786439,0,0,0,1.16E-99,0.12528449,0
Mast,HMDB0003178,Heme,Myeloid,LRP1,0.096383734,0.089526542,0.470666667,Transporter,-645.1876232,0,-20.39243041,7.39E-78,-1.730321351,0.041786439,0,0,0,1.72E-76,0.12528449,0
pDC,HMDB0003178,Heme,pDC,LRP1,0.010176576,0.160278746,0.018583043,Transporter,-187.4192236,0,-5.923755102,2.16E-09,-1.730321351,0.041786439,0,0,0,1.26E-08,0.12528449,0
pDC,HMDB0003178,Heme,Endo,LRP1,0.010053441,0.160278746,0.017085904,Transporter,-219.5501457,0,-6.939316419,3.54E-12,-1.730321351,0.041786439,0,0,0,2.40E-11,0.12528449,0
Mast,HMDB0003178,Heme,Oligo,LRP1,0.006755711,0.089526542,0.024427481,Transporter,-275.9575605,0,-8.722184285,5.62E-18,-1.730321351,0.041786439,0,0,0,4.95E-17,0.12528449,0
Epi,HMDB0001358,Retinal,pDC,RXRB,0.080329424,0.596333333,0.068524971,Nuclear Receptor,-479.583229,0,-15.15817612,3.59E-47,-1.730321351,0.041786439,0,0,0,5.73E-46,0.12528449,0
Oligo,HMDB0001358,Retinal,NK,RXRB,0.086521193,0.432061069,0.053333333,Nuclear Receptor,-250.4602919,0,-7.916292702,3.24E-15,-1.730321351,0.041786439,0,0,0,2.58E-14,0.12528449,0
Epi,HMDB0001358,Retinal,T,RXRB,0.089558116,0.596333333,0.056,Nuclear Receptor,-764.5149199,0,-24.16400554,2.97E-102,-1.730321351,0.041786439,0,0,0,8.68E-101,0.12528449,0
NK,HMDB0001358,Retinal,Oligo,RXRB,0.09272481,0.2615,0.13129771,Nuclear Receptor,-506.8873546,0,-16.02117699,6.88E-52,-1.730321351,0.041786439,0,0,0,1.17E-50,0.12528449,0
pDC,HMDB0000097,Choline,Epi,SLC44A4,0.958348574,0.826945412,0.250333333,Transporter,-6080.613863,0,-192.1898229,0,-1.730321351,0.041786439,0,0,0,0,0.12528449,0
Epi,HMDB0001358,Retinal,Mast,RXRB,0.076305249,0.596333333,0.047632712,Nuclear Receptor,-635.3706831,0,-20.08214661,6.42E-76,-1.730321351,0.041786439,0,0,0,1.46E-74,0.12528449,0
Epi,HMDB0001358,Retinal,B,RXRB,0.077555044,0.596333333,0.045666667,Nuclear Receptor,-690.2564958,0,-21.81692123,6.61E-87,-1.730321351,0.041786439,0,0,0,1.68E-85,0.12528449,0
pDC,HMDB0000097,Choline,Fibro,SLC44A4,0.079118503,0.826945412,0.024153499,Transporter,-236.3932355,0,-7.471675572,8.63E-14,-1.730321351,0.041786439,0,0,0,6.42E-13,0.12528449,0
Myeloid,HMDB0000097,Choline,Endo,SLC44A4,0.059511461,0.719666667,0.016611296,Transporter,-123.6304082,0,-3.907583477,4.98E-05,-1.730321351,0.041786439,0,0,0,0.000200118,0.12528449,0
NK,HMDB0000097,Choline,Epi,SLC44A4,0.058854401,0.1565,0.250333333,Transporter,-196.2657521,0,-6.203367124,4.04E-10,-1.730321351,0.041786439,0,0,0,2.46E-09,0.12528449,0
Oligo,HMDB0001358,Retinal,Epi,RXRB,0.103301853,0.432061069,0.152166667,Nuclear Receptor,-280.9972614,0,-8.881473995,1.50E-18,-1.730321351,0.041786439,0,0,0,1.36E-17,0.12528449,0
pDC,HMDB0001358,Retinal,Fibro,RXRB,0.070704845,0.284552846,0.160496614,Nuclear Receptor,-255.3014435,0,-8.06930687,1.01E-15,-1.730321351,0.041786439,0,0,0,8.21E-15,0.12528449,0
Epi,HMDB0001358,Retinal,NK,RXRB,0.10421826,0.596333333,0.053333333,Nuclear Receptor,-841.6891954,0,-26.60325109,1.28E-118,-1.730321351,0.041786439,0,0,0,4.14E-117,0.12528449,0
NK,HMDB0001358,Retinal,Epi,RXRB,0.070370675,0.2615,0.152166667,Nuclear Receptor,-647.7320683,0,-20.47285263,2.31E-78,-1.730321351,0.041786439,0,0,0,5.41E-77,0.12528449,0
T,HMDB0001358,Retinal,Fibro,RXRB,0.105457651,0.281666667,0.160496614,Nuclear Receptor,-838.4725914,0,-26.50158396,6.25E-118,-1.730321351,0.041786439,0,0,0,2.00E-116,0.12528449,0
pDC,HMDB0003178,Heme,Fibro,LRP1,0.460812744,0.160278746,0.578781038,Transporter,-742.4735976,0,-23.46734597,1.19E-97,-1.730321351,0.041786439,0,0,0,3.34E-96,0.12528449,0
pDC,HMDB0001358,Retinal,Mast,RXRB,0.030123007,0.284552846,0.047632712,Nuclear Receptor,-172.2090358,0,-5.443007046,3.30E-08,-1.730321351,0.041786439,0,0,0,1.76E-07,0.12528449,0
Myeloid,HMDB0000097,Choline,Epi,SLC44A4,0.638705924,0.719666667,0.250333333,Transporter,-6395.791045,0,-202.1516208,0,-1.730321351,0.041786439,0,0,0,0,0.12528449,0
Epi,HMDB0000097,Choline,Epi,SLC44A4,0.189842591,0.4765,0.250333333,Transporter,-1649.196761,0,-52.12612419,1.55E-287,-1.730321351,0.041786439,0,0,0,1.32E-285,0.12528449,0
T,HMDB0000097,Choline,Epi,SLC44A4,0.051190972,0.163833333,0.250333333,Transporter,-119.5674944,0,-3.779167052,8.33E-05,-1.730321351,0.041786439,0,0,0,0.00032814,0.12528449,0
Oligo,HMDB0000097,Choline,Epi,SLC44A4,0.136275531,0.41221374,0.250333333,Transporter,-580.694786,0,-18.35400678,2.31E-65,-1.730321351,0.041786439,0,0,0,4.70E-64,0.12528449,0
B,HMDB0000097,Choline,Epi,SLC44A4,0.124883265,0.229833333,0.250333333,Transporter,-910.0356538,0,-28.76347604,2.49E-133,-1.730321351,0.041786439,0,0,0,8.82E-132,0.12528449,0
pDC,HMDB0000097,Choline,Endo,SLC44A4,0.089294183,0.826945412,0.016611296,Transporter,-250.6153796,0,-7.921194554,3.12E-15,-1.730321351,0.041786439,0,0,0,2.49E-14,0.12528449,0
T,HMDB0001358,Retinal,Myeloid,RXRB,0.041388037,0.281666667,0.081666667,Nuclear Receptor,-504.925872,0,-15.95918045,1.52E-51,-1.730321351,0.041786439,0,0,0,2.56E-50,0.12528449,0
pDC,HMDB0001358,Retinal,NK,RXRB,0.041142221,0.284552846,0.053333333,Nuclear Receptor,-196.389569,0,-6.207280604,3.95E-10,-1.730321351,0.041786439,0,0,0,2.40E-09,0.12528449,0
NK,HMDB0001358,Retinal,Myeloid,RXRB,0.039752485,0.2615,0.081666667,Nuclear Receptor,-503.3912859,0,-15.91067683,2.82E-51,-1.730321351,0.041786439,0,0,0,4.74E-50,0.12528449,0
pDC,HMDB0001358,Retinal,pDC,RXRB,0.03171163,0.284552846,0.068524971,Nuclear Receptor,-159.5732609,0,-5.043628397,2.71E-07,-1.730321351,0.041786439,0,0,0,1.35E-06,0.12528449,0
pDC,HMDB0003178,Heme,Epi,SLC46A1,0.019717981,0.160278746,0.062166667,Transporter,-410.2921815,0,-12.96809557,5.87E-36,-1.730321351,0.041786439,0,0,0,7.94E-35,0.12528449,0
Mast,HMDB0003178,Heme,Oligo,SLC46A1,0.006998937,0.089526542,0.036641221,Transporter,-151.802378,0,-4.798014279,9.23E-07,-1.730321351,0.041786439,0,0,0,4.41E-06,0.12528449,0
Mast,HMDB0003178,Heme,Fibro,SLC46A1,0.004311106,0.089526542,0.031602709,Transporter,-302.7233187,0,-9.568168992,4.11E-21,-1.730321351,0.041786439,0,0,0,4.01E-20,0.12528449,0
Endo,HMDB0006219,13-cis-Retinoic acid,NK,RXRB,0.22998682,0.2078785,0.053333333,Nuclear Receptor,-113.6258963,0,-3.591371099,0.000172479,-1.730321351,0.041786439,0,0,0,0.00065546,0.12528449,0
Mast,HMDB0006219,13-cis-Retinoic acid,pDC,RXRB,0.322172456,0.307890961,0.068524971,Nuclear Receptor,-173.5129629,0,-5.484220239,2.63E-08,-1.730321351,0.041786439,0,0,0,1.42E-07,0.12528449,0
T,HMDB0001358,Retinal,T,RXRB,0.052732429,0.281666667,0.056,Nuclear Receptor,-572.4242522,0,-18.09260021,8.32E-64,-1.730321351,0.041786439,0,0,0,1.66E-62,0.12528449,0
pDC,HMDB0001358,Retinal,Endo,RXRB,0.065924593,0.284552846,0.118652112,Nuclear Receptor,-237.4663669,0,-7.505594012,6.76E-14,-1.730321351,0.041786439,0,0,0,5.06E-13,0.12528449,0
NK,HMDB0001358,Retinal,B,RXRB,0.043860374,0.2615,0.045666667,Nuclear Receptor,-517.5266091,0,-16.35745166,9.06E-54,-1.730321351,0.041786439,0,0,0,1.57E-52,0.12528449,0
pDC,HMDB0001358,Retinal,Oligo,RXRB,0.064725822,0.284552846,0.13129771,Nuclear Receptor,-220.9531994,0,-6.983662705,2.62E-12,-1.730321351,0.041786439,0,0,0,1.79E-11,0.12528449,0
Oligo,HMDB0001358,Retinal,Oligo,RXRB,0.136116992,0.432061069,0.13129771,Nuclear Receptor,-313.4005877,0,-9.905645186,1.98E-22,-1.730321351,0.041786439,0,0,0,1.99E-21,0.12528449,0
pDC,HMDB0001358,Retinal,T,RXRB,0.035354838,0.284552846,0.056,Nuclear Receptor,-184.0734467,0,-5.818005209,4.01E-09,-1.730321351,0.041786439,0,0,0,2.29E-08,0.12528449,0
B,HMDB0001358,Retinal,Epi,RXRB,0.038355206,0.167833333,0.152166667,Nuclear Receptor,-491.4903676,0,-15.53452477,3.29E-49,-1.730321351,0.041786439,0,0,0,5.39E-48,0.12528449,0
Mast,HMDB0003178,Heme,Epi,SLC46A1,0.007177763,0.089526542,0.062166667,Transporter,-406.7261492,0,-12.85538407,2.06E-35,-1.730321351,0.041786439,0,0,0,2.76E-34,0.12528449,0
B,HMDB0000148,L-Glutamic acid,Oligo,GRIA3,0.00481782,0.388,0.111450382,Receptor,-137.9534155,0,-4.360290439,7.17E-06,-1.730321351,0.041786439,0,0,0,3.14E-05,0.12528449,0
B,HMDB0000148,L-Glutamic acid,Oligo,GRIA2,0.006583858,0.388,0.128244275,Receptor,-154.5919619,0,-4.886184594,5.98E-07,-1.730321351,0.041786439,0,0,0,2.90E-06,0.12528449,0
B,HMDB0000148,L-Glutamic acid,Oligo,GRIA4,0.001723447,0.388,0.047328244,Receptor,-84.70071285,0,-2.677133488,0.003773604,-1.730321351,0.041786439,0,0,0,0.012261343,0.12528449,0
Epi,HMDB0001358,Retinal,Oligo,RXRG,0.058872649,0.596333333,0.047328244,Nuclear Receptor,-1098.031035,0,-34.70544172,4.30E-174,-1.730321351,0.041786439,0,0,0,1.98E-172,0.12528449,0
Oligo,HMDB0001358,Retinal,Oligo,RXRG,0.048875617,0.432061069,0.047328244,Nuclear Receptor,-844.3903265,0,-26.68862568,3.38E-119,-1.730321351,0.041786439,0,0,0,1.10E-117,0.12528449,0
Epi,HMDB0001358,Retinal,Endo,RXRG,0.04483429,0.596333333,0.025628856,Nuclear Receptor,-1458.029129,0,-46.08389323,8.87E-250,-1.730321351,0.041786439,0,0,0,6.17E-248,0.12528449,0
Oligo,HMDB0001358,Retinal,Endo,RXRG,0.03722108,0.432061069,0.025628856,Nuclear Receptor,-898.65814,0,-28.40386722,7.15E-131,-1.730321351,0.041786439,0,0,0,2.48E-129,0.12528449,0
Myeloid,HMDB0001852,all-trans-Retinoic acid,B,RXRB,0.254809815,0.360333333,0.045666667,Nuclear Receptor,-232.9987674,0,-7.364386697,1.86E-13,-1.730321351,0.041786439,0,0,0,1.36E-12,0.12528449,0
Mast,HMDB0006219,13-cis-Retinoic acid,Epi,RXRB,0.499048992,0.307890961,0.152166667,Nuclear Receptor,-916.655868,0,-28.97272099,9.20E-135,-1.730321351,0.041786439,0,0,0,3.29E-133,0.12528449,0
Fibro,HMDB0006219,13-cis-Retinoic acid,Endo,RXRB,0.913645277,0.441309255,0.118652112,Nuclear Receptor,-1467.711605,0,-46.38992703,9.77E-252,-1.730321351,0.041786439,0,0,0,6.85E-250,0.12528449,0
Mast,HMDB0006219,13-cis-Retinoic acid,B,RXRB,0.311045412,0.307890961,0.045666667,Nuclear Receptor,-371.6586429,0,-11.7470062,3.08E-30,-1.730321351,0.041786439,0,0,0,3.76E-29,0.12528449,0
NK,HMDB0001358,Retinal,Endo,RXRB,0.094442144,0.2615,0.118652112,Nuclear Receptor,-677.6416236,0,-21.41820325,2.38E-84,-1.730321351,0.041786439,0,0,0,5.85E-83,0.12528449,0
Epi,HMDB0001358,Retinal,Fibro,RXRB,0.179103993,0.596333333,0.160496614,Nuclear Receptor,-1209.162109,0,-38.21795905,5.74E-198,-1.730321351,0.041786439,0,0,0,3.02E-196,0.12528449,0
Oligo,HMDB0001358,Retinal,T,RXRB,0.074350455,0.432061069,0.056,Nuclear Receptor,-228.5409113,0,-7.223487341,5.02E-13,-1.730321351,0.041786439,0,0,0,3.57E-12,0.12528449,0
Myeloid,HMDB0006219,13-cis-Retinoic acid,T,RXRB,0.294702811,0.360333333,0.056,Nuclear Receptor,-350.5808406,0,-11.08080059,2.70E-27,-1.730321351,0.041786439,0,0,0,3.09E-26,0.12528449,0
Mast,HMDB0006219,13-cis-Retinoic acid,Myeloid,RXRB,0.281913421,0.307890961,0.081666667,Nuclear Receptor,-279.7889323,0,-8.843282367,2.07E-18,-1.730321351,0.041786439,0,0,0,1.86E-17,0.12528449,0
Endo,HMDB0006219,13-cis-Retinoic acid,Epi,RXRB,0.274592429,0.2078785,0.152166667,Nuclear Receptor,-218.3464838,0,-6.901272305,4.57E-12,-1.730321351,0.041786439,0,0,0,3.08E-11,0.12528449,0
Myeloid,HMDB0006219,13-cis-Retinoic acid,B,RXRB,0.255205116,0.360333333,0.045666667,Nuclear Receptor,-228.4897469,0,-7.22187019,5.08E-13,-1.730321351,0.041786439,0,0,0,3.61E-12,0.12528449,0
Fibro,HMDB0006219,13-cis-Retinoic acid,Mast,RXRB,0.417473083,0.441309255,0.047632712,Nuclear Receptor,-576.8271631,0,-18.23176291,1.24E-64,-1.730321351,0.041786439,0,0,0,2.50E-63,0.12528449,0
Myeloid,HMDB0006219,13-cis-Retinoic acid,Epi,RXRB,0.409457433,0.360333333,0.152166667,Nuclear Receptor,-713.7206165,0,-22.55855115,1.06E-91,-1.730321351,0.041786439,0,0,0,2.80E-90,0.12528449,0
Epi,HMDB0006219,13-cis-Retinoic acid,Fibro,RXRB,0.234204501,0.162166667,0.160496614,Nuclear Receptor,-141.4546796,0,-4.470954813,4.34E-06,-1.730321351,0.041786439,0,0,0,1.95E-05,0.12528449,0
Fibro,HMDB0006219,13-cis-Retinoic acid,T,RXRB,0.489980743,0.441309255,0.056,Nuclear Receptor,-919.4581838,0,-29.06129372,2.28E-135,-1.730321351,0.041786439,0,0,0,8.16E-134,0.12528449,0
Oligo,HMDB0001358,Retinal,Endo,RXRB,0.138637983,0.432061069,0.118652112,Nuclear Receptor,-337.9363879,0,-10.68114766,1.36E-25,-1.730321351,0.041786439,0,0,0,1.51E-24,0.12528449,0
Oligo,HMDB0001358,Retinal,B,RXRB,0.064385597,0.432061069,0.045666667,Nuclear Receptor,-211.5220231,0,-6.685571731,1.91E-11,-1.730321351,0.041786439,0,0,0,1.25E-10,0.12528449,0
Oligo,HMDB0001358,Retinal,Mast,RXRB,0.063348028,0.432061069,0.047632712,Nuclear Receptor,-205.5246587,0,-6.496013172,6.49E-11,-1.730321351,0.041786439,0,0,0,4.12E-10,0.12528449,0
T,HMDB0001358,Retinal,NK,RXRB,0.061364421,0.281666667,0.053333333,Nuclear Receptor,-602.4541155,0,-19.04175341,1.64E-69,-1.730321351,0.041786439,0,0,0,3.50E-68,0.12528449,0
NK,HMDB0001358,Retinal,NK,RXRB,0.058939454,0.2615,0.053333333,Nuclear Receptor,-600.4438552,0,-18.97821516,3.99E-69,-1.730321351,0.041786439,0,0,0,8.49E-68,0.12528449,0
Oligo,HMDB0001358,Retinal,Myeloid,RXRB,0.05835535,0.432061069,0.081666667,Nuclear Receptor,-200.4422199,0,-6.335372646,1.79E-10,-1.730321351,0.041786439,0,0,0,1.11E-09,0.12528449,0
B,HMDB0001358,Retinal,Fibro,RXRB,0.055207764,0.167833333,0.160496614,Nuclear Receptor,-545.9965395,0,-17.2573001,6.60E-59,-1.730321351,0.041786439,0,0,0,1.23E-57,0.12528449,0
Myeloid,HMDB0006219,13-cis-Retinoic acid,Myeloid,RXRB,0.231303034,0.360333333,0.081666667,Nuclear Receptor,-154.1925704,0,-4.873561034,6.37E-07,-1.730321351,0.041786439,0,0,0,3.08E-06,0.12528449,0
pDC,HMDB0003178,Heme,Oligo,SLC46A1,0.019226728,0.160278746,0.036641221,Transporter,-204.5134239,0,-6.464051097,7.96E-11,-1.730321351,0.041786439,0,0,0,5.03E-10,0.12528449,0
pDC,HMDB0003178,Heme,Fibro,SLC46A1,0.011843009,0.160278746,0.031602709,Transporter,-297.7435537,0,-9.410773671,1.64E-20,-1.730321351,0.041786439,0,0,0,1.57E-19,0.12528449,0
Mast,HMDB0003178,Heme,Myeloid,SLC46A1,0.008832749,0.089526542,0.062833333,Transporter,-402.7019703,0,-12.72819194,8.39E-35,-1.730321351,0.041786439,0,0,0,1.12E-33,0.12528449,0
Epi,HMDB0000292,Xanthine,Oligo,ADORA1,0.19274128,0.265666667,0.236641221,Receptor,-958.1033629,0,-30.28275102,9.59E-144,-1.730321351,0.041786439,0,0,0,3.64E-142,0.12528449,0
Epi,HMDB0000538,Adenosine triphosphate,pDC,P2RY6,0.13718539,0.582166667,0.264808362,Receptor,-4965.794678,0,-156.9537585,0,-1.730321351,0.041786439,0,0,0,0,0.12528449,0
Endo,HMDB0000538,Adenosine triphosphate,Myeloid,P2RY6,0.005928786,0.49833887,0.087666667,Receptor,-328.2220819,0,-10.37410781,2.56E-24,-1.730321351,0.041786439,0,0,0,2.73E-23,0.12528449,0
Myeloid,HMDB0000292,Xanthine,Oligo,ADORA1,0.678591727,0.477166667,0.236641221,Receptor,-3599.397023,0,-113.7660591,0,-1.730321351,0.041786439,0,0,0,0,0.12528449,0
Endo,HMDB0000292,Xanthine,Oligo,ADORA1,0.528503853,0.276222117,0.236641221,Receptor,-2732.825712,0,-86.37635959,0,-1.730321351,0.041786439,0,0,0,0,0.12528449,0
Mast,HMDB0000292,Xanthine,Oligo,ADORA1,0.46315317,0.220086083,0.236641221,Receptor,-2400.910665,0,-75.88552832,0,-1.730321351,0.041786439,0,0,0,0,0.12528449,0
T,HMDB0000292,Xanthine,Oligo,ADORA1,0.36455557,0.181833333,0.236641221,Receptor,-1868.051104,0,-59.04344839,0,-1.730321351,0.041786439,0,0,0,0,0.12528449,0
Fibro,HMDB0000538,Adenosine triphosphate,Endo,P2RY6,0.006379092,0.572911964,0.016136687,Receptor,-423.4183012,0,-13.38297253,5.43E-38,-1.730321351,0.041786439,0,0,0,7.61E-37,0.12528449,0
Epi,HMDB0000538,Adenosine triphosphate,Fibro,P2RY6,0.003190189,0.582166667,0.010835214,Receptor,-361.9164556,0,-11.43908511,7.32E-29,-1.730321351,0.041786439,0,0,0,8.72E-28,0.12528449,0
Fibro,HMDB0000538,Adenosine triphosphate,Fibro,P2RY6,0.002774901,0.572911964,0.010835214,Receptor,-310.4997408,0,-9.813958186,4.55E-22,-1.730321351,0.041786439,0,0,0,4.54E-21,0.12528449,0
Endo,HMDB0000538,Adenosine triphosphate,Epi,P2RY6,0.0027745,0.49833887,0.0565,Receptor,-219.6233711,0,-6.941630852,3.48E-12,-1.730321351,0.041786439,0,0,0,2.36E-11,0.12528449,0
Endo,HMDB0000538,Adenosine triphosphate,Endo,P2RY6,0.001282651,0.49833887,0.016136687,Receptor,-148.6046832,0,-4.696944813,1.50E-06,-1.730321351,0.041786439,0,0,0,7.08E-06,0.12528449,0
Fibro,HMDB0000538,Adenosine triphosphate,pDC,P2RY6,0.119327031,0.572911964,0.264808362,Receptor,-4170.112921,0,-131.8046635,0,-1.730321351,0.041786439,0,0,0,0,0.12528449,0
Oligo,HMDB0000292,Xanthine,Oligo,ADORA1,0.147357471,0.102290076,0.236641221,Receptor,-675.3193428,0,-21.34480298,6.99E-84,-1.730321351,0.041786439,0,0,0,1.71E-82,0.12528449,0
Myeloid,HMDB0000292,Xanthine,Epi,ADORA1,0.060632162,0.477166667,0.043666667,Receptor,-746.6558474,0,-23.59953424,1.61E-98,-1.730321351,0.041786439,0,0,0,4.53E-97,0.12528449,0
Endo,HMDB0000292,Xanthine,Epi,ADORA1,0.047221812,0.276222117,0.043666667,Receptor,-490.3655821,0,-15.4989737,5.14E-49,-1.730321351,0.041786439,0,0,0,8.40E-48,0.12528449,0
T,HMDB0000292,Xanthine,Epi,ADORA1,0.032573035,0.181833333,0.043666667,Receptor,-281.1413167,0,-8.886027149,1.45E-18,-1.730321351,0.041786439,0,0,0,1.31E-17,0.12528449,0
NK,HMDB0000292,Xanthine,Epi,ADORA1,0.029819301,0.146666667,0.043666667,Receptor,-231.4457019,0,-7.31529899,2.63E-13,-1.730321351,0.041786439,0,0,0,1.90E-12,0.12528449,0
Fibro,HMDB0000285,Uridine triphosphate,Epi,P2RY6,0.028669425,0.558465011,0.0565,Receptor,-941.3136945,0,-29.75208035,4.20E-140,-1.730321351,0.041786439,0,0,0,1.56E-138,0.12528449,0
Epi,HMDB0000285,Uridine triphosphate,Endo,P2RY6,0.016696822,0.570666667,0.016136687,Receptor,-538.0364547,0,-17.00570588,1.87E-57,-1.730321351,0.041786439,0,0,0,3.41E-56,0.12528449,0
Fibro,HMDB0000285,Uridine triphosphate,Endo,P2RY6,0.013253876,0.558465011,0.016136687,Receptor,-442.6585357,0,-13.99109819,4.73E-41,-1.730321351,0.041786439,0,0,0,6.94E-40,0.12528449,0
Epi,HMDB0000285,Uridine triphosphate,Fibro,P2RY6,0.007263106,0.570666667,0.010835214,Receptor,-413.141532,0,-13.05815492,2.14E-36,-1.730321351,0.041786439,0,0,0,2.92E-35,0.12528449,0
Fibro,HMDB0000285,Uridine triphosphate,Fibro,P2RY6,0.005765427,0.558465011,0.010835214,Receptor,-338.3083842,0,-10.69290534,1.21E-25,-1.730321351,0.041786439,0,0,0,1.35E-24,0.12528449,0
NK,HMDB0000292,Xanthine,Oligo,ADORA1,0.33373593,0.146666667,0.236641221,Receptor,-1711.654836,0,-54.10023514,1.90E-299,-1.730321351,0.041786439,0,0,0,1.71E-297,0.12528449,0
Fibro,HMDB0000285,Uridine triphosphate,pDC,P2RY6,0.247926457,0.558465011,0.264808362,Receptor,-4122.311736,0,-130.2938125,0,-1.730321351,0.041786439,0,0,0,0,0.12528449,0
Oligo,HMDB0000122,D-Glucose,T,SLC2A8,0.014557944,0.508396947,0.012166667,Transporter,-152.9871968,0,-4.835462819,7.69E-07,-1.730321351,0.041786439,0,0,0,3.69E-06,0.12528449,0
Fibro,HMDB0000122,D-Glucose,NK,SLC2A8,0.013520424,0.439277652,0.0215,Transporter,-389.2710253,0,-12.30368037,8.54E-33,-1.730321351,0.041786439,0,0,0,1.09E-31,0.12528449,0
Fibro,HMDB0000122,D-Glucose,Mast,SLC2A8,0.011815726,0.439277652,0.021233859,Transporter,-340.2612022,0,-10.75462801,6.67E-26,-1.730321351,0.041786439,0,0,0,7.44E-25,0.12528449,0
Oligo,HMDB0000122,D-Glucose,Mast,SLC2A8,0.035942971,0.508396947,0.021233859,Transporter,-291.1336645,0,-9.201855054,1.00E-19,-1.730321351,0.041786439,0,0,0,9.39E-19,0.12528449,0
Endo,HMDB0000122,D-Glucose,Endo,SLC2A8,0.022336781,0.35168486,0.079734219,Transporter,-367.3623721,0,-11.61121407,1.25E-29,-1.730321351,0.041786439,0,0,0,1.52E-28,0.12528449,0
Endo,HMDB0000538,Adenosine triphosphate,B,P2RY11,0.001219929,0.49833887,0.0115,Receptor,-162.5750981,0,-5.138507397,1.66E-07,-1.730321351,0.041786439,0,0,0,8.42E-07,0.12528449,0
Epi,HMDB0000538,Adenosine triphosphate,NK,P2RY11,0.019810844,0.582166667,0.027,Receptor,-1300.98504,0,-41.12020433,2.16E-217,-1.730321351,0.041786439,0,0,0,1.27E-215,0.12528449,0
Fibro,HMDB0000538,Adenosine triphosphate,NK,P2RY11,0.017231931,0.572911964,0.027,Receptor,-1069.523582,0,-33.80440732,6.34E-168,-1.730321351,0.041786439,0,0,0,2.81E-166,0.12528449,0
Endo,HMDB0000538,Adenosine triphosphate,T,P2RY11,0.001654906,0.49833887,0.014833333,Receptor,-176.5446283,0,-5.580042017,1.55E-08,-1.730321351,0.041786439,0,0,0,8.53E-08,0.12528449,0
Fibro,HMDB0000538,Adenosine triphosphate,T,P2RY11,0.00823045,0.572911964,0.014833333,Receptor,-596.8052184,0,-18.86320885,1.99E-68,-1.730321351,0.041786439,0,0,0,4.19E-67,0.12528449,0
Epi,HMDB0000285,Uridine triphosphate,pDC,P2RY6,0.312330061,0.570666667,0.264808362,Receptor,-5551.836164,0,-175.4767583,0,-1.730321351,0.041786439,0,0,0,0,0.12528449,0
Fibro,HMDB0000292,Xanthine,Oligo,ADORA1,0.251134676,0.19503386,0.236641221,Receptor,-1264.716252,0,-39.97385757,9.29E-210,-1.730321351,0.041786439,0,0,0,5.18E-208,0.12528449,0
Epi,HMDB0000285,Uridine triphosphate,Myeloid,P2RY6,0.077177552,0.570666667,0.087666667,Receptor,-2550.845227,0,-80.62450659,0,-1.730321351,0.041786439,0,0,0,0,0.12528449,0
Fibro,HMDB0000285,Uridine triphosphate,Myeloid,P2RY6,0.061263257,0.558465011,0.087666667,Receptor,-1786.859557,0,-56.47722904,1.6428238641e-313,-1.730321351,0.041786439,0,0,0,1.6040551593384e-311,0.12528449,0
Endo,HMDB0000538,Adenosine triphosphate,Endo,P2RY11,0.000970554,0.49833887,0.011390603,Receptor,-140.4707291,0,-4.439855113,5.00E-06,-1.730321351,0.041786439,0,0,0,2.23E-05,0.12528449,0
Endo,HMDB0000538,Adenosine triphosphate,Fibro,P2RY11,0.000718531,0.49833887,0.013318284,Receptor,-142.5993353,0,-4.507133921,3.67E-06,-1.730321351,0.041786439,0,0,0,1.66E-05,0.12528449,0
Fibro,HMDB0000538,Adenosine triphosphate,Endo,P2RY11,0.004826916,0.572911964,0.011390603,Receptor,-350.0008202,0,-11.06246789,3.24E-27,-1.730321351,0.041786439,0,0,0,3.70E-26,0.12528449,0
Endo,HMDB0000538,Adenosine triphosphate,Epi,P2RY11,0.001252562,0.49833887,0.027,Receptor,-162.8554807,0,-5.147369442,1.59E-07,-1.730321351,0.041786439,0,0,0,8.06E-07,0.12528449,0
Epi,HMDB0000538,Adenosine triphosphate,T,P2RY11,0.00946221,0.582166667,0.014833333,Receptor,-725.3014631,0,-22.92458671,4.34E-94,-1.730321351,0.041786439,0,0,0,1.18E-92,0.12528449,0
Epi,HMDB0000285,Uridine triphosphate,Epi,P2RY2,0.029287102,0.570666667,0.051833333,Receptor,-3074.79747,0,-97.18505309,0,-1.730321351,0.041786439,0,0,0,0,0.12528449,0
Fibro,HMDB0000285,Uridine triphosphate,Epi,P2RY2,0.023247994,0.558465011,0.051833333,Receptor,-2237.946522,0,-70.73472438,0,-1.730321351,0.041786439,0,0,0,0,0.12528449,0
Myeloid,HMDB0000097,Choline,Fibro,SLC22A5,0.077020558,0.719666667,0.028216704,Transporter,-807.4164727,0,-25.51999393,2.61E-111,-1.730321351,0.041786439,0,0,0,7.98E-110,0.12528449,0
pDC,HMDB0001514,Glucosamine,B,SLC2A1,0.004054199,0.012775842,0.046,Transporter,-109.2020274,0,-3.451545975,0.000290361,-1.730321351,0.041786439,0,0,0,0.00107361,0.12528449,0
Endo,HMDB0001514,Glucosamine,NK,SLC2A1,0.008720686,0.045087803,0.045333333,Transporter,-193.068527,0,-6.102312504,7.47E-10,-1.730321351,0.041786439,0,0,0,4.48E-09,0.12528449,0
pDC,HMDB0001514,Glucosamine,Oligo,SLC2A1,0.008177968,0.012775842,0.13129771,Transporter,-108.8089868,0,-3.439123149,0.000303853,-1.730321351,0.041786439,0,0,0,0.001120617,0.12528449,0
Endo,HMDB0001514,Glucosamine,B,SLC2A1,0.007766857,0.045087803,0.046,Transporter,-187.2697063,0,-5.919029311,2.22E-09,-1.730321351,0.041786439,0,0,0,1.29E-08,0.12528449,0
Fibro,HMDB0001514,Glucosamine,Myeloid,SLC2A1,0.017816471,0.057336343,0.067666667,Transporter,-318.6971902,0,-10.07305478,4.26E-23,-1.730321351,0.041786439,0,0,0,4.37E-22,0.12528449,0
Endo,HMDB0001514,Glucosamine,Endo,SLC2A1,0.010282153,0.045087803,0.056953014,Transporter,-184.8290899,0,-5.841888805,3.49E-09,-1.730321351,0.041786439,0,0,0,2.00E-08,0.12528449,0
Fibro,HMDB0001514,Glucosamine,NK,SLC2A1,0.017772745,0.057336343,0.045333333,Transporter,-317.6334411,0,-10.03943289,5.81E-23,-1.730321351,0.041786439,0,0,0,5.94E-22,0.12528449,0
Oligo,HMDB0001514,Glucosamine,B,SLC2A1,0.016984042,0.025954198,0.046,Transporter,-122.1200375,0,-3.859845224,6.04E-05,-1.730321351,0.041786439,0,0,0,0.000240705,0.12528449,0
Fibro,HMDB0001514,Glucosamine,B,SLC2A1,0.015828842,0.057336343,0.046,Transporter,-312.6551521,0,-9.88208422,2.45E-22,-1.730321351,0.041786439,0,0,0,2.47E-21,0.12528449,0
pDC,HMDB0001514,Glucosamine,pDC,SLC2A1,0.015712847,0.012775842,0.229965157,Transporter,-128.834618,0,-4.072072815,2.51E-05,-1.730321351,0.041786439,0,0,0,0.000104008,0.12528449,0
Endo,HMDB0001514,Glucosamine,Oligo,SLC2A1,0.015666993,0.045087803,0.13129771,Transporter,-175.6977349,0,-5.553274278,1.80E-08,-1.730321351,0.041786439,0,0,0,9.85E-08,0.12528449,0
pDC,HMDB0001514,Glucosamine,Epi,SLC2A1,0.012337809,0.012775842,0.2275,Transporter,-132.7550288,0,-4.195985152,1.48E-05,-1.730321351,0.041786439,0,0,0,6.27E-05,0.12528449,0
Endo,HMDB0001514,Glucosamine,Myeloid,SLC2A1,0.008742141,0.045087803,0.067666667,Transporter,-188.5606098,0,-5.959830869,1.75E-09,-1.730321351,0.041786439,0,0,0,1.02E-08,0.12528449,0
Fibro,HMDB0001514,Glucosamine,Fibro,SLC2A1,0.011385782,0.057336343,0.063656885,Transporter,-279.3467771,0,-8.829307176,2.32E-18,-1.730321351,0.041786439,0,0,0,2.08E-17,0.12528449,0
Endo,HMDB0001514,Glucosamine,T,SLC2A1,0.005128938,0.045087803,0.033333333,Transporter,-173.3130878,0,-5.477902792,2.72E-08,-1.730321351,0.041786439,0,0,0,1.47E-07,0.12528449,0
Fibro,HMDB0001514,Glucosamine,Mast,SLC2A1,0.004577369,0.057336343,0.013773314,Transporter,-233.0541742,0,-7.366137938,1.84E-13,-1.730321351,0.041786439,0,0,0,1.34E-12,0.12528449,0
pDC,HMDB0001514,Glucosamine,Myeloid,SLC2A1,0.004563284,0.012775842,0.067666667,Transporter,-110.7853851,0,-3.501591125,0.000241469,-1.730321351,0.041786439,0,0,0,0.000902103,0.12528449,0
pDC,HMDB0001514,Glucosamine,NK,SLC2A1,0.004552085,0.012775842,0.045333333,Transporter,-110.9083501,0,-3.505477677,0.000238014,-1.730321351,0.041786439,0,0,0,0.000889897,0.12528449,0
Fibro,HMDB0000097,Choline,Epi,SLC44A4,0.453601588,0.588713318,0.250333333,Transporter,-4229.170123,0,-133.6712831,0,-1.730321351,0.041786439,0,0,0,0,0.12528449,0
Endo,HMDB0000097,Choline,Epi,SLC44A4,0.172695193,0.384432843,0.250333333,Transporter,-1178.716543,0,-37.25566675,1.84E-191,-1.730321351,0.041786439,0,0,0,9.46E-190,0.12528449,0
Epi,HMDB0001358,Retinal,Epi,RXRB,0.12443124,0.596333333,0.152166667,Nuclear Receptor,-967.5318755,0,-30.58075779,8.63E-146,-1.730321351,0.041786439,0,0,0,3.31E-144,0.12528449,0
Oligo,HMDB0001358,Retinal,pDC,RXRB,0.066688866,0.432061069,0.068524971,Nuclear Receptor,-199.6540788,0,-6.310461889,2.09E-10,-1.730321351,0.041786439,0,0,0,1.29E-09,0.12528449,0
B,HMDB0001358,Retinal,Endo,RXRB,0.051475247,0.167833333,0.118652112,Nuclear Receptor,-491.6670774,0,-15.54011004,3.07E-49,-1.730321351,0.041786439,0,0,0,5.03E-48,0.12528449,0
Epi,HMDB0000538,Adenosine triphosphate,Epi,P2RY6,0.015863681,0.582166667,0.0565,Receptor,-1133.273237,0,-35.8193412,1.07E-181,-1.730321351,0.041786439,0,0,0,5.14E-180,0.12528449,0
B,HMDB0000292,Xanthine,Oligo,ADORA1,0.230804093,0.119666667,0.236641221,Receptor,-1151.579155,0,-36.39793594,1.23E-185,-1.730321351,0.041786439,0,0,0,6.06E-184,0.12528449,0
Epi,HMDB0000285,Uridine triphosphate,Epi,P2RY6,0.036116852,0.570666667,0.0565,Receptor,-1305.519064,0,-41.26351112,2.42E-218,-1.730321351,0.041786439,0,0,0,1.43E-216,0.12528449,0
Endo,HMDB0001514,Glucosamine,Mast,SLC2A1,0.002246012,0.045087803,0.013773314,Transporter,-157.0211879,0,-4.962965084,4.08E-07,-1.730321351,0.041786439,0,0,0,2.00E-06,0.12528449,0
pDC,HMDB0001514,Glucosamine,Mast,SLC2A1,0.001172389,0.012775842,0.013773314,Transporter,-100.9808482,0,-3.191699353,0.000729263,-1.730321351,0.041786439,0,0,0,0.002587202,0.12528449,0
Endo,HMDB0001514,Glucosamine,Fibro,SLC2A1,0.005586747,0.045087803,0.063656885,Transporter,-177.0803459,0,-5.596974431,1.41E-08,-1.730321351,0.041786439,0,0,0,7.78E-08,0.12528449,0
pDC,HMDB0001514,Glucosamine,T,SLC2A1,0.002677239,0.012775842,0.033333333,Transporter,-105.7203204,0,-3.341499741,0.000432073,-1.730321351,0.041786439,0,0,0,0.001566958,0.12528449,0
Mast,HMDB0000292,Xanthine,Epi,ADORA1,0.04138273,0.220086083,0.043666667,Receptor,-411.8962158,0,-13.01879425,3.33E-36,-1.730321351,0.041786439,0,0,0,4.53E-35,0.12528449,0
Myeloid,HMDB0000292,Xanthine,Fibro,ADORA1,0.032694745,0.477166667,0.01738149,Receptor,-236.18236,0,-7.465010437,9.05E-14,-1.730321351,0.041786439,0,0,0,6.73E-13,0.12528449,0
Epi,HMDB0000538,Adenosine triphosphate,Myeloid,P2RY6,0.033898858,0.582166667,0.087666667,Receptor,-2149.668624,0,-67.94452689,0,-1.730321351,0.041786439,0,0,0,0,0.12528449,0
Fibro,HMDB0000538,Adenosine triphosphate,Myeloid,P2RY6,0.029486013,0.572911964,0.087666667,Receptor,-1685.955364,0,-53.28795252,1.43E-294,-1.730321351,0.041786439,0,0,0,1.26E-292,0.12528449,0
Endo,HMDB0000538,Adenosine triphosphate,pDC,P2RY6,0.023993222,0.49833887,0.264808362,Receptor,-754.1507665,0,-23.83642598,4.39E-100,-1.730321351,0.041786439,0,0,0,1.25E-98,0.12528449,0
Fibro,HMDB0001852,all-trans-Retinoic acid,Fibro,RXRB,0.976952725,0.441309255,0.160496614,Nuclear Receptor,-2157.294666,0,-68.18556302,0,-1.730321351,0.041786439,0,0,0,0,0.12528449,0
Fibro,HMDB0000538,Adenosine triphosphate,Epi,P2RY6,0.013798597,0.572911964,0.0565,Receptor,-887.5442628,0,-28.05259115,1.79E-128,-1.730321351,0.041786439,0,0,0,6.10E-127,0.12528449,0
Epi,HMDB0000538,Adenosine triphosphate,Endo,P2RY6,0.00733378,0.582166667,0.016136687,Receptor,-486.3744596,0,-15.37282639,2.49E-48,-1.730321351,0.041786439,0,0,0,4.03E-47,0.12528449,0
Myeloid,HMDB0000292,Xanthine,Myeloid,ADORA1,0.027051217,0.477166667,0.019166667,Receptor,-194.154874,0,-6.136648649,6.07E-10,-1.730321351,0.041786439,0,0,0,3.66E-09,0.12528449,0
Endo,HMDB0000292,Xanthine,Fibro,ADORA1,0.025463468,0.276222117,0.01738149,Receptor,-126.4162399,0,-3.995635195,3.46E-05,-1.730321351,0.041786439,0,0,0,0.000141373,0.12528449,0
Fibro,HMDB0000538,Adenosine triphosphate,NK,P2RX5,0.011232405,0.572911964,0.017333333,Receptor,-451.9649476,0,-14.28524573,1.45E-42,-1.730321351,0.041786439,0,0,0,2.18E-41,0.12528449,0
pDC,HMDB0000292,Xanthine,Oligo,ADORA1,0.287079133,0.18815331,0.236641221,Receptor,-1427.641313,0,-45.12342623,1.33E-243,-1.730321351,0.041786439,0,0,0,9.03E-242,0.12528449,0
pDC,HMDB0001514,Glucosamine,Endo,SLC2A1,0.005367151,0.012775842,0.056953014,Transporter,-109.4311969,0,-3.458789331,0.000282755,-1.730321351,0.041786439,0,0,0,0.001046888,0.12528449,0
Oligo,HMDB0001514,Glucosamine,Fibro,SLC2A1,0.012216724,0.025954198,0.063656885,Transporter,-110.1668491,0,-3.482041074,0.000259574,-1.730321351,0.041786439,0,0,0,0.000966359,0.12528449,0
Oligo,HMDB0001514,Glucosamine,T,SLC2A1,0.011215618,0.025954198,0.033333333,Transporter,-108.7400704,0,-3.436944911,0.000306278,-1.730321351,0.041786439,0,0,0,0.001128932,0.12528449,0
Fibro,HMDB0001514,Glucosamine,T,SLC2A1,0.010452768,0.057336343,0.033333333,Transporter,-280.5598868,0,-8.867649908,1.69E-18,-1.730321351,0.041786439,0,0,0,1.52E-17,0.12528449,0
Epi,HMDB0000234,Testosterone,Endo,AR,0.087870486,0.433666667,0.032273374,Nuclear Receptor,-1095.487216,0,-34.6250393,1.52E-173,-1.730321351,0.041786439,0,0,0,6.99E-172,0.12528449,0
Fibro,HMDB0015531,Iron,Myeloid,SLC40A1,1.356379535,0.997742664,0.124333333,Transporter,-321.3869265,0,-10.15806922,1.94E-23,-1.730321351,0.041786439,0,0,0,2.01E-22,0.12528449,0
Myeloid,HMDB0015531,Iron,Endo,SLC40A1,1.277247224,1,0.115804461,Transporter,-131.1457752,0,-4.145121509,1.84E-05,-1.730321351,0.041786439,0,0,0,7.73E-05,0.12528449,0
pDC,HMDB0015531,Iron,Myeloid,SLC40A1,1.258589956,0.99883856,0.124333333,Transporter,-226.580628,0,-7.161528712,7.73E-13,-1.730321351,0.041786439,0,0,0,5.46E-12,0.12528449,0
Endo,HMDB0015531,Iron,Myeloid,SLC40A1,1.18036415,0.994304699,0.124333333,Transporter,-161.4300552,0,-5.102316052,2.01E-07,-1.730321351,0.041786439,0,0,0,1.01E-06,0.12528449,0
NK,HMDB0015531,Iron,Myeloid,SLC40A1,1.118265358,0.992166667,0.124333333,Transporter,-107.7398513,0,-3.405331009,0.000343567,-1.730321351,0.041786439,0,0,0,0.001259506,0.12528449,0
T,HMDB0015531,Iron,Myeloid,SLC40A1,1.109456637,0.993,0.124333333,Transporter,-99.16564795,0,-3.13432636,0.00088637,-1.730321351,0.041786439,0,0,0,0.003109575,0.12528449,0
Epi,HMDB0015531,Iron,Oligo,SLC11A2,5.095833705,0.995,0.26259542,Transporter,-858.6813503,0,-27.14032174,2.92E-122,-1.730321351,0.041786439,0,0,0,9.60E-121,0.12528449,0
T,HMDB0015531,Iron,Myeloid,SLC11A2,1.264070408,0.993,0.148666667,Transporter,-171.4423778,0,-5.418775303,3.76E-08,-1.730321351,0.041786439,0,0,0,2.00E-07,0.12528449,0
Fibro,HMDB0000122,D-Glucose,Endo,SLC2A10,0.023329811,0.439277652,0.049833887,Transporter,-854.4606714,0,-27.00691884,2.35E-121,-1.730321351,0.041786439,0,0,0,7.68E-120,0.12528449,0
pDC,HMDB0000234,Testosterone,Fibro,AR,0.118361038,0.18583043,0.13972912,Nuclear Receptor,-1393.599762,0,-44.04747572,1.24E-236,-1.730321351,0.041786439,0,0,0,8.09E-235,0.12528449,0
Oligo,HMDB0000234,Testosterone,Endo,AR,0.090901061,0.329770992,0.032273374,Nuclear Receptor,-845.5239662,0,-26.72445661,1.93E-119,-1.730321351,0.041786439,0,0,0,6.28E-118,0.12528449,0
pDC,HMDB0001311,D-Lactic acid,Fibro,SLC16A1,0.393582464,0.300813008,0.133634312,Transporter,-700.5356596,0,-22.14181453,5.32E-89,-1.730321351,0.041786439,0,0,0,1.38E-87,0.12528449,0
Myeloid,HMDB0000234,Testosterone,pDC,AR,0.074707496,0.311,0.068524971,Nuclear Receptor,-592.1086594,0,-18.71476481,1.57E-67,-1.730321351,0.041786439,0,0,0,3.29E-66,0.12528449,0
Epi,HMDB0015531,Iron,Myeloid,SLC40A1,1.563875649,0.995,0.124333333,Transporter,-516.0946849,0,-16.31219287,1.63E-53,-1.730321351,0.041786439,0,0,0,2.82E-52,0.12528449,0
NK,HMDB0015531,Iron,Epi,SLC40A1,1.807837058,0.992166667,0.323666667,Transporter,-700.7616717,0,-22.14895808,4.78E-89,-1.730321351,0.041786439,0,0,0,1.24E-87,0.12528449,0
T,HMDB0015531,Iron,Epi,SLC40A1,1.793600609,0.993,0.323666667,Transporter,-685.9891859,0,-21.68204446,4.86E-86,-1.730321351,0.041786439,0,0,0,1.23E-84,0.12528449,0
B,HMDB0015531,Iron,Epi,SLC40A1,1.744365085,0.995666667,0.323666667,Transporter,-642.1614847,0,-20.29678332,2.94E-77,-1.730321351,0.041786439,0,0,0,6.80E-76,0.12528449,0
Oligo,HMDB0015531,Iron,Myeloid,SLC40A1,1.703389232,1,0.124333333,Transporter,-608.9255032,0,-19.24629441,9.26E-71,-1.730321351,0.041786439,0,0,0,2.01E-69,0.12528449,0
Mast,HMDB0015531,Iron,Myeloid,SLC40A1,1.624144322,1,0.124333333,Transporter,-566.2941407,0,-17.89884592,1.17E-62,-1.730321351,0.041786439,0,0,0,2.29E-61,0.12528449,0
Myeloid,HMDB0015531,Iron,Oligo,SLC11A2,6.341564349,1,0.26259542,Transporter,-1118.686379,0,-35.35829473,1.49E-178,-1.730321351,0.041786439,0,0,0,7.01E-177,0.12528449,0
Oligo,HMDB0015531,Iron,Oligo,SLC11A2,5.549001264,1,0.26259542,Transporter,-939.9177518,0,-29.70795882,8.43E-140,-1.730321351,0.041786439,0,0,0,3.12E-138,0.12528449,0
Mast,HMDB0015531,Iron,Oligo,SLC11A2,5.292294232,1,0.26259542,Transporter,-899.0931614,0,-28.41761693,5.76E-131,-1.730321351,0.041786439,0,0,0,2.00E-129,0.12528449,0
Oligo,HMDB0000050,Adenosine,Oligo,ADORA1,0.128508544,0.380152672,0.236641221,Receptor,-1195.12849,0,-37.77439878,5.68E-195,-1.730321351,0.041786439,0,0,0,2.94E-193,0.12528449,0
Fibro,HMDB0015531,Iron,Epi,SLC11A2,1.880717628,0.997742664,0.190166667,Transporter,-582.284572,0,-18.40425511,1.15E-65,-1.730321351,0.041786439,0,0,0,2.36E-64,0.12528449,0
Oligo,HMDB0000234,Testosterone,Epi,AR,0.039943063,0.329770992,0.033166667,Nuclear Receptor,-330.8697053,0,-10.45779119,1.16E-24,-1.730321351,0.041786439,0,0,0,1.25E-23,0.12528449,0
Epi,HMDB0000234,Testosterone,Epi,AR,0.03861139,0.433666667,0.033166667,Nuclear Receptor,-606.1346641,0,-19.15808442,3.20E-70,-1.730321351,0.041786439,0,0,0,6.88E-69,0.12528449,0
pDC,HMDB0000234,Testosterone,Endo,AR,0.038085642,0.18583043,0.032273374,Nuclear Receptor,-274.4782463,0,-8.675427634,8.24E-18,-1.730321351,0.041786439,0,0,0,7.21E-17,0.12528449,0
Fibro,HMDB0000234,Testosterone,pDC,AR,0.029936402,0.181038375,0.068524971,Nuclear Receptor,-150.223578,0,-4.748113183,1.18E-06,-1.730321351,0.041786439,0,0,0,5.58E-06,0.12528449,0
Endo,HMDB0000234,Testosterone,Fibro,AR,0.029846825,0.108685335,0.13972912,Nuclear Receptor,-272.2097261,0,-8.603726569,1.48E-17,-1.730321351,0.041786439,0,0,0,1.28E-16,0.12528449,0
B,HMDB0015531,Iron,Epi,SLC11A2,1.496127762,0.995666667,0.190166667,Transporter,-329.7583584,0,-10.42266487,1.62E-24,-1.730321351,0.041786439,0,0,0,1.74E-23,0.12528449,0
pDC,HMDB0015531,Iron,Myeloid,SLC11A2,1.433980577,0.99883856,0.148666667,Transporter,-276.193382,0,-8.729637888,5.28E-18,-1.730321351,0.041786439,0,0,0,4.66E-17,0.12528449,0
pDC,HMDB0015531,Iron,Mast,SLC11A2,1.430203451,0.99883856,0.07804878,Transporter,-207.9688941,0,-6.573268067,3.96E-11,-1.730321351,0.041786439,0,0,0,2.55E-10,0.12528449,0
Endo,HMDB0015531,Iron,Myeloid,SLC11A2,1.344870143,0.994304699,0.148666667,Transporter,-223.1873692,0,-7.05427806,1.62E-12,-1.730321351,0.041786439,0,0,0,1.12E-11,0.12528449,0
Endo,HMDB0015531,Iron,Mast,SLC11A2,1.341367058,0.994304699,0.07804878,Transporter,-167.936254,0,-5.307957328,6.83E-08,-1.730321351,0.041786439,0,0,0,3.56E-07,0.12528449,0
NK,HMDB0015531,Iron,Myeloid,SLC11A2,1.274100235,0.992166667,0.148666667,Transporter,-178.0407427,0,-5.62732967,1.19E-08,-1.730321351,0.041786439,0,0,0,6.59E-08,0.12528449,0
Epi,HMDB0000050,Adenosine,Epi,ADORA1,0.038917186,0.573166667,0.043666667,Receptor,-1288.12293,0,-40.71367191,1.08E-214,-1.730321351,0.041786439,0,0,0,6.23E-213,0.12528449,0
pDC,HMDB0015531,Iron,Oligo,SLC11A2,4.101175807,0.99883856,0.26259542,Transporter,-649.2306449,0,-20.5202181,1.17E-78,-1.730321351,0.041786439,0,0,0,2.74E-77,0.12528449,0
Myeloid,HMDB0001311,D-Lactic acid,Oligo,SLC16A1,0.444621452,0.3645,0.145038168,Transporter,-430.3497448,0,-13.60205451,4.39E-39,-1.730321351,0.041786439,0,0,0,6.29E-38,0.12528449,0
T,HMDB0001311,D-Lactic acid,Oligo,SLC16A1,0.433321697,0.188166667,0.145038168,Transporter,-414.8256094,0,-13.11138352,1.18E-36,-1.730321351,0.041786439,0,0,0,1.62E-35,0.12528449,0
NK,HMDB0001311,D-Lactic acid,Oligo,SLC16A1,0.411676359,0.156333333,0.145038168,Transporter,-386.8627103,0,-12.22756081,1.93E-32,-1.730321351,0.041786439,0,0,0,2.46E-31,0.12528449,0
Mast,HMDB0001311,D-Lactic acid,Oligo,SLC16A1,0.404899,0.172740316,0.145038168,Transporter,-374.3769016,0,-11.83292214,1.26E-30,-1.730321351,0.041786439,0,0,0,1.55E-29,0.12528449,0
Fibro,HMDB0001311,D-Lactic acid,Oligo,SLC16A1,0.398346045,0.262528217,0.145038168,Transporter,-368.1877083,0,-11.63730045,9.58E-30,-1.730321351,0.041786439,0,0,0,1.16E-28,0.12528449,0
Oligo,HMDB0015531,Iron,Epi,SLC40A1,2.753696099,1,0.323666667,Transporter,-1426.132757,0,-45.07574533,2.70E-243,-1.730321351,0.041786439,0,0,0,1.83E-241,0.12528449,0
Epi,HMDB0001311,D-Lactic acid,Fibro,SLC16A1,0.452228779,0.424,0.133634312,Transporter,-1083.595671,0,-34.24918353,5.69E-171,-1.730321351,0.041786439,0,0,0,2.56E-169,0.12528449,0
Endo,HMDB0015531,Iron,Fibro,SLC40A1,2.609063237,0.994304699,0.369977427,Transporter,-1143.420078,0,-36.14005217,6.97E-184,-1.730321351,0.041786439,0,0,0,3.40E-182,0.12528449,0
NK,HMDB0015531,Iron,Mast,SLC11A2,1.270746473,0.992166667,0.07804878,Transporter,-132.5240176,0,-4.188683586,1.53E-05,-1.730321351,0.041786439,0,0,0,6.46E-05,0.12528449,0
T,HMDB0000067,Cholesterol,Myeloid,CD36,0.242256281,0.095833333,0.206,Transporter,-421.664441,0,-13.32753832,1.02E-37,-1.730321351,0.041786439,0,0,0,1.42E-36,0.12528449,0
NK,HMDB0015531,Iron,Fibro,SLC40A1,2.471798382,0.992166667,0.369977427,Transporter,-1057.029546,0,-33.40950861,3.23E-165,-1.730321351,0.041786439,0,0,0,1.41E-163,0.12528449,0
B,HMDB0015531,Iron,Fibro,SLC40A1,2.38504243,0.995666667,0.369977427,Transporter,-996.7725193,0,-31.50496616,3.87E-152,-1.730321351,0.041786439,0,0,0,1.54E-150,0.12528449,0
Fibro,HMDB0015531,Iron,Epi,SLC40A1,2.192819703,0.997742664,0.323666667,Transporter,-1038.188702,0,-32.81400648,3.95E-161,-1.730321351,0.041786439,0,0,0,1.68E-159,0.12528449,0
Mast,HMDB0015531,Iron,Epi,SLC40A1,2.625654059,1,0.323666667,Transporter,-1401.213113,0,-44.28811073,3.40E-238,-1.730321351,0.041786439,0,0,0,2.23E-236,0.12528449,0
Epi,HMDB0000538,Adenosine triphosphate,Myeloid,P2RY13,0.045608877,0.582166667,0.118,Receptor,-3970.188534,0,-125.4856579,0,-1.730321351,0.041786439,0,0,0,0,0.12528449,0
Fibro,HMDB0000538,Adenosine triphosphate,Myeloid,P2RY13,0.039671658,0.572911964,0.118,Receptor,-3088.090948,0,-97.60521977,0,-1.730321351,0.041786439,0,0,0,0,0.12528449,0
Endo,HMDB0000538,Adenosine triphosphate,Myeloid,P2RY13,0.007976825,0.49833887,0.118,Receptor,-534.9841626,0,-16.90923216,6.68E-57,-1.730321351,0.041786439,0,0,0,1.21E-55,0.12528449,0
Mast,HMDB0000050,Adenosine,Fibro,SLC29A2,0.000114813,0.246771879,0.011286682,Transporter,-184.900405,0,-5.844142859,3.44E-09,-1.730321351,0.041786439,0,0,0,1.98E-08,0.12528449,0
Fibro,HMDB0000067,Cholesterol,Endo,CD36,0.277442062,0.17020316,0.312766967,Transporter,-348.7599546,0,-11.02324789,4.78E-27,-1.730321351,0.041786439,0,0,0,5.45E-26,0.12528449,0
NK,HMDB0000067,Cholesterol,Myeloid,CD36,0.277102859,0.0935,0.206,Transporter,-543.8202402,0,-17.18851386,1.65E-58,-1.730321351,0.041786439,0,0,0,3.06E-57,0.12528449,0
B,HMDB0000067,Cholesterol,Myeloid,CD36,0.253386618,0.087833333,0.206,Transporter,-462.5084534,0,-14.61849408,2.66E-44,-1.730321351,0.041786439,0,0,0,4.07E-43,0.12528449,0
Epi,HMDB0015531,Iron,Epi,SLC40A1,2.528164179,0.995,0.323666667,Transporter,-1305.459009,0,-41.26161295,2.49E-218,-1.730321351,0.041786439,0,0,0,1.47E-216,0.12528449,0
Fibro,HMDB0000067,Cholesterol,pDC,CD36,0.219489091,0.17020316,0.355400697,Transporter,-152.8069179,0,-4.82976475,7.90E-07,-1.730321351,0.041786439,0,0,0,3.79E-06,0.12528449,0
pDC,HMDB0000067,Cholesterol,Myeloid,CD36,0.212815743,0.137049942,0.206,Transporter,-155.6372686,0,-4.919223579,5.08E-07,-1.730321351,0.041786439,0,0,0,2.47E-06,0.12528449,0
Fibro,HMDB0000050,Adenosine,Fibro,SLC29A2,0.008543912,0.533408578,0.011286682,Transporter,-416.5654378,0,-13.16637424,6.34E-37,-1.730321351,0.041786439,0,0,0,8.74E-36,0.12528449,0
Epi,HMDB0002103,27-Hydroxycholesterol,Fibro,ESR1,0.070564239,0.101666667,0.079458239,Receptor,-436.0980581,0,-13.78374132,5.35E-40,-1.730321351,0.041786439,0,0,0,7.76E-39,0.12528449,0
Fibro,HMDB0002103,27-Hydroxycholesterol,Epi,ESR1,0.055272923,0.26772009,0.028666667,Receptor,-350.7482773,0,-11.08609275,2.56E-27,-1.730321351,0.041786439,0,0,0,2.94E-26,0.12528449,0
Fibro,HMDB0002103,27-Hydroxycholesterol,Myeloid,ESR1,0.043584633,0.26772009,0.020666667,Receptor,-201.7036249,0,-6.375241845,1.39E-10,-1.730321351,0.041786439,0,0,0,8.72E-10,0.12528449,0
Oligo,HMDB0002103,27-Hydroxycholesterol,Fibro,ESR1,0.642809485,0.444274809,0.079458239,Receptor,-4529.082383,0,-143.150603,0,-1.730321351,0.041786439,0,0,0,0,0.12528449,0
Myeloid,HMDB0006247,25-Hydroxycholesterol,Myeloid,ESR1,0.016035008,0.050666667,0.020666667,Receptor,-344.9720277,0,-10.90352297,1.56E-26,-1.730321351,0.041786439,0,0,0,1.76E-25,0.12528449,0
Myeloid,HMDB0002103,27-Hydroxycholesterol,Fibro,ESR1,0.596944085,0.4285,0.079458239,Receptor,-5669.415436,0,-179.1930836,0,-1.730321351,0.041786439,0,0,0,0,0.12528449,0
Fibro,HMDB0002103,27-Hydroxycholesterol,Fibro,ESR1,0.243037466,0.26772009,0.079458239,Receptor,-2039.74303,0,-64.47011117,0,-1.730321351,0.041786439,0,0,0,0,0.12528449,0
Oligo,HMDB0002103,27-Hydroxycholesterol,Epi,ESR1,0.146191284,0.444274809,0.028666667,Receptor,-993.0887849,0,-31.38853445,2.44E-151,-1.730321351,0.041786439,0,0,0,9.65E-150,0.12528449,0
Oligo,HMDB0000050,Adenosine,Epi,ADORA1,0.011482237,0.380152672,0.043666667,Receptor,-267.6248014,0,-8.45881096,4.75E-17,-1.730321351,0.041786439,0,0,0,4.03E-16,0.12528449,0
Epi,HMDB0000050,Adenosine,Fibro,ADORA1,0.020985355,0.573166667,0.01738149,Receptor,-706.5635949,0,-22.33233934,3.11E-90,-1.730321351,0.041786439,0,0,0,8.16E-89,0.12528449,0
Fibro,HMDB0000050,Adenosine,Fibro,ADORA1,0.018040648,0.533408578,0.01738149,Receptor,-633.2978071,0,-20.01662926,1.64E-75,-1.730321351,0.041786439,0,0,0,3.72E-74,0.12528449,0
Mast,HMDB0000050,Adenosine,Myeloid,ADORA1,0.000200583,0.246771879,0.019166667,Receptor,-214.3995864,0,-6.776522809,1.05E-11,-1.730321351,0.041786439,0,0,0,6.95E-11,0.12528449,0
Fibro,HMDB0000050,Adenosine,Epi,ADORA1,0.033456248,0.533408578,0.043666667,Receptor,-1089.904261,0,-34.44857899,2.46E-172,-1.730321351,0.041786439,0,0,0,1.11E-170,0.12528449,0
Mast,HMDB0000050,Adenosine,pDC,SLC29A1,0.001742612,0.246771879,0.091753775,Transporter,-192.1809592,0,-6.074259168,8.84E-10,-1.730321351,0.041786439,0,0,0,5.28E-09,0.12528449,0
Mast,HMDB0000050,Adenosine,Epi,SLC29A1,0.001602744,0.246771879,0.132666667,Transporter,-280.0271865,0,-8.85081286,1.94E-18,-1.730321351,0.041786439,0,0,0,1.75E-17,0.12528449,0
pDC,HMDB0015531,Iron,Fibro,SLC40A1,2.781983036,0.99883856,0.369977427,Transporter,-1251.922478,0,-39.56948504,4.71E-207,-1.730321351,0.041786439,0,0,0,2.58E-205,0.12528449,0
Myeloid,HMDB0001178,Adenosine diphosphate ribose,pDC,TRPM2,0.047806313,0.355,0.067363531,Receptor,-597.6851441,0,-18.89102064,1.35E-68,-1.730321351,0.041786439,0,0,0,2.86E-67,0.12528449,0
Myeloid,HMDB0001178,Adenosine diphosphate ribose,Myeloid,TRPM2,0.032057348,0.355,0.056333333,Receptor,-1022.623349,0,-32.32203273,9.43E-158,-1.730321351,0.041786439,0,0,0,3.92E-156,0.12528449,0
Epi,HMDB0000050,Adenosine,Myeloid,ADORA1,0.017363017,0.573166667,0.019166667,Receptor,-747.8625528,0,-23.63767455,9.01E-99,-1.730321351,0.041786439,0,0,0,2.55E-97,0.12528449,0
Fibro,HMDB0000050,Adenosine,Myeloid,ADORA1,0.014926603,0.533408578,0.019166667,Receptor,-629.4512286,0,-19.89505054,9.35E-75,-1.730321351,0.041786439,0,0,0,2.11E-73,0.12528449,0
T,HMDB0015531,Iron,Oligo,SLC11A2,3.615148859,0.993,0.26259542,Transporter,-547.9922797,0,-17.32037941,2.84E-59,-1.730321351,0.041786439,0,0,0,5.33E-58,0.12528449,0
Epi,HMDB0000050,Adenosine,Oligo,ADORA1,0.435558947,0.573166667,0.236641221,Receptor,-4576.709739,0,-144.6559598,0,-1.730321351,0.041786439,0,0,0,0,0.12528449,0
Fibro,HMDB0000050,Adenosine,Oligo,ADORA1,0.374440436,0.533408578,0.236641221,Receptor,-3929.916997,0,-124.2127964,0,-1.730321351,0.041786439,0,0,0,0,0.12528449,0
T,HMDB0015531,Iron,Fibro,SLC40A1,2.452340877,0.993,0.369977427,Transporter,-1042.120858,0,-32.93829004,5.53E-162,-1.730321351,0.041786439,0,0,0,2.37E-160,0.12528449,0
pDC,HMDB0015531,Iron,Epi,SLC40A1,2.034675349,0.99883856,0.323666667,Transporter,-860.6121545,0,-27.20134863,1.12E-122,-1.730321351,0.041786439,0,0,0,3.71E-121,0.12528449,0
Myeloid,HMDB0015531,Iron,Fibro,SLC40A1,4.301842217,1,0.369977427,Transporter,-2369.70417,0,-74.89918534,0,-1.730321351,0.041786439,0,0,0,0,0.12528449,0
Oligo,HMDB0015531,Iron,Fibro,SLC40A1,3.765085806,1,0.369977427,Transporter,-1908.877688,0,-60.33385331,0,-1.730321351,0.041786439,0,0,0,0,0.12528449,0
Mast,HMDB0015531,Iron,Fibro,SLC40A1,3.589999171,1,0.369977427,Transporter,-1859.16607,0,-58.76261932,0,-1.730321351,0.041786439,0,0,0,0,0.12528449,0
Epi,HMDB0015531,Iron,Fibro,SLC40A1,3.456692984,0.995,0.369977427,Transporter,-1750.227724,0,-55.31940753,1.06E-306,-1.730321351,0.041786439,0,0,0,9.98E-305,0.12528449,0
Myeloid,HMDB0015531,Iron,Epi,SLC40A1,3.146313125,1,0.323666667,Transporter,-1863.512058,0,-58.89998288,0,-1.730321351,0.041786439,0,0,0,0,0.12528449,0
Fibro,HMDB0015531,Iron,Fibro,SLC40A1,2.998077545,0.997742664,0.369977427,Transporter,-1415.378682,0,-44.73584154,4.25E-241,-1.730321351,0.041786439,0,0,0,2.84E-239,0.12528449,0
Oligo,HMDB0001311,D-Lactic acid,Fibro,SLC16A1,0.876642658,0.500763359,0.133634312,Transporter,-1740.200528,0,-55.00247817,8.03E-305,-1.730321351,0.041786439,0,0,0,7.42E-303,0.12528449,0
Epi,HMDB0000286,Uridine diphosphate glucose,pDC,P2RY14,1.638217663,0.438333333,0.261324042,Receptor,-841.4318738,0,-26.59511794,1.46E-118,-1.730321351,0.041786439,0,0,0,4.69E-117,0.12528449,0
Epi,HMDB0000286,Uridine diphosphate glucose,Mast,P2RY14,1.175045207,0.438333333,0.139454806,Receptor,-1057.791369,0,-33.43358752,2.21E-165,-1.730321351,0.041786439,0,0,0,9.70E-164,0.12528449,0
Endo,HMDB0000286,Uridine diphosphate glucose,Mast,P2RY14,1.160109106,0.294731846,0.139454806,Receptor,-1005.615356,0,-31.78446148,4.65E-154,-1.730321351,0.041786439,0,0,0,1.88E-152,0.12528449,0
Oligo,HMDB0001311,D-Lactic acid,T,SLC16A1,0.365879017,0.500763359,0.034333333,Transporter,-610.3999422,0,-19.29289697,4.80E-71,-1.730321351,0.041786439,0,0,0,1.05E-69,0.12528449,0
Oligo,HMDB0001311,D-Lactic acid,Endo,SLC16A1,0.345366938,0.500763359,0.049359279,Transporter,-429.1174291,0,-13.56310474,6.88E-39,-1.730321351,0.041786439,0,0,0,9.83E-38,0.12528449,0
Oligo,HMDB0001311,D-Lactic acid,NK,SLC16A1,0.319149894,0.500763359,0.026,Transporter,-496.9351763,0,-15.70661872,3.76E-50,-1.730321351,0.041786439,0,0,0,6.22E-49,0.12528449,0
Myeloid,HMDB0001311,D-Lactic acid,Fibro,SLC16A1,0.318560896,0.3645,0.133634312,Transporter,-668.5216541,0,-21.12994859,1.63E-82,-1.730321351,0.041786439,0,0,0,3.96E-81,0.12528449,0
T,HMDB0001311,D-Lactic acid,Fibro,SLC16A1,0.310464885,0.188166667,0.133634312,Transporter,-628.9206768,0,-19.8782814,1.19E-74,-1.730321351,0.041786439,0,0,0,2.67E-73,0.12528449,0
Oligo,HMDB0001311,D-Lactic acid,Myeloid,SLC16A1,0.285576686,0.500763359,0.05,Transporter,-411.5655969,0,-13.00834438,3.74E-36,-1.730321351,0.041786439,0,0,0,5.09E-35,0.12528449,0
Fibro,HMDB0001311,D-Lactic acid,Fibro,SLC16A1,0.285405647,0.262528217,0.133634312,Transporter,-531.3184981,0,-16.79337158,3.07E-56,-1.730321351,0.041786439,0,0,0,5.53E-55,0.12528449,0
B,HMDB0001311,D-Lactic acid,Fibro,SLC16A1,0.261065782,0.157166667,0.133634312,Transporter,-467.3821294,0,-14.77253624,4.09E-45,-1.730321351,0.041786439,0,0,0,6.35E-44,0.12528449,0
Fibro,HMDB0000286,Uridine diphosphate glucose,Mast,P2RY14,1.646052907,0.459593679,0.139454806,Receptor,-1624.66327,0,-51.3506947,8.48E-283,-1.730321351,0.041786439,0,0,0,7.09E-281,0.12528449,0
Epi,HMDB0001311,D-Lactic acid,Oligo,SLC16A1,0.631184237,0.424,0.145038168,Transporter,-675.9283772,0,-21.36405271,5.27E-84,-1.730321351,0.041786439,0,0,0,1.29E-82,0.12528449,0
pDC,HMDB0001311,D-Lactic acid,Oligo,SLC16A1,0.549330469,0.300813008,0.145038168,Transporter,-542.5441849,0,-17.14818161,2.82E-58,-1.730321351,0.041786439,0,0,0,5.21E-57,0.12528449,0
NK,HMDB0001311,D-Lactic acid,Fibro,SLC16A1,0.294956506,0.156333333,0.133634312,Transporter,-569.0603488,0,-17.98627739,3.55E-63,-1.730321351,0.041786439,0,0,0,7.01E-62,0.12528449,0
Mast,HMDB0001311,D-Lactic acid,Fibro,SLC16A1,0.290100686,0.172740316,0.133634312,Transporter,-539.0393216,0,-17.03740347,1.23E-57,-1.730321351,0.041786439,0,0,0,2.24E-56,0.12528449,0
Epi,HMDB0001311,D-Lactic acid,Endo,SLC16A1,0.178162524,0.424,0.049359279,Transporter,-134.7928236,0,-4.260393684,1.12E-05,-1.730321351,0.041786439,0,0,0,4.79E-05,0.12528449,0
Epi,HMDB0001311,D-Lactic acid,NK,SLC16A1,0.164638083,0.424,0.026,Transporter,-173.651228,0,-5.488590381,2.57E-08,-1.730321351,0.041786439,0,0,0,1.39E-07,0.12528449,0
B,HMDB0001311,D-Lactic acid,Oligo,SLC16A1,0.364374436,0.157166667,0.145038168,Transporter,-325.8070118,0,-10.29777475,5.26E-24,-1.730321351,0.041786439,0,0,0,5.54E-23,0.12528449,0
Mast,HMDB0015531,Iron,Mast,SLC11A2,1.84555655,1,0.07804878,Transporter,-410.6725015,0,-12.98011634,5.13E-36,-1.730321351,0.041786439,0,0,0,6.96E-35,0.12528449,0
Epi,HMDB0015531,Iron,Mast,SLC11A2,1.777159257,0.995,0.07804878,Transporter,-383.0692233,0,-12.10766015,6.94E-32,-1.730321351,0.041786439,0,0,0,8.76E-31,0.12528449,0
pDC,HMDB0015531,Iron,Epi,SLC11A2,1.74507285,0.99883856,0.190166667,Transporter,-478.347979,0,-15.1191336,5.82E-47,-1.730321351,0.041786439,0,0,0,9.26E-46,0.12528449,0
Endo,HMDB0015531,Iron,Epi,SLC11A2,1.63664522,0.994304699,0.190166667,Transporter,-417.6427083,0,-13.2004235,4.31E-37,-1.730321351,0.041786439,0,0,0,5.97E-36,0.12528449,0
Oligo,HMDB0000286,Uridine diphosphate glucose,pDC,P2RY14,0.471431193,0.149618321,0.261324042,Receptor,-121.6213774,0,-3.844084086,6.43E-05,-1.730321351,0.041786439,0,0,0,0.000255805,0.12528449,0
B,HMDB0000286,Uridine diphosphate glucose,pDC,P2RY14,1.35249863,0.190166667,0.261324042,Receptor,-659.0317993,0,-20.83000296,1.30E-80,-1.730321351,0.041786439,0,0,0,3.12E-79,0.12528449,0
Mast,HMDB0000286,Uridine diphosphate glucose,pDC,P2RY14,2.770806506,0.33830703,0.261324042,Receptor,-1518.696125,0,-48.00139358,5.73E-262,-1.730321351,0.041786439,0,0,0,4.29E-260,0.12528449,0
T,HMDB0001358,Retinal,Mast,RXRA,0.035940822,0.281666667,0.037015782,Nuclear Receptor,-426.8230411,0,-13.49058607,1.58E-38,-1.730321351,0.041786439,0,0,0,2.25E-37,0.12528449,0
T,HMDB0001358,Retinal,Endo,RXRA,0.110333944,0.281666667,0.132415757,Nuclear Receptor,-731.733615,0,-23.12788758,2.03E-95,-1.730321351,0.041786439,0,0,0,5.55E-94,0.12528449,0
NK,HMDB0001358,Retinal,Mast,RXRA,0.034520531,0.2615,0.037015782,Nuclear Receptor,-437.4573317,0,-13.82670385,3.24E-40,-1.730321351,0.041786439,0,0,0,4.71E-39,0.12528449,0
Myeloid,HMDB0000244,Riboflavin,Mast,SLC52A2,0.460861487,0.77,0.053658537,Transporter,-339.9210358,0,-10.74387638,7.41E-26,-1.730321351,0.041786439,0,0,0,8.26E-25,0.12528449,0
Myeloid,HMDB0000244,Riboflavin,B,SLC52A2,0.451116717,0.77,0.055166667,Transporter,-357.9468106,0,-11.31361663,2.61E-28,-1.730321351,0.041786439,0,0,0,3.07E-27,0.12528449,0
pDC,HMDB0000244,Riboflavin,Epi,SLC52A2,0.447323272,0.571428571,0.314833333,Transporter,-139.9998477,0,-4.424971974,5.35E-06,-1.730321351,0.041786439,0,0,0,2.38E-05,0.12528449,0
Epi,HMDB0000244,Riboflavin,Fibro,SLC52A2,0.420570716,0.629833333,0.185778781,Transporter,-272.1320759,0,-8.601272281,1.51E-17,-1.730321351,0.041786439,0,0,0,1.31E-16,0.12528449,0
B,HMDB0000244,Riboflavin,Epi,SLC52A2,0.40956517,0.417333333,0.314833333,Transporter,-284.0415028,0,-8.977693265,6.72E-19,-1.730321351,0.041786439,0,0,0,6.16E-18,0.12528449,0
B,HMDB0000286,Uridine diphosphate glucose,Mast,P2RY14,0.970107372,0.190166667,0.139454806,Receptor,-828.4082358,0,-26.18348011,8.84E-116,-1.730321351,0.041786439,0,0,0,2.80E-114,0.12528449,0
NK,HMDB0015531,Iron,Epi,SLC11A2,1.550534743,0.992166667,0.190166667,Transporter,-363.6105811,0,-11.4926313,4.24E-29,-1.730321351,0.041786439,0,0,0,5.06E-28,0.12528449,0
Epi,HMDB0000050,Adenosine,Myeloid,SLC29A1,0.201664689,0.573166667,0.167666667,Transporter,-1987.781788,0,-62.82777339,0,-1.730321351,0.041786439,0,0,0,0,0.12528449,0
Epi,HMDB0000050,Adenosine,pDC,SLC29A1,0.150845102,0.573166667,0.091753775,Transporter,-940.2969376,0,-29.71994374,6.98E-140,-1.730321351,0.041786439,0,0,0,2.59E-138,0.12528449,0
Epi,HMDB0000050,Adenosine,Epi,SLC29A1,0.13873774,0.573166667,0.132666667,Transporter,-1466.203689,0,-46.34226636,1.97E-251,-1.730321351,0.041786439,0,0,0,1.37E-249,0.12528449,0
Fibro,HMDB0000050,Adenosine,Endo,SLC29A1,0.135358578,0.533408578,0.09492169,Transporter,-1002.912299,0,-31.69902604,1.80E-153,-1.730321351,0.041786439,0,0,0,7.21E-152,0.12528449,0
Epi,HMDB0000050,Adenosine,Mast,SLC29A1,0.080063776,0.573166667,0.035868006,Transporter,-866.9032438,0,-27.40019094,4.99E-124,-1.730321351,0.041786439,0,0,0,1.66E-122,0.12528449,0
Fibro,HMDB0000050,Adenosine,Mast,SLC29A1,0.068829065,0.533408578,0.035868006,Transporter,-703.4666657,0,-22.23445477,1.34E-89,-1.730321351,0.041786439,0,0,0,3.49E-88,0.12528449,0
Endo,HMDB0001311,D-Lactic acid,Fibro,SLC16A1,0.252053982,0.196962506,0.133634312,Transporter,-406.628945,0,-12.85231174,2.13E-35,-1.730321351,0.041786439,0,0,0,2.86E-34,0.12528449,0
Epi,HMDB0001311,D-Lactic acid,T,SLC16A1,0.188743976,0.424,0.034333333,Transporter,-265.9061584,0,-8.40448985,7.33E-17,-1.730321351,0.041786439,0,0,0,6.17E-16,0.12528449,0
Oligo,HMDB0001311,D-Lactic acid,Epi,SLC16A1,0.185178305,0.500763359,0.033666667,Transporter,-159.1085698,0,-5.028940916,2.92E-07,-1.730321351,0.041786439,0,0,0,1.45E-06,0.12528449,0
Myeloid,HMDB0000286,Uridine diphosphate glucose,Mast,P2RY14,1.76649233,0.511166667,0.139454806,Receptor,-1764.409345,0,-55.7676457,0.00E+00,-1.730321351,0.041786439,0,0,0,2.30E-307,0.12528449,0
Endo,HMDB0015531,Iron,Epi,SLC40A1,1.90824724,0.994304699,0.323666667,Transporter,-780.6732853,0,-24.67472262,1.19E-105,-1.730321351,0.041786439,0,0,0,3.54E-104,0.12528449,0
Fibro,HMDB0000050,Adenosine,Fibro,SLC29A1,0.248737377,0.533408578,0.180361174,Transporter,-1971.108102,0,-62.30076856,0,-1.730321351,0.041786439,0,0,0,0,0.12528449,0
Epi,HMDB0000050,Adenosine,Oligo,SLC29A1,0.012497591,0.573166667,0.010687023,Transporter,-238.6300622,0,-7.542374904,5.18E-14,-1.730321351,0.041786439,0,0,0,3.90E-13,0.12528449,0
Fibro,HMDB0000050,Adenosine,Oligo,SLC29A1,0.010743904,0.533408578,0.010687023,Transporter,-215.5665485,0,-6.813406952,8.22E-12,-1.730321351,0.041786439,0,0,0,5.47E-11,0.12528449,0
Fibro,HMDB0000050,Adenosine,pDC,SLC29A1,0.129678212,0.533408578,0.091753775,Transporter,-765.4942476,0,-24.19495912,1.85E-102,-1.730321351,0.041786439,0,0,0,5.42E-101,0.12528449,0
T,HMDB0015531,Iron,Mast,SLC11A2,1.260783058,0.993,0.07804878,Transporter,-128.5888075,0,-4.064303489,2.60E-05,-1.730321351,0.041786439,0,0,0,0.000107234,0.12528449,0
B,HMDB0015531,Iron,Myeloid,SLC11A2,1.22936776,0.995666667,0.148666667,Transporter,-148.5334039,0,-4.69469189,1.52E-06,-1.730321351,0.041786439,0,0,0,7.15E-06,0.12528449,0
B,HMDB0015531,Iron,Mast,SLC11A2,1.22616924,0.995666667,0.07804878,Transporter,-111.3175726,0,-3.518411963,0.000226843,-1.730321351,0.041786439,0,0,0,0.000850438,0.12528449,0
Mast,HMDB0015531,Iron,Epi,SLC11A2,2.251934246,1,0.190166667,Transporter,-820.802579,0,-25.94308829,3.70E-114,-1.730321351,0.041786439,0,0,0,1.16E-112,0.12528449,0
Fibro,HMDB0015531,Iron,Oligo,SLC11A2,4.420048755,0.997742664,0.26259542,Transporter,-718.7628788,0,-22.71792182,9.68E-93,-1.730321351,0.041786439,0,0,0,2.59E-91,0.12528449,0
Epi,HMDB0015531,Iron,Myeloid,SLC11A2,1.781821115,0.995,0.148666667,Transporter,-510.6639178,0,-16.14054274,1.49E-52,-1.730321351,0.041786439,0,0,0,2.54E-51,0.12528449,0
Myeloid,HMDB0015531,Iron,Myeloid,SLC40A1,1.946147182,1,0.124333333,Transporter,-843.7984388,0,-26.6699179,4.53E-119,-1.730321351,0.041786439,0,0,0,1.46E-117,0.12528449,0
Epi,HMDB0000050,Adenosine,Fibro,SLC29A1,0.289337849,0.573166667,0.180361174,Transporter,-2426.361835,0,-76.68996285,0,-1.730321351,0.041786439,0,0,0,0,0.12528449,0
Fibro,HMDB0000122,D-Glucose,Epi,SLC2A10,0.022398987,0.439277652,0.091833333,Transporter,-950.9988358,0,-30.05819839,3.33E-142,-1.730321351,0.041786439,0,0,0,1.25E-140,0.12528449,0
pDC,HMDB0000234,Testosterone,pDC,AR,0.060660147,0.18583043,0.068524971,Nuclear Receptor,-399.9872521,0,-12.6423879,2.16E-34,-1.730321351,0.041786439,0,0,0,2.84E-33,0.12528449,0
Endo,HMDB0000122,D-Glucose,Fibro,SLC2A10,0.021036221,0.35168486,0.100902935,Transporter,-619.6031586,0,-19.58378282,7.86E-73,-1.730321351,0.041786439,0,0,0,1.74E-71,0.12528449,0
Oligo,HMDB0000122,D-Glucose,Fibro,SLC2A10,0.096055488,0.508396947,0.100902935,Transporter,-1360.862885,0,-43.01276199,7.10E-230,-1.730321351,0.041786439,0,0,0,4.43E-228,0.12528449,0
Oligo,HMDB0000122,D-Glucose,Endo,SLC2A10,0.070968361,0.508396947,0.049833887,Transporter,-1031.925957,0,-32.61606004,9.02E-160,-1.730321351,0.041786439,0,0,0,3.81E-158,0.12528449,0
Oligo,HMDB0000122,D-Glucose,Epi,SLC2A10,0.068136832,0.508396947,0.091833333,Transporter,-992.2496598,0,-31.36201224,3.71E-151,-1.730321351,0.041786439,0,0,0,1.46E-149,0.12528449,0
Fibro,HMDB0000122,D-Glucose,Fibro,SLC2A10,0.031576837,0.439277652,0.100902935,Transporter,-1227.227637,0,-38.78895576,8.18E-202,-1.730321351,0.041786439,0,0,0,4.41E-200,0.12528449,0
Oligo,HMDB0000122,D-Glucose,Mast,SLC2A10,0.031265038,0.508396947,0.019225251,Transporter,-483.490069,0,-15.28165952,7.77E-48,-1.730321351,0.041786439,0,0,0,1.25E-46,0.12528449,0
Endo,HMDB0015531,Iron,Oligo,SLC11A2,3.846000496,0.994304699,0.26259542,Transporter,-594.5458904,0,-18.79179832,5.37E-68,-1.730321351,0.041786439,0,0,0,1.13E-66,0.12528449,0
NK,HMDB0015531,Iron,Oligo,SLC11A2,3.643847247,0.992166667,0.26259542,Transporter,-554.0021538,0,-17.51033337,2.23E-60,-1.730321351,0.041786439,0,0,0,4.23E-59,0.12528449,0
Fibro,HMDB0000050,Adenosine,Epi,SLC29A1,0.11926978,0.533408578,0.132666667,Transporter,-1090.544335,0,-34.46880977,1.79E-172,-1.730321351,0.041786439,0,0,0,8.12E-171,0.12528449,0
Fibro,HMDB0015531,Iron,Myeloid,SLC11A2,1.545402497,0.997742664,0.148666667,Transporter,-352.9496248,0,-11.15567069,1.28E-27,-1.730321351,0.041786439,0,0,0,1.48E-26,0.12528449,0
T,HMDB0015531,Iron,Epi,SLC11A2,1.538331535,0.993,0.190166667,Transporter,-355.5188455,0,-11.236876,5.67E-28,-1.730321351,0.041786439,0,0,0,6.60E-27,0.12528449,0
Fibro,HMDB0015531,Iron,Mast,SLC11A2,1.541385915,0.997742664,0.07804878,Transporter,-266.5260478,0,-8.424082679,6.27E-17,-1.730321351,0.041786439,0,0,0,5.29E-16,0.12528449,0
Myeloid,HMDB0015531,Iron,Epi,SLC11A2,2.698552966,1,0.190166667,Transporter,-1130.916549,0,-35.74485342,3.43E-181,-1.730321351,0.041786439,0,0,0,1.64E-179,0.12528449,0
Oligo,HMDB0015531,Iron,Epi,SLC11A2,2.361810946,1,0.190166667,Transporter,-871.604677,0,-27.54878903,4.86E-125,-1.730321351,0.041786439,0,0,0,1.63E-123,0.12528449,0
Myeloid,HMDB0015531,Iron,Myeloid,SLC11A2,2.217344159,1,0.148666667,Transporter,-781.5079612,0,-24.7011042,7.94E-106,-1.730321351,0.041786439,0,0,0,2.36E-104,0.12528449,0
Myeloid,HMDB0015531,Iron,Mast,SLC11A2,2.211634664,1,0.07804878,Transporter,-597.147118,0,-18.87401526,1.71E-68,-1.730321351,0.041786439,0,0,0,3.61E-67,0.12528449,0
Epi,HMDB0015531,Iron,Epi,SLC11A2,2.168330814,0.995,0.190166667,Transporter,-763.7439148,0,-24.1396364,4.31E-102,-1.730321351,0.041786439,0,0,0,1.26E-100,0.12528449,0
Oligo,HMDB0015531,Iron,Myeloid,SLC11A2,1.940779782,1,0.148666667,Transporter,-597.7672797,0,-18.8936167,1.30E-68,-1.730321351,0.041786439,0,0,0,2.76E-67,0.12528449,0
Oligo,HMDB0015531,Iron,Mast,SLC11A2,1.935636027,1,0.07804878,Transporter,-449.5530341,0,-14.20901244,3.60E-42,-1.730321351,0.041786439,0,0,0,5.37E-41,0.12528449,0
Mast,HMDB0015531,Iron,Myeloid,SLC11A2,1.850507806,1,0.148666667,Transporter,-555.4637167,0,-17.55652895,1.20E-60,-1.730321351,0.041786439,0,0,0,2.29E-59,0.12528449,0
Fibro,HMDB0006247,25-Hydroxycholesterol,Myeloid,ESR1,0.013174431,0.095259594,0.020666667,Receptor,-217.2761017,0,-6.867440763,5.74E-12,-1.730321351,0.041786439,0,0,0,3.84E-11,0.12528449,0
B,HMDB0000234,Testosterone,Fibro,AR,0.020815144,0.031666667,0.13972912,Nuclear Receptor,-151.403611,0,-4.785410458,9.82E-07,-1.730321351,0.041786439,0,0,0,4.68E-06,0.12528449,0
Myeloid,HMDB0000234,Testosterone,Endo,AR,0.046905309,0.311,0.032273374,Nuclear Receptor,-489.1897419,0,-15.46180895,8.19E-49,-1.730321351,0.041786439,0,0,0,1.33E-47,0.12528449,0
Epi,HMDB0000050,Adenosine,Endo,SLC29A1,0.157452652,0.573166667,0.09492169,Transporter,-1261.94456,0,-39.88625275,3.58E-209,-1.730321351,0.041786439,0,0,0,1.98E-207,0.12528449,0
Oligo,HMDB0000050,Adenosine,Mast,SLC29A1,0.023622243,0.380152672,0.035868006,Transporter,-180.0517947,0,-5.690892944,8.30E-09,-1.730321351,0.041786439,0,0,0,4.64E-08,0.12528449,0
Oligo,HMDB0000050,Adenosine,Epi,SLC29A1,0.040933575,0.380152672,0.132666667,Transporter,-229.6222801,0,-7.257666139,3.95E-13,-1.730321351,0.041786439,0,0,0,2.83E-12,0.12528449,0
Fibro,HMDB0000050,Adenosine,Myeloid,SLC29A1,0.173366692,0.533408578,0.167666667,Transporter,-1478.079204,0,-46.71761549,7.92E-254,-1.730321351,0.041786439,0,0,0,5.70E-252,0.12528449,0
B,HMDB0015531,Iron,Oligo,SLC11A2,3.515828448,0.995666667,0.26259542,Transporter,-526.4417312,0,-16.63923172,2.32E-55,-1.730321351,0.041786439,0,0,0,4.10E-54,0.12528449,0
Oligo,HMDB0000050,Adenosine,Myeloid,SLC29A1,0.05949972,0.380152672,0.167666667,Transporter,-284.0279721,0,-8.977265598,6.75E-19,-1.730321351,0.041786439,0,0,0,6.18E-18,0.12528449,0
Oligo,HMDB0000050,Adenosine,Endo,SLC29A1,0.046455276,0.380152672,0.09492169,Transporter,-241.0973161,0,-7.620357339,2.93E-14,-1.730321351,0.041786439,0,0,0,2.24E-13,0.12528449,0
Oligo,HMDB0000050,Adenosine,pDC,SLC29A1,0.044505765,0.380152672,0.091753775,Transporter,-216.7510477,0,-6.850845392,6.41E-12,-1.730321351,0.041786439,0,0,0,4.28E-11,0.12528449,0
NK,HMDB0000067,Cholesterol,Endo,CD36,0.651346609,0.0935,0.312766967,Transporter,-1277.400078,0,-40.37475497,1.96E-212,-1.730321351,0.041786439,0,0,0,1.10E-210,0.12528449,0
NK,HMDB0001403,Prostaglandin D2,Endo,SLCO2A1,1.957754324,0.116333333,0.374466065,Transporter,-1668.407216,0,-52.73330862,3.20E-291,-1.730321351,0.041786439,0,0,0,2.76E-289,0.12528449,0
pDC,HMDB0000169,D-Mannose,Endo,SLC2A1,0.191354682,0.636469222,0.056953014,Transporter,-487.3108812,0,-15.40242384,1.72E-48,-1.730321351,0.041786439,0,0,0,2.79E-47,0.12528449,0
Oligo,HMDB0000169,D-Mannose,B,SLC2A1,0.181179336,0.630534351,0.046,Transporter,-431.3907485,0,-13.63495749,3.00E-39,-1.730321351,0.041786439,0,0,0,4.31E-38,0.12528449,0
Endo,HMDB0000169,D-Mannose,Epi,SLC2A1,0.196109588,0.416706217,0.2275,Transporter,-832.8611646,0,-26.32422372,9.90E-117,-1.730321351,0.041786439,0,0,0,3.15E-115,0.12528449,0
pDC,HMDB0000169,D-Mannose,Epi,SLC2A1,0.439879132,0.636469222,0.2275,Transporter,-1389.27598,0,-43.91081403,9.65E-236,-1.730321351,0.041786439,0,0,0,6.24E-234,0.12528449,0
Fibro,HMDB0000077,Dehydroepiandrosterone,Fibro,AR,0.030597641,0.04221219,0.13972912,Nuclear Receptor,-1674.084426,0,-52.91274805,2.62E-292,-1.730321351,0.041786439,0,0,0,2.27E-290,0.12528449,0
Myeloid,HMDB0000077,Dehydroepiandrosterone,Fibro,AR,0.019764705,0.027666667,0.13972912,Nuclear Receptor,-1295.336768,0,-40.94167953,3.30E-216,-1.730321351,0.041786439,0,0,0,1.92E-214,0.12528449,0
Fibro,HMDB0000077,Dehydroepiandrosterone,pDC,AR,0.01568132,0.04221219,0.068524971,Nuclear Receptor,-814.3497296,0,-25.73913322,8.76E-113,-1.730321351,0.041786439,0,0,0,2.72E-111,0.12528449,0
Myeloid,HMDB0000077,Dehydroepiandrosterone,pDC,AR,0.01012943,0.027666667,0.068524971,Nuclear Receptor,-639.1057693,0,-20.20020139,1.18E-76,-1.730321351,0.041786439,0,0,0,2.70E-75,0.12528449,0
Fibro,HMDB0000077,Dehydroepiandrosterone,Endo,AR,0.009845561,0.04221219,0.032273374,Nuclear Receptor,-526.7131861,0,-16.64781159,2.07E-55,-1.730321351,0.041786439,0,0,0,3.67E-54,0.12528449,0
Myeloid,HMDB0000077,Dehydroepiandrosterone,Endo,AR,0.006359791,0.027666667,0.032273374,Nuclear Receptor,-394.5990955,0,-12.47208456,1.38E-33,-1.730321351,0.041786439,0,0,0,1.79E-32,0.12528449,0
Oligo,HMDB0000169,D-Mannose,NK,SLC2A1,0.203429537,0.630534351,0.045333333,Transporter,-498.3705076,0,-15.7519852,2.12E-50,-1.730321351,0.041786439,0,0,0,3.52E-49,0.12528449,0
Endo,HMDB0000067,Cholesterol,Myeloid,CD36,0.605346678,0.257712387,0.206,Transporter,-1260.34531,0,-39.83570531,7.79E-209,-1.730321351,0.041786439,0,0,0,4.31E-207,0.12528449,0
Myeloid,HMDB0006247,25-Hydroxycholesterol,Myeloid,NR1H3,0.221900241,0.050666667,0.224333333,Nuclear Receptor,-1793.029347,0,-56.67223746,1.189848537e-314,-1.730321351,0.041786439,0,0,0,1.17214245766e-312,0.12528449,0
Mast,HMDB0000067,Cholesterol,pDC,CD36,0.525719717,0.101865136,0.355400697,Transporter,-633.1650134,0,-20.01243205,1.74E-75,-1.730321351,0.041786439,0,0,0,3.95E-74,0.12528449,0
NK,HMDB0000067,Cholesterol,pDC,CD36,0.515291279,0.0935,0.355400697,Transporter,-648.4202873,0,-20.49460515,1.69E-78,-1.730321351,0.041786439,0,0,0,3.96E-77,0.12528449,0
pDC,HMDB0000067,Cholesterol,Endo,CD36,0.500235953,0.137049942,0.312766967,Transporter,-601.051456,0,-18.99741958,3.05E-69,-1.730321351,0.041786439,0,0,0,6.50E-68,0.12528449,0
B,HMDB0000067,Cholesterol,pDC,CD36,0.471189344,0.087833333,0.355400697,Transporter,-574.4300025,0,-18.15599591,3.49E-64,-1.730321351,0.041786439,0,0,0,7.01E-63,0.12528449,0
T,HMDB0000067,Cholesterol,pDC,CD36,0.450491738,0.095833333,0.355400697,Transporter,-547.8246068,0,-17.31507978,3.05E-59,-1.730321351,0.041786439,0,0,0,5.71E-58,0.12528449,0
Oligo,HMDB0001403,Prostaglandin D2,Fibro,SLCO2A1,0.377335946,0.92519084,0.014672686,Transporter,-165.5346583,0,-5.232050147,1.02E-07,-1.730321351,0.041786439,0,0,0,5.25E-07,0.12528449,0
Oligo,HMDB0001403,Prostaglandin D2,Endo,SLCO2A1,24.40025394,0.92519084,0.374466065,Transporter,-20044.14413,0,-633.5348038,0,-1.730321351,0.041786439,0,0,0,0,0.12528449,0
Oligo,HMDB0000169,D-Mannose,Oligo,SLC2A1,0.365467727,0.630534351,0.13129771,Transporter,-830.8112969,0,-26.2594336,2.71E-116,-1.730321351,0.041786439,0,0,0,8.61E-115,0.12528449,0
Myeloid,HMDB0001220,Prostaglandin E2,Endo,SLCO2A1,3.095311475,0.756833333,0.374466065,Transporter,-3386.630394,0,-107.0411492,0,-1.730321351,0.041786439,0,0,0,0,0.12528449,0
T,HMDB0000030,Biotin,Epi,SLC5A6,0.03152943,0.036333333,0.0795,Transporter,-234.2649707,0,-7.404407554,1.40E-13,-1.730321351,0.041786439,0,0,0,1.03E-12,0.12528449,0
pDC,HMDB0001403,Prostaglandin D2,Endo,SLCO2A1,10.31626576,0.463414634,0.374466065,Transporter,-8842.133167,0,-279.4731002,0,-1.730321351,0.041786439,0,0,0,0,0.12528449,0
Fibro,HMDB0001403,Prostaglandin D2,Endo,SLCO2A1,10.11807915,0.523927765,0.374466065,Transporter,-9489.111667,0,-299.9221348,0,-1.730321351,0.041786439,0,0,0,0,0.12528449,0
Endo,HMDB0000169,D-Mannose,pDC,SLC2A1,0.249755845,0.416706217,0.229965157,Transporter,-793.1646238,0,-25.06953607,2.74E-108,-1.730321351,0.041786439,0,0,0,8.25E-107,0.12528449,0
Oligo,HMDB0000169,D-Mannose,Endo,SLC2A1,0.239854265,0.630534351,0.056953014,Transporter,-574.7975857,0,-18.16761411,2.98E-64,-1.730321351,0.041786439,0,0,0,5.98E-63,0.12528449,0
Fibro,HMDB0000169,D-Mannose,Oligo,SLC2A1,0.229856597,0.555981941,0.13129771,Transporter,-722.8739972,0,-22.84786185,1.37E-93,-1.730321351,0.041786439,0,0,0,3.72E-92,0.12528449,0
Myeloid,HMDB0000517,L-Arginine,Epi,SLC7A1,0.07833739,0.255666667,0.094333333,Transporter,-748.2630771,0,-23.65033391,7.43E-99,-1.730321351,0.041786439,0,0,0,2.11E-97,0.12528449,0
Epi,HMDB0000517,L-Arginine,Oligo,SLC7A1,0.171814782,0.332166667,0.097709924,Transporter,-830.5221459,0,-26.25029441,3.13E-116,-1.730321351,0.041786439,0,0,0,9.92E-115,0.12528449,0
Oligo,HMDB0001403,Prostaglandin D2,Epi,SLCO2A1,1.684327622,0.92519084,0.059,Transporter,-1693.56533,0,-53.52848054,5.09E-296,-1.730321351,0.041786439,0,0,0,4.51E-294,0.12528449,0
Fibro,HMDB0000169,D-Mannose,B,SLC2A1,0.113950597,0.555981941,0.046,Transporter,-501.2162572,0,-15.84193075,6.76E-51,-1.730321351,0.041786439,0,0,0,1.13E-49,0.12528449,0
T,HMDB0000169,D-Mannose,pDC,SLC2A1,0.107633823,0.257,0.229965157,Transporter,-282.722424,0,-8.936001169,9.54E-19,-1.730321351,0.041786439,0,0,0,8.67E-18,0.12528449,0
NK,HMDB0000030,Biotin,Epi,SLC5A6,0.02150024,0.026833333,0.0795,Transporter,-97.43120513,0,-3.079505866,0.001065049,-1.730321351,0.041786439,0,0,0,0.003698922,0.12528449,0
Endo,HMDB0001220,Prostaglandin E2,Endo,SLCO2A1,2.905609991,0.637399146,0.374466065,Transporter,-3130.742105,0,-98.95329389,0,-1.730321351,0.041786439,0,0,0,0,0.12528449,0
NK,HMDB0000169,D-Mannose,Oligo,SLC2A1,0.076906341,0.246166667,0.13129771,Transporter,-121.3258027,0,-3.834741863,6.68E-05,-1.730321351,0.041786439,0,0,0,0.000264894,0.12528449,0
Mast,HMDB0000517,L-Arginine,Epi,SLC7A1,0.067943843,0.123672884,0.094333333,Transporter,-500.6580111,0,-15.82428627,8.46E-51,-1.730321351,0.041786439,0,0,0,1.41E-49,0.12528449,0
NK,HMDB0000286,Uridine diphosphate glucose,Mast,P2RY14,1.26080721,0.220833333,0.139454806,Receptor,-1173.116448,0,-37.07866467,2.92E-190,-1.730321351,0.041786439,0,0,0,1.48E-188,0.12528449,0
Oligo,HMDB0000169,D-Mannose,Epi,SLC2A1,0.551368195,0.630534351,0.2275,Transporter,-1598.657439,0,-50.52872899,9.66E-278,-1.730321351,0.041786439,0,0,0,7.82E-276,0.12528449,0
Endo,HMDB0000169,D-Mannose,Oligo,SLC2A1,0.129988864,0.416706217,0.13129771,Transporter,-303.2405968,0,-9.584518586,3.55E-21,-1.730321351,0.041786439,0,0,0,3.48E-20,0.12528449,0
Fibro,HMDB0000169,D-Mannose,Myeloid,SLC2A1,0.128259378,0.555981941,0.067666667,Transporter,-614.9225374,0,-19.43584253,6.39E-72,-1.730321351,0.041786439,0,0,0,1.40E-70,0.12528449,0
B,HMDB0000169,D-Mannose,Mast,SLC2A3,0.421621359,0.225833333,0.475466284,Transporter,-188.496887,0,-5.957816783,1.77E-09,-1.730321351,0.041786439,0,0,0,1.03E-08,0.12528449,0
Fibro,HMDB0000077,Dehydroepiandrosterone,Epi,AR,0.004326262,0.04221219,0.033166667,Nuclear Receptor,-220.0299658,0,-6.954482081,3.19E-12,-1.730321351,0.041786439,0,0,0,2.17E-11,0.12528449,0
Myeloid,HMDB0000077,Dehydroepiandrosterone,Epi,AR,0.002794572,0.027666667,0.033166667,Nuclear Receptor,-157.567571,0,-4.980234602,3.74E-07,-1.730321351,0.041786439,0,0,0,1.84E-06,0.12528449,0
Oligo,HMDB0000169,D-Mannose,Myeloid,SLC2A1,0.203930032,0.630534351,0.067666667,Transporter,-497.6816757,0,-15.73021331,2.79E-50,-1.730321351,0.041786439,0,0,0,4.63E-49,0.12528449,0
Epi,HMDB0001358,Retinal,Myeloid,RARA,0.286600801,0.596333333,0.283333333,Nuclear Receptor,-1320.146835,0,-41.72585075,2.10E-221,-1.730321351,0.041786439,0,0,0,1.27E-219,0.12528449,0
pDC,HMDB0000067,Cholesterol,pDC,CD36,0.395745093,0.137049942,0.355400697,Transporter,-329.6648318,0,-10.41970878,1.66E-24,-1.730321351,0.041786439,0,0,0,1.78E-23,0.12528449,0
Myeloid,HMDB0000067,Cholesterol,Myeloid,CD36,1.337515354,0.565,0.206,Transporter,-4180.212199,0,-132.1238711,0,-1.730321351,0.041786439,0,0,0,0,0.12528449,0
B,HMDB0000067,Cholesterol,Endo,CD36,0.595600185,0.087833333,0.312766967,Transporter,-1145.525808,0,-36.20660794,2.46E-184,-1.730321351,0.041786439,0,0,0,1.20E-182,0.12528449,0
Myeloid,HMDB0000067,Cholesterol,Endo,CD36,3.1439087,0.565,0.312766967,Transporter,-7262.841349,0,-229.5564599,0,-1.730321351,0.041786439,0,0,0,0,0.12528449,0
NK,HMDB0000169,D-Mannose,Mast,SLC2A3,0.50551619,0.246166667,0.475466284,Transporter,-320.0806974,0,-10.11678326,2.85E-23,-1.730321351,0.041786439,0,0,0,2.93E-22,0.12528449,0
pDC,HMDB0000169,D-Mannose,Oligo,SLC2A1,0.291568553,0.636469222,0.13129771,Transporter,-678.6579002,0,-21.45032468,1.48E-84,-1.730321351,0.041786439,0,0,0,3.66E-83,0.12528449,0
pDC,HMDB0000169,D-Mannose,B,SLC2A1,0.144544081,0.636469222,0.046,Transporter,-350.2548854,0,-11.07049813,2.99E-27,-1.730321351,0.041786439,0,0,0,3.42E-26,0.12528449,0
Oligo,HMDB0000169,D-Mannose,Fibro,SLC2A1,0.130323395,0.630534351,0.063656885,Transporter,-264.42268,0,-8.357601582,1.06E-16,-1.730321351,0.041786439,0,0,0,8.90E-16,0.12528449,0
Oligo,HMDB0001358,Retinal,Epi,RARA,0.142743526,0.432061069,0.196333333,Nuclear Receptor,-258.2796742,0,-8.163439738,4.87E-16,-1.730321351,0.041786439,0,0,0,3.99E-15,0.12528449,0
T,HMDB0001358,Retinal,Fibro,RARA,0.122798061,0.281666667,0.189164786,Nuclear Receptor,-711.4490681,0,-22.48675438,3.09E-91,-1.730321351,0.041786439,0,0,0,8.16E-90,0.12528449,0
Epi,HMDB0001358,Retinal,pDC,RARA,0.122740162,0.596333333,0.090592334,Nuclear Receptor,-558.6582601,0,-17.65749881,3.07E-61,-1.730321351,0.041786439,0,0,0,5.92E-60,0.12528449,0
Fibro,HMDB0001403,Prostaglandin D2,Mast,PTGDR2,0.238948702,0.523927765,0.010903874,Receptor,-1358.320253,0,-42.93239707,2.39E-229,-1.730321351,0.041786439,0,0,0,1.49E-227,0.12528449,0
Epi,HMDB0001358,Retinal,T,RARA,0.119777854,0.596333333,0.069666667,Nuclear Receptor,-694.9640267,0,-21.96571205,7.28E-88,-1.730321351,0.041786439,0,0,0,1.87E-86,0.12528449,0
NK,HMDB0001358,Retinal,Fibro,RARA,0.117945391,0.2615,0.189164786,Nuclear Receptor,-688.3325866,0,-21.75611228,1.63E-86,-1.730321351,0.041786439,0,0,0,4.13E-85,0.12528449,0
T,HMDB0001358,Retinal,Endo,RARA,0.113603635,0.281666667,0.136212625,Nuclear Receptor,-635.8912357,0,-20.0985997,5.07E-76,-1.730321351,0.041786439,0,0,0,1.16E-74,0.12528449,0
pDC,HMDB0001358,Retinal,Myeloid,RARA,0.113141337,0.284552846,0.283333333,Nuclear Receptor,-263.5909231,0,-8.331312259,1.31E-16,-1.730321351,0.041786439,0,0,0,1.09E-15,0.12528449,0
NK,HMDB0001358,Retinal,Endo,RARA,0.109114306,0.2615,0.136212625,Nuclear Receptor,-607.5378961,0,-19.20243634,1.72E-70,-1.730321351,0.041786439,0,0,0,3.71E-69,0.12528449,0
Epi,HMDB0001358,Retinal,B,RARA,0.104998202,0.596333333,0.061,Nuclear Receptor,-652.5053095,0,-20.62372035,2.60E-79,-1.730321351,0.041786439,0,0,0,6.16E-78,0.12528449,0
Endo,HMDB0000030,Biotin,NK,SLC5A6,0.040844789,0.075462743,0.018833333,Transporter,-208.6542397,0,-6.594929767,3.44E-11,-1.730321351,0.041786439,0,0,0,2.23E-10,0.12528449,0
Epi,HMDB0006247,25-Hydroxycholesterol,Myeloid,NR1H3,0.198764073,0.068,0.224333333,Nuclear Receptor,-1644.569715,0,-51.97987726,1.21E-286,-1.730321351,0.041786439,0,0,0,1.02E-284,0.12528449,0
Epi,HMDB0001220,Prostaglandin E2,Epi,PTGER1,0.080503186,0.785666667,0.021833333,Receptor,-136.2420683,0,-4.306199927,9.12E-06,-1.730321351,0.041786439,0,0,0,3.95E-05,0.12528449,0
Endo,HMDB0001220,Prostaglandin E2,Fibro,PTGER1,0.333264561,0.637399146,0.065688488,Receptor,-1107.311964,0,-34.99878386,4.24E-176,-1.730321351,0.041786439,0,0,0,1.98E-174,0.12528449,0
T,HMDB0001220,Prostaglandin E2,Fibro,PTGER1,0.29898745,0.580666667,0.065688488,Receptor,-987.7007018,0,-31.21823343,3.61E-150,-1.730321351,0.041786439,0,0,0,1.41E-148,0.12528449,0
Myeloid,HMDB0000067,Cholesterol,pDC,CD36,2.487199156,0.565,0.355400697,Transporter,-3903.410061,0,-123.3749923,0,-1.730321351,0.041786439,0,0,0,0,0.12528449,0
T,HMDB0001220,Prostaglandin E2,Endo,SLCO2A1,2.60676058,0.580666667,0.374466065,Transporter,-2803.181542,0,-88.60009469,0,-1.730321351,0.041786439,0,0,0,0,0.12528449,0
Oligo,HMDB0000067,Cholesterol,Myeloid,CD36,0.678480542,0.396946565,0.206,Transporter,-932.4350459,0,-29.47145311,3.53E-138,-1.730321351,0.041786439,0,0,0,1.30E-136,0.12528449,0
Mast,HMDB0000067,Cholesterol,Endo,CD36,0.664528527,0.101865136,0.312766967,Transporter,-1239.940013,0,-39.19075553,1.63E-204,-1.730321351,0.041786439,0,0,0,8.87E-203,0.12528449,0
Fibro,HMDB0000169,D-Mannose,Mast,SLC2A3,1.510879716,0.555981941,0.475466284,Transporter,-1600.395841,0,-50.58367464,4.42E-278,-1.730321351,0.041786439,0,0,0,3.59E-276,0.12528449,0
Oligo,HMDB0000169,D-Mannose,NK,SLC2A3,1.471699802,0.630534351,0.287,Transporter,-606.7447946,0,-19.17736881,2.44E-70,-1.730321351,0.041786439,0,0,0,5.26E-69,0.12528449,0
pDC,HMDB0000169,D-Mannose,T,SLC2A3,1.420200637,0.636469222,0.370333333,Transporter,-652.6013305,0,-20.62675528,2.49E-79,-1.730321351,0.041786439,0,0,0,5.90E-78,0.12528449,0
pDC,HMDB0000169,D-Mannose,Fibro,SLC2A3,1.345238071,0.636469222,0.428216704,Transporter,-606.6261832,0,-19.17361986,2.57E-70,-1.730321351,0.041786439,0,0,0,5.53E-69,0.12528449,0
Oligo,HMDB0000169,D-Mannose,Mast,SLC2A3,2.402270733,0.630534351,0.475466284,Transporter,-1085.499557,0,-34.30935958,2.20E-171,-1.730321351,0.041786439,0,0,0,9.93E-170,0.12528449,0
pDC,HMDB0000169,D-Mannose,Mast,SLC2A3,1.916521074,0.636469222,0.475466284,Transporter,-940.4345337,0,-29.72429274,6.51E-140,-1.730321351,0.041786439,0,0,0,2.42E-138,0.12528449,0
Fibro,HMDB0006247,25-Hydroxycholesterol,Myeloid,NR1H3,0.182314187,0.095259594,0.224333333,Nuclear Receptor,-1235.607313,0,-39.05381198,1.36E-203,-1.730321351,0.041786439,0,0,0,7.36E-202,0.12528449,0
Myeloid,HMDB0006247,25-Hydroxycholesterol,Fibro,NR1H3,0.117270337,0.050666667,0.123250564,Nuclear Receptor,-855.9727694,0,-27.05471169,1.11E-121,-1.730321351,0.041786439,0,0,0,3.65E-120,0.12528449,0
Mast,HMDB0001403,Prostaglandin D2,Endo,SLCO2A1,14.60315009,0.915925395,0.374466065,Transporter,-13731.07373,0,-433.9977323,0,-1.730321351,0.041786439,0,0,0,0,0.12528449,0
Oligo,HMDB0000067,Cholesterol,Endo,CD36,1.594808517,0.396946565,0.312766967,Transporter,-2182.281265,0,-68.97531389,0,-1.730321351,0.041786439,0,0,0,0,0.12528449,0
Endo,HMDB0000067,Cholesterol,Endo,CD36,1.422903059,0.257712387,0.312766967,Transporter,-2539.149465,0,-80.2548389,0,-1.730321351,0.041786439,0,0,0,0,0.12528449,0
Myeloid,HMDB0000067,Cholesterol,Epi,CD36,0.340247561,0.565,0.060666667,Transporter,-800.3126474,0,-25.29546349,8.39E-110,-1.730321351,0.041786439,0,0,0,2.54E-108,0.12528449,0
Fibro,HMDB0000169,D-Mannose,T,SLC2A1,0.075248661,0.555981941,0.033333333,Transporter,-210.3001127,0,-6.646950838,2.46E-11,-1.730321351,0.041786439,0,0,0,1.60E-10,0.12528449,0
Oligo,HMDB0000067,Cholesterol,pDC,CD36,1.261679895,0.396946565,0.355400697,Transporter,-1410.49751,0,-44.58156243,4.24E-240,-1.730321351,0.041786439,0,0,0,2.80E-238,0.12528449,0
Endo,HMDB0000067,Cholesterol,pDC,CD36,1.125682589,0.257712387,0.355400697,Transporter,-1514.161321,0,-47.85806213,4.60E-261,-1.730321351,0.041786439,0,0,0,3.42E-259,0.12528449,0
Oligo,HMDB0000169,D-Mannose,Myeloid,SLC2A3,1.551150613,0.630534351,0.445,Transporter,-650.9995902,0,-20.57612911,5.19E-79,-1.730321351,0.041786439,0,0,0,1.22E-77,0.12528449,0
Epi,HMDB0001358,Retinal,Mast,RARA,0.239930982,0.596333333,0.136011478,Nuclear Receptor,-1098.650184,0,-34.72501116,3.16E-174,-1.730321351,0.041786439,0,0,0,1.46E-172,0.12528449,0
Oligo,HMDB0001358,Retinal,Myeloid,RARA,0.237933767,0.432061069,0.283333333,Nuclear Receptor,-372.030148,0,-11.75874835,2.72E-30,-1.730321351,0.041786439,0,0,0,3.33E-29,0.12528449,0
Epi,HMDB0001358,Retinal,Fibro,RARA,0.208554078,0.596333333,0.189164786,Nuclear Receptor,-1005.251228,0,-31.7729525,5.57E-154,-1.730321351,0.041786439,0,0,0,2.25E-152,0.12528449,0
B,HMDB0000148,L-Glutamic acid,B,SLC1A5,0.0012179,0.388,0.022166667,Transporter,-686.465004,0,-21.69708363,3.89E-86,-1.730321351,0.041786439,0,0,0,9.85E-85,0.12528449,0
Mast,HMDB0000517,L-Arginine,Oligo,SLC7A1,0.110761058,0.123672884,0.097709924,Transporter,-466.8865369,0,-14.75687206,4.95E-45,-1.730321351,0.041786439,0,0,0,7.66E-44,0.12528449,0
Myeloid,HMDB0000517,L-Arginine,pDC,SLC7A1,0.105896215,0.255666667,0.072009292,Transporter,-534.9537629,0,-16.90827131,6.77E-57,-1.730321351,0.041786439,0,0,0,1.22E-55,0.12528449,0
Epi,HMDB0000517,L-Arginine,Epi,SLC7A1,0.105395856,0.332166667,0.094333333,Transporter,-1096.66203,0,-34.66217163,8.49E-174,-1.730321351,0.041786439,0,0,0,3.90E-172,0.12528449,0
Myeloid,HMDB0000517,L-Arginine,Endo,SLC7A1,0.100424983,0.255666667,0.066919791,Transporter,-719.6094297,0,-22.74467874,6.48E-93,-1.730321351,0.041786439,0,0,0,1.74E-91,0.12528449,0
Endo,HMDB0000517,L-Arginine,Oligo,SLC7A1,0.092728693,0.181775036,0.097709924,Transporter,-355.4808726,0,-11.23567579,5.74E-28,-1.730321351,0.041786439,0,0,0,6.68E-27,0.12528449,0
Mast,HMDB0000517,L-Arginine,pDC,SLC7A1,0.091846254,0.123672884,0.072009292,Transporter,-413.4383964,0,-13.06753791,1.93E-36,-1.730321351,0.041786439,0,0,0,2.63E-35,0.12528449,0
Mast,HMDB0000517,L-Arginine,Endo,SLC7A1,0.087100927,0.123672884,0.066919791,Transporter,-540.4980128,0,-17.08350829,6.66E-58,-1.730321351,0.041786439,0,0,0,1.22E-56,0.12528449,0
Endo,HMDB0000517,L-Arginine,pDC,SLC7A1,0.076893298,0.181775036,0.072009292,Transporter,-301.3064837,0,-9.52338712,6.10E-21,-1.730321351,0.041786439,0,0,0,5.92E-20,0.12528449,0
B,HMDB0000148,L-Glutamic acid,Endo,SLC1A5,0.003499863,0.388,0.077835785,Transporter,-472.1515986,0,-14.92328475,6.49E-46,-1.730321351,0.041786439,0,0,0,1.02E-44,0.12528449,0
B,HMDB0000148,L-Glutamic acid,NK,SLC1A5,0.003391315,0.388,0.049333333,Transporter,-727.3068353,0,-22.98797046,1.67E-94,-1.730321351,0.041786439,0,0,0,4.55E-93,0.12528449,0
B,HMDB0000148,L-Glutamic acid,T,SLC1A5,0.002234738,0.388,0.038166667,Transporter,-747.206331,0,-23.61693336,1.23E-98,-1.730321351,0.041786439,0,0,0,3.49E-97,0.12528449,0
Endo,HMDB0000517,L-Arginine,Myeloid,SLC7A1,0.03833114,0.181775036,0.050666667,Transporter,-135.8858943,0,-4.294942344,9.59E-06,-1.730321351,0.041786439,0,0,0,4.14E-05,0.12528449,0
B,HMDB0000148,L-Glutamic acid,Oligo,SLC1A5,0.000696675,0.388,0.019847328,Transporter,-252.7807089,0,-7.989634069,1.86E-15,-1.730321351,0.041786439,0,0,0,1.50E-14,0.12528449,0
Epi,HMDB0000517,L-Arginine,Endo,SLC7A1,0.13511271,0.332166667,0.066919791,Transporter,-1025.15914,0,-32.40218143,2.65E-158,-1.730321351,0.041786439,0,0,0,1.11E-156,0.12528449,0
Myeloid,HMDB0000517,L-Arginine,Oligo,SLC7A1,0.127704466,0.255666667,0.097709924,Transporter,-589.4920019,0,-18.63206018,4.95E-67,-1.730321351,0.041786439,0,0,0,1.03E-65,0.12528449,0
Epi,HMDB0000517,L-Arginine,NK,SLC7A1,0.042897748,0.332166667,0.015,Transporter,-245.7242743,0,-7.766601501,9.96E-15,-1.730321351,0.041786439,0,0,0,7.78E-14,0.12528449,0
Oligo,HMDB0000169,D-Mannose,B,SLC2A3,1.685093371,0.630534351,0.3645,Transporter,-720.503598,0,-22.77294069,4.24E-93,-1.730321351,0.041786439,0,0,0,1.14E-91,0.12528449,0
Epi,HMDB0000050,Adenosine,Epi,SLC29A2,0.071588157,0.573166667,0.073333333,Transporter,-2472.839488,0,-78.15898097,0,-1.730321351,0.041786439,0,0,0,0,0.12528449,0
Oligo,HMDB0000050,Adenosine,Fibro,SLC29A2,0.002932284,0.380152672,0.011286682,Transporter,-151.3706527,0,-4.784368749,9.87E-07,-1.730321351,0.041786439,0,0,0,4.70E-06,0.12528449,0
Epi,HMDB0000050,Adenosine,Fibro,SLC29A2,0.009938503,0.573166667,0.011286682,Transporter,-462.4506801,0,-14.61666804,2.71E-44,-1.730321351,0.041786439,0,0,0,4.16E-43,0.12528449,0
B,HMDB0000148,L-Glutamic acid,pDC,SLC1A5,0.011283452,0.388,0.2485482,Transporter,-325.8956209,0,-10.30057541,5.12E-24,-1.730321351,0.041786439,0,0,0,5.41E-23,0.12528449,0
B,HMDB0000148,L-Glutamic acid,Epi,SLC1A5,0.007437982,0.388,0.233,Transporter,-748.8183258,0,-23.66788365,5.69E-99,-1.730321351,0.041786439,0,0,0,1.62E-97,0.12528449,0
B,HMDB0000148,L-Glutamic acid,Mast,SLC1A5,0.006207248,0.388,0.101865136,Transporter,-610.3394267,0,-19.29098426,4.94E-71,-1.730321351,0.041786439,0,0,0,1.07E-69,0.12528449,0
Fibro,HMDB0006247,25-Hydroxycholesterol,Fibro,ESR1,0.073463516,0.095259594,0.079458239,Receptor,-1829.602002,0,-57.82818851,2.288e-321,-1.730321351,0.041786439,0,0,0,2.3226e-319,0.12528449,0
Mast,HMDB0000050,Adenosine,Endo,SLC29A1,0.001818945,0.246771879,0.09492169,Transporter,-239.0494541,0,-7.555630614,4.70E-14,-1.730321351,0.041786439,0,0,0,3.55E-13,0.12528449,0
Fibro,HMDB0006247,25-Hydroxycholesterol,Epi,ESR1,0.016707479,0.095259594,0.028666667,Receptor,-316.6974422,0,-10.00984879,7.63E-23,-1.730321351,0.041786439,0,0,0,7.78E-22,0.12528449,0
Endo,HMDB0006247,25-Hydroxycholesterol,Fibro,ESR1,0.031312332,0.019458946,0.079458239,Receptor,-521.712153,0,-16.48974405,1.63E-54,-1.730321351,0.041786439,0,0,0,2.86E-53,0.12528449,0
Myeloid,HMDB0002103,27-Hydroxycholesterol,Epi,ESR1,0.135760322,0.4285,0.028666667,Receptor,-1286.288853,0,-40.65570228,2.63E-214,-1.730321351,0.041786439,0,0,0,1.51E-212,0.12528449,0
Endo,HMDB0002103,27-Hydroxycholesterol,Fibro,ESR1,0.131659257,0.114855244,0.079458239,Receptor,-946.3379865,0,-29.91088303,3.42E-141,-1.730321351,0.041786439,0,0,0,1.28E-139,0.12528449,0
Oligo,HMDB0002103,27-Hydroxycholesterol,Myeloid,ESR1,0.11527694,0.444274809,0.020666667,Receptor,-704.9018555,0,-22.27981678,6.80E-90,-1.730321351,0.041786439,0,0,0,1.78E-88,0.12528449,0
Myeloid,HMDB0002103,27-Hydroxycholesterol,Myeloid,ESR1,0.107051761,0.4285,0.020666667,Receptor,-911.9445288,0,-28.8238098,9.61E-134,-1.730321351,0.041786439,0,0,0,3.42E-132,0.12528449,0
Mast,HMDB0000050,Adenosine,Mast,SLC29A1,0.000924923,0.246771879,0.035868006,Transporter,-261.5330152,0,-8.266268013,2.18E-16,-1.730321351,0.041786439,0,0,0,1.81E-15,0.12528449,0
Mast,HMDB0000050,Adenosine,Oligo,SLC29A1,0.000144376,0.246771879,0.010687023,Transporter,-163.0935929,0,-5.15489545,1.53E-07,-1.730321351,0.041786439,0,0,0,7.77E-07,0.12528449,0
Myeloid,HMDB0006247,25-Hydroxycholesterol,Fibro,ESR1,0.08941472,0.050666667,0.079458239,Receptor,-2549.334253,0,-80.57674927,0,-1.730321351,0.041786439,0,0,0,0,0.12528449,0
Epi,HMDB0006247,25-Hydroxycholesterol,Fibro,ESR1,0.080091999,0.068,0.079458239,Receptor,-2336.667751,0,-73.85500401,0,-1.730321351,0.041786439,0,0,0,0,0.12528449,0
B,HMDB0000148,L-Glutamic acid,Myeloid,SLC1A5,0.005124198,0.388,0.162833333,Transporter,-720.9292562,0,-22.78639447,3.46E-93,-1.730321351,0.041786439,0,0,0,9.30E-92,0.12528449,0
Myeloid,HMDB0006247,25-Hydroxycholesterol,Epi,ESR1,0.02033519,0.050666667,0.028666667,Receptor,-495.4319847,0,-15.65910738,6.85E-50,-1.730321351,0.041786439,0,0,0,1.13E-48,0.12528449,0
Epi,HMDB0006247,25-Hydroxycholesterol,Epi,ESR1,0.018214965,0.068,0.028666667,Receptor,-422.447053,0,-13.35227431,7.70E-38,-1.730321351,0.041786439,0,0,0,1.08E-36,0.12528449,0
Epi,HMDB0006247,25-Hydroxycholesterol,Myeloid,ESR1,0.014363137,0.068,0.020666667,Receptor,-297.0459124,0,-9.388723338,1.99E-20,-1.730321351,0.041786439,0,0,0,1.90E-19,0.12528449,0
Endo,HMDB0000517,L-Arginine,Endo,SLC7A1,0.07292053,0.181775036,0.066919791,Transporter,-364.1358638,0,-11.50923389,3.58E-29,-1.730321351,0.041786439,0,0,0,4.28E-28,0.12528449,0
Epi,HMDB0000517,L-Arginine,Myeloid,SLC7A1,0.071022855,0.332166667,0.050666667,Transporter,-624.1663975,0,-19.72801301,1.01E-73,-1.730321351,0.041786439,0,0,0,2.27E-72,0.12528449,0
Endo,HMDB0000517,L-Arginine,Epi,SLC7A1,0.0568823,0.181775036,0.094333333,Transporter,-316.2373036,0,-9.995305202,8.72E-23,-1.730321351,0.041786439,0,0,0,8.88E-22,0.12528449,0
Myeloid,HMDB0000517,L-Arginine,Myeloid,SLC7A1,0.052789031,0.255666667,0.050666667,Transporter,-372.1685209,0,-11.7631219,2.60E-30,-1.730321351,0.041786439,0,0,0,3.19E-29,0.12528449,0
Mast,HMDB0000517,L-Arginine,Myeloid,SLC7A1,0.045785156,0.123672884,0.050666667,Transporter,-246.8560001,0,-7.802371934,7.63E-15,-1.730321351,0.041786439,0,0,0,6.00E-14,0.12528449,0
Epi,HMDB0000517,L-Arginine,B,SLC7A1,0.041882671,0.332166667,0.016333333,Transporter,-240.0369224,0,-7.5868415,3.75E-14,-1.730321351,0.041786439,0,0,0,2.84E-13,0.12528449,0
Epi,HMDB0000517,L-Arginine,Fibro,SLC7A1,0.041584721,0.332166667,0.036343115,Transporter,-207.3183606,0,-6.552706668,4.52E-11,-1.730321351,0.041786439,0,0,0,2.90E-10,0.12528449,0
Endo,HMDB0001403,Prostaglandin D2,Endo,SLCO2A1,1.776335937,0.158044613,0.374466065,Transporter,-1468.104822,0,-46.40235543,8.14E-252,-1.730321351,0.041786439,0,0,0,5.73E-250,0.12528449,0
Epi,HMDB0000121,Folic acid,Myeloid,SLC19A1,0.069522362,0.164666667,0.090166667,Transporter,-1180.117948,0,-37.29996092,9.23E-192,-1.730321351,0.041786439,0,0,0,4.75E-190,0.12528449,0
Fibro,HMDB0006247,25-Hydroxycholesterol,Epi,NR1H3,0.056907875,0.095259594,0.092666667,Nuclear Receptor,-265.650533,0,-8.396410304,7.81E-17,-1.730321351,0.041786439,0,0,0,6.57E-16,0.12528449,0
Epi,HMDB0006247,25-Hydroxycholesterol,Endo,NR1H3,0.056807726,0.068,0.052206929,Nuclear Receptor,-290.0492081,0,-9.167578668,1.34E-19,-1.730321351,0.041786439,0,0,0,1.25E-18,0.12528449,0
Fibro,HMDB0006247,25-Hydroxycholesterol,Endo,NR1H3,0.052106269,0.095259594,0.052206929,Nuclear Receptor,-211.8120365,0,-6.694738178,1.80E-11,-1.730321351,0.041786439,0,0,0,1.18E-10,0.12528449,0
Fibro,HMDB0000050,Adenosine,Epi,SLC29A2,0.061542762,0.533408578,0.073333333,Transporter,-2037.462422,0,-64.39802804,0,-1.730321351,0.041786439,0,0,0,0,0.12528449,0
B,HMDB0000148,L-Glutamic acid,Fibro,SLC1A5,0.007836357,0.388,0.198871332,Transporter,-680.0231647,0,-21.49347657,7.85E-85,-1.730321351,0.041786439,0,0,0,1.94E-83,0.12528449,0
Mast,HMDB0001220,Prostaglandin E2,Endo,SLCO2A1,2.262642098,0.503586801,0.374466065,Transporter,-2387.275495,0,-75.4545618,0,-1.730321351,0.041786439,0,0,0,0,0.12528449,0
pDC,HMDB0001220,Prostaglandin E2,Endo,SLCO2A1,2.192601411,0.617886179,0.374466065,Transporter,-2279.21975,0,-72.03924636,0,-1.730321351,0.041786439,0,0,0,0,0.12528449,0
Epi,HMDB0000517,L-Arginine,T,SLC7A1,0.04221102,0.332166667,0.018666667,Transporter,-243.5764988,0,-7.69871681,1.65E-14,-1.730321351,0.041786439,0,0,0,1.27E-13,0.12528449,0
B,HMDB0000169,D-Mannose,pDC,SLC2A1,0.123242131,0.225833333,0.229965157,Transporter,-337.9461114,0,-10.68145499,1.36E-25,-1.730321351,0.041786439,0,0,0,1.50E-24,0.12528449,0
Oligo,HMDB0000169,D-Mannose,T,SLC2A1,0.119643975,0.630534351,0.033333333,Transporter,-231.9990718,0,-7.33278934,2.33E-13,-1.730321351,0.041786439,0,0,0,1.69E-12,0.12528449,0
Oligo,HMDB0000121,Folic acid,Epi,SLC19A1,0.074638976,0.161832061,0.069833333,Transporter,-684.8705136,0,-21.64668661,8.19E-86,-1.730321351,0.041786439,0,0,0,2.06E-84,0.12528449,0
Epi,HMDB0000517,L-Arginine,pDC,SLC7A1,0.142473757,0.332166667,0.072009292,Transporter,-740.6913769,0,-23.41101536,2.80E-97,-1.730321351,0.041786439,0,0,0,7.79E-96,0.12528449,0
Myeloid,HMDB0001403,Prostaglandin D2,Endo,SLCO2A1,1.314571969,0.235,0.374466065,Transporter,-1057.506719,0,-33.42459062,2.55E-165,-1.730321351,0.041786439,0,0,0,1.12E-163,0.12528449,0
Mast,HMDB0001403,Prostaglandin D2,Epi,SLCO2A1,1.00804234,0.915925395,0.059,Transporter,-1284.172581,0,-40.58881332,7.34E-214,-1.730321351,0.041786439,0,0,0,4.18E-212,0.12528449,0
pDC,HMDB0001403,Prostaglandin D2,Epi,SLCO2A1,0.712122563,0.463414634,0.059,Transporter,-654.5544576,0,-20.68848773,1.02E-79,-1.730321351,0.041786439,0,0,0,2.42E-78,0.12528449,0
Fibro,HMDB0001403,Prostaglandin D2,Epi,SLCO2A1,0.698441919,0.523927765,0.059,Transporter,-789.7060348,0,-24.96022053,1.48E-107,-1.730321351,0.041786439,0,0,0,4.44E-106,0.12528449,0
pDC,HMDB0000169,D-Mannose,Fibro,SLC2A1,0.103971434,0.636469222,0.063656885,Transporter,-203.9014513,0,-6.444708495,8.99E-11,-1.730321351,0.041786439,0,0,0,5.67E-10,0.12528449,0
B,HMDB0000169,D-Mannose,Epi,SLC2A1,0.096770362,0.225833333,0.2275,Transporter,-420.5939269,0,-13.2937026,1.50E-37,-1.730321351,0.041786439,0,0,0,2.09E-36,0.12528449,0
pDC,HMDB0000169,D-Mannose,Myeloid,SLC2A1,0.162694487,0.636469222,0.067666667,Transporter,-406.4450043,0,-12.84649793,2.27E-35,-1.730321351,0.041786439,0,0,0,3.05E-34,0.12528449,0
pDC,HMDB0000169,D-Mannose,NK,SLC2A1,0.162295194,0.636469222,0.045333333,Transporter,-411.6890001,0,-13.01224478,3.58E-36,-1.730321351,0.041786439,0,0,0,4.87E-35,0.12528449,0
Fibro,HMDB0000169,D-Mannose,Endo,SLC2A1,0.150853498,0.555981941,0.056953014,Transporter,-624.1118893,0,-19.72629017,1.04E-73,-1.730321351,0.041786439,0,0,0,2.32E-72,0.12528449,0
pDC,HMDB0000121,Folic acid,Myeloid,SLC19A1,0.05685588,0.089430894,0.090166667,Transporter,-565.282766,0,-17.86687942,1.80E-62,-1.730321351,0.041786439,0,0,0,3.52E-61,0.12528449,0
Endo,HMDB0000121,Folic acid,Myeloid,SLC19A1,0.040959621,0.061699098,0.090166667,Transporter,-449.3466657,0,-14.20248976,3.89E-42,-1.730321351,0.041786439,0,0,0,5.79E-41,0.12528449,0
Myeloid,HMDB0000121,Folic acid,Epi,SLC19A1,0.036926617,0.118666667,0.069833333,Transporter,-486.4739922,0,-15.37597231,2.40E-48,-1.730321351,0.041786439,0,0,0,3.88E-47,0.12528449,0
Endo,HMDB0000121,Folic acid,Epi,SLC19A1,0.030772897,0.061699098,0.069833333,Transporter,-266.7928723,0,-8.432516194,5.86E-17,-1.730321351,0.041786439,0,0,0,4.96E-16,0.12528449,0
T,HMDB0000121,Folic acid,Myeloid,SLC19A1,0.027592729,0.036166667,0.090166667,Transporter,-273.4716604,0,-8.643612499,1.07E-17,-1.730321351,0.041786439,0,0,0,9.30E-17,0.12528449,0
Oligo,HMDB0000121,Folic acid,Fibro,SLC19A1,0.027589745,0.161832061,0.027539503,Transporter,-142.0056342,0,-4.488368823,4.01E-06,-1.730321351,0.041786439,0,0,0,1.80E-05,0.12528449,0
B,HMDB0000121,Folic acid,Epi,SLC19A1,0.026915211,0.044166667,0.069833333,Transporter,-264.2541305,0,-8.352274241,1.11E-16,-1.730321351,0.041786439,0,0,0,9.28E-16,0.12528449,0
NK,HMDB0000121,Folic acid,Myeloid,SLC19A1,0.024273724,0.027,0.090166667,Transporter,-203.8862533,0,-6.444228132,9.02E-11,-1.730321351,0.041786439,0,0,0,5.69E-10,0.12528449,0
T,HMDB0000121,Folic acid,Epi,SLC19A1,0.020730372,0.036166667,0.069833333,Transporter,-121.84109,0,-3.851028538,6.26E-05,-1.730321351,0.041786439,0,0,0,0.000249016,0.12528449,0
Fibro,HMDB0000121,Folic acid,Myeloid,SLC19A1,0.058086033,0.117832957,0.090166667,Transporter,-888.3544887,0,-28.07819995,1.20E-128,-1.730321351,0.041786439,0,0,0,4.09E-127,0.12528449,0
Myeloid,HMDB0006247,25-Hydroxycholesterol,Endo,NR1H3,0.063420153,0.050666667,0.052206929,Nuclear Receptor,-336.9398433,0,-10.6496499,1.84E-25,-1.730321351,0.041786439,0,0,0,2.04E-24,0.12528449,0
Epi,HMDB0006247,25-Hydroxycholesterol,Epi,NR1H3,0.062042572,0.068,0.092666667,Nuclear Receptor,-373.2168106,0,-11.79625517,1.84E-30,-1.730321351,0.041786439,0,0,0,2.27E-29,0.12528449,0
Fibro,HMDB0002369,9-cis-Retinoic acid,Endo,RXRA,1.025204212,0.441309255,0.132415757,Nuclear Receptor,-1580.871852,0,-49.96658038,2.91E-274,-1.730321351,0.041786439,0,0,0,2.31E-272,0.12528449,0
Epi,HMDB0000121,Folic acid,Epi,SLC19A1,0.052232038,0.164666667,0.069833333,Transporter,-797.2440234,0,-25.19847356,3.75E-109,-1.730321351,0.041786439,0,0,0,1.13E-107,0.12528449,0
Oligo,HMDB0000050,Adenosine,Epi,SLC29A2,0.021121572,0.380152672,0.073333333,Transporter,-433.8113504,0,-13.7114654,1.24E-39,-1.730321351,0.041786439,0,0,0,1.79E-38,0.12528449,0
Fibro,HMDB0000121,Folic acid,Epi,SLC19A1,0.043639943,0.117832957,0.069833333,Transporter,-605.7116345,0,-19.14471374,3.86E-70,-1.730321351,0.041786439,0,0,0,8.29E-69,0.12528449,0
pDC,HMDB0000121,Folic acid,Epi,SLC19A1,0.04271573,0.089430894,0.069833333,Transporter,-368.4823095,0,-11.6466119,8.71E-30,-1.730321351,0.041786439,0,0,0,1.06E-28,0.12528449,0
Myeloid,HMDB0000121,Folic acid,Myeloid,SLC19A1,0.049150402,0.118666667,0.090166667,Transporter,-714.4047276,0,-22.58017384,7.64E-92,-1.730321351,0.041786439,0,0,0,2.03E-90,0.12528449,0
Mast,HMDB0000050,Adenosine,Epi,SLC29A2,0.00082701,0.246771879,0.073333333,Transporter,-225.9731518,0,-7.142328225,8.83E-13,-1.730321351,0.041786439,0,0,0,6.21E-12,0.12528449,0
Oligo,HMDB0000169,D-Mannose,Endo,SLC2A3,1.570694023,0.630534351,0.340768866,Transporter,-658.4626438,0,-20.81201368,1.69E-80,-1.730321351,0.041786439,0,0,0,4.05E-79,0.12528449,0
B,HMDB0000121,Folic acid,Myeloid,SLC19A1,0.035824929,0.044166667,0.090166667,Transporter,-473.0244351,0,-14.95087247,4.63E-46,-1.730321351,0.041786439,0,0,0,7.27E-45,0.12528449,0
T,HMDB0000030,Biotin,B,SLC5A6,0.02379915,0.036333333,0.025,Transporter,-132.2713841,0,-4.180698603,1.58E-05,-1.730321351,0.041786439,0,0,0,6.67E-05,0.12528449,0
Oligo,HMDB0000121,Folic acid,Myeloid,SLC19A1,0.099346648,0.161832061,0.090166667,Transporter,-992.5561604,0,-31.37169979,3.18E-151,-1.730321351,0.041786439,0,0,0,1.26E-149,0.12528449,0
Endo,HMDB0000097,Choline,Mast,SLC44A1,0.343698768,0.384432843,0.270014347,Transporter,-298.5329901,0,-9.43572537,1.32E-20,-1.730321351,0.041786439,0,0,0,1.27E-19,0.12528449,0
Oligo,HMDB0001358,Retinal,Fibro,RXRB,0.148690749,0.432061069,0.160496614,Nuclear Receptor,-361.829305,0,-11.43633054,7.53E-29,-1.730321351,0.041786439,0,0,0,8.97E-28,0.12528449,0
pDC,HMDB0003178,Heme,Endo,TLR4,0.033143448,0.160278746,0.056478405,Receptor,-311.9379988,0,-9.859417172,3.01E-22,-1.730321351,0.041786439,0,0,0,3.02E-21,0.12528449,0
Mast,HMDB0003178,Heme,Endo,TLR4,0.012064917,0.089526542,0.056478405,Receptor,-307.7645525,0,-9.727507152,9.91E-22,-1.730321351,0.041786439,0,0,0,9.83E-21,0.12528449,0
NK,HMDB0000067,Cholesterol,NK,RORA,0.725878935,0.0935,0.33,Nuclear Receptor,-583.6506917,0,-18.44743403,6.36E-66,-1.730321351,0.041786439,0,0,0,1.31E-64,0.12528449,0
pDC,HMDB0000097,Choline,Epi,SLC44A3,0.346061351,0.826945412,0.118666667,Transporter,-4490.348342,0,-141.926337,0,-1.730321351,0.041786439,0,0,0,0,0.12528449,0
Myeloid,HMDB0000097,Choline,Epi,SLC44A3,0.23063783,0.719666667,0.118666667,Transporter,-4079.30666,0,-128.934552,0,-1.730321351,0.041786439,0,0,0,0,0.12528449,0
Fibro,HMDB0000097,Choline,Epi,SLC44A3,0.163796329,0.588713318,0.118666667,Transporter,-2736.609736,0,-86.49596115,0,-1.730321351,0.041786439,0,0,0,0,0.12528449,0
Mast,HMDB0003178,Heme,pDC,LRP1,0.003704489,0.089526542,0.018583043,Transporter,-275.5816737,0,-8.710303641,6.19E-18,-1.730321351,0.041786439,0,0,0,5.44E-17,0.12528449,0
pDC,HMDB0003178,Heme,Epi,LRP1,0.035840435,0.160278746,0.097333333,Transporter,-261.3548862,0,-8.260637892,2.28E-16,-1.730321351,0.041786439,0,0,0,1.89E-15,0.12528449,0
pDC,HMDB0003178,Heme,Oligo,LRP1,0.018558564,0.160278746,0.024427481,Transporter,-205.1990472,0,-6.485721577,6.93E-11,-1.730321351,0.041786439,0,0,0,4.39E-10,0.12528449,0
Mast,HMDB0003178,Heme,Epi,LRP1,0.013046678,0.089526542,0.097333333,Transporter,-450.5337981,0,-14.24001142,2.49E-42,-1.730321351,0.041786439,0,0,0,3.72E-41,0.12528449,0
Mast,HMDB0003178,Heme,Endo,LRP1,0.003659666,0.089526542,0.017085904,Transporter,-364.5172423,0,-11.52128812,3.16E-29,-1.730321351,0.041786439,0,0,0,3.79E-28,0.12528449,0
Endo,HMDB0000538,Adenosine triphosphate,pDC,P2RX1,0.018326525,0.49833887,0.203252033,Receptor,-468.3777935,0,-14.80400617,2.79E-45,-1.730321351,0.041786439,0,0,0,4.34E-44,0.12528449,0
Endo,HMDB0000538,Adenosine triphosphate,Mast,P2RX1,0.017108381,0.49833887,0.150932568,Receptor,-556.0880954,0,-17.57626368,9.18E-61,-1.730321351,0.041786439,0,0,0,1.76E-59,0.12528449,0
Epi,HMDB0001358,Retinal,Oligo,RXRB,0.163958397,0.596333333,0.13129771,Nuclear Receptor,-748.1825151,0,-23.64778759,7.73E-99,-1.730321351,0.041786439,0,0,0,2.19E-97,0.12528449,0
Epi,HMDB0000097,Choline,Fibro,SLC44A1,0.334420932,0.4765,0.345823928,Transporter,-389.9567502,0,-12.32535406,6.76E-33,-1.730321351,0.041786439,0,0,0,8.66E-32,0.12528449,0
B,HMDB0000067,Cholesterol,NK,RORA,0.663753556,0.087833333,0.33,Nuclear Receptor,-471.5717363,0,-14.90495705,8.12E-46,-1.730321351,0.041786439,0,0,0,1.27E-44,0.12528449,0
Endo,HMDB0000067,Cholesterol,NK,RORA,1.585723088,0.257712387,0.33,Nuclear Receptor,-1283.35188,0,-40.56287342,1.09E-213,-1.730321351,0.041786439,0,0,0,6.21E-212,0.12528449,0
Endo,HMDB0000067,Cholesterol,T,RORA,1.421324821,0.257712387,0.3265,Nuclear Receptor,-1095.257513,0,-34.61777909,1.71E-173,-1.730321351,0.041786439,0,0,0,7.82E-172,0.12528449,0
Mast,HMDB0000870,Histamine,Endo,HRH1,1.027498678,0.426111908,0.121974371,Receptor,-3361.894325,0,-106.2593168,0,-1.730321351,0.041786439,0,0,0,0,0.12528449,0
Myeloid,HMDB0000067,Cholesterol,Epi,RORC,0.517975439,0.565,0.131666667,Nuclear Receptor,-5892.071383,0,-186.2305651,0,-1.730321351,0.041786439,0,0,0,0,0.12528449,0
Fibro,HMDB0000097,Choline,T,SLC44A2,0.283931311,0.588713318,0.096166667,Transporter,-356.5831085,0,-11.27051413,4.04E-28,-1.730321351,0.041786439,0,0,0,4.72E-27,0.12528449,0
pDC,HMDB0000097,Choline,Fibro,SLC44A3,0.143642278,0.826945412,0.04221219,Transporter,-1556.150618,0,-49.18521687,2.13E-269,-1.730321351,0.041786439,0,0,0,1.65E-267,0.12528449,0
Myeloid,HMDB0000097,Choline,Fibro,SLC44A3,0.095732572,0.719666667,0.04221219,Transporter,-1240.499324,0,-39.20843367,1.24E-204,-1.730321351,0.041786439,0,0,0,6.76E-203,0.12528449,0
Epi,HMDB0000097,Choline,Epi,SLC44A3,0.068552493,0.4765,0.118666667,Transporter,-967.1602159,0,-30.56901076,1.04E-145,-1.730321351,0.041786439,0,0,0,3.98E-144,0.12528449,0
Fibro,HMDB0000097,Choline,Fibro,SLC44A3,0.06798817,0.588713318,0.04221219,Transporter,-780.3713063,0,-24.66517798,1.38E-105,-1.730321351,0.041786439,0,0,0,4.09E-104,0.12528449,0
Endo,HMDB0000097,Choline,Epi,SLC44A3,0.062360537,0.384432843,0.118666667,Transporter,-764.1213985,0,-24.15156752,3.59E-102,-1.730321351,0.041786439,0,0,0,1.05E-100,0.12528449,0
T,HMDB0000286,Uridine diphosphate glucose,Mast,P2RY14,1.480471539,0.275333333,0.139454806,Receptor,-1425.740852,0,-45.06335842,3.24E-243,-1.730321351,0.041786439,0,0,0,2.19E-241,0.12528449,0
Endo,HMDB0000067,Cholesterol,Epi,RORB,0.031105769,0.257712387,0.017833333,Nuclear Receptor,-407.9643866,0,-12.89452101,1.33E-35,-1.730321351,0.041786439,0,0,0,1.79E-34,0.12528449,0
Mast,HMDB0000067,Cholesterol,NK,RORA,0.740569234,0.101865136,0.33,Nuclear Receptor,-491.8886106,0,-15.54711203,2.81E-49,-1.730321351,0.041786439,0,0,0,4.61E-48,0.12528449,0
T,HMDB0001358,Retinal,Oligo,RXRB,0.096539821,0.281666667,0.13129771,Nuclear Receptor,-516.6927879,0,-16.33109709,1.27E-53,-1.730321351,0.041786439,0,0,0,2.21E-52,0.12528449,0
Myeloid,HMDB0006219,13-cis-Retinoic acid,Fibro,RXRA,0.477858693,0.360333333,0.140406321,Nuclear Receptor,-706.3332261,0,-22.32505807,3.46E-90,-1.730321351,0.041786439,0,0,0,9.08E-89,0.12528449,0
Endo,HMDB0006219,13-cis-Retinoic acid,Epi,RXRA,0.466214818,0.2078785,0.236666667,Nuclear Receptor,-575.5040098,0,-18.18994204,2.19E-64,-1.730321351,0.041786439,0,0,0,4.42E-63,0.12528449,0
Endo,HMDB0006219,13-cis-Retinoic acid,Endo,RXRA,0.413518981,0.2078785,0.132415757,Nuclear Receptor,-331.523562,0,-10.47845762,9.52E-25,-1.730321351,0.041786439,0,0,0,1.03E-23,0.12528449,0
Fibro,HMDB0006219,13-cis-Retinoic acid,Myeloid,RXRA,1.686656559,0.441309255,0.3015,Nuclear Receptor,-4195.56231,0,-132.6090417,0,-1.730321351,0.041786439,0,0,0,0,0.12528449,0
Mast,HMDB0006219,13-cis-Retinoic acid,Myeloid,RXRA,1.236420935,0.307890961,0.3015,Nuclear Receptor,-2794.716387,0,-88.33253673,0,-1.730321351,0.041786439,0,0,0,0,0.12528449,0
Fibro,HMDB0006219,13-cis-Retinoic acid,Epi,RXRA,1.155848745,0.441309255,0.236666667,Nuclear Receptor,-2681.873329,0,-84.7659088,0,-1.730321351,0.041786439,0,0,0,0,0.12528449,0
Fibro,HMDB0006219,13-cis-Retinoic acid,Endo,RXRA,1.025204212,0.441309255,0.132415757,Nuclear Receptor,-1580.871852,0,-49.96658038,2.91E-274,-1.730321351,0.041786439,0,0,0,2.31E-272,0.12528449,0
Myeloid,HMDB0006219,13-cis-Retinoic acid,Myeloid,RXRA,1.014452991,0.360333333,0.3015,Nuclear Receptor,-2380.359415,0,-75.23596543,0,-1.730321351,0.041786439,0,0,0,0,0.12528449,0
Oligo,HMDB0000067,Cholesterol,NK,RORA,1.777299354,0.396946565,0.33,Nuclear Receptor,-847.5957041,0,-26.78993798,6.96E-120,-1.730321351,0.041786439,0,0,0,2.26E-118,0.12528449,0
Myeloid,HMDB0000067,Cholesterol,Fibro,RORA,1.625002758,0.565,0.248532731,Nuclear Receptor,-1967.422556,0,-62.18427961,0,-1.730321351,0.041786439,0,0,0,0,0.12528449,0
Myeloid,HMDB0000067,Cholesterol,Endo,RORA,0.871859695,0.565,0.13146654,Nuclear Receptor,-611.3600346,0,-19.32324259,3.13E-71,-1.730321351,0.041786439,0,0,0,6.83E-70,0.12528449,0
Oligo,HMDB0000067,Cholesterol,Fibro,RORA,0.82431409,0.396946565,0.248532731,Nuclear Receptor,-274.4644322,0,-8.674991014,8.27E-18,-1.730321351,0.041786439,0,0,0,7.24E-17,0.12528449,0
Myeloid,HMDB0000067,Cholesterol,Epi,RORA,0.770848446,0.565,0.149666667,Nuclear Receptor,-646.0732461,0,-20.42042227,4.94E-78,-1.730321351,0.041786439,0,0,0,1.15E-76,0.12528449,0
T,HMDB0000067,Cholesterol,Fibro,RORB,0.030045553,0.095833333,0.029345372,Nuclear Receptor,-377.000455,0,-11.91584473,5.27E-31,-1.730321351,0.041786439,0,0,0,6.54E-30,0.12528449,0
Endo,HMDB0000067,Cholesterol,Fibro,RORA,0.735460732,0.257712387,0.248532731,Nuclear Receptor,-375.2956755,0,-11.86196181,9.27E-31,-1.730321351,0.041786439,0,0,0,1.15E-29,0.12528449,0
Myeloid,HMDB0000067,Cholesterol,NK,RORA,3.503660058,0.565,0.33,Nuclear Receptor,-4977.263164,0,-157.3162427,0,-1.730321351,0.041786439,0,0,0,0,0.12528449,0
pDC,HMDB0003178,Heme,Myeloid,TLR4,0.120941036,0.160278746,0.260833333,Receptor,-789.0115429,0,-24.93826974,2.07E-107,-1.730321351,0.041786439,0,0,0,6.21E-106,0.12528449,0
Mast,HMDB0003178,Heme,Myeloid,TLR4,0.0440251,0.089526542,0.260833333,Receptor,-697.1145422,0,-22.03368335,2.65E-88,-1.730321351,0.041786439,0,0,0,6.84E-87,0.12528449,0
Oligo,HMDB0000067,Cholesterol,Epi,RORC,0.262753063,0.396946565,0.131666667,Nuclear Receptor,-1701.463925,0,-53.77813124,1.61E-297,-1.730321351,0.041786439,0,0,0,1.44E-295,0.12528449,0
Endo,HMDB0000067,Cholesterol,Epi,RORC,0.234430738,0.257712387,0.131666667,Nuclear Receptor,-2053.753885,0,-64.91295194,0,-1.730321351,0.041786439,0,0,0,0,0.12528449,0
NK,HMDB0000067,Cholesterol,Epi,RORC,0.107312768,0.0935,0.131666667,Nuclear Receptor,-945.6456076,0,-29.88899903,4.83E-141,-1.730321351,0.041786439,0,0,0,1.80E-139,0.12528449,0
pDC,HMDB0003178,Heme,Fibro,TLR4,0.009415714,0.160278746,0.021670429,Receptor,-241.3399658,0,-7.628026763,2.77E-14,-1.730321351,0.041786439,0,0,0,2.12E-13,0.12528449,0
Mast,HMDB0003178,Heme,Fibro,TLR4,0.003427519,0.089526542,0.021670429,Receptor,-341.5518685,0,-10.79542207,4.49E-26,-1.730321351,0.041786439,0,0,0,5.02E-25,0.12528449,0
Myeloid,HMDB0000067,Cholesterol,T,RORA,3.140421579,0.565,0.3265,Nuclear Receptor,-4524.0254,0,-142.990767,0,-1.730321351,0.041786439,0,0,0,0,0.12528449,0
B,HMDB0000148,L-Glutamic acid,Fibro,GRM3,0.000389528,0.388,0.010158014,Receptor,-175.3300294,0,-5.541652218,1.92E-08,-1.730321351,0.041786439,0,0,0,1.05E-07,0.12528449,0
NK,HMDB0001358,Retinal,Mast,RXRB,0.043153567,0.2615,0.047632712,Nuclear Receptor,-470.4020461,0,-14.86798668,1.28E-45,-1.730321351,0.041786439,0,0,0,1.99E-44,0.12528449,0
Epi,HMDB0001358,Retinal,Endo,RXRB,0.166995032,0.596333333,0.118652112,Nuclear Receptor,-1031.229645,0,-32.59405173,1.28E-159,-1.730321351,0.041786439,0,0,0,5.38E-158,0.12528449,0
Fibro,HMDB0000097,Choline,Epi,SLC44A1,0.50977018,0.588713318,0.298333333,Transporter,-892.0131778,0,-28.19384005,1.94E-129,-1.730321351,0.041786439,0,0,0,6.70E-128,0.12528449,0
Fibro,HMDB0001852,all-trans-Retinoic acid,Myeloid,RXRA,1.68159295,0.441309255,0.3015,Nuclear Receptor,-4205.000503,0,-132.9073544,0,-1.730321351,0.041786439,0,0,0,0,0.12528449,0
Oligo,HMDB0000097,Choline,Oligo,SLC44A1,1.159969909,0.41221374,0.80610687,Transporter,-948.2798215,0,-29.97225857,1.30E-141,-1.730321351,0.041786439,0,0,0,4.87E-140,0.12528449,0
pDC,HMDB0000097,Choline,Endo,SLC44A1,1.127990172,0.826945412,0.187470337,Transporter,-1262.024841,0,-39.88879019,3.44E-209,-1.730321351,0.041786439,0,0,0,1.91E-207,0.12528449,0
Myeloid,HMDB0000097,Choline,Fibro,SLC44A1,1.125124922,0.719666667,0.345823928,Transporter,-2674.912327,0,-84.54589255,0,-1.730321351,0.041786439,0,0,0,0,0.12528449,0
pDC,HMDB0000097,Choline,Epi,SLC44A1,1.077018991,0.826945412,0.298333333,Transporter,-1277.469218,0,-40.37694027,1.89E-212,-1.730321351,0.041786439,0,0,0,1.07E-210,0.12528449,0
B,HMDB0000097,Choline,Oligo,SLC44A1,1.062999552,0.229833333,0.80610687,Transporter,-1159.748711,0,-36.65615091,2.15E-187,-1.730321351,0.041786439,0,0,0,1.08E-185,0.12528449,0
pDC,HMDB0000097,Choline,Myeloid,SLC44A1,0.547328323,0.826945412,0.1435,Transporter,-492.6172388,0,-15.57014177,2.10E-49,-1.730321351,0.041786439,0,0,0,3.45E-48,0.12528449,0
Fibro,HMDB0000097,Choline,Endo,SLC44A1,0.533895649,0.588713318,0.187470337,Transporter,-708.6436601,0,-22.39808391,1.16E-90,-1.730321351,0.041786439,0,0,0,3.07E-89,0.12528449,0
NK,HMDB0000097,Choline,Oligo,SLC44A1,0.500965457,0.1565,0.80610687,Transporter,-405.6903179,0,-12.82264457,2.96E-35,-1.730321351,0.041786439,0,0,0,3.96E-34,0.12528449,0
Mast,HMDB0000870,Histamine,Myeloid,HRH1,0.238231363,0.426111908,0.046,Receptor,-1501.135119,0,-47.44634328,1.85E-258,-1.730321351,0.041786439,0,0,0,1.36E-256,0.12528449,0
Oligo,HMDB0000067,Cholesterol,Epi,RORB,0.034863756,0.396946565,0.017833333,Nuclear Receptor,-408.3756448,0,-12.90751964,1.15E-35,-1.730321351,0.041786439,0,0,0,1.55E-34,0.12528449,0
Myeloid,HMDB0000097,Choline,pDC,SLC44A1,0.277644539,0.719666667,0.091753775,Transporter,-116.081151,0,-3.668974278,0.000128196,-1.730321351,0.041786439,0,0,0,0.000495594,0.12528449,0
Fibro,HMDB0000097,Choline,Myeloid,SLC44A1,0.259059181,0.588713318,0.1435,Transporter,-155.3123355,0,-4.908953425,5.34E-07,-1.730321351,0.041786439,0,0,0,2.59E-06,0.12528449,0
B,HMDB0000097,Choline,Mast,SLC44A1,0.248543248,0.229833333,0.270014347,Transporter,-123.1858127,0,-3.893531157,5.27E-05,-1.730321351,0.041786439,0,0,0,0.000211404,0.12528449,0
Endo,HMDB0001852,all-trans-Retinoic acid,Endo,RXRA,0.413518981,0.2078785,0.132415757,Nuclear Receptor,-335.6982774,0,-10.61040775,2.69E-25,-1.730321351,0.041786439,0,0,0,2.96E-24,0.12528449,0
pDC,HMDB0000097,Choline,pDC,SLC44A1,0.416592736,0.826945412,0.091753775,Transporter,-237.5860079,0,-7.509375502,6.57E-14,-1.730321351,0.041786439,0,0,0,4.92E-13,0.12528449,0
Epi,HMDB0000097,Choline,Mast,SLC44A1,0.377825598,0.4765,0.270014347,Transporter,-468.3439661,0,-14.80293699,2.83E-45,-1.730321351,0.041786439,0,0,0,4.39E-44,0.12528449,0
pDC,HMDB0001358,Retinal,pDC,RXRA,0.039891503,0.284552846,0.072009292,Nuclear Receptor,-168.4320947,0,-5.323629352,6.28E-08,-1.730321351,0.041786439,0,0,0,3.28E-07,0.12528449,0
B,HMDB0000067,Cholesterol,Epi,RORC,0.098128253,0.087833333,0.131666667,Nuclear Receptor,-837.5833431,0,-26.47347751,9.69E-118,-1.730321351,0.041786439,0,0,0,3.10E-116,0.12528449,0
T,HMDB0000067,Cholesterol,Epi,RORC,0.093817841,0.095833333,0.131666667,Nuclear Receptor,-802.733994,0,-25.37199493,2.57E-110,-1.730321351,0.041786439,0,0,0,7.80E-109,0.12528449,0
pDC,HMDB0000067,Cholesterol,Epi,RORC,0.082416496,0.137049942,0.131666667,Nuclear Receptor,-442.2568064,0,-13.97840073,5.49E-41,-1.730321351,0.041786439,0,0,0,8.05E-40,0.12528449,0
Myeloid,HMDB0000067,Cholesterol,T,RORC,0.074056591,0.565,0.010166667,Nuclear Receptor,-537.2989343,0,-16.98239509,2.54E-57,-1.730321351,0.041786439,0,0,0,4.63E-56,0.12528449,0
Fibro,HMDB0000538,Adenosine triphosphate,B,P2RX1,0.010336707,0.572911964,0.018666667,Receptor,-573.6650105,0,-18.13181683,4.87E-64,-1.730321351,0.041786439,0,0,0,9.75E-63,0.12528449,0
Endo,HMDB0000538,Adenosine triphosphate,Myeloid,P2RX1,0.002699893,0.49833887,0.048166667,Receptor,-190.8410688,0,-6.031909283,1.14E-09,-1.730321351,0.041786439,0,0,0,6.76E-09,0.12528449,0
Endo,HMDB0000538,Adenosine triphosphate,B,P2RX1,0.002078413,0.49833887,0.018666667,Receptor,-177.2613846,0,-5.602696516,1.36E-08,-1.730321351,0.041786439,0,0,0,7.54E-08,0.12528449,0
T,HMDB0001358,Retinal,pDC,RXRA,0.059498952,0.281666667,0.072009292,Nuclear Receptor,-443.2940148,0,-14.01118376,3.73E-41,-1.730321351,0.041786439,0,0,0,5.49E-40,0.12528449,0
B,HMDB0001358,Retinal,Endo,RXRA,0.057760535,0.167833333,0.132415757,Nuclear Receptor,-491.4552235,0,-15.53341398,3.34E-49,-1.730321351,0.041786439,0,0,0,5.47E-48,0.12528449,0
Fibro,HMDB0000123,Glycine,Epi,GRIN1,0.001340324,0.332731377,0.014,Receptor,-128.3997362,0,-4.058327517,2.66E-05,-1.730321351,0.041786439,0,0,0,0.000109804,0.12528449,0
Oligo,HMDB0001358,Retinal,Oligo,RXRA,0.055001113,0.432061069,0.05648855,Nuclear Receptor,-168.1889456,0,-5.315944146,6.54E-08,-1.730321351,0.041786439,0,0,0,3.41E-07,0.12528449,0
Mast,HMDB0001852,all-trans-Retinoic acid,Myeloid,RXRA,1.236144336,0.307890961,0.3015,Nuclear Receptor,-2804.284202,0,-88.63494643,0,-1.730321351,0.041786439,0,0,0,0,0.12528449,0
pDC,HMDB0000067,Cholesterol,Fibro,RORB,0.026394225,0.137049942,0.029345372,Nuclear Receptor,-273.7844869,0,-8.653499998,9.85E-18,-1.730321351,0.041786439,0,0,0,8.60E-17,0.12528449,0
Myeloid,HMDB0000067,Cholesterol,Fibro,RORB,0.165883785,0.565,0.029345372,Nuclear Receptor,-2834.420243,0,-89.5874556,0,-1.730321351,0.041786439,0,0,0,0,0.12528449,0
Oligo,HMDB0000067,Cholesterol,Fibro,RORB,0.084147759,0.396946565,0.029345372,Nuclear Receptor,-1142.528303,0,-36.11186587,1.08E-183,-1.730321351,0.041786439,0,0,0,5.28E-182,0.12528449,0
Myeloid,HMDB0000067,Cholesterol,Oligo,RORB,0.081757609,0.565,0.013740458,Nuclear Receptor,-464.9460108,0,-14.6955379,1.04E-44,-1.730321351,0.041786439,0,0,0,1.61E-43,0.12528449,0
NK,HMDB0000067,Cholesterol,Fibro,RORB,0.03436736,0.0935,0.029345372,Nuclear Receptor,-454.2840983,0,-14.35854707,6.05E-43,-1.730321351,0.041786439,0,0,0,9.13E-42,0.12528449,0
B,HMDB0000067,Cholesterol,Fibro,RORB,0.03142598,0.087833333,0.029345372,Nuclear Receptor,-401.8985351,0,-12.70279778,1.11E-34,-1.730321351,0.041786439,0,0,0,1.47E-33,0.12528449,0
Mast,HMDB0000067,Cholesterol,T,RORA,0.663791454,0.101865136,0.3265,Nuclear Receptor,-392.1899352,0,-12.39593829,3.16E-33,-1.730321351,0.041786439,0,0,0,4.06E-32,0.12528449,0
NK,HMDB0000067,Cholesterol,T,RORA,0.650624156,0.0935,0.3265,Nuclear Receptor,-453.2815705,0,-14.3268602,8.84E-43,-1.730321351,0.041786439,0,0,0,1.33E-41,0.12528449,0
T,HMDB0000067,Cholesterol,NK,RORA,0.634597316,0.095833333,0.33,Nuclear Receptor,-427.6093595,0,-13.51543922,1.19E-38,-1.730321351,0.041786439,0,0,0,1.69E-37,0.12528449,0
B,HMDB0000067,Cholesterol,T,RORA,0.594939565,0.087833333,0.3265,Nuclear Receptor,-372.7673345,0,-11.78204859,2.14E-30,-1.730321351,0.041786439,0,0,0,2.62E-29,0.12528449,0
T,HMDB0000067,Cholesterol,T,RORA,0.568806069,0.095833333,0.3265,Nuclear Receptor,-323.4069641,0,-10.2219165,1.07E-23,-1.730321351,0.041786439,0,0,0,1.12E-22,0.12528449,0
pDC,HMDB0000067,Cholesterol,NK,RORA,0.55747698,0.137049942,0.33,Nuclear Receptor,-124.5556331,0,-3.936827038,4.41E-05,-1.730321351,0.041786439,0,0,0,0.000178566,0.12528449,0
Oligo,HMDB0000067,Cholesterol,T,RORA,1.593039607,0.396946565,0.3265,Nuclear Receptor,-744.1298421,0,-23.51969485,5.40E-98,-1.730321351,0.041786439,0,0,0,1.52E-96,0.12528449,0
Mast,HMDB0000067,Cholesterol,Epi,RORC,0.109484558,0.101865136,0.131666667,Nuclear Receptor,-928.186938,0,-29.33718326,2.93E-137,-1.730321351,0.041786439,0,0,0,1.07E-135,0.12528449,0
Fibro,HMDB0006219,13-cis-Retinoic acid,pDC,RXRA,0.552854128,0.441309255,0.072009292,Nuclear Receptor,-456.3652966,0,-14.42432746,2.75E-43,-1.730321351,0.041786439,0,0,0,4.17E-42,0.12528449,0
Fibro,HMDB0001852,all-trans-Retinoic acid,Epi,RXRA,1.152378705,0.441309255,0.236666667,Nuclear Receptor,-2687.228173,0,-84.93515922,0,-1.730321351,0.041786439,0,0,0,0,0.12528449,0
Fibro,HMDB0001852,all-trans-Retinoic acid,Endo,RXRA,1.022126388,0.441309255,0.132415757,Nuclear Receptor,-1589.448753,0,-50.23767028,6.08E-276,-1.730321351,0.041786439,0,0,0,4.89E-274,0.12528449,0
Fibro,HMDB0000067,Cholesterol,Epi,RORC,0.045710034,0.17020316,0.131666667,Nuclear Receptor,-213.1701024,0,-6.737662537,1.36E-11,-1.730321351,0.041786439,0,0,0,8.93E-11,0.12528449,0
pDC,HMDB0001358,Retinal,T,RXRA,0.014079383,0.284552846,0.025166667,Nuclear Receptor,-133.9506673,0,-4.233775668,1.25E-05,-1.730321351,0.041786439,0,0,0,5.35E-05,0.12528449,0
B,HMDB0001358,Retinal,T,RXRA,0.010993465,0.167833333,0.025166667,Nuclear Receptor,-326.7871182,0,-10.32875295,3.93E-24,-1.730321351,0.041786439,0,0,0,4.16E-23,0.12528449,0
Fibro,HMDB0001852,all-trans-Retinoic acid,pDC,RXRA,0.551194372,0.441309255,0.072009292,Nuclear Receptor,-459.6019932,0,-14.52662966,8.05E-44,-1.730321351,0.041786439,0,0,0,1.22E-42,0.12528449,0
B,HMDB0000123,Glycine,Epi,GRIN1,0.001957239,0.202166667,0.014,Receptor,-243.5839677,0,-7.698952881,1.64E-14,-1.730321351,0.041786439,0,0,0,1.27E-13,0.12528449,0
Epi,HMDB0000538,Adenosine triphosphate,Myeloid,P2RX1,0.015437105,0.582166667,0.048166667,Receptor,-874.0245713,0,-27.62527458,1.47E-125,-1.730321351,0.041786439,0,0,0,4.91E-124,0.12528449,0
Fibro,HMDB0000538,Adenosine triphosphate,Myeloid,P2RX1,0.013427551,0.572911964,0.048166667,Receptor,-697.7915062,0,-22.05508013,1.93E-88,-1.730321351,0.041786439,0,0,0,4.99E-87,0.12528449,0
Epi,HMDB0000538,Adenosine triphosphate,B,P2RX1,0.011883687,0.582166667,0.018666667,Receptor,-713.8883095,0,-22.56385142,9.75E-92,-1.730321351,0.041786439,0,0,0,2.59E-90,0.12528449,0
Epi,HMDB0001852,all-trans-Retinoic acid,Epi,RXRA,0.261933219,0.162,0.236666667,Nuclear Receptor,-146.9292936,0,-4.643990813,1.94E-06,-1.730321351,0.041786439,0,0,0,9.02E-06,0.12528449,0
Myeloid,HMDB0001852,all-trans-Retinoic acid,Fibro,RXRA,0.477118511,0.360333333,0.140406321,Nuclear Receptor,-712.8811478,0,-22.53201809,1.57E-91,-1.730321351,0.041786439,0,0,0,4.17E-90,0.12528449,0
Endo,HMDB0001852,all-trans-Retinoic acid,Epi,RXRA,0.466214818,0.2078785,0.236666667,Nuclear Receptor,-580.3682353,0,-18.3436855,2.66E-65,-1.730321351,0.041786439,0,0,0,5.41E-64,0.12528449,0
Epi,HMDB0000538,Adenosine triphosphate,Mast,P2RX4,0.032816103,0.582166667,0.052223816,Receptor,-644.6895907,0,-20.3766891,9.28E-78,-1.730321351,0.041786439,0,0,0,2.16E-76,0.12528449,0
Fibro,HMDB0000538,Adenosine triphosphate,Epi,P2RX5,0.003967902,0.572911964,0.012,Receptor,-282.9245441,0,-8.942389575,9.04E-19,-1.730321351,0.041786439,0,0,0,8.23E-18,0.12528449,0
Endo,HMDB0000538,Adenosine triphosphate,T,P2RX5,0.003052165,0.49833887,0.027666667,Receptor,-171.1737126,0,-5.410283609,3.94E-08,-1.730321351,0.041786439,0,0,0,2.10E-07,0.12528449,0
Fibro,HMDB0002369,9-cis-Retinoic acid,Oligo,RXRA,0.362465654,0.441309255,0.05648855,Nuclear Receptor,-173.019437,0,-5.468621376,2.87E-08,-1.730321351,0.041786439,0,0,0,1.54E-07,0.12528449,0
Endo,HMDB0002369,9-cis-Retinoic acid,Fibro,RXRA,0.320464031,0.2078785,0.140406321,Nuclear Receptor,-226.3361626,0,-7.1538019,8.15E-13,-1.730321351,0.041786439,0,0,0,5.75E-12,0.12528449,0
Fibro,HMDB0002369,9-cis-Retinoic acid,pDC,RXRA,0.552854128,0.441309255,0.072009292,Nuclear Receptor,-456.3652966,0,-14.42432746,2.75E-43,-1.730321351,0.041786439,0,0,0,4.17E-42,0.12528449,0
Myeloid,HMDB0002369,9-cis-Retinoic acid,Fibro,RXRA,0.477858693,0.360333333,0.140406321,Nuclear Receptor,-706.3332261,0,-22.32505807,3.46E-90,-1.730321351,0.041786439,0,0,0,9.08E-89,0.12528449,0
Endo,HMDB0002369,9-cis-Retinoic acid,Epi,RXRA,0.466214818,0.2078785,0.236666667,Nuclear Receptor,-575.5040098,0,-18.18994204,2.19E-64,-1.730321351,0.041786439,0,0,0,4.42E-63,0.12528449,0
Endo,HMDB0002369,9-cis-Retinoic acid,Endo,RXRA,0.413518981,0.2078785,0.132415757,Nuclear Receptor,-331.523562,0,-10.47845762,9.52E-25,-1.730321351,0.041786439,0,0,0,1.03E-23,0.12528449,0
Mast,HMDB0002369,9-cis-Retinoic acid,pDC,RXRA,0.405275403,0.307890961,0.072009292,Nuclear Receptor,-246.4608893,0,-7.789883674,8.37E-15,-1.730321351,0.041786439,0,0,0,6.57E-14,0.12528449,0
Epi,HMDB0002369,9-cis-Retinoic acid,Myeloid,RXRA,0.403127632,0.162166667,0.3015,Nuclear Receptor,-572.1998136,0,-18.08550638,9.17E-64,-1.730321351,0.041786439,0,0,0,1.82E-62,0.12528449,0
T,HMDB0000097,Choline,Oligo,SLC44A1,0.435734771,0.163833333,0.80610687,Transporter,-314.1090179,0,-9.928036523,1.61E-22,-1.730321351,0.041786439,0,0,0,1.63E-21,0.12528449,0
Epi,HMDB0000538,Adenosine triphosphate,Fibro,P2RX4,0.048559923,0.582166667,0.127088036,Receptor,-868.5451214,0,-27.45208573,2.21E-124,-1.730321351,0.041786439,0,0,0,7.38E-123,0.12528449,0
Fibro,HMDB0000538,Adenosine triphosphate,Fibro,P2RX4,0.042238546,0.572911964,0.127088036,Receptor,-687.3735692,0,-21.72580064,2.55E-86,-1.730321351,0.041786439,0,0,0,6.46E-85,0.12528449,0
Epi,HMDB0000538,Adenosine triphosphate,Endo,P2RX4,0.034363311,0.582166667,0.070716659,Receptor,-652.9655261,0,-20.6382664,2.11E-79,-1.730321351,0.041786439,0,0,0,5.00E-78,0.12528449,0
Epi,HMDB0000538,Adenosine triphosphate,Epi,P2RX5,0.004561734,0.582166667,0.012,Receptor,-332.0850727,0,-10.49620528,8.03E-25,-1.730321351,0.041786439,0,0,0,8.71E-24,0.12528449,0
Epi,HMDB0000538,Adenosine triphosphate,NK,P2RX4,0.030126166,0.582166667,0.041833333,Receptor,-628.4487188,0,-19.86336424,1.47E-74,-1.730321351,0.041786439,0,0,0,3.30E-73,0.12528449,0
Fibro,HMDB0000538,Adenosine triphosphate,Endo,P2RX4,0.029890005,0.572911964,0.070716659,Receptor,-522.8953862,0,-16.52714248,1.00E-54,-1.730321351,0.041786439,0,0,0,1.76E-53,0.12528449,0
Epi,HMDB0000538,Adenosine triphosphate,T,P2RX4,0.029033309,0.582166667,0.048333333,Receptor,-619.4967987,0,-19.58042111,8.24E-73,-1.730321351,0.041786439,0,0,0,1.83E-71,0.12528449,0
Endo,HMDB0000123,Glycine,Mast,SLC36A1,0.015636352,0.459895586,0.010043042,Transporter,-331.8705275,0,-10.48942415,8.57E-25,-1.730321351,0.041786439,0,0,0,9.28E-24,0.12528449,0
Myeloid,HMDB0000123,Glycine,Myeloid,SLC36A1,0.090523944,0.669333333,0.068,Transporter,-3929.815969,0,-124.2096032,0,-1.730321351,0.041786439,0,0,0,0,0.12528449,0
Fibro,HMDB0000538,Adenosine triphosphate,pDC,P2RX4,0.018282171,0.572911964,0.046457607,Receptor,-351.9360939,0,-11.12363605,1.76E-27,-1.730321351,0.041786439,0,0,0,2.03E-26,0.12528449,0
Fibro,HMDB0000538,Adenosine triphosphate,Mast,P2RX4,0.028544207,0.572911964,0.052223816,Receptor,-529.2929964,0,-16.7293516,7.12E-56,-1.730321351,0.041786439,0,0,0,1.27E-54,0.12528449,0
Epi,HMDB0000538,Adenosine triphosphate,Myeloid,P2RX4,0.140757597,0.582166667,0.3565,Receptor,-2131.947131,0,-67.38440406,0,-1.730321351,0.041786439,0,0,0,0,0.12528449,0
Fibro,HMDB0000538,Adenosine triphosphate,Myeloid,P2RX4,0.12243422,0.572911964,0.3565,Receptor,-1656.963191,0,-52.37159757,4.99E-289,-1.730321351,0.041786439,0,0,0,4.27E-287,0.12528449,0
Epi,HMDB0000538,Adenosine triphosphate,Epi,P2RX4,0.071843219,0.582166667,0.2195,Receptor,-1197.26517,0,-37.84193277,1.99E-195,-1.730321351,0.041786439,0,0,0,1.03E-193,0.12528449,0
Fibro,HMDB0000538,Adenosine triphosphate,Epi,P2RX4,0.062490896,0.572911964,0.2195,Receptor,-938.302768,0,-29.65691406,1.89E-139,-1.730321351,0.041786439,0,0,0,6.97E-138,0.12528449,0
Fibro,HMDB0002369,9-cis-Retinoic acid,Fibro,RXRA,0.794500589,0.441309255,0.140406321,Nuclear Receptor,-1473.931972,0,-46.58653402,5.43E-253,-1.730321351,0.041786439,0,0,0,3.86E-251,0.12528449,0
Mast,HMDB0002369,9-cis-Retinoic acid,Endo,RXRA,0.75153649,0.307890961,0.132415757,Nuclear Receptor,-1037.805404,0,-32.8018916,4.78E-161,-1.730321351,0.041786439,0,0,0,2.03E-159,0.12528449,0
Myeloid,HMDB0002369,9-cis-Retinoic acid,Epi,RXRA,0.695194413,0.360333333,0.236666667,Nuclear Receptor,-1469.530513,0,-46.44741721,4.19E-252,-1.730321351,0.041786439,0,0,0,2.96E-250,0.12528449,0
Mast,HMDB0002369,9-cis-Retinoic acid,Myeloid,RXRA,1.236420935,0.307890961,0.3015,Nuclear Receptor,-2794.716387,0,-88.33253673,0,-1.730321351,0.041786439,0,0,0,0,0.12528449,0
Fibro,HMDB0002369,9-cis-Retinoic acid,Epi,RXRA,1.155848745,0.441309255,0.236666667,Nuclear Receptor,-2681.873329,0,-84.7659088,0,-1.730321351,0.041786439,0,0,0,0,0.12528449,0
Endo,HMDB0000122,D-Glucose,Endo,SLC2A1,0.021834998,0.35168486,0.056953014,Transporter,-258.8953578,0,-8.182899636,4.19E-16,-1.730321351,0.041786439,0,0,0,3.44E-15,0.12528449,0
Fibro,HMDB0000122,D-Glucose,Endo,SLC2A1,0.032775857,0.439277652,0.056953014,Transporter,-472.240199,0,-14.92608514,6.27E-46,-1.730321351,0.041786439,0,0,0,9.83E-45,0.12528449,0
Fibro,HMDB0000122,D-Glucose,Myeloid,SLC2A1,0.027866845,0.439277652,0.067666667,Transporter,-450.9244317,0,-14.25235817,2.15E-42,-1.730321351,0.041786439,0,0,0,3.21E-41,0.12528449,0
Fibro,HMDB0002369,9-cis-Retinoic acid,Mast,RXRA,0.333955997,0.441309255,0.037015782,Nuclear Receptor,-281.546423,0,-8.898831333,1.30E-18,-1.730321351,0.041786439,0,0,0,1.18E-17,0.12528449,0
Myeloid,HMDB0002369,9-cis-Retinoic acid,Myeloid,RXRA,1.014452991,0.360333333,0.3015,Nuclear Receptor,-2380.359415,0,-75.23596543,0,-1.730321351,0.041786439,0,0,0,0,0.12528449,0
Mast,HMDB0002369,9-cis-Retinoic acid,Epi,RXRA,0.847306808,0.307890961,0.236666667,Nuclear Receptor,-1723.942759,0,-54.48861924,9.11E-302,-1.730321351,0.041786439,0,0,0,8.29E-300,0.12528449,0
B,HMDB0000064,Creatine,Fibro,SLC16A12,0.018644987,0.040333333,0.018735892,Transporter,-454.2860122,0,-14.35860757,6.05E-43,-1.730321351,0.041786439,0,0,0,9.13E-42,0.12528449,0
Fibro,HMDB0000538,Adenosine triphosphate,NK,P2RX4,0.026204438,0.572911964,0.041833333,Receptor,-513.0765206,0,-16.21679782,5.58E-53,-1.730321351,0.041786439,0,0,0,9.58E-52,0.12528449,0
pDC,HMDB0000123,Glycine,Oligo,SLC36A1,0.026112176,0.4970964,0.025954198,Transporter,-315.0798008,0,-9.958720037,1.22E-22,-1.730321351,0.041786439,0,0,0,1.24E-21,0.12528449,0
Fibro,HMDB0000122,D-Glucose,B,SLC2A1,0.024757984,0.439277652,0.046,Transporter,-419.4202045,0,-13.25660478,2.28E-37,-1.730321351,0.041786439,0,0,0,3.17E-36,0.12528449,0
Myeloid,HMDB0002369,9-cis-Retinoic acid,Endo,RXRA,0.616617221,0.360333333,0.132415757,Nuclear Receptor,-805.7936452,0,-25.46870126,5.77E-111,-1.730321351,0.041786439,0,0,0,1.76E-109,0.12528449,0
Mast,HMDB0002369,9-cis-Retinoic acid,Fibro,RXRA,0.582416827,0.307890961,0.140406321,Nuclear Receptor,-876.2869523,0,-27.6967816,4.77E-126,-1.730321351,0.041786439,0,0,0,1.60E-124,0.12528449,0
Fibro,HMDB0002369,9-cis-Retinoic acid,Myeloid,RXRA,1.686656559,0.441309255,0.3015,Nuclear Receptor,-4195.56231,0,-132.6090417,0,-1.730321351,0.041786439,0,0,0,0,0.12528449,0
Endo,HMDB0002369,9-cis-Retinoic acid,Myeloid,RXRA,0.680317632,0.2078785,0.3015,Nuclear Receptor,-1019.82444,0,-32.23356768,3.82E-157,-1.730321351,0.041786439,0,0,0,1.58E-155,0.12528449,0
Myeloid,HMDB0001256,Spermine,Epi,SLC22A4,0.085534024,0.621666667,0.014666667,Transporter,-464.412911,0,-14.67868822,1.28E-44,-1.730321351,0.041786439,0,0,0,1.97E-43,0.12528449,0
pDC,HMDB0001256,Spermine,Myeloid,SLC22A4,0.085357903,0.355400697,0.031,Transporter,-396.5216369,0,-12.53285028,7.14E-34,-1.730321351,0.041786439,0,0,0,9.29E-33,0.12528449,0
T,HMDB0001256,Spermine,Myeloid,SLC22A4,0.074001078,0.231833333,0.031,Transporter,-336.3160847,0,-10.62993478,2.23E-25,-1.730321351,0.041786439,0,0,0,2.46E-24,0.12528449,0
Epi,HMDB0001256,Spermine,Endo,SLC22A4,0.073141076,0.488833333,0.013289037,Transporter,-195.2683555,0,-6.171842432,4.90E-10,-1.730321351,0.041786439,0,0,0,2.97E-09,0.12528449,0
Fibro,HMDB0001256,Spermine,Endo,SLC22A4,0.072772189,0.47020316,0.013289037,Transporter,-192.3838701,0,-6.080672571,8.51E-10,-1.730321351,0.041786439,0,0,0,5.08E-09,0.12528449,0
Epi,HMDB0001256,Spermine,Epi,SLC22A4,0.068045954,0.488833333,0.014666667,Transporter,-321.2822499,0,-10.1547607,2.00E-23,-1.730321351,0.041786439,0,0,0,2.07E-22,0.12528449,0
Fibro,HMDB0001256,Spermine,Epi,SLC22A4,0.067702764,0.47020316,0.014666667,Transporter,-313.3061058,0,-9.902658899,2.03E-22,-1.730321351,0.041786439,0,0,0,2.05E-21,0.12528449,0
NK,HMDB0000064,Creatine,Fibro,SLC16A12,0.023016256,0.043333333,0.018735892,Transporter,-589.3851743,0,-18.62868368,5.18E-67,-1.730321351,0.041786439,0,0,0,1.08E-65,0.12528449,0
Fibro,HMDB0000538,Adenosine triphosphate,T,P2RX5,0.015179527,0.572911964,0.027666667,Receptor,-550.996759,0,-17.41534192,7.98E-60,-1.730321351,0.041786439,0,0,0,1.51E-58,0.12528449,0
Epi,HMDB0000538,Adenosine triphosphate,pDC,P2RX5,0.014496805,0.582166667,0.034843206,Receptor,-388.5374201,0,-12.28049332,1.10E-32,-1.730321351,0.041786439,0,0,0,1.40E-31,0.12528449,0
Epi,HMDB0000538,Adenosine triphosphate,NK,P2RX5,0.012913435,0.582166667,0.017333333,Receptor,-565.9421514,0,-17.8877206,1.36E-62,-1.730321351,0.041786439,0,0,0,2.66E-61,0.12528449,0
Fibro,HMDB0000538,Adenosine triphosphate,pDC,P2RX5,0.012609657,0.572911964,0.034843206,Receptor,-343.3090891,0,-10.8509625,2.61E-26,-1.730321351,0.041786439,0,0,0,2.93E-25,0.12528449,0
B,HMDB0001256,Spermine,Myeloid,SLC22A4,0.066566217,0.207666667,0.031,Transporter,-283.5893333,0,-8.963401554,7.58E-19,-1.730321351,0.041786439,0,0,0,6.93E-18,0.12528449,0
Endo,HMDB0000097,Choline,Fibro,SLC44A3,0.025884455,0.384432843,0.04221219,Transporter,-124.8440182,0,-3.94594202,4.25E-05,-1.730321351,0.041786439,0,0,0,0.00017226,0.12528449,0
Fibro,HMDB0002369,9-cis-Retinoic acid,NK,RXRA,0.294587193,0.441309255,0.027333333,Nuclear Receptor,-226.7307711,0,-7.166274282,7.48E-13,-1.730321351,0.041786439,0,0,0,5.29E-12,0.12528449,0
Epi,HMDB0002369,9-cis-Retinoic acid,Epi,RXRA,0.276259304,0.162166667,0.236666667,Nuclear Receptor,-183.5416157,0,-5.801195636,4.42E-09,-1.730321351,0.041786439,0,0,0,2.52E-08,0.12528449,0
Oligo,HMDB0000097,Choline,Epi,SLC44A3,0.049209333,0.41221374,0.118666667,Transporter,-395.1600591,0,-12.48981492,1.14E-33,-1.730321351,0.041786439,0,0,0,1.48E-32,0.12528449,0
B,HMDB0000097,Choline,Epi,SLC44A3,0.045095566,0.229833333,0.118666667,Transporter,-519.3432046,0,-16.41486876,4.31E-54,-1.730321351,0.041786439,0,0,0,7.53E-53,0.12528449,0
Endo,HMDB0000097,Choline,Endo,SLC44A2,0.343663935,0.384432843,0.309919317,Transporter,-353.2502624,0,-11.16517294,1.16E-27,-1.730321351,0.041786439,0,0,0,1.35E-26,0.12528449,0
pDC,HMDB0000097,Choline,Myeloid,SLC44A2,0.340418519,0.826945412,0.106333333,Transporter,-273.6416999,0,-8.64898693,1.02E-17,-1.730321351,0.041786439,0,0,0,8.91E-17,0.12528449,0
Epi,HMDB0000097,Choline,pDC,SLC44A2,0.299907852,0.4765,0.292682927,Transporter,-224.9765492,0,-7.11082863,1.10E-12,-1.730321351,0.041786439,0,0,0,7.69E-12,0.12528449,0
Myeloid,HMDB0001178,Adenosine diphosphate ribose,NK,CD38,0.110091729,0.355,0.097833333,Transporter,-1098.011345,0,-34.7048194,4.34E-174,-1.730321351,0.041786439,0,0,0,2.00E-172,0.12528449,0
Myeloid,HMDB0001178,Adenosine diphosphate ribose,Myeloid,CD38,0.047660927,0.355,0.085333333,Transporter,-953.7475509,0,-30.14507696,8.45E-143,-1.730321351,0.041786439,0,0,0,3.18E-141,0.12528449,0
Myeloid,HMDB0001178,Adenosine diphosphate ribose,B,CD38,0.044189693,0.355,0.0455,Transporter,-639.7864154,0,-20.22171456,8.65E-77,-1.730321351,0.041786439,0,0,0,1.99E-75,0.12528449,0
Myeloid,HMDB0001178,Adenosine diphosphate ribose,Mast,CD38,0.043159037,0.355,0.045337159,Transporter,-566.0172372,0,-17.89009383,1.31E-62,-1.730321351,0.041786439,0,0,0,2.57E-61,0.12528449,0
Myeloid,HMDB0001178,Adenosine diphosphate ribose,Epi,CD38,0.029922526,0.355,0.056,Transporter,-560.6190118,0,-17.71947225,1.33E-61,-1.730321351,0.041786439,0,0,0,2.57E-60,0.12528449,0
Myeloid,HMDB0000097,Choline,Oligo,SLC44A3,0.039849239,0.719666667,0.018320611,Transporter,-140.1631196,0,-4.430132505,5.23E-06,-1.730321351,0.041786439,0,0,0,2.33E-05,0.12528449,0
Epi,HMDB0000097,Choline,Fibro,SLC44A3,0.028454597,0.4765,0.04221219,Transporter,-175.9015816,0,-5.559717255,1.73E-08,-1.730321351,0.041786439,0,0,0,9.52E-08,0.12528449,0
Mast,HMDB0006219,13-cis-Retinoic acid,pDC,RXRA,0.405275403,0.307890961,0.072009292,Nuclear Receptor,-246.4608893,0,-7.789883674,8.37E-15,-1.730321351,0.041786439,0,0,0,6.57E-14,0.12528449,0
Epi,HMDB0006219,13-cis-Retinoic acid,Myeloid,RXRA,0.403127632,0.162166667,0.3015,Nuclear Receptor,-572.1998136,0,-18.08550638,9.17E-64,-1.730321351,0.041786439,0,0,0,1.82E-62,0.12528449,0
Fibro,HMDB0006219,13-cis-Retinoic acid,Oligo,RXRA,0.362465654,0.441309255,0.05648855,Nuclear Receptor,-173.019437,0,-5.468621376,2.87E-08,-1.730321351,0.041786439,0,0,0,1.54E-07,0.12528449,0
Fibro,HMDB0006219,13-cis-Retinoic acid,Mast,RXRA,0.333955997,0.441309255,0.037015782,Nuclear Receptor,-281.546423,0,-8.898831333,1.30E-18,-1.730321351,0.041786439,0,0,0,1.18E-17,0.12528449,0
Myeloid,HMDB0006219,13-cis-Retinoic acid,pDC,RXRA,0.332518508,0.360333333,0.072009292,Nuclear Receptor,-160.4599046,0,-5.071652524,2.35E-07,-1.730321351,0.041786439,0,0,0,1.17E-06,0.12528449,0
Myeloid,HMDB0000097,Choline,Mast,SLC44A2,0.275201464,0.719666667,0.065710187,Transporter,-301.0479037,0,-9.515214186,6.56E-21,-1.730321351,0.041786439,0,0,0,6.36E-20,0.12528449,0
Endo,HMDB0000097,Choline,pDC,SLC44A2,0.272818887,0.384432843,0.292682927,Transporter,-156.9120419,0,-4.95951531,4.15E-07,-1.730321351,0.041786439,0,0,0,2.03E-06,0.12528449,0
Oligo,HMDB0000097,Choline,Endo,SLC44A2,0.271188703,0.41221374,0.309919317,Transporter,-136.9620783,0,-4.328957268,8.24E-06,-1.730321351,0.041786439,0,0,0,3.59E-05,0.12528449,0
Myeloid,HMDB0001178,Adenosine diphosphate ribose,pDC,CD38,0.151761648,0.355,0.210220674,Transporter,-731.6206169,0,-23.12431606,2.14E-95,-1.730321351,0.041786439,0,0,0,5.85E-94,0.12528449,0
Endo,HMDB0006219,13-cis-Retinoic acid,Fibro,RXRA,0.320464031,0.2078785,0.140406321,Nuclear Receptor,-226.3361626,0,-7.1538019,8.15E-13,-1.730321351,0.041786439,0,0,0,5.75E-12,0.12528449,0
Fibro,HMDB0006219,13-cis-Retinoic acid,NK,RXRA,0.294587193,0.441309255,0.027333333,Nuclear Receptor,-226.7307711,0,-7.166274282,7.48E-13,-1.730321351,0.041786439,0,0,0,5.29E-12,0.12528449,0
Myeloid,HMDB0006219,13-cis-Retinoic acid,Epi,RXRA,0.695194413,0.360333333,0.236666667,Nuclear Receptor,-1469.530513,0,-46.44741721,4.19E-252,-1.730321351,0.041786439,0,0,0,2.96E-250,0.12528449,0
Endo,HMDB0006219,13-cis-Retinoic acid,Myeloid,RXRA,0.680317632,0.2078785,0.3015,Nuclear Receptor,-1019.82444,0,-32.23356768,3.82E-157,-1.730321351,0.041786439,0,0,0,1.58E-155,0.12528449,0
Myeloid,HMDB0006219,13-cis-Retinoic acid,Endo,RXRA,0.616617221,0.360333333,0.132415757,Nuclear Receptor,-805.7936452,0,-25.46870126,5.77E-111,-1.730321351,0.041786439,0,0,0,1.76E-109,0.12528449,0
Mast,HMDB0006219,13-cis-Retinoic acid,Fibro,RXRA,0.582416827,0.307890961,0.140406321,Nuclear Receptor,-876.2869523,0,-27.6967816,4.77E-126,-1.730321351,0.041786439,0,0,0,1.60E-124,0.12528449,0
Fibro,HMDB0001852,all-trans-Retinoic acid,NK,RXRA,0.293702796,0.441309255,0.027333333,Nuclear Receptor,-230.2961411,0,-7.278964849,3.40E-13,-1.730321351,0.041786439,0,0,0,2.44E-12,0.12528449,0
Myeloid,HMDB0000123,Glycine,Mast,SLC36A1,0.023440289,0.669333333,0.010043042,Transporter,-658.8685484,0,-20.8248431,1.40E-80,-1.730321351,0.041786439,0,0,0,3.37E-79,0.12528449,0
Endo,HMDB0000123,Glycine,Fibro,SLC36A1,0.018638075,0.459895586,0.022121896,Transporter,-438.6441271,0,-13.86421486,2.09E-40,-1.730321351,0.041786439,0,0,0,3.05E-39,0.12528449,0
T,HMDB0000123,Glycine,Myeloid,SLC36A1,0.016083081,0.214,0.068,Transporter,-480.3131561,0,-15.18124691,2.70E-47,-1.730321351,0.041786439,0,0,0,4.31E-46,0.12528449,0
pDC,HMDB0000123,Glycine,Fibro,SLC36A1,0.01599974,0.4970964,0.022121896,Transporter,-276.8322959,0,-8.749832027,4.48E-18,-1.730321351,0.041786439,0,0,0,3.97E-17,0.12528449,0
Mast,HMDB0001852,all-trans-Retinoic acid,pDC,RXRA,0.405184739,0.307890961,0.072009292,Nuclear Receptor,-250.2193369,0,-7.908676842,3.43E-15,-1.730321351,0.041786439,0,0,0,2.73E-14,0.12528449,0
Fibro,HMDB0001852,all-trans-Retinoic acid,Oligo,RXRA,0.361377475,0.441309255,0.05648855,Nuclear Receptor,-175.0376074,0,-5.532409643,2.02E-08,-1.730321351,0.041786439,0,0,0,1.10E-07,0.12528449,0
Fibro,HMDB0001852,all-trans-Retinoic acid,Mast,RXRA,0.332953408,0.441309255,0.037015782,Nuclear Receptor,-284.6791122,0,-8.99784617,5.68E-19,-1.730321351,0.041786439,0,0,0,5.21E-18,0.12528449,0
B,HMDB0000148,L-Glutamic acid,Oligo,GRM3,0.017404666,0.388,0.316030534,Receptor,-244.8803188,0,-7.73992662,1.21E-14,-1.730321351,0.041786439,0,0,0,9.46E-14,0.12528449,0
Mast,HMDB0006219,13-cis-Retinoic acid,Epi,RXRA,0.847306808,0.307890961,0.236666667,Nuclear Receptor,-1723.942759,0,-54.48861924,9.11E-302,-1.730321351,0.041786439,0,0,0,8.29E-300,0.12528449,0
Fibro,HMDB0006219,13-cis-Retinoic acid,Fibro,RXRA,0.794500589,0.441309255,0.140406321,Nuclear Receptor,-1473.931972,0,-46.58653402,5.43E-253,-1.730321351,0.041786439,0,0,0,3.86E-251,0.12528449,0
Mast,HMDB0006219,13-cis-Retinoic acid,Endo,RXRA,0.75153649,0.307890961,0.132415757,Nuclear Receptor,-1037.805404,0,-32.8018916,4.78E-161,-1.730321351,0.041786439,0,0,0,2.03E-159,0.12528449,0
Epi,HMDB0006219,13-cis-Retinoic acid,Epi,RXRA,0.276259304,0.162166667,0.236666667,Nuclear Receptor,-183.5416157,0,-5.801195636,4.42E-09,-1.730321351,0.041786439,0,0,0,2.52E-08,0.12528449,0
Myeloid,HMDB0001852,all-trans-Retinoic acid,pDC,RXRA,0.332003452,0.360333333,0.072009292,Nuclear Receptor,-163.293903,0,-5.161226646,1.48E-07,-1.730321351,0.041786439,0,0,0,7.52E-07,0.12528449,0
Endo,HMDB0001852,all-trans-Retinoic acid,Fibro,RXRA,0.320464031,0.2078785,0.140406321,Nuclear Receptor,-230.3622441,0,-7.281054166,3.35E-13,-1.730321351,0.041786439,0,0,0,2.41E-12,0.12528449,0
Endo,HMDB0000097,Choline,Fibro,SLC44A1,0.304214598,0.384432843,0.345823928,Transporter,-222.1359743,0,-7.021046644,2.03E-12,-1.730321351,0.041786439,0,0,0,1.40E-11,0.12528449,0
Myeloid,HMDB0001852,all-trans-Retinoic acid,Epi,RXRA,0.694117587,0.360333333,0.236666667,Nuclear Receptor,-1478.398987,0,-46.72772286,6.83E-254,-1.730321351,0.041786439,0,0,0,4.92E-252,0.12528449,0
Endo,HMDB0001852,all-trans-Retinoic acid,Myeloid,RXRA,0.680317632,0.2078785,0.3015,Nuclear Receptor,-1026.78694,0,-32.45363126,1.18E-158,-1.730321351,0.041786439,0,0,0,4.93E-157,0.12528449,0
Myeloid,HMDB0001852,all-trans-Retinoic acid,Endo,RXRA,0.615662107,0.360333333,0.132415757,Nuclear Receptor,-812.5232025,0,-25.68140223,2.14E-112,-1.730321351,0.041786439,0,0,0,6.62E-111,0.12528449,0
Mast,HMDB0001852,all-trans-Retinoic acid,Fibro,RXRA,0.582286535,0.307890961,0.140406321,Nuclear Receptor,-884.5870108,0,-27.95912136,7.77E-128,-1.730321351,0.041786439,0,0,0,2.64E-126,0.12528449,0
Myeloid,HMDB0002369,9-cis-Retinoic acid,pDC,RXRA,0.332518508,0.360333333,0.072009292,Nuclear Receptor,-160.4599046,0,-5.071652524,2.35E-07,-1.730321351,0.041786439,0,0,0,1.17E-06,0.12528449,0
Fibro,HMDB0000097,Choline,Fibro,SLC44A2,0.295031635,0.588713318,0.14221219,Transporter,-355.6047656,0,-11.23959167,5.51E-28,-1.730321351,0.041786439,0,0,0,6.43E-27,0.12528449,0
pDC,HMDB0000097,Choline,Oligo,SLC44A3,0.059791933,0.826945412,0.018320611,Transporter,-246.7364566,0,-7.798593525,7.85E-15,-1.730321351,0.041786439,0,0,0,6.16E-14,0.12528449,0
Myeloid,HMDB0001178,Adenosine diphosphate ribose,Fibro,CD38,0.009070241,0.355,0.021896163,Transporter,-379.933865,0,-12.00856096,1.98E-31,-1.730321351,0.041786439,0,0,0,2.49E-30,0.12528449,0
Myeloid,HMDB0001852,all-trans-Retinoic acid,Myeloid,RXRA,1.012881647,0.360333333,0.3015,Nuclear Receptor,-2391.559893,0,-75.58997869,0,-1.730321351,0.041786439,0,0,0,0,0.12528449,0
Mast,HMDB0001852,all-trans-Retinoic acid,Epi,RXRA,0.847117257,0.307890961,0.236666667,Nuclear Receptor,-1732.184537,0,-54.74911694,2.56E-303,-1.730321351,0.041786439,0,0,0,2.36E-301,0.12528449,0
Fibro,HMDB0001852,all-trans-Retinoic acid,Fibro,RXRA,0.792115373,0.441309255,0.140406321,Nuclear Receptor,-1478.678285,0,-46.73655063,6.00E-254,-1.730321351,0.041786439,0,0,0,4.33E-252,0.12528449,0
Mast,HMDB0001852,all-trans-Retinoic acid,Endo,RXRA,0.751368364,0.307890961,0.132415757,Nuclear Receptor,-1045.718886,0,-33.05201283,9.17E-163,-1.730321351,0.041786439,0,0,0,3.95E-161,0.12528449,0
Epi,HMDB0001852,all-trans-Retinoic acid,Myeloid,RXRA,0.382222487,0.162,0.3015,Nuclear Receptor,-516.2096484,0,-16.31582652,1.55E-53,-1.730321351,0.041786439,0,0,0,2.69E-52,0.12528449,0
Myeloid,HMDB0000244,Riboflavin,Oligo,SLC52A2,0.782901812,0.77,0.123664122,Transporter,-509.7668657,0,-16.11218963,2.14E-52,-1.730321351,0.041786439,0,0,0,3.65E-51,0.12528449,0
Myeloid,HMDB0000123,Glycine,pDC,GRIN1,0.024304955,0.669333333,0.016260163,Receptor,-1571.556917,0,-49.67216344,1.96E-272,-1.730321351,0.041786439,0,0,0,1.54E-270,0.12528449,0
NK,HMDB0000123,Glycine,Epi,GRIN1,0.001861511,0.178666667,0.014,Receptor,-225.4767186,0,-7.126637474,9.84E-13,-1.730321351,0.041786439,0,0,0,6.91E-12,0.12528449,0
NK,HMDB0001358,Retinal,pDC,RXRA,0.057147703,0.2615,0.072009292,Nuclear Receptor,-405.621776,0,-12.82047817,3.03E-35,-1.730321351,0.041786439,0,0,0,4.06E-34,0.12528449,0
Epi,HMDB0001358,Retinal,Endo,RXRA,0.187385646,0.596333333,0.132415757,Nuclear Receptor,-1090.66936,0,-34.47276144,1.68E-172,-1.730321351,0.041786439,0,0,0,7.64E-171,0.12528449,0
Endo,HMDB0000122,D-Glucose,Mast,SLC2A10,0.006847066,0.35168486,0.019225251,Transporter,-260.7427458,0,-8.241289985,2.66E-16,-1.730321351,0.041786439,0,0,0,2.20E-15,0.12528449,0
Fibro,HMDB0000122,D-Glucose,Mast,SLC2A10,0.010277924,0.439277652,0.019225251,Transporter,-496.2677282,0,-15.6855227,4.91E-50,-1.730321351,0.041786439,0,0,0,8.12E-49,0.12528449,0
Fibro,HMDB0000286,Uridine diphosphate glucose,Fibro,P2RY14,0.380543605,0.459593679,0.04221219,Receptor,-169.1831866,0,-5.347369097,5.53E-08,-1.730321351,0.041786439,0,0,0,2.90E-07,0.12528449,0
Epi,HMDB0000244,Riboflavin,Epi,SLC52A2,0.695801858,0.629833333,0.314833333,Transporter,-837.8362014,0,-26.4814696,8.55E-118,-1.730321351,0.041786439,0,0,0,2.74E-116,0.12528449,0
Endo,HMDB0000123,Glycine,pDC,GRIN1,0.016213147,0.459895586,0.016260163,Receptor,-1012.278205,0,-31.995054,1.66E-155,-1.730321351,0.041786439,0,0,0,6.77E-154,0.12528449,0
T,HMDB0000123,Glycine,Epi,GRIN1,0.002231077,0.214,0.014,Receptor,-295.5330566,0,-9.34090654,3.01E-20,-1.730321351,0.041786439,0,0,0,2.87E-19,0.12528449,0
NK,HMDB0000123,Glycine,pDC,GRIN1,0.003602896,0.178666667,0.016260163,Receptor,-194.5501512,0,-6.149142168,5.62E-10,-1.730321351,0.041786439,0,0,0,3.40E-09,0.12528449,0
Oligo,HMDB0001358,Retinal,Fibro,RXRA,0.120558779,0.432061069,0.140406321,Nuclear Receptor,-281.0140731,0,-8.882005362,1.50E-18,-1.730321351,0.041786439,0,0,0,1.35E-17,0.12528449,0
Fibro,HMDB0000097,Choline,pDC,SLC44A2,0.716586712,0.588713318,0.292682927,Transporter,-930.4795816,0,-29.40964679,9.35E-138,-1.730321351,0.041786439,0,0,0,3.42E-136,0.12528449,0
pDC,HMDB0000097,Choline,NK,SLC44A2,0.787761409,0.826945412,0.104666667,Transporter,-1024.681816,0,-32.38709466,3.37E-158,-1.730321351,0.041786439,0,0,0,1.40E-156,0.12528449,0
pDC,HMDB0000097,Choline,Epi,SLC44A2,0.793992937,0.826945412,0.223666667,Transporter,-1046.378174,0,-33.07285095,6.60E-163,-1.730321351,0.041786439,0,0,0,2.85E-161,0.12528449,0
pDC,HMDB0000097,Choline,B,SLC44A2,0.842198836,0.826945412,0.126666667,Transporter,-1115.668051,0,-35.2628945,6.66E-178,-1.730321351,0.041786439,0,0,0,3.13E-176,0.12528449,0
Fibro,HMDB0000097,Choline,Endo,SLC44A2,0.902668475,0.588713318,0.309919317,Transporter,-1845.257144,0,-58.32300024,0,-1.730321351,0.041786439,0,0,0,0,0.12528449,0
B,HMDB0000123,Glycine,pDC,GRIN1,0.003788174,0.202166667,0.016260163,Receptor,-208.3819809,0,-6.586324492,3.64E-11,-1.730321351,0.041786439,0,0,0,2.35E-10,0.12528449,0
pDC,HMDB0001358,Retinal,Mast,RXRA,0.024096784,0.284552846,0.037015782,Nuclear Receptor,-151.7516846,0,-4.796412015,9.31E-07,-1.730321351,0.041786439,0,0,0,4.44E-06,0.12528449,0
pDC,HMDB0001358,Retinal,Oligo,RXRA,0.026153915,0.284552846,0.05648855,Nuclear Receptor,-144.8105479,0,-4.577023664,2.65E-06,-1.730321351,0.041786439,0,0,0,1.22E-05,0.12528449,0
B,HMDB0001358,Retinal,pDC,RXRA,0.031148087,0.167833333,0.072009292,Nuclear Receptor,-331.873643,0,-10.48952262,8.56E-25,-1.730321351,0.041786439,0,0,0,9.28E-24,0.12528449,0
T,HMDB0001358,Retinal,NK,RXRA,0.031703895,0.281666667,0.027333333,Nuclear Receptor,-435.9632746,0,-13.77948122,5.62E-40,-1.730321351,0.041786439,0,0,0,8.15E-39,0.12528449,0
pDC,HMDB0000097,Choline,Oligo,SLC44A2,1.044268708,0.826945412,0.19389313,Transporter,-1071.192442,0,-33.85715495,2.76E-168,-1.730321351,0.041786439,0,0,0,1.23E-166,0.12528449,0
Epi,HMDB0001358,Retinal,Epi,RXRA,0.211264703,0.596333333,0.236666667,Nuclear Receptor,-1263.406475,0,-39.93245948,1.76E-209,-1.730321351,0.041786439,0,0,0,9.77E-208,0.12528449,0
Oligo,HMDB0001358,Retinal,Myeloid,RXRA,0.255935941,0.432061069,0.3015,Nuclear Receptor,-496.9832777,0,-15.70813906,3.69E-50,-1.730321351,0.041786439,0,0,0,6.11E-49,0.12528449,0
Epi,HMDB0001358,Retinal,Myeloid,RXRA,0.308285144,0.596333333,0.3015,Nuclear Receptor,-1746.852721,0,-55.2127339,4.55E-306,-1.730321351,0.041786439,0,0,0,4.23E-304,0.12528449,0
Fibro,HMDB0000097,Choline,Oligo,SLC44A2,0.494268951,0.588713318,0.19389313,Transporter,-473.1290795,0,-14.95417996,4.44E-46,-1.730321351,0.041786439,0,0,0,6.98E-45,0.12528449,0
T,HMDB0000123,Glycine,pDC,GRIN1,0.004318179,0.214,0.016260163,Receptor,-243.6284545,0,-7.700358973,1.63E-14,-1.730321351,0.041786439,0,0,0,1.26E-13,0.12528449,0
pDC,HMDB0000123,Glycine,Epi,GRIN1,0.007191063,0.4970964,0.014,Receptor,-1045.131501,0,-33.03344738,1.23E-162,-1.730321351,0.041786439,0,0,0,5.29E-161,0.12528449,0
Myeloid,HMDB0000123,Glycine,Epi,GRIN1,0.01255766,0.669333333,0.014,Receptor,-2244.766946,0,-70.95029738,0,-1.730321351,0.041786439,0,0,0,0,0.12528449,0
NK,HMDB0001358,Retinal,T,RXRA,0.020169819,0.2615,0.025166667,Nuclear Receptor,-374.4101431,0,-11.8339728,1.24E-30,-1.730321351,0.041786439,0,0,0,1.54E-29,0.12528449,0
Endo,HMDB0000123,Glycine,Epi,GRIN1,0.008376859,0.459895586,0.014,Receptor,-1346.047629,0,-42.54449655,8.41E-227,-1.730321351,0.041786439,0,0,0,5.20E-225,0.12528449,0
Myeloid,HMDB0000067,Cholesterol,Fibro,RORC,0.044492366,0.565,0.012189616,Nuclear Receptor,-174.7295162,0,-5.52267181,2.13E-08,-1.730321351,0.041786439,0,0,0,1.16E-07,0.12528449,0
pDC,HMDB0000123,Glycine,pDC,GRIN1,0.013918075,0.4970964,0.016260163,Receptor,-841.1010669,0,-26.58466213,1.71E-118,-1.730321351,0.041786439,0,0,0,5.51E-117,0.12528449,0
Oligo,HMDB0000122,D-Glucose,B,SLC2A8,0.016092516,0.508396947,0.0105,Transporter,-162.5884685,0,-5.138929994,1.66E-07,-1.730321351,0.041786439,0,0,0,8.41E-07,0.12528449,0
NK,HMDB0001358,Retinal,Endo,RXRA,0.105973824,0.2615,0.132415757,Nuclear Receptor,-705.7435561,0,-22.30642039,4.57E-90,-1.730321351,0.041786439,0,0,0,1.20E-88,0.12528449,0
Fibro,HMDB0000097,Choline,B,SLC44A2,0.398626074,0.588713318,0.126666667,Transporter,-740.9039929,0,-23.41773551,2.53E-97,-1.730321351,0.041786439,0,0,0,7.05E-96,0.12528449,0
Myeloid,HMDB0000097,Choline,Myeloid,SLC44A2,0.226877078,0.719666667,0.106333333,Transporter,-175.8229217,0,-5.557231053,1.76E-08,-1.730321351,0.041786439,0,0,0,9.64E-08,0.12528449,0
B,HMDB0000097,Choline,Endo,SLC44A2,0.248518058,0.229833333,0.309919317,Transporter,-191.4096427,0,-6.049880186,1.02E-09,-1.730321351,0.041786439,0,0,0,6.08E-09,0.12528449,0
Myeloid,HMDB0000097,Choline,pDC,SLC44A2,1.009009204,0.719666667,0.292682927,Transporter,-1473.663299,0,-46.57804208,6.15E-253,-1.730321351,0.041786439,0,0,0,4.37E-251,0.12528449,0
Myeloid,HMDB0000097,Choline,T,SLC44A2,0.399797124,0.719666667,0.096166667,Transporter,-797.9648192,0,-25.22125574,2.64E-109,-1.730321351,0.041786439,0,0,0,7.98E-108,0.12528449,0
Myeloid,HMDB0000097,Choline,Endo,SLC44A2,1.271026639,0.719666667,0.309919317,Transporter,-2828.471769,0,-89.39944233,0,-1.730321351,0.041786439,0,0,0,0,0.12528449,0
pDC,HMDB0000097,Choline,pDC,SLC44A2,1.513971448,0.826945412,0.292682927,Transporter,-1748.563818,0,-55.26681649,2.18E-306,-1.730321351,0.041786439,0,0,0,2.03E-304,0.12528449,0
Mast,HMDB0000067,Cholesterol,Fibro,RORB,0.035062884,0.101865136,0.029345372,Nuclear Receptor,-451.9384694,0,-14.28440884,1.47E-42,-1.730321351,0.041786439,0,0,0,2.20E-41,0.12528449,0
pDC,HMDB0000097,Choline,T,SLC44A2,0.599877016,0.826945412,0.096166667,Transporter,-722.3225724,0,-22.83043298,1.79E-93,-1.730321351,0.041786439,0,0,0,4.81E-92,0.12528449,0
Fibro,HMDB0000538,Adenosine triphosphate,Mast,P2RX1,0.085086212,0.572911964,0.150932568,Receptor,-3282.164186,0,-103.7392881,0,-1.730321351,0.041786439,0,0,0,0,0.12528449,0
Fibro,HMDB0000538,Adenosine triphosphate,pDC,P2RX1,0.091144484,0.572911964,0.203252033,Receptor,-2388.518811,0,-75.49385926,0,-1.730321351,0.041786439,0,0,0,0,0.12528449,0
Myeloid,HMDB0001178,Adenosine diphosphate ribose,Endo,CD38,0.014815877,0.355,0.019458946,Transporter,-347.0326628,0,-10.96865341,8.20E-27,-1.730321351,0.041786439,0,0,0,9.29E-26,0.12528449,0
Myeloid,HMDB0001178,Adenosine diphosphate ribose,T,CD38,0.025683121,0.355,0.027333333,Transporter,-529.5951969,0,-16.73890324,6.28E-56,-1.730321351,0.041786439,0,0,0,1.12E-54,0.12528449,0
B,HMDB0001358,Retinal,Myeloid,RXRA,0.095027102,0.167833333,0.3015,Nuclear Receptor,-732.625986,0,-23.15609273,1.32E-95,-1.730321351,0.041786439,0,0,0,3.63E-94,0.12528449,0
Epi,HMDB0001358,Retinal,pDC,RXRA,0.101050041,0.596333333,0.072009292,Nuclear Receptor,-568.3626824,0,-17.96422627,4.79E-63,-1.730321351,0.041786439,0,0,0,9.45E-62,0.12528449,0
pDC,HMDB0000097,Choline,Fibro,SLC44A2,0.623329269,0.826945412,0.14221219,Transporter,-742.8214204,0,-23.4783396,1.01E-97,-1.730321351,0.041786439,0,0,0,2.83E-96,0.12528449,0
Epi,HMDB0000538,Adenosine triphosphate,Mast,P2RX1,0.097820126,0.582166667,0.150932568,Receptor,-4011.615792,0,-126.7950483,0,-1.730321351,0.041786439,0,0,0,0,0.12528449,0
Epi,HMDB0000538,Adenosine triphosphate,pDC,P2RX1,0.104785072,0.582166667,0.203252033,Receptor,-2802.788501,0,-88.58767186,0,-1.730321351,0.041786439,0,0,0,0,0.12528449,0
pDC,HMDB0000097,Choline,Mast,SLC44A2,0.412927016,0.826945412,0.065710187,Transporter,-383.4219791,0,-12.1188097,6.16E-32,-1.730321351,0.041786439,0,0,0,7.79E-31,0.12528449,0
Myeloid,HMDB0000097,Choline,Fibro,SLC44A2,0.415427233,0.719666667,0.14221219,Transporter,-782.1018552,0,-24.7198754,5.95E-106,-1.730321351,0.041786439,0,0,0,1.77E-104,0.12528449,0
Myeloid,HMDB0000097,Choline,NK,SLC44A2,0.525015524,0.719666667,0.104666667,Transporter,-1250.831076,0,-39.53498911,8.02E-207,-1.730321351,0.041786439,0,0,0,4.39E-205,0.12528449,0
Myeloid,HMDB0000097,Choline,Epi,SLC44A2,0.52916862,0.719666667,0.223666667,Transporter,-1300.03242,0,-41.09009487,3.42E-217,-1.730321351,0.041786439,0,0,0,2.00E-215,0.12528449,0
Myeloid,HMDB0000097,Choline,B,SLC44A2,0.561296171,0.719666667,0.126666667,Transporter,-1400.277657,0,-44.2585438,5.28E-238,-1.730321351,0.041786439,0,0,0,3.46E-236,0.12528449,0
pDC,HMDB0000097,Choline,Endo,SLC44A2,1.90711644,0.826945412,0.309919317,Transporter,-2758.662575,0,-87.19298473,0,-1.730321351,0.041786439,0,0,0,0,0.12528449,0
Endo,HMDB0000286,Uridine diphosphate glucose,pDC,P2RY14,1.617394136,0.294731846,0.261324042,Receptor,-808.7419788,0,-25.56188917,1.36E-111,-1.730321351,0.041786439,0,0,0,4.19E-110,0.12528449,0
Myeloid,HMDB0000097,Choline,Oligo,SLC44A2,0.695968699,0.719666667,0.19389313,Transporter,-810.3921098,0,-25.61404482,6.08E-112,-1.730321351,0.041786439,0,0,0,1.87E-110,0.12528449,0
Fibro,HMDB0000097,Choline,NK,SLC44A2,0.372859976,0.588713318,0.104666667,Transporter,-649.1701505,0,-20.51830606,1.20E-78,-1.730321351,0.041786439,0,0,0,2.82E-77,0.12528449,0
Fibro,HMDB0000097,Choline,Epi,SLC44A2,0.375809457,0.588713318,0.223666667,Transporter,-650.850268,0,-20.57140949,5.56E-79,-1.730321351,0.041786439,0,0,0,1.31E-77,0.12528449,0
Epi,HMDB0000097,Choline,Endo,SLC44A2,0.377787306,0.4765,0.309919317,Transporter,-535.6074256,0,-16.92893161,5.15E-57,-1.730321351,0.041786439,0,0,0,9.35E-56,0.12528449,0
Myeloid,HMDB0000067,Cholesterol,Epi,RORB,0.068728293,0.565,0.017833333,Nuclear Receptor,-1196.431367,0,-37.81557876,2.99E-195,-1.730321351,0.041786439,0,0,0,1.56E-193,0.12528449,0
Oligo,HMDB0000067,Cholesterol,Oligo,RORB,0.041473129,0.396946565,0.013740458,Nuclear Receptor,-204.1849795,0,-6.453669964,8.50E-11,-1.730321351,0.041786439,0,0,0,5.36E-10,0.12528449,0
Endo,HMDB0000067,Cholesterol,Oligo,RORB,0.037002713,0.257712387,0.013740458,Nuclear Receptor,-176.2921966,0,-5.572063414,1.62E-08,-1.730321351,0.041786439,0,0,0,8.90E-08,0.12528449,0
Oligo,HMDB0001358,Retinal,pDC,RXRA,0.083890962,0.432061069,0.072009292,Nuclear Receptor,-214.6655031,0,-6.784927634,9.93E-12,-1.730321351,0.041786439,0,0,0,6.58E-11,0.12528449,0
T,HMDB0000286,Uridine diphosphate glucose,pDC,P2RY14,2.064035163,0.275333333,0.261324042,Receptor,-1093.293555,0,-34.55570432,4.54E-173,-1.730321351,0.041786439,0,0,0,2.07E-171,0.12528449,0
Fibro,HMDB0000234,Testosterone,Fibro,AR,0.058412382,0.181038375,0.13972912,Nuclear Receptor,-905.01448,0,-28.60477191,3.03E-132,-1.730321351,0.041786439,0,0,0,1.06E-130,0.12528449,0
Epi,HMDB0000244,Riboflavin,Endo,SLC52A2,0.363590353,0.629833333,0.128144281,Transporter,-138.2391228,0,-4.369320784,6.88E-06,-1.730321351,0.041786439,0,0,0,3.02E-05,0.12528449,0
Mast,HMDB0000286,Uridine diphosphate glucose,Fibro,P2RY14,0.459462221,0.33830703,0.04221219,Receptor,-271.9813907,0,-8.596509579,1.57E-17,-1.730321351,0.041786439,0,0,0,1.36E-16,0.12528449,0
Myeloid,HMDB0000286,Uridine diphosphate glucose,Fibro,P2RY14,0.408387456,0.511166667,0.04221219,Receptor,-211.3698564,0,-6.680762203,1.97E-11,-1.730321351,0.041786439,0,0,0,1.29E-10,0.12528449,0
Endo,HMDB0000122,D-Glucose,Epi,SLC2A10,0.014922015,0.35168486,0.091833333,Transporter,-475.2607066,0,-15.02155425,1.94E-46,-1.730321351,0.041786439,0,0,0,3.06E-45,0.12528449,0
Myeloid,HMDB0000244,Riboflavin,NK,SLC52A2,0.819979836,0.77,0.082166667,Transporter,-1062.520811,0,-33.58307091,2.09E-166,-1.730321351,0.041786439,0,0,0,9.17E-165,0.12528449,0
Myeloid,HMDB0000244,Riboflavin,Myeloid,SLC52A2,0.948042634,0.77,0.211166667,Transporter,-1324.021685,0,-41.84832304,3.26E-222,-1.730321351,0.041786439,0,0,0,1.98E-220,0.12528449,0
Fibro,HMDB0000286,Uridine diphosphate glucose,pDC,P2RY14,2.294884426,0.459593679,0.261324042,Receptor,-1225.388291,0,-38.73081961,2.01E-201,-1.730321351,0.041786439,0,0,0,1.08E-199,0.12528449,0
Myeloid,HMDB0000244,Riboflavin,Fibro,SLC52A2,0.983491759,0.77,0.185778781,Transporter,-1285.097209,0,-40.61803799,4.69E-214,-1.730321351,0.041786439,0,0,0,2.67E-212,0.12528449,0
Epi,HMDB0000244,Riboflavin,Myeloid,SLC52A2,0.405411602,0.629833333,0.211166667,Transporter,-264.3730675,0,-8.356033481,1.08E-16,-1.730321351,0.041786439,0,0,0,9.01E-16,0.12528449,0
Myeloid,HMDB0000244,Riboflavin,Endo,SLC52A2,0.850244922,0.77,0.128144281,Transporter,-902.2310302,0,-28.51679548,1.21E-131,-1.730321351,0.041786439,0,0,0,4.21E-130,0.12528449,0
Myeloid,HMDB0000244,Riboflavin,pDC,SLC52A2,0.933058987,0.77,0.152148664,Transporter,-732.6775535,0,-23.15772263,1.29E-95,-1.730321351,0.041786439,0,0,0,3.55E-94,0.12528449,0
Myeloid,HMDB0000244,Riboflavin,Epi,SLC52A2,1.627111367,0.77,0.314833333,Transporter,-2528.543325,0,-79.91961088,0,-1.730321351,0.041786439,0,0,0,0,0.12528449,0
T,HMDB0001358,Retinal,Oligo,RXRA,0.039009072,0.281666667,0.05648855,Nuclear Receptor,-322.7452455,0,-10.20100157,1.30E-23,-1.730321351,0.041786439,0,0,0,1.36E-22,0.12528449,0
NK,HMDB0001358,Retinal,Fibro,RXRA,0.082126336,0.2615,0.140406321,Nuclear Receptor,-643.4652866,0,-20.33799255,1.62E-77,-1.730321351,0.041786439,0,0,0,3.76E-76,0.12528449,0
pDC,HMDB0001358,Retinal,Endo,RXRA,0.073974192,0.284552846,0.132415757,Nuclear Receptor,-240.2729443,0,-7.594301438,3.55E-14,-1.730321351,0.041786439,0,0,0,2.69E-13,0.12528449,0
B,HMDB0001358,Retinal,Fibro,RXRA,0.044762574,0.167833333,0.140406321,Nuclear Receptor,-474.243536,0,-14.98940456,2.88E-46,-1.730321351,0.041786439,0,0,0,4.54E-45,0.12528449,0
Oligo,HMDB0000050,Adenosine,Oligo,SLC29A1,0.003687325,0.380152672,0.010687023,Transporter,-111.26456,0,-3.516736394,0.000228262,-1.730321351,0.041786439,0,0,0,0.00085537,0.12528449,0
Oligo,HMDB0000050,Adenosine,Fibro,SLC29A1,0.085367057,0.380152672,0.180361174,Transporter,-347.0660109,0,-10.96970745,8.11E-27,-1.730321351,0.041786439,0,0,0,9.20E-26,0.12528449,0
pDC,HMDB0001311,D-Lactic acid,T,SLC16A1,0.16426712,0.300813008,0.034333333,Transporter,-125.6286758,0,-3.970742675,3.84E-05,-1.730321351,0.041786439,0,0,0,0.000156192,0.12528449,0
B,HMDB0000148,L-Glutamic acid,Epi,TRPV1,0.000445697,0.388,0.016166667,Receptor,-183.5604823,0,-5.801791954,4.40E-09,-1.730321351,0.041786439,0,0,0,2.51E-08,0.12528449,0
Mast,HMDB0000050,Adenosine,Fibro,SLC29A1,0.003342526,0.246771879,0.180361174,Transporter,-276.578763,0,-8.741818618,4.78E-18,-1.730321351,0.041786439,0,0,0,4.23E-17,0.12528449,0
T,HMDB0001358,Retinal,Fibro,RXRA,0.08550529,0.281666667,0.140406321,Nuclear Receptor,-682.7552416,0,-21.57982926,2.20E-85,-1.730321351,0.041786439,0,0,0,5.46E-84,0.12528449,0
pDC,HMDB0001358,Retinal,NK,RXRA,0.021256106,0.284552846,0.027333333,Nuclear Receptor,-146.2914124,0,-4.623829315,2.13E-06,-1.730321351,0.041786439,0,0,0,9.88E-06,0.12528449,0
Oligo,HMDB0001358,Retinal,NK,RXRA,0.044701128,0.432061069,0.027333333,Nuclear Receptor,-163.8350548,0,-5.17833082,1.35E-07,-1.730321351,0.041786439,0,0,0,6.90E-07,0.12528449,0
T,HMDB0001358,Retinal,T,RXRA,0.020999673,0.281666667,0.025166667,Nuclear Receptor,-377.4009164,0,-11.92850211,4.61E-31,-1.730321351,0.041786439,0,0,0,5.74E-30,0.12528449,0
Oligo,HMDB0001358,Retinal,Mast,RXRA,0.050675012,0.432061069,0.037015782,Nuclear Receptor,-172.6619633,0,-5.457322713,3.05E-08,-1.730321351,0.041786439,0,0,0,1.64E-07,0.12528449,0
Mast,HMDB0000050,Adenosine,Myeloid,SLC29A1,0.002329697,0.246771879,0.167666667,Transporter,-286.7039864,0,-9.061846321,3.30E-19,-1.730321351,0.041786439,0,0,0,3.05E-18,0.12528449,0
Endo,HMDB0001311,D-Lactic acid,Oligo,SLC16A1,0.351796498,0.196962506,0.145038168,Transporter,-298.8768786,0,-9.446594645,1.20E-20,-1.730321351,0.041786439,0,0,0,1.16E-19,0.12528449,0
Oligo,HMDB0001311,D-Lactic acid,Oligo,SLC16A1,1.223546694,0.500763359,0.145038168,Transporter,-1342.64096,0,-42.43682204,4.30E-226,-1.730321351,0.041786439,0,0,0,2.64E-224,0.12528449,0
Oligo,HMDB0000234,Testosterone,Fibro,AR,0.282498693,0.329770992,0.13972912,Nuclear Receptor,-3311.179521,0,-104.6563752,0,-1.730321351,0.041786439,0,0,0,0,0.12528449,0
Mast,HMDB0000234,Testosterone,Fibro,AR,0.048792405,0.067431851,0.13972912,Nuclear Receptor,-664.0589439,0,-20.98889581,1.28E-81,-1.730321351,0.041786439,0,0,0,3.10E-80,0.12528449,0
Myeloid,HMDB0000286,Uridine diphosphate glucose,pDC,P2RY14,2.462797958,0.511166667,0.261324042,Receptor,-1340.664741,0,-42.37435971,1.11E-225,-1.730321351,0.041786439,0,0,0,6.77E-224,0.12528449,0
B,HMDB0001358,Retinal,NK,RXRA,0.016597195,0.167833333,0.027333333,Nuclear Receptor,-355.1470346,0,-11.22512418,6.38E-28,-1.730321351,0.041786439,0,0,0,7.41E-27,0.12528449,0
T,HMDB0001358,Retinal,Epi,RXRA,0.124394096,0.281666667,0.236666667,Nuclear Receptor,-887.8810474,0,-28.0632359,1.51E-128,-1.730321351,0.041786439,0,0,0,5.17E-127,0.12528449,0
Epi,HMDB0001358,Retinal,Fibro,RXRA,0.145217903,0.596333333,0.140406321,Nuclear Receptor,-941.426953,0,-29.75566011,3.97E-140,-1.730321351,0.041786439,0,0,0,1.48E-138,0.12528449,0
Oligo,HMDB0001358,Retinal,Endo,RXRA,0.155566113,0.432061069,0.132415757,Nuclear Receptor,-337.2241969,0,-10.65863745,1.69E-25,-1.730321351,0.041786439,0,0,0,1.87E-24,0.12528449,0
NK,HMDB0001358,Retinal,Myeloid,RXRA,0.174347163,0.2615,0.3015,Nuclear Receptor,-1120.270911,0,-35.40837699,6.77E-179,-1.730321351,0.041786439,0,0,0,3.20E-177,0.12528449,0
Oligo,HMDB0001358,Retinal,Epi,RXRA,0.175390321,0.432061069,0.236666667,Nuclear Receptor,-367.5958595,0,-11.6185939,1.16E-29,-1.730321351,0.041786439,0,0,0,1.41E-28,0.12528449,0
T,HMDB0001358,Retinal,Myeloid,RXRA,0.181520392,0.281666667,0.3015,Nuclear Receptor,-1135.326514,0,-35.88423909,3.85E-182,-1.730321351,0.041786439,0,0,0,1.86E-180,0.12528449,0
pDC,HMDB0001358,Retinal,Epi,RXRA,0.083400922,0.284552846,0.236666667,Nuclear Receptor,-262.7787062,0,-8.30564054,1.60E-16,-1.730321351,0.041786439,0,0,0,1.33E-15,0.12528449,0
NK,HMDB0001358,Retinal,Oligo,RXRA,0.037467532,0.2615,0.05648855,Nuclear Receptor,-324.166797,0,-10.24593252,8.55E-24,-1.730321351,0.041786439,0,0,0,8.96E-23,0.12528449,0
B,HMDB0001358,Retinal,Epi,RXRA,0.065121115,0.167833333,0.236666667,Nuclear Receptor,-589.0941259,0,-18.61948452,5.89E-67,-1.730321351,0.041786439,0,0,0,1.23E-65,0.12528449,0
B,HMDB0001358,Retinal,Mast,RXRA,0.018815253,0.167833333,0.037015782,Nuclear Receptor,-356.3136234,0,-11.26199652,4.40E-28,-1.730321351,0.041786439,0,0,0,5.14E-27,0.12528449,0
Oligo,HMDB0001358,Retinal,T,RXRA,0.029608635,0.432061069,0.025166667,Nuclear Receptor,-138.7979598,0,-4.386983933,6.36E-06,-1.730321351,0.041786439,0,0,0,2.80E-05,0.12528449,0
NK,HMDB0001358,Retinal,NK,RXRA,0.030451037,0.2615,0.027333333,Nuclear Receptor,-416.4560816,0,-13.16291782,6.59E-37,-1.730321351,0.041786439,0,0,0,9.07E-36,0.12528449,0
Epi,HMDB0001358,Retinal,T,RXRA,0.035664793,0.596333333,0.025166667,Nuclear Receptor,-451.011273,0,-14.25510296,2.08E-42,-1.730321351,0.041786439,0,0,0,3.11E-41,0.12528449,0
NK,HMDB0001358,Retinal,Epi,RXRA,0.119478354,0.2615,0.236666667,Nuclear Receptor,-853.0871428,0,-26.96350576,4.63E-121,-1.730321351,0.041786439,0,0,0,1.51E-119,0.12528449,0
pDC,HMDB0001358,Retinal,Fibro,RXRA,0.057327641,0.284552846,0.140406321,Nuclear Receptor,-213.1221323,0,-6.736146346,1.37E-11,-1.730321351,0.041786439,0,0,0,9.01E-11,0.12528449,0
B,HMDB0001358,Retinal,Oligo,RXRA,0.020421502,0.167833333,0.05648855,Nuclear Receptor,-261.7048334,0,-8.271698666,2.09E-16,-1.730321351,0.041786439,0,0,0,1.74E-15,0.12528449,0
Epi,HMDB0000234,Testosterone,Fibro,AR,0.273080394,0.433666667,0.13972912,Nuclear Receptor,-5543.934553,0,-175.2270123,0,-1.730321351,0.041786439,0,0,0,0,0.12528449,0
Oligo,HMDB0000234,Testosterone,pDC,AR,0.144780854,0.329770992,0.068524971,Nuclear Receptor,-1071.178064,0,-33.85670051,2.78E-168,-1.730321351,0.041786439,0,0,0,1.23E-166,0.12528449,0
Epi,HMDB0000234,Testosterone,pDC,AR,0.139953966,0.433666667,0.068524971,Nuclear Receptor,-1218.674288,0,-38.51861025,5.40E-200,-1.730321351,0.041786439,0,0,0,2.87E-198,0.12528449,0
Myeloid,HMDB0000234,Testosterone,Fibro,AR,0.145770449,0.311,0.13972912,Nuclear Receptor,-2802.398381,0,-88.57534134,0,-1.730321351,0.041786439,0,0,0,0,0.12528449,0
Endo,HMDB0000067,Cholesterol,Fibro,RORB,0.075077417,0.257712387,0.029345372,Nuclear Receptor,-1138.324751,0,-35.97900429,8.71E-183,-1.730321351,0.041786439,0,0,0,4.22E-181,0.12528449,0
Epi,HMDB0001358,Retinal,Mast,RXRA,0.061040093,0.596333333,0.037015782,Nuclear Receptor,-544.7820599,0,-17.21891407,1.10E-58,-1.730321351,0.041786439,0,0,0,2.04E-57,0.12528449,0
Epi,HMDB0001358,Retinal,Oligo,RXRA,0.066251055,0.596333333,0.05648855,Nuclear Receptor,-419.0125471,0,-13.24371997,2.64E-37,-1.730321351,0.041786439,0,0,0,3.67E-36,0.12528449,0
pDC,HMDB0001358,Retinal,Myeloid,RXRA,0.121701661,0.284552846,0.3015,Nuclear Receptor,-330.3424128,0,-10.44112506,1.36E-24,-1.730321351,0.041786439,0,0,0,1.46E-23,0.12528449,0
Mast,HMDB0000286,Uridine diphosphate glucose,Mast,P2RY14,1.987417776,0.33830703,0.139454806,Receptor,-1986.701083,0,-62.79361557,0,-1.730321351,0.041786439,0,0,0,0,0.12528449,0
B,HMDB0000148,L-Glutamic acid,Oligo,TRPV1,0.001025475,0.388,0.018320611,Receptor,-68.85604343,0,-2.176331385,0.014882081,-1.730321351,0.041786439,0,0,0,0.043879999,0.12528449,0
Epi,HMDB0001358,Retinal,NK,RXRA,0.053844308,0.596333333,0.027333333,Nuclear Receptor,-540.2156201,0,-17.07458271,7.50E-58,-1.730321351,0.041786439,0,0,0,1.38E-56,0.12528449,0
B,HMDB0000148,L-Glutamic acid,pDC,TRPV1,0.0006345,0.388,0.013937282,Receptor,-70.51049206,0,-2.228623505,0.013030412,-1.730321351,0.041786439,0,0,0,0.038996984,0.12528449,0
Epi,HMDB0000244,Riboflavin,pDC,SLC52A2,0.399004143,0.629833333,0.152148664,Transporter,-143.7263337,0,-4.542754934,3.12E-06,-1.730321351,0.041786439,0,0,0,1.42E-05,0.12528449,0
NK,HMDB0000286,Uridine diphosphate glucose,pDC,P2RY14,1.757784832,0.220833333,0.261324042,Receptor,-906.6647404,0,-28.65693165,1.33E-132,-1.730321351,0.041786439,0,0,0,4.68E-131,0.12528449,0
Epi,HMDB0000244,Riboflavin,NK,SLC52A2,0.35064809,0.629833333,0.082166667,Transporter,-156.3750057,0,-4.94254122,4.52E-07,-1.730321351,0.041786439,0,0,0,2.21E-06,0.12528449,0
Myeloid,HMDB0000244,Riboflavin,T,SLC52A2,0.615365206,0.77,0.076,Transporter,-693.722914,0,-21.92648423,1.30E-87,-1.730321351,0.041786439,0,0,0,3.34E-86,0.12528449,0
pDC,HMDB0000305,Vitamin A,Epi,RBP1,0.020477649,0.039488966,0.081,Transporter,-106.5415735,0,-3.36745707,0.000393795,-1.726860708,0.042096341,1,0.001,0,0.001434582,0.12528449,0.002459504
pDC,HMDB0000034,Adenine,pDC,SLC29A3,0.288927617,0.838559814,0.039488966,Transporter,-120.6824766,0,-3.814408269,7.24E-05,-1.726860708,0.042096341,1,0.001,0,0.000286548,0.12528449,0.002459504
Endo,HMDB0000067,Cholesterol,Mast,LDLR,0.213019881,0.257712387,0.055380201,Receptor,-114.0086262,0,-3.603468033,0.000164742,-1.726860708,0.042096341,1,0.001,0,0.000627643,0.12528449,0.002459504
pDC,HMDB0000305,Vitamin A,Myeloid,RBP1,0.016883457,0.039488966,0.062,Transporter,-100.2238028,0,-3.167771437,0.000791369,-1.726860708,0.042096341,1,0.001,0,0.002793165,0.12528449,0.002459504
Myeloid,HMDB0000660,D-Fructose,Oligo,SLC2A8,0.093704968,0.585333333,0.083969466,Transporter,-90.86050006,0,-2.871825741,0.002083675,-1.726860708,0.042096341,1,0.001,0,0.007011248,0.12528449,0.002459504
Myeloid,HMDB0000034,Adenine,pDC,SLC29A3,0.28623848,0.805833333,0.039488966,Transporter,-119.6443843,0,-3.78159731,8.25E-05,-1.726860708,0.042096341,1,0.001,0,0.000325075,0.12528449,0.002459504
Epi,HMDB0003073,gamma-Linolenic acid,Oligo,SLC27A5,0.067071977,0.180333333,0.103816794,Transporter,-122.3361932,0,-3.866677253,5.87E-05,-1.726860708,0.042096341,1,0.001,0,0.000234499,0.12528449,0.002459504
pDC,HMDB0000305,Vitamin A,T,RARG,0.006830324,0.039488966,0.0185,Nuclear Receptor,-104.3066818,0,-3.2968189,0.000506156,-1.726860708,0.042096341,1,0.001,0,0.001821261,0.12528449,0.002459504
pDC,HMDB0000277,Sphingosine 1-phosphate,Endo,S1PR5,0.021687808,0.174216028,0.012814428,Receptor,-101.7347502,0,-3.215527915,0.000671913,-1.726860708,0.042096341,1,0.001,0,0.002390661,0.12528449,0.002459504
Epi,HMDB0000220,Palmitic acid,Epi,SLC27A5,0.02957186,0.498833333,0.0845,Transporter,-103.2011142,0,-3.26187525,0.000572121,-1.726860708,0.042096341,1,0.001,0,0.002049702,0.12528449,0.002459504
T,HMDB0000030,Biotin,T,SLC5A6,0.02096401,0.036333333,0.023166667,Transporter,-95.28147902,0,-3.011559522,0.001332248,-1.726860708,0.042096341,1,0.001,0,0.004577745,0.12528449,0.002459504
Fibro,HMDB0000123,Glycine,pDC,GRIN1,0.002594154,0.332731377,0.016260163,Receptor,-128.9772515,0,-4.076581031,2.47E-05,-1.726860708,0.042096341,1,0.001,0,0.000102096,0.12528449,0.002459504
Fibro,HMDB0001220,Prostaglandin E2,Fibro,PTGER2,0.573539338,0.788036117,0.078329571,Receptor,-98.61564788,0,-3.116942521,0.000939795,-1.726860708,0.042096341,1,0.001,0,0.003283431,0.12528449,0.002459504
Fibro,HMDB0002925,Dihomo-gamma-linolenic acid,Oligo,SLC27A5,0.065904453,0.142889391,0.103816794,Transporter,-116.0391769,0,-3.667647603,0.000128853,-1.726860708,0.042096341,1,0.001,0,0.00049773,0.12528449,0.002459504
Mast,HMDB0000067,Cholesterol,Epi,RORB,0.014527111,0.101865136,0.017833333,Nuclear Receptor,-107.3857244,0,-3.394138126,0.000357753,-1.726860708,0.042096341,1,0.001,0,0.001309624,0.12528449,0.002459504
NK,HMDB0002925,Dihomo-gamma-linolenic acid,Oligo,SLC27A5,0.06599043,0.078166667,0.103816794,Transporter,-117.7722426,0,-3.722424569,0.000104169,-1.726860708,0.042096341,1,0.001,0,0.000406603,0.12528449,0.002459504
pDC,HMDB0000305,Vitamin A,B,RARA,0.024439998,0.039488966,0.061,Nuclear Receptor,-106.2973277,0,-3.359737198,0.000404836,-1.726860708,0.042096341,1,0.001,0,0.001472536,0.12528449,0.002459504
pDC,HMDB0000305,Vitamin A,NK,RARA,0.019322865,0.039488966,0.042,Nuclear Receptor,-98.57230115,0,-3.115572461,0.000944129,-1.726860708,0.042096341,1,0.001,0,0.003297181,0.12528449,0.002459504
Oligo,HMDB0001514,Glucosamine,Mast,SLC2A1,0.004911428,0.025954198,0.013773314,Transporter,-93.0702562,0,-2.941669453,0.001669917,-1.726860708,0.042096341,1,0.001,0,0.005675556,0.12528449,0.002459504
pDC,HMDB0000277,Sphingosine 1-phosphate,T,S1PR5,0.025306959,0.174216028,0.0115,Receptor,-110.4281234,0,-3.490299163,0.000251777,-1.726860708,0.042096341,1,0.001,0,0.000938917,0.12528449,0.002459504
pDC,HMDB0000517,L-Arginine,Epi,SLC7A2,0.020621666,0.069686411,0.094,Transporter,-112.5344738,0,-3.556874534,0.000196453,-1.726860708,0.042096341,1,0.001,0,0.000741289,0.12528449,0.002459504
pDC,HMDB0000806,Myristic acid,Epi,SLC27A2,0.017282499,0.039488966,0.069166667,Transporter,-114.1433563,0,-3.607726446,0.000162097,-1.726860708,0.042096341,1,0.001,0,0.000617921,0.12528449,0.002459504
pDC,HMDB0000112,gamma-Aminobutyric acid,Endo,GABBR1,0.109553419,0.534262485,0.045562411,Receptor,-106.3200884,0,-3.360456595,0.000403795,-1.726860708,0.042096341,1,0.001,0,0.001468912,0.12528449,0.002459504
Epi,HMDB0002925,Dihomo-gamma-linolenic acid,Oligo,SLC27A5,0.067071977,0.180333333,0.103816794,Transporter,-122.3361932,0,-3.866677253,5.87E-05,-1.726860708,0.042096341,1,0.001,0,0.000234499,0.12528449,0.002459504
Endo,HMDB0006219,13-cis-Retinoic acid,Epi,RXRG,0.019080339,0.2078785,0.011166667,Nuclear Receptor,-129.040962,0,-4.078594726,2.45E-05,-1.726860708,0.042096341,1,0.001,0,0.000101256,0.12528449,0.002459504
T,HMDB0000286,Uridine diphosphate glucose,Fibro,P2RY14,0.34226359,0.275333333,0.04221219,Receptor,-118.3104326,0,-3.739435131,9.75E-05,-1.726860708,0.042096341,1,0.001,0,0.000381668,0.12528449,0.002459504
pDC,HMDB0000305,Vitamin A,Epi,RBP4,0.006563818,0.039488966,0.029666667,Transporter,-102.7040202,0,-3.246163611,0.0006043,-1.726860708,0.042096341,1,0.001,0,0.002158977,0.12528449,0.002459504
pDC,HMDB0000660,D-Fructose,NK,SLC2A8,0.082945583,0.68524971,0.0215,Transporter,-117.2305259,0,-3.705302542,0.000111361,-1.726860708,0.042096341,1,0.001,0,0.000433552,0.12528449,0.002459504
NK,HMDB0001388,alpha-Linolenic acid,Oligo,SLC27A5,0.058834441,0.3295,0.103816794,Transporter,-127.4784994,0,-4.029210007,3.01E-05,-1.726860708,0.042096341,1,0.001,0,0.000123651,0.12528449,0.002459504
T,HMDB0001256,Spermine,Epi,SLC22A4,0.041001638,0.231833333,0.014666667,Transporter,-103.9998711,0,-3.287121541,0.000523718,-1.726860708,0.042096341,1,0.001,0,0.001881179,0.12528449,0.002459504
pDC,HMDB0000277,Sphingosine 1-phosphate,pDC,S1PR2,0.015441765,0.174216028,0.012775842,Receptor,-97.32755262,0,-3.076229723,0.00107671,-1.726860708,0.042096341,1,0.001,0,0.003736538,0.12528449,0.002459504
NK,HMDB0000067,Cholesterol,Epi,RORB,0.014238944,0.0935,0.017833333,Nuclear Receptor,-101.0482749,0,-3.193830507,0.000723955,-1.726860708,0.042096341,1,0.001,0,0.002569199,0.12528449,0.002459504
B,HMDB0000053,Androstenedione,Fibro,AR,0.025271692,0.064333333,0.13972912,Nuclear Receptor,-101.5772508,0,-3.210549836,0.000683538,-1.726860708,0.042096341,1,0.001,0,0.002430978,0.12528449,0.002459504
T,HMDB0000517,L-Arginine,Endo,AVPR2,0.00831014,0.039333333,0.067869008,Receptor,-120.8488768,0,-3.819667676,7.09E-05,-1.726860708,0.042096341,1,0.001,0,0.000280895,0.12528449,0.002459504
Fibro,HMDB0000067,Cholesterol,Fibro,RORB,0.014638828,0.17020316,0.029345372,Nuclear Receptor,-98.33291313,0,-3.10800613,0.000968398,-1.726860708,0.042096341,1,0.001,0,0.003374812,0.12528449,0.002459504
pDC,HMDB0000305,Vitamin A,NK,RARG,0.006070961,0.039488966,0.012833333,Nuclear Receptor,-99.08251162,0,-3.131698672,0.000894262,-1.726860708,0.042096341,1,0.001,0,0.003135601,0.12528449,0.002459504
Endo,HMDB0001220,Prostaglandin E2,T,PTGER2,0.57995589,0.637399146,0.080166667,Receptor,-109.6937747,0,-3.46708862,0.000274268,-1.726860708,0.042096341,1,0.001,0,0.001017172,0.12528449,0.002459504
T,HMDB0000030,Biotin,Myeloid,SLC5A6,0.022143342,0.036333333,0.047666667,Transporter,-109.2129462,0,-3.451891085,0.000289995,-1.726860708,0.042096341,1,0.001,0,0.001072374,0.12528449,0.002459504
Fibro,HMDB0000294,Urea,NK,SLC14A1,0.004157596,0.034988713,0.016166667,Transporter,-100.6181894,0,-3.180236804,0.00075843,-1.726860708,0.042096341,1,0.001,0,0.002685786,0.12528449,0.002459504
Myeloid,HMDB0001220,Prostaglandin E2,Myeloid,PTGER2,0.572580547,0.756833333,0.119,Receptor,-114.0511565,0,-3.604812289,0.000163903,-1.726860708,0.042096341,1,0.001,0,0.000624661,0.12528449,0.002459504
Fibro,HMDB0000827,Stearic acid,Oligo,SLC27A5,0.053805294,0.145146727,0.103816794,Transporter,-120.7541597,0,-3.816673957,7.18E-05,-1.726860708,0.042096341,1,0.001,0,0.000284172,0.12528449,0.002459504
Endo,HMDB0002369,9-cis-Retinoic acid,Epi,RXRG,0.019080339,0.2078785,0.011166667,Nuclear Receptor,-129.040962,0,-4.078594726,2.45E-05,-1.726860708,0.042096341,1,0.001,0,0.000101256,0.12528449,0.002459504
Oligo,HMDB0000133,Guanosine,Oligo,SLC29A1,0.006827688,0.322137405,0.010687023,Transporter,-79.95404791,0,-2.527105758,0.005827026,-1.726860708,0.042096341,1,0.001,0,0.018388271,0.12528449,0.002459504
pDC,HMDB0000673,Linoleic acid,Mast,SLC27A5,0.041308724,0.730545877,0.028981349,Transporter,-103.2987273,0,-3.264960506,0.000565991,-1.726860708,0.042096341,1,0.001,0,0.00202884,0.12528449,0.002459504
Fibro,HMDB0003550,Calcidiol,Myeloid,VDR,0.019410415,0.025733634,0.125833333,Nuclear Receptor,-107.9489909,0,-3.411941279,0.000335437,-1.726860708,0.042096341,1,0.001,0,0.001231475,0.12528449,0.002459504
pDC,HMDB0000277,Sphingosine 1-phosphate,Myeloid,S1PR1,0.019132865,0.174216028,0.019833333,Receptor,-101.1035016,0,-3.195576056,0.000719635,-1.726860708,0.042096341,1,0.001,0,0.00255414,0.12528449,0.002459504
NK,HMDB0000827,Stearic acid,Oligo,SLC27A5,0.052890773,0.078333333,0.103816794,Transporter,-117.4994822,0,-3.713803438,0.000107734,-1.726860708,0.042096341,1,0.001,0,0.000419924,0.12528449,0.002459504
pDC,HMDB0000207,Oleic acid,Fibro,SLC27A5,0.040178807,0.259001161,0.068171558,Transporter,-120.9027395,0,-3.821370114,7.05E-05,-1.726860708,0.042096341,1,0.001,0,0.000279057,0.12528449,0.002459504
NK,HMDB0015531,Iron,pDC,TFRC,1.275675565,0.992166667,0.217189315,Receptor,-94.54014757,0,-2.988128276,0.001437773,-1.726860708,0.042096341,1,0.001,0,0.004925901,0.12528449,0.002459504
Fibro,HMDB0000034,Adenine,Endo,SLC35F5,0.544435577,0.670880361,0.090650214,Transporter,-111.7552704,0,-3.532246269,0.000215439,-1.726860708,0.042096341,1,0.001,0,0.000809333,0.12528449,0.002459504
Mast,HMDB0000286,Uridine diphosphate glucose,B,P2RY14,0.340787439,0.33830703,0.022166667,Receptor,-122.267534,0,-3.864507144,5.92E-05,-1.726860708,0.042096341,1,0.001,0,0.000236391,0.12528449,0.002459504
pDC,HMDB0000292,Xanthine,Epi,ADORA1,0.025650517,0.18815331,0.043666667,Receptor,-138.3342398,0,-4.372327143,6.79E-06,-1.726860708,0.042096341,1,0.001,0,2.98E-05,0.12528449,0.002459504
Endo,HMDB0000034,Adenine,Endo,SLC35F5,0.541308134,0.562885619,0.090650214,Transporter,-106.8931281,0,-3.378568648,0.000378393,-1.726860708,0.042096341,1,0.001,0,0.001381819,0.12528449,0.002459504
NK,HMDB0003073,gamma-Linolenic acid,Oligo,SLC27A5,0.06599043,0.078166667,0.103816794,Transporter,-117.7722426,0,-3.722424569,0.000104169,-1.726860708,0.042096341,1,0.001,0,0.000406603,0.12528449,0.002459504
Fibro,HMDB0003073,gamma-Linolenic acid,Oligo,SLC27A5,0.065904453,0.142889391,0.103816794,Transporter,-116.0391769,0,-3.667647603,0.000128853,-1.726860708,0.042096341,1,0.001,0,0.00049773,0.12528449,0.002459504
B,HMDB0000089,Cytidine,Mast,SLC29A1,0.053395385,0.302,0.035868006,Transporter,-104.2036581,0,-3.293562632,0.000511992,-1.726860708,0.042096341,1,0.001,0,0.001841657,0.12528449,0.002459504
Epi,HMDB0000034,Adenine,pDC,SLC29A3,0.272847816,0.760666667,0.039488966,Transporter,-107.058776,0,-3.383804278,0.000371332,-1.726860708,0.042096341,1,0.001,0,0.001357381,0.12528449,0.002459504
Epi,HMDB0000827,Stearic acid,Oligo,SLC27A5,0.053827515,0.180833333,0.103816794,Transporter,-122.3281898,0,-3.866424289,5.88E-05,-1.726860708,0.042096341,1,0.001,0,0.00023471,0.12528449,0.002459504
NK,HMDB0000641,L-Glutamine,Oligo,SLC38A3,0.05392199,0.1745,0.032061069,Transporter,-177.1017557,0,-5.597651131,1.40E-08,-1.726860708,0.042096341,1,0.001,0,7.75E-08,0.12528449,0.002459504
pDC,HMDB0000305,Vitamin A,Myeloid,RARG,0.004166453,0.039488966,0.019333333,Nuclear Receptor,-89.82989814,0,-2.83925153,0.002306823,-1.723400065,0.042408102,2,0.002,0,0.007723633,0.12528449,0.004865143
Myeloid,HMDB0002369,9-cis-Retinoic acid,pDC,RXRB,0.264334582,0.360333333,0.068524971,Nuclear Receptor,-103.2683297,0,-3.263999728,0.000567893,-1.723400065,0.042408102,2,0.002,0,0.002034777,0.12528449,0.004865143
Myeloid,HMDB0001852,all-trans-Retinoic acid,pDC,RXRB,0.263925139,0.360333333,0.068524971,Nuclear Receptor,-105.4491816,0,-3.332929863,0.000445451,-1.723400065,0.042408102,2,0.002,0,0.001612194,0.12528449,0.004865143
Epi,HMDB0001311,D-Lactic acid,Myeloid,SLC16A1,0.147318859,0.424,0.05,Transporter,-108.5255388,0,-3.430164215,0.000313943,-1.723400065,0.042408102,2,0.002,0,0.001155641,0.12528449,0.004865143
B,HMDB0000294,Urea,NK,SLC14A1,0.00418884,0.024666667,0.016166667,Transporter,-108.6119868,0,-3.432896576,0.000310833,-1.723400065,0.042408102,2,0.002,0,0.001145212,0.12528449,0.004865143
Myeloid,HMDB0000097,Choline,Fibro,SLC44A4,0.052729725,0.719666667,0.024153499,Transporter,-113.6366212,0,-3.591710079,0.000172258,-1.723400065,0.042408102,2,0.002,0,0.000654844,0.12528449,0.004865143
Myeloid,HMDB0006219,13-cis-Retinoic acid,pDC,RXRB,0.264334582,0.360333333,0.068524971,Nuclear Receptor,-103.2683297,0,-3.263999728,0.000567893,-1.723400065,0.042408102,2,0.002,0,0.002034777,0.12528449,0.004865143
pDC,HMDB0000305,Vitamin A,Endo,RBP4,0.004258526,0.039488966,0.012814428,Transporter,-88.03424548,0,-2.782496377,0.002747945,-1.723400065,0.042408102,2,0.002,0,0.009092971,0.12528449,0.004865143
Fibro,HMDB0000292,Xanthine,Epi,ADORA1,0.02243888,0.19503386,0.043666667,Receptor,-104.3838427,0,-3.299257722,0.000501827,-1.723400065,0.042408102,2,0.002,0,0.00180627,0.12528449,0.004865143
pDC,HMDB0000112,gamma-Aminobutyric acid,Fibro,GABRB2,0.02627222,0.534262485,0.013544018,Receptor,-117.9555646,0,-3.728218824,0.000101836,-1.723400065,0.042408102,2,0.002,0,0.000398152,0.12528449,0.004865143
NK,HMDB0000169,D-Mannose,B,SLC2A3,0.354598659,0.246166667,0.3645,Transporter,-90.28311502,0,-2.853576345,0.002206149,-1.723400065,0.042408102,2,0.002,0,0.007402284,0.12528449,0.004865143
T,HMDB0000220,Palmitic acid,T,SLC27A5,0.029712945,0.3925,0.033666667,Transporter,-97.67462857,0,-3.087199745,0.00103812,-1.723400065,0.042408102,2,0.002,0,0.003608293,0.12528449,0.004865143
pDC,HMDB0001388,alpha-Linolenic acid,Endo,SLC27A5,0.0462022,0.734030197,0.041290935,Transporter,-105.14591,0,-3.323344365,0.00046087,-1.723400065,0.042408102,2,0.002,0,0.001665917,0.12528449,0.004865143
Epi,HMDB0000112,gamma-Aminobutyric acid,B,GABBR1,0.090006375,0.745333333,0.013166667,Receptor,-95.39393758,0,-3.015113997,0.001316874,-1.723400065,0.042408102,2,0.002,0,0.004527726,0.12528449,0.004865143
Mast,HMDB0000112,gamma-Aminobutyric acid,Fibro,SLC6A6,0.396009374,0.827833572,0.070428894,Transporter,-85.80704384,0,-2.712101266,0.003400322,-1.723400065,0.042408102,2,0.002,0,0.011106241,0.12528449,0.004865143
pDC,HMDB0000277,Sphingosine 1-phosphate,Fibro,S1PR5,0.015669337,0.174216028,0.011286682,Receptor,-91.84036732,0,-2.902796383,0.001889889,-1.723400065,0.042408102,2,0.002,0,0.006389065,0.12528449,0.004865143
Endo,HMDB0006247,25-Hydroxycholesterol,Fibro,NR1H3,0.04106715,0.019458946,0.123250564,Nuclear Receptor,-98.21107904,0,-3.104155323,0.000980968,-1.723400065,0.042408102,2,0.002,0,0.00341646,0.12528449,0.004865143
Myeloid,HMDB0000067,Cholesterol,Oligo,RORA,0.519439434,0.565,0.067175573,Nuclear Receptor,-112.4557031,0,-3.554384828,0.000198298,-1.723400065,0.042408102,2,0.002,0,0.000747316,0.12528449,0.004865143
pDC,HMDB0000673,Linoleic acid,Endo,SLC27A5,0.042558946,0.730545877,0.041290935,Transporter,-96.78719009,0,-3.059150497,0.001139419,-1.723400065,0.042408102,2,0.002,0,0.003945059,0.12528449,0.004865143
pDC,HMDB0000286,Uridine diphosphate glucose,pDC,P2RY14,0.416851794,0.239256678,0.261324042,Receptor,-93.74499564,0,-2.962995927,0.001559409,-1.723400065,0.042408102,2,0.002,0,0.005317445,0.12528449,0.004865143
Myeloid,HMDB0000517,L-Arginine,B,SLC7A1,0.031130058,0.255666667,0.016333333,Transporter,-91.26299265,0,-2.884547315,0.002001989,-1.723400065,0.042408102,2,0.002,0,0.006748048,0.12528449,0.004865143
Myeloid,HMDB0000517,L-Arginine,NK,SLC7A1,0.031884533,0.255666667,0.015,Transporter,-102.4749578,0,-3.238923641,0.000619685,-1.723400065,0.042408102,2,0.002,0,0.002212446,0.12528449,0.004865143
T,HMDB0000030,Biotin,pDC,SLC5A6,0.028361351,0.036333333,0.041811847,Transporter,-125.9017376,0,-3.979373333,3.70E-05,-1.723400065,0.042408102,2,0.002,0,0.000150883,0.12528449,0.004865143
pDC,HMDB0001256,Spermine,Endo,SLC22A4,0.050835364,0.355400697,0.013289037,Transporter,-95.13834618,0,-3.007035526,0.001352053,-1.719939422,0.042721727,3,0.003,0,0.004643868,0.12528449,0.007237082
Endo,HMDB0000169,D-Mannose,B,SLC2A1,0.064441521,0.416706217,0.046,Transporter,-98.15416547,0,-3.102356457,0.000986891,-1.719939422,0.042721727,3,0.003,0,0.003436004,0.12528449,0.007237082
T,HMDB0000034,Adenine,pDC,SLC29A3,0.262187817,0.667666667,0.039488966,Transporter,-97.3145404,0,-3.075818446,0.001078182,-1.719939422,0.042721727,3,0.003,0,0.003741254,0.12528449,0.007237082
pDC,HMDB0000067,Cholesterol,T,RORA,0.499681107,0.137049942,0.3265,Nuclear Receptor,-86.89140554,0,-2.746374662,0.003067043,-1.719939422,0.042721727,3,0.003,0,0.010088354,0.12528449,0.007237082
Oligo,HMDB0000067,Cholesterol,Mast,LDLR,0.238755493,0.396946565,0.055380201,Receptor,-109.8266419,0,-3.471288151,0.000270064,-1.719939422,0.042721727,3,0.003,0,0.001002932,0.12528449,0.007237082
Endo,HMDB0000641,L-Glutamine,Fibro,SLC1A5,0.808697705,0.38822971,0.198871332,Transporter,-84.65952694,0,-2.675831726,0.003788185,-1.719939422,0.042721727,3,0.003,0,0.012303889,0.12528449,0.007237082
Fibro,HMDB0000660,D-Fructose,Mast,SLC2A8,0.076838923,0.68013544,0.021233859,Transporter,-90.47963214,0,-2.859787658,0.002163749,-1.719939422,0.042721727,3,0.003,0,0.007268477,0.12528449,0.007237082
NK,HMDB0000169,D-Mannose,Fibro,SLC2A3,0.354830236,0.246166667,0.428216704,Transporter,-89.897025,0,-2.841373207,0.002291654,-1.719939422,0.042721727,3,0.003,0,0.007675173,0.12528449,0.007237082
pDC,HMDB0000195,Inosine,Oligo,SLC29A1,0.008881173,0.613240418,0.010687023,Transporter,-77.27911518,0,-2.442559221,0.007377971,-1.719939422,0.042721727,3,0.003,0,0.022838383,0.12528449,0.007237082
Myeloid,HMDB0000207,Oleic acid,NK,SLC27A5,0.034803836,0.379333333,0.021,Transporter,-96.45997637,0,-3.04880826,0.001179003,-1.719939422,0.042721727,3,0.003,0,0.004076996,0.12528449,0.007237082
pDC,HMDB0000112,gamma-Aminobutyric acid,Oligo,SLC6A6,0.492318128,0.534262485,0.198473282,Transporter,-92.56159232,0,-2.925592125,0.001757896,-1.719939422,0.042721727,3,0.003,0,0.005961106,0.12528449,0.007237082
Endo,HMDB0000112,gamma-Aminobutyric acid,NK,SLC6A6,0.393504036,0.741338396,0.048,Transporter,-90.29106784,0,-2.85382771,0.002204419,-1.719939422,0.042721727,3,0.003,0,0.007397228,0.12528449,0.007237082
Epi,HMDB0000234,Testosterone,Myeloid,AR,0.017816471,0.433666667,0.014666667,Nuclear Receptor,-94.9688996,0,-3.001679831,0.001375847,-1.719939422,0.042721727,3,0.003,0,0.004720693,0.12528449,0.007237082
Myeloid,HMDB0000517,L-Arginine,T,SLC7A1,0.03137411,0.255666667,0.018666667,Transporter,-97.35454866,0,-3.077082986,0.001073662,-1.719939422,0.042721727,3,0.003,0,0.003727132,0.12528449,0.007237082
pDC,HMDB0000089,Cytidine,Endo,SLC29A1,0.064067154,0.320557491,0.09492169,Transporter,-94.8549835,0,-2.998079288,0.001392058,-1.719939422,0.042721727,3,0.003,0,0.004774335,0.12528449,0.007237082
pDC,HMDB0003073,gamma-Linolenic acid,Epi,SLC27A5,0.050090059,0.166085947,0.0845,Transporter,-95.29385653,0,-3.011950738,0.001330548,-1.719939422,0.042721727,3,0.003,0,0.004572378,0.12528449,0.007237082
T,HMDB0000030,Biotin,NK,SLC5A6,0.020713344,0.036333333,0.018833333,Transporter,-87.92594643,0,-2.779073372,0.002776842,-1.719939422,0.042721727,3,0.003,0,0.009183083,0.12528449,0.007237082
Mast,HMDB0001852,all-trans-Retinoic acid,NK,RARA,0.332865505,0.307890961,0.042,Nuclear Receptor,-92.80509776,0,-2.933288596,0.001715265,-1.719939422,0.042721727,3,0.003,0,0.005823105,0.12528449,0.007237082
T,HMDB0015531,Iron,pDC,TFRC,1.26560917,0.993,0.217189315,Receptor,-90.84294402,0,-2.871270848,0.002087306,-1.719939422,0.042721727,3,0.003,0,0.007022038,0.12528449,0.007237082
pDC,HMDB0002925,Dihomo-gamma-linolenic acid,Epi,SLC27A5,0.050090059,0.166085947,0.0845,Transporter,-95.29385653,0,-3.011950738,0.001330548,-1.719939422,0.042721727,3,0.003,0,0.004572378,0.12528449,0.007237082
pDC,HMDB0000067,Cholesterol,Myeloid,SCARB1,0.075059741,0.137049942,0.109666667,Receptor,-88.64901449,0,-2.801927368,0.002588999,-1.719939422,0.042721727,3,0.003,0,0.00861092,0.12528449,0.007237082
Oligo,HMDB0000168,L-Asparagine,Fibro,SLC43A1,0.004871249,0.135877863,0.085553047,Transporter,-96.41126341,0,-3.047268591,0.001185003,-1.719939422,0.042721727,3,0.003,0,0.004096031,0.12528449,0.007237082
Fibro,HMDB0000077,Dehydroepiandrosterone,Myeloid,AR,0.001996269,0.04221219,0.014666667,Nuclear Receptor,-87.26293437,0,-2.758117565,0.002959817,-1.71647878,0.043037224,4,0.004,0,0.009758935,0.12528449,0.00958795
pDC,HMDB0000827,Stearic acid,Epi,SLC27A5,0.040072048,0.166085947,0.0845,Transporter,-94.25376032,0,-2.979076441,0.001480546,-1.71647878,0.043037224,4,0.004,0,0.00506261,0.12528449,0.00958795
Oligo,HMDB0000660,D-Fructose,pDC,SLC2A5,0.040159303,0.738931298,0.010452962,Transporter,-95.83015356,0,-3.028901466,0.001258765,-1.71647878,0.043037224,4,0.004,0,0.004336505,0.12528449,0.00958795
Myeloid,HMDB0000030,Biotin,Epi,SLC5A6,0.021295937,0.067333333,0.0795,Transporter,-94.09051031,0,-2.973916601,0.001505445,-1.71647878,0.043037224,4,0.004,0,0.005144561,0.12528449,0.00958795
Endo,HMDB0000673,Linoleic acid,Mast,SLC27A5,0.037954504,0.589463692,0.028981349,Transporter,-86.90162104,0,-2.746697543,0.003064048,-1.71647878,0.043037224,4,0.004,0,0.010079506,0.12528449,0.00958795
Mast,HMDB0000641,L-Glutamine,Myeloid,SLC43A1,0.175196049,0.810329986,0.0125,Transporter,-84.35276265,0,-2.666135834,0.003898389,-1.71647878,0.043037224,4,0.004,0,0.012643395,0.12528449,0.00958795
Fibro,HMDB0000112,gamma-Aminobutyric acid,Myeloid,GABBR1,0.08985985,0.774717833,0.018666667,Receptor,-94.11465989,0,-2.974679896,0.001501737,-1.71647878,0.043037224,4,0.004,0,0.005132422,0.12528449,0.00958795
Epi,HMDB0001085,Leukotriene B4,Myeloid,PPARA,0.263654535,0.4405,0.046,Nuclear Receptor,-79.0597559,0,-2.498839891,0.006309858,-1.71647878,0.043037224,4,0.004,0,0.019779932,0.12528449,0.00958795
Mast,HMDB0000234,Testosterone,pDC,AR,0.025006155,0.067431851,0.068524971,Nuclear Receptor,-104.0103991,0,-3.287454298,0.000523106,-1.71647878,0.043037224,4,0.004,0,0.001879185,0.12528449,0.00958795
Myeloid,HMDB0000207,Oleic acid,pDC,SLC27A5,0.042594429,0.379333333,0.040650407,Transporter,-86.3782635,0,-2.730155793,0.0032209,-1.71647878,0.043037224,4,0.004,0,0.010554577,0.12528449,0.00958795
Epi,HMDB0000574,L-Cysteine,Endo,SLC43A2,0.098905933,0.488833333,0.084005695,Transporter,-82.99988256,0,-2.623375384,0.004419501,-1.71647878,0.043037224,4,0.004,0,0.014230105,0.12528449,0.00958795
Endo,HMDB0000641,L-Glutamine,T,SLC38A1,1.115127851,0.38822971,0.2595,Transporter,-83.65844418,0,-2.644190526,0.004158513,-1.71647878,0.043037224,4,0.004,0,0.01343682,0.12528449,0.00958795
Mast,HMDB0003550,Calcidiol,pDC,CUBN,0.005510872,0.017790531,0.018583043,Transporter,-109.2534594,0,-3.453171584,0.000288638,-1.713018137,0.043354601,5,0.005,0,0.001067715,0.12528449,0.011906475
NK,HMDB0000294,Urea,Epi,SLC5A5,0.000794218,0.0105,0.0165,Transporter,-90.74594612,0,-2.868205037,0.002107471,-1.713018137,0.043354601,5,0.005,0,0.007084837,0.12528449,0.011906475
NK,HMDB0000053,Androstenedione,Endo,AR,0.027351194,0.165,0.032273374,Nuclear Receptor,-91.5689352,0,-2.894217235,0.001941857,-1.713018137,0.043354601,5,0.005,0,0.006557384,0.12528449,0.011906475
Endo,HMDB0003550,Calcidiol,pDC,CUBN,0.005791131,0.022781206,0.018583043,Transporter,-114.8093203,0,-3.628775554,0.000149596,-1.713018137,0.043354601,5,0.005,0,0.000573235,0.12528449,0.011906475
Oligo,HMDB0000168,L-Asparagine,pDC,SLC1A5,0.017342198,0.135877863,0.2485482,Transporter,-88.56473605,0,-2.799263581,0.002610285,-1.713018137,0.043354601,5,0.005,0,0.008676486,0.12528449,0.011906475
Myeloid,HMDB0000673,Linoleic acid,Mast,SLC27A5,0.036937583,0.593166667,0.028981349,Transporter,-85.82876364,0,-2.712787764,0.003393338,-1.713018137,0.043354601,5,0.005,0,0.011086713,0.12528449,0.011906475
Endo,HMDB0000030,Biotin,Endo,SLC5A6,0.02700259,0.075462743,0.024205031,Transporter,-94.41880442,0,-2.984292985,0.001455756,-1.713018137,0.043354601,5,0.005,0,0.004982362,0.12528449,0.011906475
T,HMDB0000030,Biotin,Fibro,SLC5A6,0.0210511,0.036333333,0.046501129,Transporter,-86.26020178,0,-2.726424219,0.003257268,-1.713018137,0.043354601,5,0.005,0,0.010666361,0.12528449,0.011906475
Endo,HMDB0000220,Palmitic acid,Epi,SLC27A5,0.030170591,0.424299953,0.0845,Transporter,-78.08772032,0,-2.468116785,0.006874591,-1.709557494,0.043673866,6,0.006,0,0.02137697,0.12528449,0.014213125
pDC,HMDB0000305,Vitamin A,Oligo,RARA,0.009349824,0.039488966,0.030534351,Nuclear Receptor,-81.76207861,0,-2.584252143,0.004949987,-1.709557494,0.043673866,6,0.006,0,0.015789205,0.12528449,0.014213125
Endo,HMDB0003073,gamma-Linolenic acid,Oligo,SLC27A5,0.058806531,0.102515425,0.103816794,Transporter,-85.83309616,0,-2.712924702,0.003391947,-1.709557494,0.043673866,6,0.006,0,0.011083261,0.12528449,0.014213125
Oligo,HMDB0000168,L-Asparagine,Epi,SLC1A5,0.011431869,0.135877863,0.233,Transporter,-84.69587734,0,-2.676980652,0.003775314,-1.709557494,0.043673866,6,0.006,0,0.012265693,0.12528449,0.014213125
Oligo,HMDB0000168,L-Asparagine,Mast,SLC1A5,0.009540282,0.135877863,0.101865136,Transporter,-82.06783095,0,-2.593916051,0.004813919,-1.709557494,0.043673866,6,0.006,0,0.015422059,0.12528449,0.014213125
Oligo,HMDB0000195,Inosine,Oligo,SLC29A1,0.006817164,0.389312977,0.010687023,Transporter,-69.83167358,0,-2.207168105,0.013764528,-1.709557494,0.043673866,6,0.006,0,0.040934939,0.12528449,0.014213125
Oligo,HMDB0000168,L-Asparagine,Fibro,SLC1A5,0.012044156,0.135877863,0.198871332,Transporter,-85.06708637,0,-2.688713448,0.0036461,-1.709557494,0.043673866,6,0.006,0,0.011871523,0.12528449,0.014213125
Mast,HMDB0000292,Xanthine,Fibro,ADORA1,0.022314853,0.220086083,0.01738149,Receptor,-85.00459392,0,-2.68673825,0.003667571,-1.709557494,0.043673866,6,0.006,0,0.011933214,0.12528449,0.014213125
Epi,HMDB0003550,Calcidiol,pDC,CUBN,0.005314759,0.0615,0.018583043,Transporter,-100.4450386,0,-3.174764031,0.000772733,-1.709557494,0.043673866,6,0.006,0,0.002731466,0.12528449,0.014213125
Endo,HMDB0000827,Stearic acid,Oligo,SLC27A5,0.047045225,0.102515425,0.103816794,Transporter,-85.12424734,0,-2.690520133,0.00362656,-1.709557494,0.043673866,6,0.006,0,0.011809063,0.12528449,0.014213125
NK,HMDB0000660,D-Fructose,pDC,SLC2A8,0.088414452,0.278333333,0.113821138,Transporter,-89.03820747,0,-2.814228581,0.002492725,-1.709557494,0.043673866,6,0.006,0,0.008315782,0.12528449,0.014213125
Fibro,HMDB0000030,Biotin,B,SLC5A6,0.021434738,0.060722348,0.025,Transporter,-83.59297438,0,-2.642121224,0.004183826,-1.709557494,0.043673866,6,0.006,0,0.013510697,0.12528449,0.014213125
Endo,HMDB0002925,Dihomo-gamma-linolenic acid,Oligo,SLC27A5,0.058806531,0.102515425,0.103816794,Transporter,-85.83309616,0,-2.712924702,0.003391947,-1.709557494,0.043673866,6,0.006,0,0.011083261,0.12528449,0.014213125
Myeloid,HMDB0001220,Prostaglandin E2,Mast,PTGER2,0.575420825,0.756833333,0.082352941,Receptor,-84.77901351,0,-2.679608335,0.003746023,-1.709557494,0.043673866,6,0.006,0,0.012176505,0.12528449,0.014213125
B,HMDB0000220,Palmitic acid,Epi,SLC27A5,0.02875571,0.310833333,0.0845,Transporter,-87.21926964,0,-2.756737455,0.002972241,-1.709557494,0.043673866,6,0.006,0,0.00979307,0.12528449,0.014213125
Fibro,HMDB0000641,L-Glutamine,Epi,SLC7A6,0.33122637,0.548758465,0.080333333,Transporter,-82.83282109,0,-2.618095076,0.004487996,-1.706096852,0.043995024,7,0.007,0,0.014436604,0.12528449,0.016498149
Oligo,HMDB0000168,L-Asparagine,Myeloid,SLC1A5,0.00787568,0.135877863,0.162833333,Transporter,-79.81214907,0,-2.522620765,0.005901377,-1.706096852,0.043995024,7,0.007,0,0.018605159,0.12528449,0.016498149
Endo,HMDB0000292,Xanthine,Myeloid,ADORA1,0.02106815,0.276222117,0.019166667,Receptor,-81.27099397,0,-2.568730442,0.005175726,-1.706096852,0.043995024,7,0.007,0,0.016464826,0.12528449,0.016498149
Myeloid,HMDB0000207,Oleic acid,B,SLC27A5,0.03349151,0.379333333,0.023166667,Transporter,-78.08788033,0,-2.468121843,0.006874495,-1.706096852,0.043995024,7,0.007,0,0.02137697,0.12528449,0.016498149
Mast,HMDB0000660,D-Fructose,Endo,SLC2A8,0.078052188,0.367862267,0.079734219,Transporter,-79.68461523,0,-2.518589806,0.005968918,-1.706096852,0.043995024,7,0.007,0,0.018784102,0.12528449,0.016498149
Oligo,HMDB0000168,L-Asparagine,Endo,SLC43A1,0.001811872,0.135877863,0.027052682,Transporter,-75.60192938,0,-2.389548448,0.008526854,-1.706096852,0.043995024,7,0.007,0,0.026193863,0.12528449,0.016498149
Epi,HMDB0000641,L-Glutamine,Mast,SLC1A5,0.804696114,0.5595,0.101865136,Transporter,-85.03573878,0,-2.687722645,0.003656856,-1.706096852,0.043995024,7,0.007,0,0.011905373,0.12528449,0.016498149
Myeloid,HMDB0000806,Myristic acid,Epi,SLC27A2,0.013815196,0.042333333,0.069166667,Transporter,-84.11594164,0,-2.658650638,0.003985425,-1.706096852,0.043995024,7,0.007,0,0.012909049,0.12528449,0.016498149
Oligo,HMDB0000097,Choline,Mast,SLC44A1,0.27121619,0.41221374,0.270014347,Transporter,-85.81250324,0,-2.712273821,0.003398565,-1.706096852,0.043995024,7,0.007,0,0.011101599,0.12528449,0.016498149
NK,HMDB0000517,L-Arginine,Oligo,SLC7A1,0.040325787,0.053666667,0.097709924,Transporter,-89.20236618,0,-2.819417142,0.002453098,-1.706096852,0.043995024,7,0.007,0,0.008191017,0.12528449,0.016498149
Oligo,HMDB0000145,Estrone,Epi,ESR1,0.041698639,0.490076336,0.028666667,Receptor,-82.28885068,0,-2.600901816,0.004717648,-1.706096852,0.043995024,7,0.007,0,0.015131217,0.12528449,0.016498149
Myeloid,HMDB0000673,Linoleic acid,Endo,SLC27A5,0.038055511,0.593166667,0.041290935,Transporter,-79.45685443,0,-2.511390975,0.006091248,-1.706096852,0.043995024,7,0.007,0,0.019145409,0.12528449,0.016498149
Fibro,HMDB0000030,Biotin,pDC,SLC5A6,0.02554369,0.060722348,0.041811847,Transporter,-93.22205187,0,-2.946467255,0.001644451,-1.702636209,0.044318085,8,0.008,0,0.005595325,0.12528449,0.018762843
Oligo,HMDB0000168,L-Asparagine,NK,SLC43A1,0.00137816,0.135877863,0.013666667,Transporter,-76.88110188,0,-2.429979224,0.007637488,-1.702636209,0.044318085,8,0.008,0,0.023597577,0.12528449,0.018762843
Oligo,HMDB0000641,L-Glutamine,Fibro,SLC38A1,1.184467945,0.850381679,0.084650113,Transporter,-80.83208259,0,-2.55485778,0.005385198,-1.702636209,0.044318085,8,0.008,0,0.017077032,0.12528449,0.018762843
Myeloid,HMDB0001903,Calcitriol,pDC,VDR,0.00439108,0.012833333,0.020905923,Nuclear Receptor,-78.7996026,0,-2.490617232,0.006456822,-1.702636209,0.044318085,8,0.008,0,0.020202364,0.12528449,0.018762843
pDC,HMDB0000034,Adenine,Oligo,SLC29A3,0.257489554,0.838559814,0.036641221,Transporter,-84.66568334,0,-2.676026311,0.003786003,-1.702636209,0.044318085,8,0.008,0,0.012298006,0.12528449,0.018762843
Endo,HMDB0006247,25-Hydroxycholesterol,Fibro,ABCA1,0.079462982,0.019458946,0.210383747,Transporter,-82.78491683,0,-2.616580967,0.004507811,-1.702636209,0.044318085,8,0.008,0,0.014493301,0.12528449,0.018762843
Myeloid,HMDB0000067,Cholesterol,Fibro,CD36,0.154578515,0.565,0.021896163,Transporter,-80.16873063,0,-2.53389123,0.005716122,-1.702636209,0.044318085,8,0.008,0,0.018076204,0.12528449,0.018762843
pDC,HMDB0003550,Calcidiol,Epi,VDR,0.023015907,0.018583043,0.163666667,Nuclear Receptor,-81.6492633,0,-2.580686392,0.005001054,-1.702636209,0.044318085,8,0.008,0,0.015933668,0.12528449,0.018762843
Endo,HMDB0000145,Estrone,Myeloid,ESR1,0.041270765,0.573327005,0.020666667,Receptor,-79.12778746,0,-2.500990163,0.006271919,-1.702636209,0.044318085,8,0.008,0,0.01966856,0.12528449,0.018762843
Mast,HMDB0000030,Biotin,pDC,SLC5A6,0.025268625,0.028694405,0.041811847,Transporter,-86.38506871,0,-2.730370885,0.003218815,-1.699175566,0.044643054,9,0.009,0,0.010551373,0.12528449,0.021032194
Fibro,HMDB0001388,alpha-Linolenic acid,Mast,SLC27A5,0.040415664,0.60993228,0.028981349,Transporter,-79.96776998,0,-2.527539471,0.005819881,-1.699175566,0.044643054,9,0.009,0,0.018368247,0.12528449,0.021032194
Oligo,HMDB0000168,L-Asparagine,Mast,SLC43A1,0.000902365,0.135877863,0.010329986,Transporter,-74.14611146,0,-2.343534444,0.009648644,-1.699175566,0.044643054,9,0.009,0,0.029435034,0.12528449,0.021032194
T,HMDB0001341,ADP,pDC,P2RY1,0.005765364,0.635833333,0.013937282,Receptor,-99.56489213,0,-3.146945262,0.000849356,-1.699175566,0.044643054,9,0.009,0,0.002986052,0.12528449,0.021032194
Myeloid,HMDB0000207,Oleic acid,Myeloid,SLC27A5,0.034079899,0.379333333,0.047833333,Transporter,-87.24446567,0,-2.757533825,0.002965066,-1.699175566,0.044643054,9,0.009,0,0.009770403,0.12528449,0.021032194
Oligo,HMDB0000168,L-Asparagine,T,SLC1A5,0.0034347,0.135877863,0.038166667,Transporter,-75.18768812,0,-2.376455534,0.008833756,-1.699175566,0.044643054,9,0.009,0,0.027096406,0.12528449,0.021032194
Oligo,HMDB0000168,L-Asparagine,NK,SLC1A5,0.005212311,0.135877863,0.049333333,Transporter,-76.69227204,0,-2.424010883,0.007763402,-1.699175566,0.044643054,9,0.009,0,0.023968715,0.12528449,0.021032194
Oligo,HMDB0000168,L-Asparagine,Endo,SLC1A5,0.005379144,0.135877863,0.077835785,Transporter,-76.37919137,0,-2.41411535,0.007976202,-1.699175566,0.044643054,9,0.009,0,0.024591307,0.12528449,0.021032194
Oligo,HMDB0000168,L-Asparagine,Epi,SLC43A1,0.001089448,0.135877863,0.026333333,Transporter,-75.22177304,0,-2.377532855,0.008808142,-1.699175566,0.044643054,9,0.009,0,0.027022847,0.12528449,0.021032194
Oligo,HMDB0000168,L-Asparagine,T,SLC43A1,0.001388409,0.135877863,0.0155,Transporter,-78.56024806,0,-2.483051958,0.006594707,-1.699175566,0.044643054,9,0.009,0,0.020587079,0.12528449,0.021032194
B,HMDB0015531,Iron,pDC,TFRC,1.230939409,0.995666667,0.217189315,Receptor,-79.49328085,0,-2.512542304,0.006071535,-1.699175566,0.044643054,9,0.009,0,0.019085262,0.12528449,0.021032194
NK,HMDB0000112,gamma-Aminobutyric acid,Oligo,SLC6A12,0.049223939,0.281,0.033587786,Transporter,-88.23529392,0,-2.788850911,0.00269502,-1.695714924,0.04496994,10,0.01,0,0.008931234,0.12528449,0.023263987
Oligo,HMDB0000168,L-Asparagine,B,SLC1A5,0.001871862,0.135877863,0.022166667,Transporter,-72.86202884,0,-2.302948474,0.010743232,-1.695714924,0.04496994,10,0.01,0,0.032537375,0.12528449,0.023263987
Mast,HMDB0000067,Cholesterol,Oligo,SCARB1,0.087047737,0.101865136,0.064122137,Receptor,-84.68570994,0,-2.676659292,0.00377891,-1.695714924,0.04496994,10,0.01,0,0.012276172,0.12528449,0.023263987
Oligo,HMDB0000168,L-Asparagine,Myeloid,SLC43A1,0.000625581,0.135877863,0.0125,Transporter,-73.04201543,0,-2.308637306,0.010583558,-1.695714924,0.04496994,10,0.01,0,0.032080199,0.12528449,0.023263987
Myeloid,HMDB0000641,L-Glutamine,Myeloid,SLC43A1,0.172985248,0.850333333,0.0125,Transporter,-79.74338748,0,-2.520447419,0.005937708,-1.695714924,0.04496994,10,0.01,0,0.018701886,0.12528449,0.023263987
Oligo,HMDB0000641,L-Glutamine,Fibro,SLC7A7,1.040952294,0.850381679,0.061173815,Transporter,-76.62083809,0,-2.421753072,0.007811509,-1.695714924,0.04496994,10,0.01,0,0.024112745,0.12528449,0.023263987
T,HMDB0001085,Leukotriene B4,pDC,PPARA,0.333355757,0.123166667,0.097560976,Nuclear Receptor,-86.5814922,0,-2.736579238,0.003159152,-1.695714924,0.04496994,10,0.01,0,0.010369688,0.12528449,0.023263987
Endo,HMDB0001085,Leukotriene B4,Epi,PPARA,0.26758692,0.179401993,0.1065,Nuclear Receptor,-80.13027879,0,-2.532675884,0.005735847,-1.695714924,0.04496994,10,0.01,0,0.018135116,0.12528449,0.023263987
Myeloid,HMDB0000034,Adenine,Oligo,SLC29A3,0.255093021,0.805833333,0.036641221,Transporter,-82.79153637,0,-2.616790191,0.004505068,-1.695714924,0.04496994,10,0.01,0,0.01448589,0.12528449,0.023263987
Endo,HMDB0000673,Linoleic acid,Endo,SLC27A5,0.039103209,0.589463692,0.041290935,Transporter,-81.85531974,0,-2.587199213,0.004908133,-1.695714924,0.04496994,10,0.01,0,0.015678364,0.12528449,0.023263987
NK,HMDB0000673,Linoleic acid,Epi,TRPV4,0.006977993,0.3295,0.02,Receptor,-77.6097885,0,-2.453010805,0.007168313,-1.695714924,0.04496994,10,0.01,0,0.022224725,0.12528449,0.023263987
Oligo,HMDB0000168,L-Asparagine,Oligo,SLC1A5,0.001070761,0.135877863,0.019847328,Transporter,-68.75127776,0,-2.173020059,0.015006608,-1.692254281,0.04529875,11,0.011,0,0.044219598,0.125713812,0.025520432
Oligo,HMDB0000067,Cholesterol,T,RORC,0.037566639,0.396946565,0.010166667,Nuclear Receptor,-77.31362673,0,-2.443650027,0.007355839,-1.692254281,0.04529875,11,0.011,0,0.022772004,0.125713812,0.025520432
Oligo,HMDB0000034,Adenine,Myeloid,SLC28A3,0.027838559,0.450381679,0.012666667,Transporter,-73.86243003,0,-2.334568132,0.009881683,-1.692254281,0.04529875,11,0.011,0,0.030093267,0.125713812,0.025520432
Fibro,HMDB0000121,Folic acid,B,FOLR2,0.049215198,0.117832957,0.0375,Transporter,-75.94878061,0,-2.400511367,0.008277128,-1.692254281,0.04529875,11,0.011,0,0.025469271,0.125713812,0.025520432
pDC,HMDB0000123,Glycine,Epi,SLC36A1,0.008288709,0.4970964,0.017333333,Transporter,-72.64151458,0,-2.295978685,0.010941719,-1.692254281,0.04529875,11,0.011,0,0.033105202,0.125713812,0.025520432
Epi,HMDB0000121,Folic acid,Fibro,SLC19A1,0.019307186,0.164666667,0.027539503,Transporter,-78.44604039,0,-2.479442199,0.006661413,-1.692254281,0.04529875,11,0.011,0,0.020778961,0.125713812,0.025520432
NK,HMDB0000067,Cholesterol,Oligo,SCARB1,0.085321015,0.0935,0.064122137,Receptor,-81.20522203,0,-2.56665159,0.005206646,-1.692254281,0.04529875,11,0.011,0,0.016560005,0.125713812,0.025520432
B,HMDB0000067,Cholesterol,Epi,RORB,0.013020284,0.087833333,0.017833333,Nuclear Receptor,-77.21025859,0,-2.440382872,0.007422303,-1.692254281,0.04529875,11,0.011,0,0.022962727,0.125713812,0.025520432
T,HMDB0000234,Testosterone,Fibro,AR,0.017775114,0.043333333,0.13972912,Nuclear Receptor,-79.21689573,0,-2.503806606,0.006222531,-1.692254281,0.04529875,11,0.011,0,0.019520973,0.125713812,0.025520432
Mast,HMDB0000030,Biotin,B,SLC5A6,0.02120392,0.028694405,0.025,Transporter,-70.7648684,0,-2.236663572,0.012764179,-1.688793638,0.045629492,12,0.012,0,0.038276346,0.126271731,0.027774282
Fibro,HMDB0001388,alpha-Linolenic acid,Endo,SLC27A5,0.041638857,0.60993228,0.041290935,Transporter,-74.72382497,0,-2.361794222,0.00918889,-1.688793638,0.045629492,12,0.012,0,0.028144005,0.126271731,0.027774282
B,HMDB0001256,Spermine,Epi,SLC22A4,0.036882218,0.207666667,0.014666667,Transporter,-70.20479742,0,-2.218961422,0.013356705,-1.688793638,0.045629492,12,0.012,0,0.039843812,0.126271731,0.027774282
Mast,HMDB0000169,D-Mannose,pDC,SLC2A1,0.064512804,0.245624103,0.229965157,Transporter,-72.75676126,0,-2.299621284,0.010837589,-1.685332995,0.045962172,13,0.013,0,0.03280514,0.126578574,0.029979795
Myeloid,HMDB0000517,L-Arginine,Fibro,SLC7A1,0.030908601,0.255666667,0.036343115,Transporter,-80.47708079,0,-2.543637246,0.005560112,-1.685332995,0.045962172,13,0.013,0,0.017599664,0.126578574,0.029979795
Mast,HMDB0000673,Linoleic acid,Fibro,SLC27A5,0.035614678,0.471162123,0.068171558,Transporter,-75.10950517,0,-2.373984407,0.008892755,-1.685332995,0.045962172,13,0.013,0,0.027274851,0.126578574,0.029979795
Oligo,HMDB0000641,L-Glutamine,pDC,SLC38A7,0.252079977,0.850381679,0.013937282,Transporter,-79.69482588,0,-2.518912534,0.005963485,-1.685332995,0.045962172,13,0.013,0,0.018770574,0.126578574,0.029979795
B,HMDB0015531,Iron,Myeloid,SLC40A1,1.079006855,0.995666667,0.124333333,Transporter,-71.70633495,0,-2.266420484,0.011819415,-1.681872353,0.046296797,14,0.014,0,0.035607775,0.12718267,0.032232037
B,HMDB0000292,Xanthine,Epi,ADORA1,0.020622343,0.119666667,0.043666667,Receptor,-75.98750422,0,-2.401735303,0.008249651,-1.681872353,0.046296797,14,0.014,0,0.025387082,0.12718267,0.032232037
Epi,HMDB0000034,Adenine,Oligo,SLC29A3,0.243159388,0.760666667,0.036641221,Transporter,-72.5096768,0,-2.291811691,0.011061908,-1.681872353,0.046296797,14,0.014,0,0.033447443,0.12718267,0.032232037
Mast,HMDB0001852,all-trans-Retinoic acid,Mast,RXRA,0.244755111,0.307890961,0.037015782,Nuclear Receptor,-69.92097263,0,-2.209990578,0.013665957,-1.67841171,0.046633377,15,0.015,0,0.040663717,0.127662291,0.034381276
Epi,HMDB0006219,13-cis-Retinoic acid,Fibro,RXRG,0.01620652,0.162166667,0.010383747,Nuclear Receptor,-77.49182123,0,-2.449282216,0.007242496,-1.67841171,0.046633377,15,0.015,0,0.02244001,0.127662291,0.034381276
Oligo,HMDB0000067,Cholesterol,Epi,CD36,0.172597158,0.396946565,0.060666667,Transporter,-73.85954473,0,-2.334476936,0.009884079,-1.67841171,0.046633377,15,0.015,0,0.030094977,0.127662291,0.034381276
Epi,HMDB0002369,9-cis-Retinoic acid,Fibro,RXRG,0.01620652,0.162166667,0.010383747,Nuclear Receptor,-77.49182123,0,-2.449282216,0.007242496,-1.67841171,0.046633377,15,0.015,0,0.02244001,0.127662291,0.034381276
Epi,HMDB0006219,13-cis-Retinoic acid,Endo,RXRB,0.218370275,0.162166667,0.118652112,Nuclear Receptor,-70.73043918,0,-2.235575369,0.012799935,-1.67841171,0.046633377,15,0.015,0,0.038369664,0.127662291,0.034381276
Endo,HMDB0000641,L-Glutamine,Oligo,SLC38A7,0.251420132,0.38822971,0.067175573,Transporter,-69.95709109,0,-2.211132174,0.013626263,-1.67841171,0.046633377,15,0.015,0,0.040560188,0.127662291,0.034381276
Epi,HMDB0002369,9-cis-Retinoic acid,Endo,RXRB,0.218370275,0.162166667,0.118652112,Nuclear Receptor,-70.73043918,0,-2.235575369,0.012799935,-1.67841171,0.046633377,15,0.015,0,0.038369664,0.127662291,0.034381276
pDC,HMDB0000089,Cytidine,pDC,SLC29A1,0.061378556,0.320557491,0.091753775,Transporter,-73.38667099,0,-2.319530827,0.010283571,-1.674951067,0.046971916,16,0.016,0,0.031225226,0.128165067,0.036597333
NK,HMDB0000097,Choline,Epi,SLC44A3,0.021252427,0.1565,0.118666667,Transporter,-71.7315535,0,-2.267217566,0.011794966,-1.674951067,0.046971916,16,0.016,0,0.035537356,0.128165067,0.036597333
Fibro,HMDB0000673,Linoleic acid,Mast,SLC27A5,0.035977944,0.603611738,0.028981349,Transporter,-72.48825877,0,-2.291134732,0.011081542,-1.674951067,0.046971916,16,0.016,0,0.033497629,0.128165067,0.036597333
Fibro,HMDB0000641,L-Glutamine,pDC,SLC38A5,0.372272133,0.548758465,0.06155633,Transporter,-71.5851499,0,-2.262590191,0.011937513,-1.674951067,0.046971916,16,0.016,0,0.035927594,0.128165067,0.036597333
Oligo,HMDB0000286,Uridine diphosphate glucose,Mast,P2RY14,0.338143689,0.149618321,0.139454806,Receptor,-74.38628137,0,-2.351125489,0.009455123,-1.674951067,0.046971916,16,0.016,0,0.028876597,0.128165067,0.036597333
Fibro,HMDB0000097,Choline,Oligo,SLC22A5,0.033048794,0.588713318,0.015267176,Transporter,-76.02472389,0,-2.402911704,0.008223317,-1.674951067,0.046971916,16,0.016,0,0.025310749,0.128165067,0.036597333
Fibro,HMDB0000673,Linoleic acid,Endo,SLC27A5,0.037066828,0.603611738,0.041290935,Transporter,-69.23031946,0,-2.188161119,0.014444446,-1.671490425,0.047312424,17,0.017,0,0.042764863,0.128606491,0.038780152
Myeloid,HMDB0000660,D-Fructose,B,SLC2A5,0.025396179,0.585333333,0.017333333,Transporter,-69.77600099,0,-2.205408463,0.013826291,-1.671490425,0.047312424,17,0.017,0,0.041100154,0.128606491,0.038780152
pDC,HMDB0000089,Cytidine,Epi,SLC29A1,0.056452095,0.320557491,0.132666667,Transporter,-69.94351479,0,-2.210703068,0.013641172,-1.671490425,0.047312424,17,0.017,0,0.040600915,0.128606491,0.038780152
Myeloid,HMDB0000517,L-Arginine,Oligo,SLC7A2,0.020231239,0.255666667,0.01221374,Transporter,-76.06211886,0,-2.404093646,0.008196933,-1.668029782,0.047654907,18,0.018,0,0.025236582,0.129166184,0.040985073
T,HMDB0001256,Spermine,Endo,SLC22A4,0.044071745,0.231833333,0.013289037,Transporter,-69.60333891,0,-2.199951136,0.014019366,-1.668029782,0.047654907,18,0.018,0,0.041632964,0.129166184,0.040985073
NK,HMDB0001256,Spermine,Epi,SLC22A4,0.036549548,0.185,0.014666667,Transporter,-68.58647819,0,-2.167811243,0.015204309,-1.668029782,0.047654907,18,0.018,0,0.044742411,0.129166184,0.040985073
Oligo,HMDB0015531,Iron,Epi,TFRC,1.082701018,1,0.183333333,Receptor,-71.62624788,0,-2.263889174,0.011897347,-1.664569139,0.047999373,19,0.019,0,0.035819738,0.129548211,0.043096005
B,HMDB0000169,D-Mannose,Oligo,SLC2A1,0.064143062,0.225833333,0.13129771,Transporter,-68.58166965,0,-2.167659259,0.015210111,-1.664569139,0.047999373,19,0.019,0,0.044751527,0.129548211,0.043096005
Epi,HMDB0006219,13-cis-Retinoic acid,Endo,RXRA,0.245033966,0.162166667,0.132415757,Nuclear Receptor,-65.1233312,0,-2.058351635,0.019907653,-1.661108496,0.048345829,20,0.02,0,0.05721981,0.12999569,0.045274244
Fibro,HMDB0000234,Testosterone,Endo,AR,0.018795653,0.181038375,0.032273374,Nuclear Receptor,-71.55182038,0,-2.261536746,0.011970173,-1.661108496,0.048345829,20,0.02,0,0.036022612,0.12999569,0.045274244
NK,HMDB0000220,Palmitic acid,Epi,SLC27A5,0.027325612,0.321333333,0.0845,Transporter,-66.17930798,0,-2.091727869,0.018357446,-1.661108496,0.048345829,20,0.02,0,0.053063615,0.12999569,0.045274244
Myeloid,HMDB0000286,Uridine diphosphate glucose,B,P2RY14,0.302904807,0.511166667,0.022166667,Receptor,-66.871309,0,-2.11359993,0.017398422,-1.661108496,0.048345829,20,0.02,0,0.050587471,0.12999569,0.045274244
Epi,HMDB0002369,9-cis-Retinoic acid,Endo,RXRA,0.245033966,0.162166667,0.132415757,Nuclear Receptor,-65.1233312,0,-2.058351635,0.019907653,-1.661108496,0.048345829,20,0.02,0,0.05721981,0.12999569,0.045274244
Endo,HMDB0000207,Oleic acid,Oligo,SLC27A5,0.041810982,0.141907926,0.103816794,Transporter,-73.25071191,0,-2.315233571,0.010401011,-1.661108496,0.048345829,20,0.02,0,0.031564449,0.12999569,0.045274244
Fibro,HMDB0000030,Biotin,Myeloid,SLC5A6,0.019943432,0.060722348,0.047666667,Transporter,-69.78522065,0,-2.205699868,0.013816046,-1.657647854,0.048694282,21,0.021,0,0.041073389,0.130276491,0.047485995
Endo,HMDB0000067,Cholesterol,T,RORC,0.033517306,0.257712387,0.010166667,Nuclear Receptor,-66.17607446,0,-2.091625667,0.018362031,-1.654187211,0.04904474,22,0.022,0,0.053072234,0.130675433,0.049675967
NK,HMDB0000034,Adenine,pDC,SLC29A3,0.231929129,0.570166667,0.039488966,Transporter,-68.51249865,0,-2.165472973,0.015293785,-1.654187211,0.04904474,22,0.022,0,0.04495775,0.130675433,0.049675967
Epi,HMDB0000244,Riboflavin,Oligo,SLC52A2,0.334792409,0.629833333,0.123664122,Transporter,-63.98747118,0,-2.022450534,0.021697941,-1.650726568,0.04939721,23,0.023,0,0.061786118,0.131202668,0.051810263
NK,HMDB0000112,gamma-Aminobutyric acid,Myeloid,SLC6A12,0.026222494,0.281,0.035833333,Transporter,-64.52417354,0,-2.039414073,0.020835719,-1.650726568,0.04939721,23,0.023,0,0.059664529,0.131202668,0.051810263
Endo,HMDB0000112,gamma-Aminobutyric acid,Mast,SLC6A6,0.388696902,0.741338396,0.054806313,Transporter,-66.06102012,0,-2.087989148,0.018525811,-1.650726568,0.04939721,23,0.023,0,0.05351999,0.131202668,0.051810263
Mast,HMDB0002369,9-cis-Retinoic acid,Mast,RXRA,0.244809878,0.307890961,0.037015782,Nuclear Receptor,-65.98422931,0,-2.085562022,0.018635815,-1.650726568,0.04939721,23,0.023,0,0.053779031,0.131202668,0.051810263
Mast,HMDB0006219,13-cis-Retinoic acid,Mast,RXRA,0.244809878,0.307890961,0.037015782,Nuclear Receptor,-65.98422931,0,-2.085562022,0.018635815,-1.650726568,0.04939721,23,0.023,0,0.053779031,0.131202668,0.051810263
pDC,HMDB0000673,Linoleic acid,pDC,SLC27A5,0.041713538,0.730545877,0.040650407,Transporter,-65.07350348,0,-2.056776732,0.019983471,-1.650726568,0.04939721,23,0.023,0,0.057417787,0.131202668,0.051810263
Mast,HMDB0000112,gamma-Aminobutyric acid,Oligo,GABBR1,0.113363791,0.827833572,0.019847328,Receptor,-64.40392866,0,-2.035613496,0.021026326,-1.647265926,0.049751699,24,0.024,0,0.060132314,0.131837422,0.05400775
pDC,HMDB0001311,D-Lactic acid,Endo,SLC16A1,0.155057901,0.300813008,0.049359279,Transporter,-69.32614272,0,-2.191189803,0.014334202,-1.647265926,0.049751699,24,0.024,0,0.042487873,0.131837422,0.05400775
NK,HMDB0000517,L-Arginine,Endo,SLC7A1,0.031711627,0.053666667,0.066919791,Transporter,-65.98794465,0,-2.085679453,0.01863048,-1.647265926,0.049751699,24,0.024,0,0.0537761,0.131837422,0.05400775
Endo,HMDB0006247,25-Hydroxycholesterol,Oligo,ABCA1,0.076064531,0.019458946,0.167938931,Transporter,-68.35221106,0,-2.160406767,0.015489201,-1.643805283,0.050108215,25,0.025,0,0.045480032,0.13253811,0.056177868
NK,HMDB0000121,Folic acid,Epi,SLC19A1,0.018236809,0.027,0.069833333,Transporter,-65.5094436,0,-2.070555481,0.01932839,-1.643805283,0.050108215,25,0.025,0,0.055656347,0.13253811,0.056177868
Myeloid,HMDB0001903,Calcitriol,Mast,VDR,0.003833094,0.012833333,0.015781923,Nuclear Receptor,-63.03317541,0,-1.992288129,0.023305626,-1.643805283,0.050108215,25,0.025,0,0.06583735,0.13253811,0.056177868
Endo,HMDB0000067,Cholesterol,Epi,CD36,0.153992797,0.257712387,0.060666667,Transporter,-63.06670647,0,-1.993347945,0.023247481,-1.643805283,0.050108215,25,0.025,0,0.065689911,0.13253811,0.056177868
Oligo,HMDB0000067,Cholesterol,Oligo,LDLR,0.219834121,0.396946565,0.064122137,Receptor,-67.14708616,0,-2.122316412,0.017028349,-1.643805283,0.050108215,25,0.025,0,0.049602953,0.13253811,0.056177868
Fibro,HMDB0000660,D-Fructose,Fibro,SLC2A5,0.025540505,0.68013544,0.01489842,Transporter,-66.11742721,0,-2.089772005,0.018445361,-1.643805283,0.050108215,25,0.025,0,0.053303774,0.13253811,0.056177868
pDC,HMDB0001311,D-Lactic acid,NK,SLC16A1,0.143287348,0.300813008,0.026,Transporter,-64.94822852,0,-2.052817169,0.020175174,-1.643805283,0.050108215,25,0.025,0,0.057938423,0.13253811,0.056177868
pDC,HMDB0000097,Choline,T,SLC44A4,0.049961678,0.826945412,0.012833333,Transporter,-62.14217824,0,-1.964126402,0.024896187,-1.643805283,0.050108215,25,0.025,0,0.069877367,0.13253811,0.056177868
Fibro,HMDB0000097,Choline,Oligo,SLC44A3,0.028300471,0.588713318,0.018320611,Transporter,-67.06763432,0,-2.11980518,0.01713427,-1.643805283,0.050108215,25,0.025,0,0.049885156,0.13253811,0.056177868
Epi,HMDB0000097,Choline,Fibro,SLC22A5,0.022892824,0.4765,0.028216704,Transporter,-62.16603435,0,-1.964880422,0.024852442,-1.643805283,0.050108215,25,0.025,0,0.069772334,0.13253811,0.056177868
pDC,HMDB0000030,Biotin,Epi,SLC5A6,0.025416732,0.051103368,0.0795,Transporter,-59.64081473,0,-1.885065863,0.029855493,-1.643805283,0.050108215,25,0.025,0,0.082420085,0.13253811,0.056177868
pDC,HMDB0001388,alpha-Linolenic acid,pDC,SLC27A5,0.045284421,0.734030197,0.040650407,Transporter,-64.13143903,0,-2.027000922,0.021463742,-1.64034464,0.050466764,26,0.026,0,0.061203467,0.133305395,0.058369506
T,HMDB0000034,Adenine,Oligo,SLC29A3,0.233659298,0.667666667,0.036641221,Transporter,-64.27736786,0,-2.031613292,0.02122854,-1.64034464,0.050466764,26,0.026,0,0.060612382,0.133305395,0.058369506
NK,HMDB0000034,Adenine,Fibro,SLC29A3,0.186223032,0.570166667,0.040632054,Transporter,-59.59046841,0,-1.883474568,0.029963182,-1.64034464,0.050466764,26,0.026,0,0.082696685,0.133305395,0.058369506
Mast,HMDB0000112,gamma-Aminobutyric acid,T,SLC6A6,0.37599523,0.827833572,0.044666667,Transporter,-60.53426751,0,-1.913305205,0.027997296,-1.636883998,0.050827355,27,0.027,0,0.077718089,0.133979888,0.060556986
Myeloid,HMDB0000660,D-Fructose,Fibro,SLC2A8,0.07074526,0.585333333,0.083521445,Transporter,-64.45163011,0,-2.037121195,0.020950536,-1.636883998,0.050827355,27,0.027,0,0.059962191,0.133979888,0.060556986
Epi,HMDB0001852,all-trans-Retinoic acid,Fibro,RXRG,0.015366092,0.162,0.010383747,Nuclear Receptor,-67.87255276,0,-2.145246218,0.016086854,-1.636883998,0.050827355,27,0.027,0,0.047075845,0.133979888,0.060556986
Fibro,HMDB0000067,Cholesterol,Endo,SCARB1,0.06735263,0.17020316,0.109634551,Receptor,-62.42855135,0,-1.97317779,0.024375311,-1.633423355,0.051189994,28,0.028,0,0.068574302,0.134689094,0.062731826
B,HMDB0000034,Adenine,Endo,SLC35F5,0.493068535,0.546166667,0.090650214,Transporter,-68.02881373,0,-2.150185155,0.015890016,-1.633423355,0.051189994,28,0.028,0,0.046532737,0.134689094,0.062731826
Mast,HMDB0001256,Spermine,Epi,SLC22A4,0.035775285,0.198852224,0.014666667,Transporter,-61.08317886,0,-1.930654633,0.026904257,-1.629962712,0.051554689,29,0.029,0,0.074985761,0.13545485,0.064893186
Myeloid,HMDB0000089,Cytidine,Endo,SLC29A1,0.049436988,0.395166667,0.09492169,Transporter,-60.18021537,0,-1.902114687,0.028721778,-1.629962712,0.051554689,29,0.029,0,0.079509145,0.13545485,0.064893186
Oligo,HMDB0003550,Calcidiol,pDC,CUBN,0.004771162,0.025954198,0.018583043,Transporter,-72.5170533,0,-2.29204484,0.011055153,-1.629962712,0.051554689,29,0.029,0,0.033430072,0.13545485,0.064893186
B,HMDB0000067,Cholesterol,Oligo,SCARB1,0.078018695,0.087833333,0.064122137,Receptor,-62.68965293,0,-1.981430422,0.023908416,-1.623041427,0.052290275,31,0.031,0,0.067396405,0.137061141,0.069214165
Mast,HMDB0000112,gamma-Aminobutyric acid,Endo,SLC6A8,0.15379998,0.827833572,0.026578073,Transporter,-59.38542646,0,-1.876993812,0.030405099,-1.623041427,0.052290275,31,0.031,0,0.083797568,0.137061141,0.069214165
NK,HMDB0000244,Riboflavin,Epi,SLC52A2,0.302569467,0.366833333,0.314833333,Transporter,-60.8118196,0,-1.922077787,0.027440068,-1.623041427,0.052290275,31,0.031,0,0.076389087,0.137061141,0.069214165
pDC,HMDB0003550,Calcidiol,Myeloid,VDR,0.021063571,0.018583043,0.125833333,Nuclear Receptor,-64.38728151,0,-2.03508733,0.021052831,-1.619580784,0.05266118,32,0.032,0,0.060192512,0.137924123,0.071389095
Endo,HMDB0001220,Prostaglandin E2,Myeloid,PTGER2,0.537488964,0.637399146,0.119,Receptor,-57.94913707,0,-1.831597046,0.03365456,-1.616120141,0.05303417,33,0.033,0,0.091684438,0.138703463,0.073530798
Mast,HMDB0001852,all-trans-Retinoic acid,Oligo,RXRA,0.265649733,0.307890961,0.05648855,Nuclear Receptor,-62.13210622,0,-1.963808056,0.024914676,-1.616120141,0.05303417,33,0.033,0,0.069923331,0.138703463,0.073530798
T,HMDB0000067,Cholesterol,Epi,RORB,0.012448351,0.095833333,0.017833333,Nuclear Receptor,-64.28534743,0,-2.031865502,0.021215742,-1.612659499,0.053409252,34,0.034,0,0.060595484,0.139508069,0.075575851
Oligo,HMDB0000641,L-Glutamine,B,SLC38A2,1.121666672,0.850381679,0.074666667,Transporter,-56.49050728,0,-1.785494168,0.037242239,-1.612659499,0.053409252,34,0.034,0,0.100662919,0.139508069,0.075575851
Epi,HMDB0000574,L-Cysteine,Myeloid,SLC7A11,0.020670412,0.488833333,0.020833333,Transporter,-62.39423112,0,-1.972093032,0.024437248,-1.612659499,0.053409252,34,0.034,0,0.068717433,0.139508069,0.075575851
pDC,HMDB0000207,Oleic acid,T,SLC27A5,0.034134322,0.259001161,0.033666667,Transporter,-59.98140795,0,-1.895830985,0.029135389,-1.612659499,0.053409252,34,0.034,0,0.080559801,0.139508069,0.075575851
Epi,HMDB0001220,Prostaglandin E2,Fibro,PTGER2,0.539452359,0.785666667,0.078329571,Receptor,-57.91659143,0,-1.830568377,0.033731385,-1.605738213,0.054165721,36,0.036,0,0.091878607,0.140939026,0.079812458
Myeloid,HMDB0000067,Cholesterol,pDC,LDLR,0.195614162,0.565,0.030197445,Receptor,-57.3724447,0,-1.813369544,0.03503741,-1.605738213,0.054165721,36,0.036,0,0.095091693,0.140939026,0.079812458
Mast,HMDB0002369,9-cis-Retinoic acid,pDC,VDR,0.11765919,0.307890961,0.020905923,Nuclear Receptor,-59.82042686,0,-1.89074286,0.029473924,-1.605738213,0.054165721,36,0.036,0,0.081448229,0.140939026,0.079812458
Mast,HMDB0006219,13-cis-Retinoic acid,Oligo,RXRA,0.265709175,0.307890961,0.05648855,Nuclear Receptor,-59.8038609,0,-1.89021926,0.029508946,-1.605738213,0.054165721,36,0.036,0,0.081531396,0.140939026,0.079812458
Epi,HMDB0000660,D-Fructose,NK,SLC2A8,0.068151092,0.64,0.0215,Transporter,-56.1428467,0,-1.774505668,0.038142019,-1.605738213,0.054165721,36,0.036,0,0.102884918,0.140939026,0.079812458
Mast,HMDB0002369,9-cis-Retinoic acid,Oligo,RXRA,0.265709175,0.307890961,0.05648855,Nuclear Receptor,-59.8038609,0,-1.89021926,0.029508946,-1.605738213,0.054165721,36,0.036,0,0.081531396,0.140939026,0.079812458
Mast,HMDB0000034,Adenine,Endo,SLC35F5,0.484900635,0.51276901,0.090650214,Transporter,-59.45139631,0,-1.879078919,0.030262331,-1.602277571,0.054547122,37,0.037,0,0.083445782,0.141653046,0.081952623
Oligo,HMDB0000089,Cytidine,Mast,SLC29A1,0.057052349,0.345038168,0.035868006,Transporter,-60.62568606,0,-1.916194669,0.027812726,-1.602277571,0.054547122,37,0.037,0,0.077283515,0.141653046,0.081952623
Oligo,HMDB0000234,Testosterone,Myeloid,AR,0.018430945,0.329770992,0.014666667,Nuclear Receptor,-58.67812714,0,-1.854638219,0.031971203,-1.598816928,0.054930643,38,0.038,0,0.087574216,0.142548357,0.084128152
Endo,HMDB0000574,L-Cysteine,Mast,SLC43A2,0.096103217,0.536782155,0.033285509,Transporter,-56.73520843,0,-1.793228432,0.036619402,-1.595356285,0.055316293,39,0.039,0,0.099092724,0.143279544,0.086226705
Mast,HMDB0000030,Biotin,Myeloid,SLC5A6,0.019728673,0.028694405,0.047666667,Transporter,-56.48521806,0,-1.785326992,0.037255797,-1.591895642,0.055704077,40,0.04,0,0.100691343,0.144092292,0.088355022
pDC,HMDB0002925,Dihomo-gamma-linolenic acid,Fibro,SLC27A5,0.045856421,0.166085947,0.068171558,Transporter,-55.59738204,0,-1.757265179,0.039589453,-1.591895642,0.055704077,40,0.04,0,0.106502837,0.144092292,0.088355022
NK,HMDB0000517,L-Arginine,pDC,SLC7A1,0.033439302,0.053666667,0.072009292,Transporter,-57.0971564,0,-1.804668513,0.035713807,-1.591895642,0.055704077,40,0.04,0,0.096792517,0.144092292,0.088355022
Myeloid,HMDB0001903,Calcitriol,T,VDR,0.003621565,0.012833333,0.015666667,Nuclear Receptor,-55.78514425,0,-1.763199775,0.039086243,-1.591895642,0.055704077,40,0.04,0,0.10525176,0.144092292,0.088355022
Mast,HMDB0000641,L-Glutamine,pDC,SLC38A7,0.22657134,0.810329986,0.013937282,Transporter,-57.30219042,0,-1.811149018,0.03520902,-1.591895642,0.055704077,40,0.04,0,0.095533942,0.144092292,0.088355022
pDC,HMDB0003073,gamma-Linolenic acid,Fibro,SLC27A5,0.045856421,0.166085947,0.068171558,Transporter,-55.59738204,0,-1.757265179,0.039589453,-1.591895642,0.055704077,40,0.04,0,0.106502837,0.144092292,0.088355022
T,HMDB0000030,Biotin,Oligo,SLC5A6,0.021705086,0.036333333,0.039694656,Transporter,-61.12153461,0,-1.931866942,0.026829232,-1.588435,0.056094004,41,0.041,0,0.074789252,0.144998949,0.090461272
Fibro,HMDB0000641,L-Glutamine,Oligo,SLC3A2,1.136148569,0.548758465,0.309923664,Transporter,-60.33031679,0,-1.906858939,0.028412747,-1.584974357,0.05648608,42,0.042,0,0.078726096,0.145864352,0.092575082
Oligo,HMDB0001311,D-Lactic acid,pDC,SLC16A1,0.159790949,0.500763359,0.023228804,Transporter,-58.25420784,0,-1.841239411,0.032941417,-1.584974357,0.05648608,42,0.042,0,0.089941509,0.145864352,0.092575082
Oligo,HMDB0015531,Iron,Endo,SLC40A1,1.117840938,1,0.115804461,Transporter,-54.38018242,0,-1.718793178,0.042980921,-1.584974357,0.05648608,42,0.042,0,0.114759095,0.145864352,0.092575082
Fibro,HMDB0000097,Choline,Mast,SLC44A2,0.195444909,0.588713318,0.065710187,Transporter,-54.69427363,0,-1.728720652,0.042084033,-1.584974357,0.05648608,42,0.042,0,0.112582355,0.145864352,0.092575082
Mast,HMDB0000089,Cytidine,Endo,SLC29A1,0.050015442,0.188809182,0.09492169,Transporter,-59.89981251,0,-1.893252,0.029306573,-1.584974357,0.05648608,42,0.042,0,0.081006061,0.145864352,0.092575082
Fibro,HMDB0000067,Cholesterol,pDC,SCARB1,0.071625577,0.17020316,0.137049942,Receptor,-56.24084982,0,-1.77760325,0.037886598,-1.581513714,0.056880313,43,0.043,0,0.102229265,0.146756439,0.094716178
Fibro,HMDB0001085,Leukotriene B4,Epi,PPARA,0.252211047,0.214446953,0.1065,Nuclear Receptor,-56.91942404,0,-1.79905093,0.03615617,-1.581513714,0.056880313,43,0.043,0,0.097911252,0.146756439,0.094716178
Mast,HMDB0000574,L-Cysteine,Myeloid,SLC43A2,0.092878038,0.205738881,0.421166667,Transporter,-55.45696211,0,-1.752826929,0.039969223,-1.581513714,0.056880313,43,0.043,0,0.10745462,0.146756439,0.094716178
pDC,HMDB0000827,Stearic acid,Fibro,SLC27A5,0.036685137,0.166085947,0.068171558,Transporter,-54.59142054,0,-1.725469777,0.042376044,-1.578053072,0.057276709,44,0.044,0,0.113262845,0.147606592,0.096790058
T,HMDB0000112,gamma-Aminobutyric acid,Oligo,SLC6A12,0.039303138,0.241666667,0.033587786,Transporter,-58.64914452,0,-1.853722166,0.032036774,-1.578053072,0.057276709,44,0.044,0,0.08771753,0.147606592,0.096790058
Myeloid,HMDB0001388,alpha-Linolenic acid,Mast,SLC27A5,0.037964924,0.594833333,0.028981349,Transporter,-54.46877427,0,-1.721593299,0.042726395,-1.578053072,0.057276709,44,0.044,0,0.114153174,0.147606592,0.096790058
Myeloid,HMDB0001341,ADP,Mast,P2RY1,0.003861433,0.601833333,0.011477762,Receptor,-57.07069503,0,-1.803832149,0.035779384,-1.574592429,0.057675276,45,0.045,0,0.096962308,0.148344986,0.098897816
Endo,HMDB0000641,L-Glutamine,Epi,SLC1A5,0.767586101,0.38822971,0.233,Transporter,-55.20544461,0,-1.744877222,0.040656868,-1.574592429,0.057675276,45,0.045,0,0.1092412,0.148344986,0.098897816
Myeloid,HMDB0000641,L-Glutamine,pDC,SLC38A7,0.223712234,0.850333333,0.013937282,Transporter,-55.51097624,0,-1.754534153,0.039822791,-1.574592429,0.057675276,45,0.045,0,0.10708704,0.148344986,0.098897816
Myeloid,HMDB0001256,Spermine,Oligo,SLC22A4,0.051451629,0.621666667,0.010687023,Transporter,-57.60968228,0,-1.820867906,0.034462986,-1.574592429,0.057675276,45,0.045,0,0.09367095,0.148344986,0.098897816
Myeloid,HMDB0001311,D-Lactic acid,T,SLC16A1,0.132955825,0.3645,0.034333333,Transporter,-51.6125953,0,-1.631318116,0.051569196,-1.571131786,0.05807602,46,0.046,0,0.135278205,0.149213403,0.101001658
Myeloid,HMDB0003550,Calcidiol,pDC,CUBN,0.003929624,0.031333333,0.018583043,Transporter,-59.13874659,0,-1.869197007,0.03094391,-1.571131786,0.05807602,46,0.046,0,0.085105394,0.149213403,0.101001658
NK,HMDB0000207,Oleic acid,Oligo,SLC27A5,0.038431424,0.0905,0.103816794,Transporter,-56.51485341,0,-1.786263675,0.037179885,-1.567671144,0.05847895,47,0.047,0,0.100519006,0.149899577,0.103074273
Endo,HMDB0001388,alpha-Linolenic acid,Mast,SLC27A5,0.038204117,0.589938301,0.028981349,Transporter,-54.42545062,0,-1.720223969,0.042850712,-1.567671144,0.05847895,47,0.047,0,0.114457599,0.149899577,0.103074273
Epi,HMDB0000220,Palmitic acid,Fibro,SLC27A5,0.027072431,0.498833333,0.068171558,Transporter,-55.15423155,0,-1.743258531,0.040798056,-1.567671144,0.05847895,47,0.047,0,0.109558303,0.149899577,0.103074273
Fibro,HMDB0000030,Biotin,T,SLC5A6,0.018881264,0.060722348,0.023166667,Transporter,-56.67410521,0,-1.791297143,0.036774123,-1.567671144,0.05847895,47,0.047,0,0.099495133,0.149899577,0.103074273
Myeloid,HMDB0000077,Dehydroepiandrosterone,Myeloid,AR,0.0012895,0.027666667,0.014666667,Nuclear Receptor,-54.80534019,0,-1.73223113,0.041770536,-1.567671144,0.05847895,47,0.047,0,0.111879328,0.149899577,0.103074273
Fibro,HMDB0000244,Riboflavin,Epi,SLC52A2,0.301375481,0.556433409,0.314833333,Transporter,-53.38214664,0,-1.687248284,0.045933897,-1.564210501,0.058884071,48,0.048,0,0.121974487,0.15080956,0.105183714
Fibro,HMDB0000641,L-Glutamine,Mast,SLC7A5,0.737505053,0.548758465,0.082926829,Transporter,-53.94069247,0,-1.70490223,0.044261783,-1.564210501,0.058884071,48,0.048,0,0.117855766,0.15080956,0.105183714
pDC,HMDB0000220,Palmitic acid,Epi,SLC27A5,0.030428367,0.506387921,0.0845,Transporter,-54.16757185,0,-1.712073201,0.043596764,-1.560749858,0.059291391,49,0.049,0,0.116206546,0.151711893,0.107225969
Endo,HMDB0000641,L-Glutamine,Endo,SLC38A5,0.314727099,0.38822971,0.034646417,Transporter,-55.45990727,0,-1.752920017,0.039961227,-1.560749858,0.059291391,49,0.049,0,0.107441851,0.151711893,0.107225969
Oligo,HMDB0000294,Urea,NK,SLC14A1,0.004139948,0.038167939,0.016166667,Transporter,-57.72054792,0,-1.824372034,0.034197215,-1.560749858,0.059291391,49,0.049,0,0.092994399,0.151711893,0.107225969
Myeloid,HMDB0001388,alpha-Linolenic acid,Endo,SLC27A5,0.039113945,0.594833333,0.041290935,Transporter,-52.73619421,0,-1.666831681,0.047930664,-1.560749858,0.059291391,49,0.049,0,0.126677179,0.151711893,0.107225969
pDC,HMDB0000097,Choline,Oligo,SLC44A4,0.057855904,0.826945412,0.010687023,Transporter,-58.52614892,0,-1.849834646,0.032316279,-1.557289215,0.059700917,50,0.05,0,0.088409689,0.152653562,0.109341966
pDC,HMDB0000123,Glycine,T,SLC16A10,0.013964559,0.4970964,0.0105,Transporter,-52.00154828,0,-1.643611744,0.050285539,-1.553828573,0.060112657,51,0.051,0,0.132372463,0.153587721,0.11145517
Endo,HMDB0001388,alpha-Linolenic acid,Endo,SLC27A5,0.039360377,0.589938301,0.041290935,Transporter,-52.60605666,0,-1.662718426,0.048341247,-1.553828573,0.060112657,51,0.051,0,0.127650202,0.153587721,0.11145517
Oligo,HMDB0000641,L-Glutamine,Oligo,SLC38A1,1.171118133,0.850381679,0.085496183,Transporter,-52.84845902,0,-1.670380032,0.04757872,-1.553828573,0.060112657,51,0.051,0,0.125857559,0.153587721,0.11145517
Fibro,HMDB0000030,Biotin,Fibro,SLC5A6,0.018959702,0.060722348,0.046501129,Transporter,-52.94632486,0,-1.673473275,0.04727361,-1.55036793,0.060526616,52,0.052,0,0.125146087,0.154216841,0.113520644
Mast,HMDB0000517,L-Arginine,Oligo,SLC7A2,0.017547025,0.123672884,0.01221374,Transporter,-51.25632887,0,-1.620057611,0.052767749,-1.55036793,0.060526616,52,0.052,0,0.138170436,0.154216841,0.113520644
Oligo,HMDB0000169,D-Mannose,Epi,SLC2A3,0.399622779,0.630534351,0.105166667,Transporter,-52.51687568,0,-1.659899685,0.048624236,-1.546907287,0.060942802,53,0.053,0,0.128295114,0.155133949,0.115612231
T,HMDB0000067,Cholesterol,Oligo,SCARB1,0.074591622,0.095833333,0.064122137,Receptor,-54.15510024,0,-1.711679011,0.043633109,-1.543446645,0.061361222,54,0.054,0,0.116294059,0.156079032,0.117685014
NK,HMDB0000169,D-Mannose,Endo,SLC2A3,0.330525302,0.246166667,0.340768866,Transporter,-49.96752493,0,-1.579322414,0.057289341,-1.539986002,0.061781883,55,0.055,0,0.149090116,0.156907874,0.119761858
Epi,HMDB0000641,L-Glutamine,pDC,SLC38A5,0.336331985,0.5595,0.06155633,Transporter,-49.85362993,0,-1.575722538,0.057703182,-1.539986002,0.061781883,55,0.055,0,0.150105353,0.156907874,0.119761858
NK,HMDB0001256,Spermine,Endo,SLC22A4,0.039286293,0.185,0.013289037,Transporter,-48.92477548,0,-1.546364256,0.061166665,-1.536525359,0.062204792,56,0.056,0,0.1584455,0.157848712,0.121859181
Endo,HMDB0000641,L-Glutamine,T,SLC7A6,0.314635832,0.38822971,0.052166667,Transporter,-51.48290202,0,-1.627218903,0.052002976,-1.533064717,0.062629955,57,0.057,0,0.136329679,0.158732888,0.123904906
Endo,HMDB0000673,Linoleic acid,pDC,SLC27A5,0.038326448,0.589463692,0.040650407,Transporter,-51.09374083,0,-1.614918694,0.053322034,-1.533064717,0.062629955,57,0.057,0,0.139434296,0.158732888,0.123904906
NK,HMDB0000286,Uridine diphosphate glucose,Fibro,P2RY14,0.291480376,0.220833333,0.04221219,Receptor,-47.24246065,0,-1.49319137,0.067851423,-1.533064717,0.062629955,57,0.057,0,0.173964532,0.158732888,0.123904906
B,HMDB0001256,Spermine,Endo,SLC22A4,0.039643873,0.207666667,0.013289037,Transporter,-50.69939335,0,-1.602454563,0.054685622,-1.533064717,0.062629955,57,0.057,0,0.142718134,0.158732888,0.123904906
Fibro,HMDB0000030,Biotin,NK,SLC5A6,0.018655502,0.060722348,0.018833333,Transporter,-51.01114537,0,-1.612308102,0.053605378,-1.529604074,0.06305738,58,0.058,0,0.140108044,0.159730564,0.125938074
Mast,HMDB0000067,Cholesterol,Oligo,RORB,0.01728112,0.101865136,0.013740458,Nuclear Receptor,-52.0282539,0,-1.644455828,0.050198347,-1.529604074,0.06305738,58,0.058,0,0.132153448,0.159730564,0.125938074
Fibro,HMDB0000112,gamma-Aminobutyric acid,Oligo,GABBR1,0.105456701,0.774717833,0.019847328,Receptor,-53.17946093,0,-1.680842002,0.046553102,-1.526143431,0.063487074,59,0.059,0,0.123499853,0.160659186,0.127983485
Epi,HMDB0000112,gamma-Aminobutyric acid,NK,SLC6A6,0.368164887,0.745333333,0.048,Transporter,-48.84715732,0,-1.543910981,0.061463298,-1.522682788,0.063919043,60,0.06,0,0.159139171,0.161641097,0.129982329
Epi,HMDB0001852,all-trans-Retinoic acid,Endo,RXRB,0.207046163,0.162,0.118652112,Nuclear Receptor,-50.67133803,0,-1.601567819,0.054783675,-1.522682788,0.063919043,60,0.06,0,0.14295149,0.161641097,0.129982329
pDC,HMDB0000660,D-Fructose,Mast,SLC2A8,0.072487543,0.68524971,0.021233859,Transporter,-49.67260285,0,-1.570000819,0.05836579,-1.519222146,0.064353294,61,0.061,0,0.151724467,0.16256537,0.131855286
NK,HMDB0000067,Cholesterol,Oligo,RORB,0.016938323,0.0935,0.013740458,Nuclear Receptor,-49.94074117,0,-1.578475861,0.05738645,-1.519222146,0.064353294,61,0.061,0,0.149331091,0.16256537,0.131855286
T,HMDB0000641,L-Glutamine,Oligo,SLC38A3,0.022153241,0.1215,0.032061069,Transporter,-56.31309641,0,-1.779886746,0.037699202,-1.51230086,0.065228671,63,0.063,0,0.101781695,0.164588277,0.135938722
NK,HMDB0000169,D-Mannose,Myeloid,SLC2A3,0.32641273,0.246166667,0.445,Transporter,-47.33873503,0,-1.496234312,0.067454224,-1.51230086,0.065228671,63,0.063,0,0.173107055,0.164588277,0.135938722
Endo,HMDB0002103,27-Hydroxycholesterol,Epi,ESR1,0.029942676,0.114855244,0.028666667,Receptor,-50.55044821,0,-1.597746857,0.055207777,-1.508840218,0.06566981,64,0.064,0,0.143967339,0.165210209,0.137934627
T,HMDB0000220,Palmitic acid,Mast,SLC27A5,0.027072559,0.3925,0.028981349,Transporter,-50.49485642,0,-1.595989769,0.055403673,-1.508840218,0.06566981,64,0.064,0,0.144421292,0.165210209,0.137934627
Mast,HMDB0002369,9-cis-Retinoic acid,Mast,VDR,0.102707913,0.307890961,0.015781923,Nuclear Receptor,-49.74532189,0,-1.572299248,0.058098903,-1.508840218,0.06566981,64,0.064,0,0.151090012,0.165210209,0.137934627
Fibro,HMDB0000034,Adenine,pDC,SLC29A3,0.213395455,0.670880361,0.039488966,Transporter,-51.06852576,0,-1.614121722,0.053408408,-1.505379575,0.066113259,65,0.065,0,0.139627067,0.166123803,0.14001692
Fibro,HMDB0000145,Estrone,Myeloid,ESR1,0.037787591,0.618735892,0.020666667,Receptor,-49.01668778,0,-1.549269326,0.060816854,-1.505379575,0.066113259,65,0.065,0,0.157588685,0.166123803,0.14001692
Endo,HMDB0000112,gamma-Aminobutyric acid,Myeloid,GABBR1,0.080505611,0.741338396,0.018666667,Receptor,-48.60874922,0,-1.536375622,0.062381461,-1.501918932,0.066559023,66,0.066,0,0.161150892,0.167104344,0.141986221
Oligo,HMDB0000097,Choline,pDC,SLC44A2,0.215284156,0.41221374,0.292682927,Transporter,-48.16260527,0,-1.52227436,0.064128403,-1.49845829,0.067007111,67,0.067,0,0.165276816,0.168050869,0.144081341
pDC,HMDB0001388,alpha-Linolenic acid,NK,SLC27A5,0.037001825,0.734030197,0.021,Transporter,-47.99792518,0,-1.51706932,0.064782773,-1.49845829,0.067007111,67,0.067,0,0.166872356,0.168050869,0.144081341
Mast,HMDB0000030,Biotin,T,SLC5A6,0.018677943,0.028694405,0.023166667,Transporter,-45.89081533,0,-1.450469948,0.073620703,-1.491537004,0.067910282,69,0.069,0,0.187420803,0.169993975,0.148055231
Endo,HMDB0000034,Adenine,pDC,SLC29A3,0.212169631,0.562885619,0.039488966,Transporter,-49.61157865,0,-1.568072029,0.058590498,-1.491537004,0.067910282,69,0.069,0,0.152272731,0.169993975,0.148055231
Endo,HMDB0000030,Biotin,Mast,SLC5A6,0.020347979,0.075462743,0.010329986,Transporter,-47.65723559,0,-1.506301152,0.066153002,-1.488076361,0.068365378,70,0.07,0,0.170150312,0.170797345,0.150142561
Oligo,HMDB0000097,Choline,Fibro,SLC44A1,0.24005883,0.41221374,0.345823928,Transporter,-46.82504399,0,-1.479998091,0.069594516,-1.488076361,0.068365378,70,0.07,0,0.178061257,0.170797345,0.150142561
Fibro,HMDB0000641,L-Glutamine,Fibro,SLC38A7,0.185868638,0.548758465,0.039954853,Transporter,-46.37319339,0,-1.46571646,0.071520106,-1.484615719,0.068822825,71,0.071,0,0.182423943,0.171693962,0.152178981
Epi,HMDB0000097,Choline,Oligo,SLC44A2,0.206862808,0.4765,0.19389313,Transporter,-46.55612809,0,-1.471498473,0.070735643,-1.484615719,0.068822825,71,0.071,0,0.180590032,0.171693962,0.152178981
pDC,HMDB0000112,gamma-Aminobutyric acid,Fibro,GABBR1,0.082116338,0.534262485,0.051241535,Receptor,-45.27366286,0,-1.430963623,0.076376684,-1.484615719,0.068822825,71,0.071,0,0.193751398,0.171693962,0.152178981
B,HMDB0001085,Leukotriene B4,Oligo,PPARA,0.290611961,0.193833333,0.061068702,Nuclear Receptor,-45.00848418,0,-1.422582127,0.077584747,-1.484615719,0.068822825,71,0.071,0,0.196454646,0.171693962,0.152178981
Mast,HMDB0000053,Androstenedione,pDC,AR,0.025886042,0.119942611,0.068524971,Nuclear Receptor,-46.34214624,0,-1.464735153,0.071653904,-1.481155076,0.069282627,72,0.072,0,0.182737054,0.172606876,0.154162624
T,HMDB0000220,Palmitic acid,Endo,SLC27A5,0.027891918,0.3925,0.041290935,Transporter,-49.12796974,0,-1.552786613,0.060395423,-1.481155076,0.069282627,72,0.072,0,0.156557952,0.172606876,0.154162624
B,HMDB0001341,ADP,Fibro,P2RY1,0.003613274,0.61,0.013544018,Receptor,-46.46522367,0,-1.468625259,0.071124629,-1.477694433,0.069744793,73,0.073,0,0.181457161,0.173471042,0.156001033
Myeloid,HMDB0001220,Prostaglandin E2,Epi,SLCO2A1,0.213666572,0.756833333,0.059,Transporter,-44.70262031,0,-1.412914695,0.07899614,-1.477694433,0.069744793,73,0.073,0,0.199738159,0.173471042,0.156001033
Epi,HMDB0000641,L-Glutamine,B,SLC38A1,1.050572113,0.5595,0.197833333,Transporter,-46.56594406,0,-1.471808726,0.070693738,-1.477694433,0.069744793,73,0.073,0,0.180496969,0.173471042,0.156001033
Myeloid,HMDB0000673,Linoleic acid,pDC,SLC27A5,0.037299561,0.593166667,0.040650407,Transporter,-45.9575261,0,-1.452578473,0.073327417,-1.474233791,0.070209327,74,0.074,0,0.186745979,0.174521533,0.158066598
Endo,HMDB0000220,Palmitic acid,Fibro,SLC27A5,0.027620557,0.424299953,0.068171558,Transporter,-45.46784045,0,-1.43710099,0.075501208,-1.470773148,0.070676238,75,0.075,0,0.19182453,0.175510803,0.160068347
Mast,HMDB0000030,Biotin,Fibro,SLC5A6,0.018755537,0.028694405,0.046501129,Transporter,-45.58661932,0,-1.440855231,0.074969465,-1.470773148,0.070676238,75,0.075,0,0.190532039,0.175510803,0.160068347
Mast,HMDB0000641,L-Glutamine,Fibro,SLC38A1,1.061103259,0.810329986,0.084650113,Transporter,-45.6354127,0,-1.442397442,0.07475186,-1.46039122,0.072091292,78,0.078,0,0.190008183,0.178475824,0.166288806
Myeloid,HMDB0001220,Prostaglandin E2,Epi,PTGER1,0.061323166,0.756833333,0.021833333,Receptor,-46.50433768,0,-1.469861534,0.070957056,-1.46039122,0.072091292,78,0.078,0,0.181113399,0.178475824,0.166288806
Endo,HMDB0001220,Prostaglandin E2,Mast,PTGER2,0.540155171,0.637399146,0.082352941,Receptor,-46.66513296,0,-1.474943787,0.070271364,-1.46039122,0.072091292,78,0.078,0,0.179570923,0.178475824,0.166288806
Oligo,HMDB0000121,Folic acid,Myeloid,FOLR1,0.083098638,0.161832061,0.068333333,Transporter,-45.79342847,0,-1.447391843,0.074050465,-1.456930577,0.072567772,79,0.079,0,0.188427922,0.179574855,0.168355653
Mast,HMDB0000660,D-Fructose,Oligo,SLC2A8,0.078639652,0.367862267,0.083969466,Transporter,-46.66839834,0,-1.475046996,0.070257493,-1.453469934,0.073046661,80,0.08,0,0.179556585,0.180261274,0.170179949
Mast,HMDB0001256,Spermine,Endo,SLC22A4,0.038454055,0.198852224,0.013289037,Transporter,-45.31321586,0,-1.432213774,0.07619773,-1.450009292,0.073527964,81,0.081,0,0.193356704,0.181219331,0.172141252
NK,HMDB0000030,Biotin,pDC,SLC5A6,0.019339895,0.026833333,0.041811847,Transporter,-47.02597999,0,-1.486349071,0.068751164,-1.450009292,0.073527964,81,0.081,0,0.176162217,0.181219331,0.172141252
B,HMDB0000097,Choline,Fibro,SLC44A1,0.219990559,0.229833333,0.345823928,Transporter,-45.85251566,0,-1.449259411,0.073789489,-1.450009292,0.073527964,81,0.081,0,0.18777828,0.181219331,0.172141252
B,HMDB0000220,Palmitic acid,Fibro,SLC27A5,0.026325262,0.310833333,0.068171558,Transporter,-44.5616028,0,-1.408457558,0.079653381,-1.446548649,0.074011689,82,0.082,0,0.201308288,0.182221578,0.174143462
Oligo,HMDB0000121,Folic acid,T,SLC19A1,0.019194151,0.161832061,0.0105,Transporter,-45.34117623,0,-1.433097517,0.076071418,-1.446548649,0.074011689,82,0.082,0,0.193080587,0.182221578,0.174143462
Oligo,HMDB0000641,L-Glutamine,Fibro,SLC7A5,0.742587499,0.850381679,0.04537246,Transporter,-43.59122885,0,-1.377786971,0.084288809,-1.446548649,0.074011689,82,0.082,0,0.211665243,0.182221578,0.174143462
NK,HMDB0000660,D-Fructose,Myeloid,SLC2A8,0.066660742,0.278333333,0.1275,Transporter,-43.44921449,0,-1.373298326,0.084983876,-1.439627364,0.074986427,84,0.084,0,0.213248903,0.184073771,0.178265051
Mast,HMDB0000030,Biotin,NK,SLC5A6,0.018454611,0.028694405,0.018833333,Transporter,-43.24463587,0,-1.366832214,0.085992705,-1.439627364,0.074986427,84,0.084,0,0.215665898,0.184073771,0.178265051
Myeloid,HMDB0000030,Biotin,pDC,SLC5A6,0.01915612,0.067333333,0.041811847,Transporter,-44.99587712,0,-1.422183656,0.07764254,-1.439627364,0.074986427,84,0.084,0,0.19657091,0.184073771,0.178265051
pDC,HMDB0000097,Choline,T,SLC44A1,0.234840867,0.826945412,0.041,Transporter,-42.8268411,0,-1.353626984,0.088080792,-1.436166721,0.075477453,85,0.085,0,0.220335113,0.185114382,0.180271673
Endo,HMDB0000067,Cholesterol,Oligo,LDLR,0.196138056,0.257712387,0.064122137,Receptor,-44.50934001,0,-1.406805689,0.079898012,-1.436166721,0.075477453,85,0.085,0,0.201787289,0.185114382,0.180271673
pDC,HMDB0003550,Calcidiol,pDC,CUBN,0.00379445,0.018583043,0.018583043,Transporter,-46.47482224,0,-1.46892864,0.071083478,-1.436166721,0.075477453,85,0.085,0,0.181366155,0.185114382,0.180271673
Mast,HMDB0000244,Riboflavin,Epi,SLC52A2,0.296528359,0.388235294,0.314833333,Transporter,-42.0730422,0,-1.32980168,0.091943581,-1.432706078,0.075970926,86,0.086,0,0.229132099,0.186241864,0.182322424
pDC,HMDB0000030,Biotin,pDC,SLC5A6,0.022862857,0.051103368,0.041811847,Transporter,-42.93445138,0,-1.35702822,0.087539383,-1.429245436,0.076466851,87,0.087,0,0.21909668,0.187208046,0.184347993
pDC,HMDB0000673,Linoleic acid,NK,SLC27A5,0.034084062,0.730545877,0.021,Transporter,-43.09802419,0,-1.362198262,0.086721186,-1.429245436,0.076466851,87,0.087,0,0.217278878,0.187208046,0.184347993
Mast,HMDB0000641,L-Glutamine,Fibro,SLC7A7,0.935615592,0.810329986,0.061173815,Transporter,-42.7501197,0,-1.351202053,0.088468317,-1.42232415,0.077466086,89,0.089,0,0.221204206,0.189388244,0.188380867
pDC,HMDB0000641,L-Glutamine,Oligo,SLC38A3,0.019108867,0.205574913,0.032061069,Transporter,-45.00387626,0,-1.422436485,0.077605867,-1.42232415,0.077466086,89,0.089,0,0.196493092,0.189388244,0.188380867
Epi,HMDB0001852,all-trans-Retinoic acid,Endo,RXRA,0.232327145,0.162,0.132415757,Nuclear Receptor,-42.4982444,0,-1.343241036,0.089749498,-1.42232415,0.077466086,89,0.089,0,0.224119834,0.189388244,0.188380867
pDC,HMDB0001085,Leukotriene B4,Oligo,PPARA,0.293059553,0.260162602,0.061068702,Nuclear Receptor,-44.27129621,0,-1.399281844,0.081019447,-1.42232415,0.077466086,89,0.089,0,0.204152231,0.189388244,0.188380867
T,HMDB0000806,Myristic acid,Mast,SLC27A2,0.012959816,0.0215,0.041893831,Transporter,-42.82024906,0,-1.35341863,0.088114039,-1.415402865,0.078475205,91,0.091,0,0.220368318,0.191699578,0.192478753
Myeloid,HMDB0000294,Urea,Epi,SLC5A5,0.000623401,0.016,0.0165,Transporter,-44.30338644,0,-1.400296119,0.080867579,-1.415402865,0.078475205,91,0.091,0,0.203816101,0.191699578,0.192478753
Mast,HMDB0001403,Prostaglandin D2,Fibro,PTGDR,0.235148042,0.915925395,0.010383747,Receptor,-42.87839694,0,-1.355256508,0.087821093,-1.411942222,0.078983487,92,0.092,0,0.219768518,0.192671046,0.194482054
Fibro,HMDB0000641,L-Glutamine,pDC,SLC3A2,1.085904275,0.548758465,0.378629501,Transporter,-42.58979332,0,-1.346134621,0.08928224,-1.411942222,0.078983487,92,0.092,0,0.222986654,0.192671046,0.194482054
Epi,HMDB0000097,Choline,Endo,SLC44A1,0.223447483,0.4765,0.187470337,Transporter,-43.02041629,0,-1.359745311,0.087108667,-1.408481579,0.079494259,93,0.093,0,0.218084629,0.193831305,0.196533231
Mast,HMDB0003550,Calcidiol,Fibro,VDR,0.015985789,0.017790531,0.072009029,Nuclear Receptor,-42.71909065,0,-1.350221318,0.088625407,-1.408481579,0.079494259,93,0.093,0,0.221546784,0.193831305,0.196533231
Fibro,HMDB0001388,alpha-Linolenic acid,pDC,SLC27A5,0.040811727,0.60993228,0.040650407,Transporter,-42.82517157,0,-1.353574215,0.088089211,-1.405020937,0.080007526,94,0.094,0,0.220339522,0.194953557,0.198545083
pDC,HMDB0000574,L-Cysteine,Endo,SLC43A2,0.097809634,0.490127758,0.084005695,Transporter,-41.50525826,0,-1.311855746,0.094935093,-1.405020937,0.080007526,94,0.094,0,0.236107265,0.194953557,0.198545083
Fibro,HMDB0000030,Biotin,Oligo,SLC5A6,0.019548716,0.060722348,0.039694656,Transporter,-41.97410781,0,-1.326674663,0.09245975,-1.405020937,0.080007526,94,0.094,0,0.230401094,0.194953557,0.198545083
pDC,HMDB0000234,Testosterone,Epi,AR,0.016735307,0.18583043,0.033166667,Nuclear Receptor,-42.26596344,0,-1.335899337,0.090943209,-1.405020937,0.080007526,94,0.094,0,0.226809842,0.194953557,0.198545083
Fibro,HMDB0003550,Calcidiol,pDC,CUBN,0.003496646,0.025733634,0.018583043,Transporter,-43.94343551,0,-1.388919158,0.082583439,-1.401560294,0.080523295,95,0.095,0,0.207782661,0.195965082,0.200567674
Oligo,HMDB0000641,L-Glutamine,Oligo,SLC7A5,0.805124485,0.850381679,0.047328244,Transporter,-42.64014752,0,-1.347726165,0.089026009,-1.401560294,0.080523295,95,0.095,0,0.222430624,0.195965082,0.200567674
Mast,HMDB0000292,Xanthine,Myeloid,ADORA1,0.018463026,0.220086083,0.019166667,Receptor,-41.71698871,0,-1.318547905,0.09381125,-1.401560294,0.080523295,95,0.095,0,0.233557908,0.195965082,0.200567674
Myeloid,HMDB0000641,L-Glutamine,Fibro,SLC38A1,1.049240155,0.850333333,0.084650113,Transporter,-39.87155422,0,-1.2602193,0.103942275,-1.398099651,0.081041572,96,0.096,0,0.256542338,0.197095962,0.202562631
Endo,HMDB0003550,Calcidiol,Fibro,VDR,0.016798755,0.022781206,0.072009029,Nuclear Receptor,-42.40861531,0,-1.340408131,0.09020872,-1.394639009,0.081562363,97,0.097,0,0.225181646,0.19820235,0.204542269
Endo,HMDB0000294,Urea,NK,SLC14A1,0.00345164,0.028001898,0.016166667,Transporter,-40.78694722,0,-1.289152105,0.098821813,-1.391178366,0.082085673,98,0.098,0,0.24516935,0.199371571,0.206558839
Fibro,HMDB0000641,L-Glutamine,Endo,SLC43A1,0.169157225,0.548758465,0.027052682,Transporter,-41.76310891,0,-1.320005625,0.093567759,-1.38425708,0.083139875,100,0.1,0,0.232969221,0.201547523,0.210265532
Myeloid,HMDB0015531,Iron,Fibro,SLC11A2,1.071957937,1,0.069525959,Transporter,-40.94566023,0,-1.294168544,0.097953149,-1.380796438,0.08367078,101,0.101,0,0.243174772,0.202730606,0.212287275
Fibro,HMDB0000673,Linoleic acid,pDC,SLC27A5,0.036330519,0.603611738,0.040650407,Transporter,-40.63075499,0,-1.284215341,0.099682178,-1.37041451,0.085278773,104,0.104,0,0.247078035,0.206400071,0.218384825
Epi,HMDB0000089,Cytidine,Fibro,SLC29A2,0.008150027,0.468166667,0.011286682,Transporter,-40.15685347,0,-1.269236747,0.102326127,-1.366953867,0.085819883,105,0.105,0,0.252855154,0.207603459,0.22038681
pDC,HMDB0000660,D-Fructose,Fibro,SLC2A5,0.024094149,0.68524971,0.01489842,Transporter,-40.8131718,0,-1.289980985,0.098677893,-1.363493224,0.086363559,106,0.106,0,0.244863802,0.20881182,0.222387019
Epi,HMDB0000641,L-Glutamine,Epi,SLC38A2,1.035861198,0.5595,0.391333333,Transporter,-36.53428177,1.58E-292,-1.154738206,0.124236893,-1.363493224,0.086363559,106,0.106,3.83E-292,0.300251254,0.20881182,0.222387019
Oligo,HMDB0000053,Androstenedione,Epi,AR,0.022049857,0.386259542,0.033166667,Nuclear Receptor,-41.58854659,0,-1.314488238,0.094491828,-1.360032582,0.086909807,107,0.107,0,0.235128515,0.209963843,0.224328604
NK,HMDB0000034,Adenine,Oligo,SLC29A3,0.206693042,0.570166667,0.036641221,Transporter,-40.89168993,0,-1.292462706,0.098247907,-1.360032582,0.086909807,107,0.107,0,0.243833374,0.209963843,0.224328604
B,HMDB0000067,Cholesterol,Oligo,RORB,0.015488633,0.087833333,0.013740458,Nuclear Receptor,-41.49756742,0,-1.311612662,0.094976102,-1.360032582,0.086909807,107,0.107,0,0.236173763,0.209963843,0.224328604
pDC,HMDB0000121,Folic acid,B,FOLR2,0.048172913,0.089430894,0.0375,Transporter,-39.13426001,0,-1.236915658,0.108204541,-1.360032582,0.086909807,107,0.107,0,0.26614924,0.209963843,0.224328604
T,HMDB0000053,Androstenedione,pDC,AR,0.024941204,0.111,0.068524971,Nuclear Receptor,-39.83647191,0,-1.259110454,0.10414228,-1.356571939,0.087458632,108,0.108,0,0.256978491,0.211212659,0.226353448
Mast,HMDB0000112,gamma-Aminobutyric acid,pDC,GABBR1,0.092966104,0.827833572,0.013937282,Receptor,-40.56433158,0,-1.282115898,0.100049719,-1.353111296,0.088010039,109,0.109,0,0.247840571,0.212265541,0.22833365
T,HMDB0000123,Glycine,Oligo,SLC36A1,0.008101482,0.214,0.025954198,Transporter,-38.44349016,0,-1.215082512,0.112310859,-1.346190011,0.089120623,111,0.111,0,0.274738707,0.214631302,0.232376194
pDC,HMDB0001388,alpha-Linolenic acid,Myeloid,SLC27A5,0.036232169,0.734030197,0.047833333,Transporter,-38.61796393,0,-1.2205971,0.111263314,-1.346190011,0.089120623,111,0.111,0,0.272377463,0.214631302,0.232376194
Oligo,HMDB0000121,Folic acid,Oligo,SLC19A1,0.021393549,0.161832061,0.013740458,Transporter,-38.7437114,0,-1.224571598,0.110512678,-1.346190011,0.089120623,111,0.111,0,0.270760152,0.214631302,0.232376194
Fibro,HMDB0000112,gamma-Aminobutyric acid,Endo,SLC6A8,0.143072478,0.774717833,0.026578073,Transporter,-38.63194892,0,-1.221039123,0.111179652,-1.339268725,0.090241603,113,0.113,0,0.27221292,0.217094052,0.236338936
T,HMDB0001311,D-Lactic acid,T,SLC16A1,0.129576842,0.188166667,0.034333333,Transporter,-38.31978591,0,-1.211172594,0.113057847,-1.339268725,0.090241603,113,0.113,0,0.276259763,0.217094052,0.236338936
B,HMDB0001341,ADP,pDC,P2RY1,0.00406734,0.61,0.013937282,Receptor,-38.59789075,0,-1.219962648,0.111383476,-1.339268725,0.090241603,113,0.113,0,0.272631298,0.217094052,0.236338936
Oligo,HMDB0000067,Cholesterol,Endo,RORA,0.442267699,0.396946565,0.13146654,Nuclear Receptor,-39.71651929,0,-1.255319114,0.104828245,-1.335808083,0.090806005,114,0.114,0,0.25849772,0.218372477,0.238340071
Oligo,HMDB0000300,Uracil,Epi,SLC29A2,0.049494351,0.253435115,0.073333333,Transporter,-38.81882185,0,-1.226945612,0.110066053,-1.33234744,0.091373022,115,0.115,0,0.269825682,0.219496846,0.240354865
pDC,HMDB0000673,Linoleic acid,Myeloid,SLC27A5,0.033375097,0.730545877,0.047833333,Transporter,-36.23354256,9.03E-288,-1.145232749,0.126193518,-1.328886797,0.09194266,116,0.116,2.18E-287,0.304646303,0.220737075,0.242322499
pDC,HMDB0000286,Uridine diphosphate glucose,Mast,P2RY14,0.298995496,0.239256678,0.139454806,Receptor,-40.47820987,0,-1.279393851,0.100527732,-1.328886797,0.09194266,116,0.116,0,0.24891292,0.220737075,0.242322499
Epi,HMDB0003550,Calcidiol,Fibro,VDR,0.015416908,0.0615,0.072009029,Nuclear Receptor,-38.9381618,0,-1.230717587,0.109359098,-1.325426154,0.092514924,117,0.117,0,0.268430564,0.221982165,0.244303558
B,HMDB0000097,Choline,pDC,SLC44A2,0.197286981,0.229833333,0.292682927,Transporter,-38.44523159,0,-1.215137553,0.112300369,-1.325426154,0.092514924,117,0.117,0,0.274733349,0.221982165,0.244303558
Endo,HMDB0001852,all-trans-Retinoic acid,T,RXRB,0.1976351,0.2078785,0.056,Nuclear Receptor,-37.54006357,0.00E+00,-1.186527928,0.117847987,-1.325426154,0.092514924,117,0.117,2.48E-308,0.286090014,0.221982165,0.244303558
Myeloid,HMDB0000641,L-Glutamine,Fibro,SLC7A7,0.923809046,0.850333333,0.061173815,Transporter,-36.26896923,2.50E-288,-1.146352478,0.125961919,-1.318504869,0.093667348,119,0.119,6.03E-288,0.304109375,0.224356988,0.248260431
Fibro,HMDB0000574,L-Cysteine,Endo,SLC43A2,0.089751777,0.450790068,0.084005695,Transporter,-37.90675235,0,-1.198117852,0.115577653,-1.315044226,0.09424752,120,0.12,0,0.28129561,0.225681321,0.250299326
Endo,HMDB0001256,Spermine,Epi,SLC22A4,0.032846981,0.273849075,0.014666667,Transporter,-38.08063727,0,-1.203613829,0.114512,-1.315044226,0.09424752,120,0.12,0,0.279297561,0.225681321,0.250299326
Fibro,HMDB0000112,gamma-Aminobutyric acid,Fibro,SLC6A6,0.368387841,0.774717833,0.070428894,Transporter,-37.94675938,0,-1.199382353,0.115331847,-1.315044226,0.09424752,120,0.12,0,0.280821255,0.225681321,0.250299326
Oligo,HMDB0000097,Choline,Fibro,SLC44A3,0.020425687,0.41221374,0.04221219,Transporter,-38.03016169,0,-1.202018448,0.114820615,-1.304662298,0.096003932,123,0.123,0,0.279844073,0.229621372,0.256153265
Mast,HMDB0000517,L-Arginine,NK,SLC7A1,0.027654198,0.123672884,0.015,Transporter,-37.70730398,0,-1.191813892,0.116808637,-1.304662298,0.096003932,123,0.123,0,0.283853305,0.229621372,0.256153265
Mast,HMDB0002369,9-cis-Retinoic acid,T,VDR,0.097039978,0.307890961,0.015666667,Nuclear Receptor,-36.30267149,7.34E-289,-1.147417705,0.125741869,-1.304662298,0.096003932,123,0.123,1.77E-288,0.303644551,0.229621372,0.256153265
T,HMDB0000067,Cholesterol,Oligo,RORB,0.014808274,0.095833333,0.013740458,Nuclear Receptor,-36.93904809,5.46E-299,-1.167531646,0.121637159,-1.301201656,0.096594719,124,0.124,1.32E-298,0.294632964,0.230934288,0.258138365
Epi,HMDB0006219,13-cis-Retinoic acid,Oligo,RXRB,0.214399433,0.162166667,0.13129771,Nuclear Receptor,-36.87930188,4.96E-298,-1.165643249,0.12201847,-1.301201656,0.096594719,124,0.124,1.20E-297,0.295364294,0.230934288,0.258138365
Epi,HMDB0002369,9-cis-Retinoic acid,Oligo,RXRB,0.214399433,0.162166667,0.13129771,Nuclear Receptor,-36.87930188,4.96E-298,-1.165643249,0.12201847,-1.301201656,0.096594719,124,0.124,1.20E-297,0.295364294,0.230934288,0.258138365
Oligo,HMDB0000067,Cholesterol,NK,LDLR,0.183234927,0.396946565,0.037833333,Receptor,-36.10511023,9.43E-286,-1.141173391,0.127035626,-1.29428037,0.097784297,126,0.126,2.27E-285,0.306433409,0.23352527,0.262104072
T,HMDB0000169,D-Mannose,Oligo,SLC2A1,0.056019503,0.257,0.13129771,Transporter,-36.51908845,2.76E-292,-1.154257991,0.124335229,-1.290819727,0.098383098,127,0.127,6.67E-292,0.30045147,0.234921406,0.264151062
Myeloid,HMDB0000145,Estrone,Myeloid,ESR1,0.03632903,0.662166667,0.020666667,Receptor,-36.06640968,3.81E-285,-1.139950183,0.127290145,-1.287359085,0.098984579,128,0.128,9.20E-285,0.306980241,0.236238342,0.266097224
Mast,HMDB0000517,L-Arginine,T,SLC7A1,0.027211496,0.123672884,0.018666667,Transporter,-34.368332,3.75E-259,-1.086279081,0.138808789,-1.283898442,0.099588746,129,0.129,8.96E-259,0.331737972,0.237509006,0.268007783
NK,HMDB0001085,Leukotriene B4,pDC,PPARA,0.267128865,0.083833333,0.097560976,Nuclear Receptor,-35.22724768,3.83E-272,-1.113426809,0.132896496,-1.280437799,0.100195604,130,0.13,9.19E-272,0.319221627,0.2384409,0.269932877
Oligo,HMDB0000097,Choline,Epi,SLC22A5,0.021595469,0.41221374,0.053166667,Transporter,-36.61499142,8.26E-294,-1.157289194,0.123715429,-1.280437799,0.100195604,130,0.13,2.00E-293,0.299078344,0.2384409,0.269932877
T,HMDB0001220,Prostaglandin E2,T,PTGER2,0.520305945,0.580666667,0.080166667,Receptor,-36.64253232,3.01E-294,-1.158159678,0.123537839,-1.280437799,0.100195604,130,0.13,7.27E-294,0.29867084,0.2384409,0.269932877
Mast,HMDB0000030,Biotin,Oligo,SLC5A6,0.019338207,0.028694405,0.039694656,Transporter,-37.07256229,3.89E-301,-1.171751626,0.120788082,-1.280437799,0.100195604,130,0.13,9.43E-301,0.292792788,0.2384409,0.269932877
Myeloid,HMDB0000064,Creatine,Fibro,SLC16A12,0.004636584,0.033166667,0.018735892,Transporter,-34.47437375,9.71E-261,-1.08963074,0.138069301,-1.280437799,0.100195604,130,0.13,2.32E-260,0.330137533,0.2384409,0.269932877
Endo,HMDB0000112,gamma-Aminobutyric acid,Oligo,GABBR1,0.09447886,0.741338396,0.019847328,Receptor,-36.99732185,6.32E-300,-1.169373503,0.121266055,-1.263134586,0.103270408,135,0.135,1.53E-299,0.293822299,0.245053446,0.279858458
Mast,HMDB0000660,D-Fructose,Epi,SLC2A8,0.066322311,0.367862267,0.115833333,Transporter,-34.16199224,4.44E-256,-1.079757305,0.14025544,-1.259673943,0.103893504,136,0.136,1.06E-255,0.334591356,0.246267187,0.281860873
Endo,HMDB0006219,13-cis-Retinoic acid,T,RXRB,0.1976351,0.2078785,0.056,Nuclear Receptor,-33.99465786,1.34E-253,-1.074468371,0.141436129,-1.2562133,0.104519323,137,0.137,3.18E-253,0.337189273,0.247484769,0.283808987
Endo,HMDB0002369,9-cis-Retinoic acid,T,RXRB,0.1976351,0.2078785,0.056,Nuclear Receptor,-33.99465786,1.34E-253,-1.074468371,0.141436129,-1.2562133,0.104519323,137,0.137,3.18E-253,0.337189273,0.247484769,0.283808987
pDC,HMDB0000220,Palmitic acid,Fibro,SLC27A5,0.027856546,0.506387921,0.068171558,Transporter,-32.60546463,1.72E-233,-1.030560173,0.151498277,-1.245831372,0.106413155,140,0.14,4.07E-233,0.359185802,0.251663005,0.289335664
Mast,HMDB0000089,Cytidine,pDC,SLC29A1,0.047916528,0.188809182,0.091753775,Transporter,-34.88527578,6.22E-267,-1.102618111,0.135229297,-1.24237073,0.107049905,141,0.141,1.49E-266,0.324330825,0.253024268,0.291075215
Fibro,HMDB0000286,Uridine diphosphate glucose,B,P2RY14,0.282252761,0.459593679,0.022166667,Receptor,-34.08395671,6.38E-255,-1.077290838,0.140805211,-1.238910087,0.107689399,142,0.142,1.52E-254,0.33575769,0.254408615,0.293011658
pDC,HMDB0000574,L-Cysteine,Myeloid,SLC7A11,0.020441296,0.490127758,0.020833333,Transporter,-33.02970289,1.52E-239,-1.043969061,0.148376127,-1.231988802,0.108976634,144,0.144,3.61E-239,0.352338748,0.257210965,0.296528555
Epi,HMDB0000574,L-Cysteine,Fibro,SLC43A2,0.086981022,0.488833333,0.096613995,Transporter,-32.22990617,3.36E-228,-1.018689905,0.15429842,-1.228528159,0.109624383,145,0.145,7.96E-228,0.365301317,0.258537019,0.298532064
Endo,HMDB0006247,25-Hydroxycholesterol,Epi,ESR1,0.007121224,0.019458946,0.028666667,Receptor,-34.92321734,1.65E-267,-1.10381733,0.134969096,-1.221606873,0.110928164,147,0.147,3.96E-267,0.323777147,0.261518677,0.302574467
NK,HMDB0000641,L-Glutamine,pDC,SLC7A6,0.332723306,0.1745,0.155632985,Transporter,-33.9931144,1.41E-253,-1.074419587,0.141447051,-1.214685588,0.112243016,149,0.149,3.36E-253,0.337191025,0.264166938,0.306291144
Fibro,HMDB0000089,Cytidine,Fibro,SLC29A2,0.007854491,0.441083521,0.011286682,Transporter,-31.55920223,6.70E-219,-0.997490981,0.159383897,-1.214685588,0.112243016,149,0.149,1.58E-218,0.375701964,0.264166938,0.306291144
Fibro,HMDB0000641,L-Glutamine,Myeloid,SLC1A5,0.735277174,0.548758465,0.162833333,Transporter,-31.99146619,7.17E-225,-1.011153538,0.156093893,-1.197382375,0.115578775,154,0.154,1.69E-224,0.368971497,0.271515788,0.316019839
B,HMDB0000660,D-Fructose,pDC,SLC2A8,0.0712711,0.247333333,0.113821138,Transporter,-32.14210534,5.69E-227,-1.015914786,0.154957971,-1.197382375,0.115578775,154,0.154,1.35E-226,0.366521997,0.271515788,0.316019839
pDC,HMDB0001388,alpha-Linolenic acid,B,SLC27A5,0.035606621,0.734030197,0.023166667,Transporter,-31.72246322,3.81E-221,-1.002651167,0.158135996,-1.190461089,0.116932607,156,0.156,8.98E-221,0.372934796,0.274520839,0.319886012
Epi,HMDB0001256,Spermine,Oligo,SLC22A4,0.040931959,0.488833333,0.010687023,Transporter,-32.04225756,1.41E-225,-1.0127589,0.155710279,-1.187000446,0.117613722,157,0.157,3.33E-225,0.368143588,0.276041566,0.321856807
Mast,HMDB0015531,Iron,Endo,SLC40A1,1.065853562,1,0.115804461,Transporter,-30.87469306,1.31E-209,-0.975855715,0.164686104,-1.187000446,0.117613722,157,0.157,3.06E-209,0.385755435,0.276041566,0.321856807
Fibro,HMDB0001256,Spermine,Oligo,SLC22A4,0.040725519,0.47020316,0.010687023,Transporter,-31.47689011,9.00E-218,-0.994889344,0.160015499,-1.183539804,0.118297641,158,0.158,2.12E-217,0.377002848,0.277528663,0.323406097
Epi,HMDB0000517,L-Arginine,Mast,SLC7A1,0.027236864,0.332166667,0.01061693,Transporter,-32.78863605,4.28E-236,-1.036349667,0.150144914,-1.180079161,0.118984366,159,0.159,1.01E-235,0.356283365,0.278981548,0.325292045
Epi,HMDB0000112,gamma-Aminobutyric acid,Mast,SLC6A6,0.363667303,0.745333333,0.054806313,Transporter,-31.74517852,1.85E-221,-1.003369129,0.15796288,-1.180079161,0.118984366,159,0.159,4.37E-221,0.372646077,0.278981548,0.325292045
Myeloid,HMDB0000089,Cytidine,pDC,SLC29A1,0.047362349,0.395166667,0.091753775,Transporter,-33.50606771,1.97E-246,-1.059025514,0.144922074,-1.176618518,0.119673902,160,0.16,4.68E-246,0.34485411,0.280538679,0.327075099
B,HMDB0000034,Adenine,pDC,SLC29A3,0.193261772,0.546166667,0.039488966,Transporter,-32.11390837,1.41E-226,-1.015023565,0.155170178,-1.173157876,0.120366251,161,0.161,3.33E-226,0.366945267,0.282061798,0.329017719
Mast,HMDB0000517,L-Arginine,B,SLC7A1,0.026999825,0.123672884,0.016333333,Transporter,-30.45165788,5.69E-204,-0.962484852,0.168019508,-1.173157876,0.120366251,161,0.161,1.33E-203,0.392507991,0.282061798,0.329017719
Oligo,HMDB0000169,D-Mannose,pDC,SLC2A3,0.358985651,0.630534351,0.117305459,Transporter,-30.45843451,4.63E-204,-0.962699041,0.16796577,-1.16623659,0.121759401,163,0.163,1.08E-203,0.392410148,0.285164946,0.332755643
Endo,HMDB0001256,Spermine,Endo,SLC22A4,0.035306486,0.273849075,0.013289037,Transporter,-31.60180339,1.74E-219,-0.998837475,0.15905765,-1.159315305,0.123163843,165,0.165,4.11E-219,0.37498634,0.287761925,0.336630917
pDC,HMDB0000067,Cholesterol,Oligo,SCARB1,0.06552677,0.137049942,0.064122137,Receptor,-27.34922547,5.52E-165,-0.864426342,0.193780618,-1.145472734,0.126006692,169,0.169,1.26E-164,0.442598569,0.292915338,0.343943679
pDC,HMDB0000067,Cholesterol,Endo,LDLR,0.181033967,0.137049942,0.149501661,Receptor,-32.15658369,3.57E-227,-1.016372403,0.154849083,-1.145472734,0.126006692,169,0.169,8.45E-227,0.366316798,0.292915338,0.343943679
pDC,HMDB0000673,Linoleic acid,B,SLC27A5,0.032798876,0.730545877,0.023166667,Transporter,-30.95854481,9.75E-211,-0.978506016,0.164030506,-1.145472734,0.126006692,169,0.169,2.29E-210,0.38476435,0.292915338,0.343943679
Mast,HMDB0015531,Iron,Epi,TFRC,1.032343512,1,0.183333333,Receptor,-29.61351608,5.01E-193,-0.935993724,0.174751311,-1.131630163,0.128894977,173,0.173,1.16E-192,0.406284216,0.299146244,0.351651928
Epi,HMDB0000053,Androstenedione,Myeloid,AR,0.020736613,0.645333333,0.014666667,Nuclear Receptor,-29.07772247,3.43E-186,-0.919058907,0.179143305,-1.131630163,0.128894977,173,0.173,7.95E-186,0.414366602,0.299146244,0.351651928
T,HMDB0000220,Palmitic acid,pDC,SLC27A5,0.027337863,0.3925,0.040650407,Transporter,-30.86310168,1.87E-209,-0.975489347,0.164776866,-1.128169521,0.129624167,174,0.174,4.38E-209,0.385934817,0.300564618,0.353619451
pDC,HMDB0000067,Cholesterol,Epi,RORB,0.010935547,0.137049942,0.017833333,Nuclear Receptor,-28.75456575,3.97E-182,-0.9088449,0.181825601,-1.124708878,0.130356209,175,0.175,9.13E-182,0.418207726,0.302198524,0.355586249
Endo,HMDB0001220,Prostaglandin E2,Epi,PTGER1,0.05756487,0.637399146,0.021833333,Receptor,-28.71718757,1.16E-181,-0.907663489,0.182137466,-1.124708878,0.130356209,175,0.175,2.68E-181,0.418837032,0.302198524,0.355586249
Epi,HMDB0000641,L-Glutamine,Epi,SLC7A6,0.29924889,0.5595,0.080333333,Transporter,-29.2093241,7.38E-188,-0.923218437,0.178058153,-1.121248235,0.131091107,176,0.176,1.71E-187,0.413008425,0.303795815,0.357530379
Endo,HMDB0001388,alpha-Linolenic acid,pDC,SLC27A5,0.038578507,0.589938301,0.040650407,Transporter,-31.07859185,2.34E-212,-0.98230034,0.163094869,-1.117787592,0.131828861,177,0.177,5.50E-212,0.382759512,0.305313133,0.359143015
Fibro,HMDB0000112,gamma-Aminobutyric acid,pDC,GABBR1,0.086481747,0.774717833,0.013937282,Receptor,-29.56124806,2.35E-192,-0.934341689,0.175176723,-1.11432695,0.132569475,178,0.178,5.47E-192,0.407187467,0.306963946,0.361105663
NK,HMDB0000660,D-Fructose,Endo,SLC2A8,0.067397487,0.278333333,0.079734219,Transporter,-29.12764041,8.02E-187,-0.920636662,0.178731205,-1.110866307,0.13331295,179,0.179,1.86E-186,0.41387641,0.30842655,0.363089839
pDC,HMDB0000207,Oleic acid,Endo,SLC27A5,0.032042321,0.259001161,0.041290935,Transporter,-27.16909954,7.53E-163,-0.858733106,0.195346887,-1.103945022,0.134808494,181,0.181,1.71E-162,0.444397385,0.31125566,0.366899381
Myeloid,HMDB0000112,gamma-Aminobutyric acid,B,SLC6A6,0.359180109,0.898666667,0.028833333,Transporter,-29.77588231,4.01E-195,-0.941125629,0.173433997,-1.103945022,0.134808494,181,0.181,9.33E-195,0.403590081,0.31125566,0.366899381
Mast,HMDB0000034,Adenine,pDC,SLC29A3,0.190060305,0.51276901,0.039488966,Transporter,-29.03315158,1.26E-185,-0.917650156,0.179511767,-1.103945022,0.134808494,181,0.181,2.90E-185,0.414759144,0.31125566,0.366899381
B,HMDB0000169,D-Mannose,T,SLC2A3,0.312434301,0.225833333,0.370333333,Transporter,-28.42403403,5.10E-178,-0.898397791,0.184594994,-1.097023736,0.136315508,183,0.183,1.17E-177,0.423899979,0.314647372,0.370613069
Epi,HMDB0001452,Thromboxane A2,Fibro,TBXA2R,0.02435527,0.059333333,0.038148984,Receptor,-27.47250341,1.87E-166,-0.868322785,0.192713098,-1.097023736,0.136315508,183,0.183,4.28E-166,0.440342645,0.314647372,0.370613069
Endo,HMDB0000097,Choline,Fibro,SLC22A5,0.020825046,0.384432843,0.028216704,Transporter,-29.77239287,4.45E-195,-0.941015339,0.173462241,-1.093563094,0.137073322,184,0.184,1.04E-194,0.403627429,0.316021937,0.372478747
Epi,HMDB0000112,gamma-Aminobutyric acid,Oligo,GABBR1,0.088395024,0.745333333,0.019847328,Receptor,-27.86460757,3.58E-171,-0.880716012,0.189341687,-1.093563094,0.137073322,184,0.184,8.20E-171,0.433476956,0.316021937,0.372478747
NK,HMDB0000112,gamma-Aminobutyric acid,Fibro,SLC6A1,0.022595641,0.281,0.019187359,Transporter,-29.03889402,1.06E-185,-0.917831657,0.179464269,-1.093563094,0.137073322,184,0.184,2.46E-185,0.414707295,0.316021937,0.372478747
NK,HMDB0000030,Biotin,B,SLC5A6,0.016228884,0.026833333,0.025,Transporter,-27.49227596,1.09E-166,-0.868947736,0.192542214,-1.090102451,0.137834008,185,0.185,2.48E-166,0.440012931,0.317642949,0.374342829
Epi,HMDB0000574,L-Cysteine,Epi,SLC43A2,0.085854605,0.488833333,0.125333333,Transporter,-27.01375294,5.09E-161,-0.853823069,0.196703856,-1.079720523,0.140133326,188,0.188,1.16E-160,0.446900793,0.322291071,0.379439024
Myeloid,HMDB0001388,alpha-Linolenic acid,pDC,SLC27A5,0.038336971,0.594833333,0.040650407,Transporter,-29.56576759,2.06E-192,-0.934484538,0.175139912,-1.07625988,0.140905523,189,0.189,4.79E-192,0.407130493,0.323505085,0.381341055
Mast,HMDB0000234,Testosterone,Endo,AR,0.015700184,0.067431851,0.032273374,Nuclear Receptor,-27.7278783,1.61E-169,-0.876394413,0.190513169,-1.072799237,0.141680602,190,0.19,3.69E-169,0.435917731,0.325059119,0.38312519
Endo,HMDB0000517,L-Arginine,Oligo,SLC7A2,0.014690295,0.181775036,0.01221374,Transporter,-25.27248024,3.21E-141,-0.798786703,0.21230198,-1.072799237,0.141680602,190,0.19,7.20E-141,0.476420037,0.325059119,0.38312519
Mast,HMDB0000517,L-Arginine,Fibro,SLC7A1,0.02680775,0.123672884,0.036343115,Transporter,-25.92342734,1.81E-148,-0.819361173,0.206387903,-1.072799237,0.141680602,190,0.19,4.09E-148,0.46535692,0.325059119,0.38312519
Fibro,HMDB0000660,D-Fructose,pDC,SLC2A5,0.025673282,0.68013544,0.010452962,Transporter,-25.99852245,2.57E-149,-0.821734703,0.205711985,-1.065877952,0.143239408,192,0.192,5.81E-149,0.464263612,0.327523102,0.386898819
Fibro,HMDB0000034,Adenine,Oligo,SLC29A3,0.190176007,0.670880361,0.036641221,Transporter,-26.34438625,2.98E-153,-0.832666412,0.202615952,-1.03819281,0.14959015,200,0.2,6.73E-153,0.458507419,0.339907596,0.402333779
Epi,HMDB0001852,all-trans-Retinoic acid,Oligo,RXRB,0.203281239,0.162,0.13129771,Nuclear Receptor,-25.58239513,1.20E-144,-0.808582176,0.209474016,-1.031271525,0.151206754,202,0.202,2.69E-144,0.470488562,0.343180441,0.406184314
B,HMDB0001452,Thromboxane A2,Fibro,TBXA2R,0.024088406,0.027333333,0.038148984,Receptor,-25.02889033,1.48E-138,-0.791087563,0.214540333,-1.02435024,0.152834938,204,0.204,3.32E-138,0.481279907,0.346448189,0.409534207
pDC,HMDB0000067,Cholesterol,Oligo,RORB,0.013008678,0.137049942,0.013740458,Nuclear Receptor,-24.67942691,8.89E-135,-0.78004208,0.217775438,-1.020889597,0.153653374,205,0.205,1.99E-134,0.48655869,0.347993615,0.411466861
Myeloid,HMDB0000030,Biotin,B,SLC5A6,0.016074671,0.067333333,0.025,Transporter,-25.98999325,3.21E-149,-0.82146512,0.205788689,-1.017428954,0.154474707,206,0.206,7.25E-149,0.464313645,0.349781967,0.413398812
pDC,HMDB0001311,D-Lactic acid,Myeloid,SLC16A1,0.12821413,0.300813008,0.05,Transporter,-25.5045331,8.78E-144,-0.806121193,0.21018241,-1.007047026,0.156956088,209,0.209,1.97E-143,0.471951547,0.354915051,0.418911227
Mast,HMDB0001388,alpha-Linolenic acid,T,SLC27A5,0.034942926,0.472596844,0.033666667,Transporter,-24.73904877,2.03E-135,-0.781926547,0.217221512,-1.003586383,0.15778901,210,0.21,4.55E-135,0.48568171,0.356701014,0.420559051
Endo,HMDB0000034,Adenine,Oligo,SLC29A3,0.189083565,0.562885619,0.036641221,Transporter,-25.46889001,2.18E-143,-0.804994622,0.210507162,-1.003586383,0.15778901,210,0.21,4.90E-143,0.472616636,0.356701014,0.420559051
pDC,HMDB0000030,Biotin,B,SLC5A6,0.019185143,0.051103368,0.025,Transporter,-26.29760314,1.02E-152,-0.831187739,0.203033097,-1.000125741,0.15862483,211,0.211,2.31E-152,0.459325781,0.35849255,0.422459473
Epi,HMDB0000097,Choline,Epi,SLC44A1,0.213350425,0.4765,0.298333333,Transporter,-25.517431,6.31E-144,-0.806528856,0.210064966,-0.996665098,0.159463548,212,0.212,1.42E-143,0.471719837,0.360142156,0.424384639
Epi,HMDB0000112,gamma-Aminobutyric acid,Myeloid,GABBR1,0.075321564,0.745333333,0.018666667,Receptor,-24.23411437,4.86E-130,-0.765967097,0.221938409,-0.98628317,0.161997088,215,0.215,1.08E-129,0.493793194,0.365614593,0.430129949
NK,HMDB0000220,Palmitic acid,Fibro,SLC27A5,0.025016037,0.321333333,0.068171558,Transporter,-24.17973058,1.82E-129,-0.76424819,0.222449912,-0.982822527,0.162847396,216,0.216,4.04E-129,0.494731714,0.367458506,0.432078322
Fibro,HMDB0000034,Adenine,Fibro,SLC29A3,0.171341775,0.670880361,0.040632054,Transporter,-26.16238228,3.56E-151,-0.826913816,0.204241687,-0.968979956,0.166277595,220,0.22,8.06E-151,0.461839039,0.374687752,0.4395485
Oligo,HMDB0000169,D-Mannose,Oligo,SLC2A3,0.34595323,0.630534351,0.094656489,Transporter,-23.40479035,1.91E-121,-0.739754672,0.229811332,-0.968979956,0.166277595,220,0.22,4.20E-121,0.505183271,0.374687752,0.4395485
Fibro,HMDB0000574,L-Cysteine,Myeloid,SLC7A11,0.01875728,0.450790068,0.020833333,Transporter,-24.71676088,3.53E-135,-0.781222094,0.217428485,-0.968979956,0.166277595,220,0.22,7.90E-135,0.486045983,0.374687752,0.4395485
pDC,HMDB0000207,Oleic acid,Mast,SLC27A5,0.031101038,0.259001161,0.028981349,Transporter,-23.3646847,4.89E-121,-0.738487054,0.230195992,-0.962058671,0.168010067,222,0.222,1.07E-120,0.505781484,0.377922746,0.443410572
NK,HMDB0000673,Linoleic acid,Epi,SLC27A5,0.031120529,0.3295,0.0845,Transporter,-24.81440295,3.13E-136,-0.784308265,0.21652259,-0.958598028,0.168880643,223,0.223,7.02E-136,0.485266396,0.37975199,0.445273572
Mast,HMDB0000089,Cytidine,Epi,SLC29A1,0.044070578,0.188809182,0.132666667,Transporter,-24.41763711,5.56E-132,-0.771767696,0.220217273,-0.955137385,0.169754113,224,0.224,1.24E-131,0.491516637,0.381120608,0.447189385
T,HMDB0001452,Thromboxane A2,Fibro,TBXA2R,0.023858029,0.026333333,0.038148984,Receptor,-22.73734673,9.57E-115,-0.718658797,0.236259613,-0.951676743,0.170630474,225,0.225,2.09E-114,0.51612071,0.382958278,0.449050347
Mast,HMDB0000169,D-Mannose,Epi,SLC2A1,0.050655789,0.245624103,0.2275,Transporter,-24.56924118,1.35E-133,-0.776559442,0.21880128,-0.951676743,0.170630474,225,0.225,3.01E-133,0.488652746,0.382958278,0.449050347
Endo,HMDB0000034,Adenine,Fibro,SLC29A3,0.170357524,0.562885619,0.040632054,Transporter,-24.012374,1.03E-127,-0.758958554,0.22402819,-0.9482161,0.171509726,226,0.226,2.29E-127,0.49617495,0.384332269,0.450937368
Oligo,HMDB0000121,Folic acid,Endo,SLC19A1,0.017589538,0.161832061,0.013289037,Transporter,-20.87874706,4.18E-97,-0.659914079,0.254730539,-0.941294815,0.1732769,228,0.228,9.01E-97,0.549074033,0.386695346,0.454599121
Fibro,HMDB0001903,Calcitriol,pDC,VDR,0.002853499,0.011738149,0.020905923,Nuclear Receptor,-22.54224719,8.00E-113,-0.71249229,0.238163177,-0.941294815,0.1732769,228,0.228,1.74E-112,0.518427014,0.386695346,0.454599121
Myeloid,HMDB0000043,Betaine,Fibro,SLC6A12,0.004953165,0.038333333,0.010158014,Transporter,-23.18202844,3.46E-119,-0.732713841,0.231952429,-0.937834172,0.174164818,229,0.229,7.59E-119,0.509126353,0.38859828,0.456510479
T,HMDB0000207,Oleic acid,Oligo,SLC27A5,0.03232383,0.092666667,0.103816794,Transporter,-22.73713629,9.62E-115,-0.718652145,0.236261662,-0.934373529,0.175055624,230,0.23,2.10E-114,0.51612071,0.390533204,0.458448753
Myeloid,HMDB0000112,gamma-Aminobutyric acid,pDC,SLC6A6,0.37486231,0.898666667,0.041811847,Transporter,-24.23203694,5.11E-130,-0.765901436,0.221957936,-0.930912887,0.175949314,231,0.231,1.14E-129,0.493797658,0.39239471,0.460303413
Myeloid,HMDB0000089,Cytidine,Epi,SLC29A1,0.043560879,0.395166667,0.132666667,Transporter,-22.62000014,1.38E-113,-0.714949825,0.237403544,-0.917070316,0.179552897,235,0.235,3.00E-113,0.517454056,0.399113619,0.467710901
B,HMDB0000097,Choline,Epi,SLC22A5,0.019790146,0.229833333,0.053166667,Transporter,-21.86685358,2.69E-106,-0.691145139,0.244817451,-0.903227745,0.183202518,239,0.239,5.82E-106,0.530539324,0.406925469,0.475328967
B,HMDB0000123,Glycine,Oligo,SLC36A1,0.007107122,0.202166667,0.025954198,Transporter,-22.13689461,6.98E-109,-0.69968032,0.242144927,-0.89630646,0.185044555,241,0.241,1.51E-108,0.525401318,0.410851541,0.478875015
Myeloid,HMDB0006247,25-Hydroxycholesterol,Oligo,NR1H3,0.025715643,0.050666667,0.027480916,Nuclear Receptor,-21.16040713,1.11E-99,-0.668816503,0.251883527,-0.892845817,0.185969873,242,0.242,2.39E-99,0.54378716,0.412297576,0.480775464
B,HMDB0000097,Choline,Fibro,SLC44A3,0.018718154,0.229833333,0.04221219,Transporter,-22.54397995,7.69E-113,-0.712547057,0.238146234,-0.892845817,0.185969873,242,0.242,1.67E-112,0.518424225,0.412297576,0.480775464
NK,HMDB0000169,D-Mannose,Endo,SLC2A1,0.050473168,0.246166667,0.056953014,Transporter,-22.56443559,4.85E-113,-0.713193598,0.237946264,-0.889385174,0.186898055,243,0.243,1.05E-112,0.518057051,0.414161185,0.482559395
NK,HMDB0000169,D-Mannose,NK,SLC2A3,0.309693686,0.246166667,0.287,Transporter,-19.92360712,1.27E-88,-0.629724993,0.264509259,-0.865160675,0.193475303,250,0.25,2.72E-88,0.56723398,0.427762509,0.495419984
T,HMDB0000673,Linoleic acid,Oligo,SLC27A5,0.033033862,0.219333333,0.103816794,Transporter,-20.5296609,5.85E-94,-0.648880521,0.258282371,-0.854778747,0.196336823,253,0.253,1.26E-93,0.555355754,0.432990129,0.500496055
Fibro,HMDB0000641,L-Glutamine,pDC,SLC38A2,1.045986996,0.548758465,0.279907085,Transporter,-20.24109058,2.13E-91,-0.639759686,0.261237764,-0.851318104,0.197296335,254,0.254,4.57E-91,0.560908796,0.435019231,0.502384225
Myeloid,HMDB0006247,25-Hydroxycholesterol,Endo,ABCA1,0.052066907,0.050666667,0.044613194,Transporter,-21.72480977,5.98E-105,-0.686655564,0.246229577,-0.847857462,0.198258679,255,0.255,1.30E-104,0.533424896,0.43679195,0.504301846
Endo,HMDB0000673,Linoleic acid,NK,SLC27A5,0.031316476,0.589463692,0.021,Transporter,-20.47075291,1.96E-93,-0.647018618,0.258884264,-0.844396819,0.19922385,256,0.256,4.22E-93,0.556305298,0.438772335,0.5061283
T,HMDB0000097,Choline,Epi,SLC44A3,0.01848515,0.163833333,0.118666667,Transporter,-19.98726278,3.55E-89,-0.631736956,0.263851653,-0.837475534,0.201162662,258,0.258,7.62E-89,0.565897084,0.442453592,0.509382642
pDC,HMDB0000660,D-Fructose,pDC,SLC2A5,0.024219407,0.68524971,0.010452962,Transporter,-18.23633084,1.33E-74,-0.576395291,0.282238932,-0.823632963,0.20507407,262,0.262,2.82E-74,0.59835449,0.449503458,0.516879247
Epi,HMDB0000292,Xanthine,Epi,ADORA1,0.017221431,0.265666667,0.043666667,Receptor,-18.9834467,1.17E-80,-0.600009365,0.274318033,-0.823632963,0.20507407,262,0.262,2.49E-80,0.584293879,0.449503458,0.516879247
Epi,HMDB0000286,Uridine diphosphate glucose,Fibro,P2RY14,0.271653443,0.438333333,0.04221219,Receptor,-19.43138038,2.09E-84,-0.614167194,0.269622342,-0.823632963,0.20507407,262,0.262,4.47E-84,0.575959956,0.449503458,0.516879247
Epi,HMDB0000641,L-Glutamine,Endo,SLC43A1,0.152826333,0.5595,0.027052682,Transporter,-18.5417868,4.75E-77,-0.58604983,0.278987204,-0.82017232,0.20605894,263,0.263,1.01E-76,0.593360949,0.451273713,0.518697492
Mast,HMDB0000641,L-Glutamine,Oligo,SLC7A5,0.723651819,0.810329986,0.047328244,Transporter,-18.72457765,1.56E-78,-0.591827296,0.277050074,-0.813251035,0.208037072,265,0.265,3.32E-78,0.589430353,0.455364839,0.522455179
Fibro,HMDB0001452,Thromboxane A2,Endo,TBXA2R,0.024539184,0.021670429,0.070716659,Receptor,-17.67243786,3.42E-70,-0.558572338,0.288289397,-0.813251035,0.208037072,265,0.265,7.23E-70,0.610048527,0.455364839,0.522455179
pDC,HMDB0000030,Biotin,Myeloid,SLC5A6,0.017850351,0.051103368,0.047666667,Transporter,-19.05813357,2.81E-81,-0.60236999,0.273532289,-0.809790392,0.209030328,266,0.266,5.99E-81,0.582770261,0.455824965,0.524333016
NK,HMDB0000660,D-Fructose,Oligo,SLC2A8,0.067904758,0.278333333,0.083969466,Transporter,-17.07147832,1.21E-65,-0.539577824,0.294804227,-0.78210525,0.217076361,274,0.274,2.54E-65,0.619517486,0.468062507,0.539652505
Myeloid,HMDB0000157,Hypoxanthine,Fibro,SLC29A2,0.031033798,0.477,0.011286682,Transporter,-17.55385333,2.78E-69,-0.55482424,0.289569541,-0.764802037,0.222194717,279,0.279,5.88E-69,0.612561628,0.477729467,0.548065282
pDC,HMDB0000207,Oleic acid,pDC,SLC27A5,0.03140582,0.259001161,0.040650407,Transporter,-16.79010314,1.44E-63,-0.530684405,0.297877721,-0.744038181,0.228426688,285,0.285,3.02E-63,0.624627974,0.48922183,0.55783218
Epi,HMDB0001852,all-trans-Retinoic acid,Mast,RARA,0.297474654,0.162,0.136011478,Nuclear Receptor,-17.84547478,1.57E-71,-0.564041512,0.28642624,-0.737116895,0.230525633,287,0.287,3.32E-71,0.606493638,0.493525545,0.561514363
Myeloid,HMDB0000641,L-Glutamine,Oligo,SLC7A5,0.714520048,0.850333333,0.047328244,Transporter,-16.17658944,3.69E-59,-0.511293091,0.304629412,-0.733656253,0.231579134,288,0.288,7.70E-59,0.635604736,0.495620673,0.563370959
T,HMDB0000292,Xanthine,Fibro,ADORA1,0.017564392,0.181833333,0.01738149,Receptor,-18.18537155,3.37E-74,-0.574784621,0.282783191,-0.73019561,0.232635313,289,0.289,7.14E-74,0.599354782,0.497623682,0.565059956
Epi,HMDB0000641,L-Glutamine,Fibro,SLC3A2,1.016112031,0.5595,0.399322799,Transporter,-16.70176561,6.36E-63,-0.527892323,0.298845652,-0.73019561,0.232635313,289,0.289,1.33E-62,0.62637988,0.497623682,0.565059956
Oligo,HMDB0000169,D-Mannose,Mast,SLC2A1,0.052393258,0.630534351,0.013773314,Transporter,-16.74534617,3.06E-63,-0.529269772,0.298367953,-0.723274325,0.234755682,291,0.291,6.42E-63,0.62549745,0.50141402,0.568567381
Fibro,HMDB0000121,Folic acid,Fibro,SLC19A1,0.016131182,0.117832957,0.027539503,Transporter,-16.06841088,2.12E-58,-0.507873894,0.305826948,-0.719813682,0.23581986,292,0.292,4.43E-58,0.637902323,0.503199933,0.570352886
NK,HMDB0000517,L-Arginine,Fibro,SLC7A2,0.012794563,0.053666667,0.037020316,Transporter,-16.85025209,5.22E-64,-0.532585531,0.297219478,-0.716353039,0.236886692,293,0.293,1.10E-63,0.623563715,0.505378634,0.57220485
pDC,HMDB0000145,Estrone,Epi,ESR1,0.034233791,0.515679443,0.028666667,Receptor,-17.15079321,3.10E-66,-0.542084728,0.293940514,-0.709431754,0.239028294,295,0.295,6.52E-66,0.617898579,0.509422223,0.575567345
pDC,HMDB0000169,D-Mannose,Epi,SLC2A3,0.318817303,0.636469222,0.105166667,Transporter,-15.8516213,6.85E-57,-0.501021831,0.308233066,-0.699049826,0.242260447,298,0.298,1.43E-56,0.642170571,0.515613476,0.580701754
Fibro,HMDB0000806,Myristic acid,NK,SLC27A2,0.011245953,0.081038375,0.011,Transporter,-14.91452195,1.33E-50,-0.471402953,0.318727968,-0.699049826,0.242260447,298,0.298,2.75E-50,0.661186748,0.515613476,0.580701754
pDC,HMDB0000030,Biotin,Oligo,SLC5A6,0.017497061,0.051103368,0.039694656,Transporter,-15.07598149,1.17E-51,-0.476506201,0.316908996,-0.699049826,0.242260447,298,0.298,2.42E-51,0.657908165,0.515613476,0.580701754
Endo,HMDB0001220,Prostaglandin E2,Epi,SLCO2A1,0.200571649,0.637399146,0.059,Transporter,-16.56187191,6.57E-62,-0.523470705,0.300381413,-0.685207255,0.246606573,302,0.302,1.38E-61,0.629120778,0.524189415,0.588150153
Endo,HMDB0000067,Cholesterol,Endo,RORA,0.394595373,0.257712387,0.13146654,Nuclear Receptor,-16.30025685,4.91E-60,-0.515201844,0.30326298,-0.681746612,0.247699594,303,0.303,1.03E-59,0.633672409,0.526411336,0.589993529
Epi,HMDB0006219,13-cis-Retinoic acid,Epi,RXRG,0.011306207,0.162166667,0.011166667,Nuclear Receptor,-13.04968364,3.19E-39,-0.412461051,0.34004501,-0.678285969,0.248795196,304,0.304,6.53E-39,0.696416892,0.528637887,0.591836255
Epi,HMDB0002369,9-cis-Retinoic acid,Epi,RXRG,0.011306207,0.162166667,0.011166667,Nuclear Receptor,-13.04968364,3.19E-39,-0.412461051,0.34004501,-0.678285969,0.248795196,304,0.304,6.53E-39,0.696416892,0.528637887,0.591836255
NK,HMDB0000123,Glycine,Oligo,SLC36A1,0.006759516,0.178666667,0.025954198,Transporter,-15.76288588,2.80E-56,-0.498217172,0.309220321,-0.674825327,0.249893374,305,0.305,5.83E-56,0.643803788,0.53086905,0.59364342
Myeloid,HMDB0002369,9-cis-Retinoic acid,pDC,VDR,0.096536474,0.360333333,0.020905923,Nuclear Receptor,-14.75889728,1.35E-49,-0.466484128,0.320485355,-0.664443399,0.253203282,308,0.308,2.80E-49,0.664415963,0.537728002,0.599165442
Endo,HMDB0000097,Choline,Oligo,SLC44A2,0.188178071,0.384432843,0.19389313,Transporter,-15.47718335,2.47E-54,-0.489186979,0.312408355,-0.660982756,0.254311686,309,0.309,5.14E-54,0.649134749,0.539528061,0.60089889
Endo,HMDB0000112,gamma-Aminobutyric acid,pDC,GABBR1,0.077479162,0.741338396,0.013937282,Receptor,-14.7827972,9.46E-50,-0.467239532,0.320215203,-0.660982756,0.254311686,309,0.309,1.96E-49,0.663980656,0.539528061,0.60089889
NK,HMDB0000112,gamma-Aminobutyric acid,Fibro,GABRB2,0.015346066,0.281,0.013544018,Receptor,-14.40667309,2.35E-47,-0.455351386,0.324477705,-0.647140185,0.25877061,313,0.313,4.87E-47,0.672089452,0.54828493,0.608212986
Mast,HMDB0000641,L-Glutamine,Oligo,SLC38A1,1.048188638,0.810329986,0.085496183,Transporter,-16.17747683,3.64E-59,-0.511321139,0.304619597,-0.626376329,0.265534066,319,0.319,7.59E-59,0.635604736,0.561286007,0.619181376
Fibro,HMDB0000097,Choline,Endo,SLC44A4,0.042264354,0.588713318,0.016611296,Transporter,-13.45471013,1.44E-41,-0.425262715,0.335368379,-0.622915686,0.266669965,320,0.32,2.97E-41,0.68969825,0.563147622,0.620903922
Myeloid,HMDB0001311,D-Lactic acid,Endo,SLC16A1,0.125501994,0.3645,0.049359279,Transporter,-13.65988656,8.81E-43,-0.431747721,0.333008971,-0.622915686,0.266669965,320,0.32,1.81E-42,0.685484883,0.563147622,0.620903922
Endo,HMDB0000673,Linoleic acid,Myeloid,SLC27A5,0.030665078,0.589463692,0.047833333,Transporter,-12.94455674,1.26E-38,-0.409138308,0.341262932,-0.609073115,0.271237988,324,0.324,2.58E-38,0.698781505,0.571845695,0.628039353
pDC,HMDB0000030,Biotin,T,SLC5A6,0.016899659,0.051103368,0.023166667,Transporter,-13.97684386,1.08E-44,-0.441765783,0.329377154,-0.60215183,0.273536538,326,0.326,2.23E-44,0.680293511,0.575738231,0.631657203
Myeloid,HMDB0001341,ADP,pDC,P2RY1,0.00327635,0.601833333,0.013937282,Receptor,-11.72136015,4.95E-32,-0.370476761,0.355552912,-0.598691187,0.274689418,327,0.327,1.01E-31,0.724233932,0.578091284,0.633483554
NK,HMDB0001311,D-Lactic acid,T,SLC16A1,0.123104204,0.156333333,0.034333333,Transporter,-14.07580083,2.67E-45,-0.444893514,0.328246542,-0.598691187,0.274689418,327,0.327,5.53E-45,0.678169935,0.578091284,0.633483554
NK,HMDB0000030,Biotin,Myeloid,SLC5A6,0.015099771,0.026833333,0.047666667,Transporter,-13.57628284,2.77E-42,-0.42910526,0.333969572,-0.584848616,0.279324756,331,0.331,5.70E-42,0.687334006,0.58661566,0.640670136
pDC,HMDB0000030,Biotin,Fibro,SLC5A6,0.016969865,0.051103368,0.046501129,Transporter,-14.06196487,3.25E-45,-0.444456201,0.328404527,-0.581387974,0.2804895,332,0.332,6.72E-45,0.678411649,0.588949662,0.642117565
pDC,HMDB0000574,L-Cysteine,Fibro,SLC43A2,0.086016902,0.490127758,0.096613995,Transporter,-12.77855635,1.08E-37,-0.403891537,0.343189461,-0.577927331,0.281656591,333,0.333,2.21E-37,0.702378727,0.591175216,0.643901157
T,HMDB0002925,Dihomo-gamma-linolenic acid,Oligo,SLC27A5,0.040584413,0.057666667,0.103816794,Transporter,-12.93279899,1.47E-38,-0.408766681,0.341399251,-0.56408476,0.286348225,337,0.337,3.01E-38,0.698974158,0.599350337,0.651255255
T,HMDB0003073,gamma-Linolenic acid,Oligo,SLC27A5,0.040584413,0.057666667,0.103816794,Transporter,-12.93279899,1.47E-38,-0.408766681,0.341399251,-0.56408476,0.286348225,337,0.337,3.01E-38,0.698974158,0.599350337,0.651255255
Endo,HMDB0001852,all-trans-Retinoic acid,pDC,RXRA,0.222995256,0.2078785,0.072009292,Nuclear Receptor,-13.29864596,1.18E-40,-0.420329998,0.337167396,-0.56408476,0.286348225,337,0.337,2.42E-40,0.691989322,0.599350337,0.651255255
NK,HMDB0000641,L-Glutamine,Fibro,SLC43A1,0.147194975,0.1745,0.085553047,Transporter,-12.91977842,1.74E-38,-0.40835514,0.341550237,-0.560624118,0.287526903,338,0.338,3.56E-38,0.69921537,0.601665223,0.653073376
Myeloid,HMDB0000641,L-Glutamine,Oligo,SLC38A1,1.036411402,0.850333333,0.085496183,Transporter,-12.3236307,3.38E-35,-0.389512713,0.348489964,-0.557163475,0.288707871,339,0.339,6.90E-35,0.711759651,0.60390739,0.654776215
pDC,HMDB0000030,Biotin,NK,SLC5A6,0.01669759,0.051103368,0.018833333,Transporter,-12.20644691,1.44E-34,-0.385808887,0.349860177,-0.557163475,0.288707871,339,0.339,2.93E-34,0.713736325,0.60390739,0.654776215
T,HMDB0000827,Stearic acid,Oligo,SLC27A5,0.032467531,0.057666667,0.103816794,Transporter,-12.40757123,1.19E-35,-0.392165819,0.347509673,-0.553702832,0.289891118,340,0.34,2.43E-35,0.710210556,0.606229215,0.656592765
Fibro,HMDB0000517,L-Arginine,Oligo,SLC7A1,0.02641279,0.133634312,0.097709924,Transporter,-11.25645565,1.08E-29,-0.355782535,0.361039271,-0.550242189,0.291076635,341,0.341,2.19E-29,0.73310839,0.608516176,0.658331875
Endo,HMDB0000641,L-Glutamine,Epi,SLC38A7,0.16905568,0.38822971,0.067333333,Transporter,-14.25346321,2.13E-46,-0.450508885,0.326220651,-0.550242189,0.291076635,341,0.341,4.41E-46,0.674447443,0.608516176,0.658331875
B,HMDB0000034,Adenine,Oligo,SLC29A3,0.17223306,0.546166667,0.036641221,Transporter,-10.9519421,3.25E-28,-0.346157783,0.364648514,-0.546781547,0.292264411,342,0.342,6.60E-28,0.739847115,0.610844984,0.660108461
Epi,HMDB0000641,L-Glutamine,Oligo,SLC3A2,1.026313567,0.5595,0.309923664,Transporter,-11.77476367,2.63E-32,-0.372164685,0.354924584,-0.546781547,0.292264411,342,0.342,5.37E-32,0.723176592,0.610844984,0.660108461
Myeloid,HMDB0000030,Biotin,Myeloid,SLC5A6,0.014956288,0.067333333,0.047666667,Transporter,-10.92584601,4.34E-28,-0.345332964,0.364958383,-0.546781547,0.292264411,342,0.342,8.80E-28,0.740430431,0.610844984,0.660108461
Endo,HMDB0000234,Testosterone,pDC,AR,0.015296527,0.108685335,0.068524971,Nuclear Receptor,-12.44267332,7.66E-36,-0.39327529,0.347100039,-0.536399619,0.295841197,345,0.345,1.57E-35,0.709504804,0.618125466,0.665743602
Endo,HMDB0000286,Uridine diphosphate glucose,Fibro,P2RY14,0.268200432,0.294731846,0.04221219,Receptor,-12.38740134,1.53E-35,-0.39152831,0.347745132,-0.529478333,0.298236835,347,0.347,3.12E-35,0.710604017,0.62242366,0.669290834
NK,HMDB0000112,gamma-Aminobutyric acid,Epi,SLC6A8,0.127350386,0.281,0.131,Transporter,-12.57243238,1.50E-36,-0.397376582,0.345587334,-0.526017691,0.299437958,348,0.348,3.06E-36,0.706674539,0.624733464,0.67106321
Fibro,HMDB0000641,L-Glutamine,Endo,SLC38A7,0.168881514,0.548758465,0.028001898,Transporter,-10.48203162,5.22E-26,-0.331305333,0.370241673,-0.522557048,0.300641269,349,0.349,1.06E-25,0.750045865,0.627125409,0.672873952
Oligo,HMDB0000067,Cholesterol,Epi,RORA,0.391027789,0.396946565,0.149666667,Nuclear Receptor,-11.76339359,3.01E-32,-0.371805311,0.355058328,-0.522557048,0.300641269,349,0.349,6.14E-32,0.72340457,0.627125409,0.672873952
Oligo,HMDB0006219,13-cis-Retinoic acid,Oligo,RXRG,0.0118527,0.024427481,0.047328244,Nuclear Receptor,-8.674781829,2.07E-18,-0.27418363,0.392000095,-0.519096405,0.301846758,350,0.35,4.14E-18,0.784094945,0.629441673,0.674605485
Oligo,HMDB0002369,9-cis-Retinoic acid,Oligo,RXRG,0.0118527,0.024427481,0.047328244,Nuclear Receptor,-8.674781829,2.07E-18,-0.27418363,0.392000095,-0.519096405,0.301846758,350,0.35,4.14E-18,0.784094945,0.629441673,0.674605485
Mast,HMDB0000660,D-Fructose,B,SLC2A5,0.021313135,0.367862267,0.017333333,Transporter,-12.4987284,3.79E-36,-0.395047022,0.346446259,-0.519096405,0.301846758,350,0.35,7.75E-36,0.708255894,0.629441673,0.674605485
Fibro,HMDB0001903,Calcitriol,Mast,VDR,0.002490897,0.011738149,0.015781923,Nuclear Receptor,-10.49194634,4.70E-26,-0.331618707,0.370123373,-0.515635762,0.303054414,351,0.351,9.53E-26,0.749852103,0.631840583,0.676414765
Epi,HMDB0015531,Iron,Endo,SLC40A1,1.02630405,0.995,0.115804461,Transporter,-12.36964526,1.91E-35,-0.390967094,0.347952461,-0.51217512,0.304264227,352,0.352,3.90E-35,0.710939905,0.634243083,0.677828844
Endo,HMDB0000641,L-Glutamine,NK,SLC7A5,0.679319098,0.38822971,0.088333333,Transporter,-11.99328546,1.93E-33,-0.379071498,0.352357662,-0.505253834,0.306690282,354,0.354,3.93E-33,0.718344334,0.638978305,0.681363028
Oligo,HMDB0000262,Thymine,Epi,SLC29A2,0.081090148,0.157251908,0.073333333,Transporter,-10.69321152,5.48E-27,-0.337980091,0.3677246,-0.498332549,0.309124835,356,0.356,1.11E-26,0.745631234,0.643847976,0.684973551
T,HMDB0000112,gamma-Aminobutyric acid,Myeloid,SLC6A12,0.020937502,0.241666667,0.035833333,Transporter,-11.34121926,4.10E-30,-0.358461657,0.360036796,-0.498332549,0.309124835,356,0.356,8.33E-30,0.731209058,0.643847976,0.684973551
Endo,HMDB0006219,13-cis-Retinoic acid,pDC,RXRA,0.222995256,0.2078785,0.072009292,Nuclear Receptor,-11.16193667,3.13E-29,-0.352795076,0.362158248,-0.481029335,0.315247825,361,0.361,6.35E-29,0.735155036,0.651395405,0.693063047
Endo,HMDB0002369,9-cis-Retinoic acid,pDC,RXRA,0.222995256,0.2078785,0.072009292,Nuclear Receptor,-11.16193667,3.13E-29,-0.352795076,0.362158248,-0.481029335,0.315247825,361,0.361,6.35E-29,0.735155036,0.651395405,0.693063047
Myeloid,HMDB0000673,Linoleic acid,NK,SLC27A5,0.030477409,0.593166667,0.021,Transporter,-10.84641526,1.04E-27,-0.342822398,0.365902098,-0.477568693,0.316478609,362,0.362,2.10E-27,0.742163088,0.653652936,0.694700835
Fibro,HMDB0000112,gamma-Aminobutyric acid,T,SLC6A6,0.349769677,0.774717833,0.044666667,Transporter,-10.69916493,5.13E-27,-0.338168261,0.367653723,-0.477568693,0.316478609,362,0.362,1.04E-26,0.745533188,0.653652936,0.694700835
Mast,HMDB0001852,all-trans-Retinoic acid,NK,RXRA,0.215901861,0.307890961,0.027333333,Nuclear Receptor,-10.26230845,5.21E-25,-0.324360548,0.372866493,-0.463726122,0.32142199,366,0.366,1.05E-24,0.754066827,0.662705112,0.700792503
Fibro,HMDB0000641,L-Glutamine,NK,SLC38A5,0.26520898,0.548758465,0.027833333,Transporter,-10.23161287,7.16E-25,-0.323390353,0.373233658,-0.463726122,0.32142199,366,0.366,1.45E-24,0.754490905,0.662705112,0.700792503
pDC,HMDB0001085,Leukotriene B4,Endo,PPARA,0.232712501,0.260162602,0.03986711,Nuclear Receptor,-10.16685704,1.39E-24,-0.321343617,0.374008612,-0.453344194,0.325150457,369,0.369,2.82E-24,0.755688258,0.669933404,0.706087409
B,HMDB0001085,Leukotriene B4,Endo,PPARA,0.230768918,0.193833333,0.03986711,Nuclear Receptor,-9.611069194,3.59E-22,-0.303776844,0.380680583,-0.449883551,0.326397204,370,0.37,7.23E-22,0.767108688,0.672376616,0.707469239
pDC,HMDB0000574,L-Cysteine,Epi,SLC43A2,0.08490297,0.490127758,0.125333333,Transporter,-9.658035324,2.27E-22,-0.305261301,0.380115369,-0.446422908,0.327645894,371,0.371,4.58E-22,0.766685764,0.674780929,0.709176484
Epi,HMDB0000641,L-Glutamine,Fibro,SLC38A7,0.167924382,0.5595,0.039954853,Transporter,-10.1602523,1.49E-24,-0.321134862,0.374087681,-0.442962266,0.328896514,372,0.372,3.01E-24,0.755801883,0.675884685,0.710964836
Mast,HMDB0000034,Adenine,Oligo,SLC29A3,0.169379942,0.51276901,0.036641221,Transporter,-8.398786252,2.26E-17,-0.265460244,0.39535485,-0.429119695,0.33391806,376,0.376,4.50E-17,0.789278983,0.684673715,0.718112054
NK,HMDB0000112,gamma-Aminobutyric acid,Epi,GABRB2,0.014576148,0.281,0.018166667,Receptor,-9.304173012,6.75E-21,-0.294076783,0.38438016,-0.425659052,0.335178152,377,0.377,1.36E-20,0.772775953,0.687129743,0.719897312
Endo,HMDB0006247,25-Hydroxycholesterol,Epi,NR1H3,0.024255826,0.019458946,0.092666667,Nuclear Receptor,-10.26057832,5.30E-25,-0.324305864,0.372887185,-0.425659052,0.335178152,377,0.377,1.07E-24,0.754066827,0.687129743,0.719897312
Endo,HMDB0000067,Cholesterol,NK,LDLR,0.163483914,0.257712387,0.037833333,Receptor,-9.105180977,4.31E-20,-0.287787246,0.386784645,-0.418737767,0.337703896,379,0.379,8.65E-20,0.777326761,0.692050455,0.723507699
Endo,HMDB0000112,gamma-Aminobutyric acid,Endo,SLC6A8,0.128178907,0.741338396,0.026578073,Transporter,-9.278093653,8.63E-21,-0.293252493,0.384695034,-0.415277124,0.338969523,380,0.38,1.73E-20,0.773362018,0.694386137,0.725165754
NK,HMDB0000034,Adenine,Myeloid,SLC35F5,0.424077565,0.570166667,0.102333333,Transporter,-8.936278621,2.01E-19,-0.282448753,0.388828972,-0.397973911,0.345324709,385,0.385,4.04E-19,0.780534839,0.707011063,0.734368697
Myeloid,HMDB0000121,Folic acid,B,FOLR2,0.041644207,0.118666667,0.0375,Transporter,-7.269674444,1.80E-13,-0.229772433,0.409157822,-0.387591983,0.349159002,388,0.388,3.57E-13,0.811500024,0.713581313,0.739239049
pDC,HMDB0000121,Folic acid,Fibro,SLC19A1,0.015789554,0.089430894,0.027539503,Transporter,-7.260321993,1.93E-13,-0.229476831,0.40927265,-0.38413134,0.350440552,389,0.389,3.83E-13,0.811679132,0.716023597,0.740547536
T,HMDB0001388,alpha-Linolenic acid,Oligo,SLC27A5,0.034266848,0.219666667,0.103816794,Transporter,-8.721999517,1.37E-18,-0.275676039,0.391426956,-0.38413134,0.350440552,389,0.389,2.73E-18,0.783216544,0.716023597,0.740547536
Epi,HMDB0000181,L-Dopa,Epi,SLC16A10,9.44E-05,0.0105,0.026166667,Transporter,-7.529592865,2.54E-14,-0.237987669,0.40596973,-0.359906841,0.359458401,396,0.396,5.07E-14,0.807984972,0.733272098,0.752747947
Epi,HMDB0001852,all-trans-Retinoic acid,Epi,RXRG,0.010719896,0.162,0.011166667,Nuclear Receptor,-5.303008903,5.70E-08,-0.167612081,0.433461195,-0.349524913,0.363347636,399,0.399,1.12E-07,0.85417429,0.738838109,0.75788477
Oligo,HMDB0000089,Cytidine,Fibro,SLC29A2,0.007082041,0.345038168,0.011286682,Transporter,-5.929964774,1.51E-09,-0.187428261,0.425681463,-0.335682342,0.368555211,403,0.403,2.99E-09,0.840017363,0.74901317,0.765043588
Endo,HMDB0001085,Leukotriene B4,Fibro,PPARA,0.228607758,0.179401993,0.064334086,Nuclear Receptor,-6.963114498,1.66E-12,-0.220083,0.412925739,-0.332221699,0.36986093,404,0.404,3.30E-12,0.817797042,0.75143609,0.766722092
Myeloid,HMDB0001852,all-trans-Retinoic acid,Oligo,RXRA,0.217670163,0.360333333,0.05648855,Nuclear Receptor,-5.943124033,1.40E-09,-0.187844185,0.425518472,-0.325300414,0.372476859,406,0.406,2.76E-09,0.839805527,0.754666342,0.770164479
pDC,HMDB0000112,gamma-Aminobutyric acid,Fibro,SLC6A12,0.020303533,0.534262485,0.010158014,Transporter,-4.952903922,3.66E-07,-0.156546321,0.43781702,-0.321839771,0.373787041,407,0.407,7.19E-07,0.861066154,0.757089161,0.771751833
Myeloid,HMDB0000030,Biotin,Oligo,SLC5A6,0.014660276,0.067333333,0.039694656,Transporter,-4.41732923,5.00E-06,-0.139618424,0.444494813,-0.321839771,0.373787041,407,0.407,9.82E-06,0.873232003,0.757089161,0.771751833
T,HMDB0000660,D-Fructose,pDC,SLC2A8,0.063833929,0.2685,0.113821138,Transporter,-6.693342171,1.09E-11,-0.211556312,0.416248173,-0.321839771,0.373787041,407,0.407,2.16E-11,0.823982687,0.757089161,0.771751833
NK,HMDB0000030,Biotin,Oligo,SLC5A6,0.01480092,0.026833333,0.039694656,Transporter,-5.278915539,6.50E-08,-0.166850562,0.433760699,-0.314918486,0.376411773,409,0.409,1.28E-07,0.854662726,0.761752854,0.775277746
Endo,HMDB0000673,Linoleic acid,B,SLC27A5,0.030135646,0.589463692,0.023166667,Transporter,-5.941765678,1.41E-09,-0.187801251,0.425535296,-0.304536558,0.380359573,412,0.412,2.78E-09,0.839805527,0.769365794,0.780517399
T,HMDB0001311,D-Lactic acid,Endo,SLC16A1,0.122312445,0.188166667,0.049359279,Transporter,-5.849707312,2.46E-09,-0.184891565,0.426675807,-0.29415463,0.384319874,415,0.415,4.86E-09,0.841755229,0.777138972,0.785930885
Fibro,HMDB0001903,Calcitriol,T,VDR,0.002353437,0.011738149,0.015666667,Nuclear Receptor,-6.332240501,1.21E-10,-0.20014298,0.420704747,-0.290693987,0.385642685,416,0.416,2.39E-10,0.830866774,0.779766212,0.787689491
Endo,HMDB0000641,L-Glutamine,pDC,SLC38A5,0.267736354,0.38822971,0.06155633,Transporter,-7.027407396,1.05E-12,-0.222115104,0.412134839,-0.287233344,0.386966828,417,0.417,2.08E-12,0.816328357,0.782252474,0.789402345
Oligo,HMDB0001852,all-trans-Retinoic acid,Oligo,RXRG,0.010655058,0.024427481,0.047328244,Nuclear Receptor,-3.04804497,0.001151677,-0.096339487,0.461635136,-0.287233344,0.386966828,417,0.417,0.002255252,0.903988819,0.782252474,0.789402345
NK,HMDB0000806,Myristic acid,Mast,SLC27A2,0.010872861,0.012166667,0.041893831,Transporter,-4.031183468,2.77E-05,-0.127413523,0.449319377,-0.273390773,0.392276422,421,0.421,5.44E-05,0.881645112,0.791005152,0.796245929
Mast,HMDB0002369,9-cis-Retinoic acid,NK,RXRA,0.215950172,0.307890961,0.027333333,Nuclear Receptor,-5.787048298,3.58E-09,-0.182911103,0.427452442,-0.266469488,0.394938828,423,0.423,7.06E-09,0.843086392,0.795888901,0.799617362
Mast,HMDB0006219,13-cis-Retinoic acid,NK,RXRA,0.215950172,0.307890961,0.027333333,Nuclear Receptor,-5.787048298,3.58E-09,-0.182911103,0.427452442,-0.266469488,0.394938828,423,0.423,7.06E-09,0.843086392,0.795888901,0.799617362
Epi,HMDB0000112,gamma-Aminobutyric acid,pDC,GABBR1,0.072489999,0.745333333,0.013937282,Receptor,-6.321208261,1.30E-10,-0.199794285,0.420841066,-0.259548203,0.397606148,425,0.425,2.56E-10,0.831086408,0.800922803,0.80289367
NK,HMDB0000517,L-Arginine,Epi,SLC7A1,0.024736933,0.053666667,0.094333333,Transporter,-4.111960312,1.96E-05,-0.129966635,0.448309494,-0.259548203,0.397606148,425,0.425,3.85E-05,0.87992435,0.800922803,0.80289367
Mast,HMDB0000673,Linoleic acid,T,SLC27A5,0.030256819,0.471162123,0.033666667,Transporter,-5.906411727,1.75E-09,-0.18668382,0.425973223,-0.25608756,0.398941614,426,0.426,3.45E-09,0.840419245,0.803417341,0.804599144
Epi,HMDB0006247,25-Hydroxycholesterol,Oligo,NR1H3,0.023034432,0.068,0.027480916,Nuclear Receptor,-2.732491877,0.003142861,-0.086365808,0.465596467,-0.252626917,0.400278264,427,0.427,0.006151177,0.911260823,0.805864031,0.806257844
B,HMDB0000112,gamma-Aminobutyric acid,Oligo,SLC6A12,0.020265966,0.204166667,0.033587786,Transporter,-1.825336929,0.0339751,-0.057693382,0.477002201,-0.249166274,0.401616083,428,0.428,0.066350571,0.931495581,0.807329791,0.807869526
Oligo,HMDB0003550,Calcidiol,Fibro,VDR,0.013840058,0.025954198,0.072009029,Nuclear Receptor,-3.160188439,0.000788336,-0.099884003,0.460228228,-0.238784346,0.405636404,431,0.431,0.001544201,0.901500435,0.815064954,0.813207547
Myeloid,HMDB0002369,9-cis-Retinoic acid,Oligo,RXRA,0.218007848,0.360333333,0.05648855,Nuclear Receptor,-4.269730651,9.79E-06,-0.134953279,0.446338,-0.231863061,0.408322188,433,0.433,1.92E-05,0.876262621,0.819715212,0.815261661
pDC,HMDB0002925,Dihomo-gamma-linolenic acid,T,SLC27A5,0.038957798,0.166085947,0.033666667,Transporter,-4.333184967,7.35E-06,-0.136958878,0.445545448,-0.231863061,0.408322188,433,0.433,1.44E-05,0.875069977,0.819715212,0.815261661
pDC,HMDB0003073,gamma-Linolenic acid,T,SLC27A5,0.038957798,0.166085947,0.033666667,Transporter,-4.333184967,7.35E-06,-0.136958878,0.445545448,-0.231863061,0.408322188,433,0.433,1.44E-05,0.875069977,0.819715212,0.815261661
Myeloid,HMDB0006219,13-cis-Retinoic acid,Oligo,RXRA,0.218007848,0.360333333,0.05648855,Nuclear Receptor,-4.269730651,9.79E-06,-0.134953279,0.446338,-0.231863061,0.408322188,433,0.433,1.92E-05,0.876262621,0.819715212,0.815261661
Mast,HMDB0001311,D-Lactic acid,T,SLC16A1,0.12107756,0.172740316,0.034333333,Transporter,-5.597257082,1.09E-08,-0.176912376,0.429806538,-0.221481133,0.412358913,436,0.436,2.15E-08,0.847325576,0.827417557,0.820630047
Mast,HMDB0000641,L-Glutamine,B,SLC38A2,1.004885942,0.810329986,0.074666667,Transporter,-4.580143745,2.32E-06,-0.144764498,0.442463006,-0.204177919,0.419107233,441,0.441,4.57E-06,0.869635147,0.838265116,0.829380682
Endo,HMDB0006247,25-Hydroxycholesterol,Myeloid,ESR1,0.005615334,0.019458946,0.020666667,Receptor,-3.219991227,0.000640973,-0.101774189,0.459478168,-0.204177919,0.419107233,441,0.441,0.001255619,0.900084475,0.838265116,0.829380682
Oligo,HMDB0000145,Estrone,Myeloid,ESR1,0.032880835,0.490076336,0.020666667,Receptor,-3.784210766,7.71E-05,-0.119607463,0.452409078,-0.197256634,0.421813357,443,0.443,0.000151209,0.887286868,0.843524777,0.833000057
NK,HMDB0000030,Biotin,T,SLC5A6,0.014295572,0.026833333,0.023166667,Transporter,-3.111794792,0.000929769,-0.098354427,0.460835296,-0.193795991,0.423167813,444,0.444,0.001821134,0.90263615,0.846028909,0.834738157
Epi,HMDB0000574,L-Cysteine,B,SLC43A2,0.081319889,0.488833333,0.054833333,Transporter,-3.064208186,0.001091235,-0.096850358,0.461432329,-0.17995342,0.428594568,448,0.448,0.002137144,0.903698603,0.855328603,0.8417802
pDC,HMDB0000827,Stearic acid,T,SLC27A5,0.031166239,0.166085947,0.033666667,Transporter,-3.406689,0.00032878,-0.107675141,0.457137505,-0.176492778,0.429953411,449,0.449,0.000644438,0.896029574,0.857213463,0.842415826
Myeloid,HMDB0000673,Linoleic acid,Myeloid,SLC27A5,0.029843464,0.593166667,0.047833333,Transporter,-2.075087986,0.018989191,-0.065587258,0.473859778,-0.169571492,0.432673572,451,0.451,0.037104026,0.925900747,0.861028992,0.845640968
Epi,HMDB0000097,Choline,Myeloid,SLC22A5,0.018564412,0.4765,0.031333333,Transporter,-1.825151525,0.033989083,-0.057687522,0.477004535,-0.162650207,0.435396927,453,0.453,0.066373962,0.931495581,0.866031986,0.849006285
pDC,HMDB0001256,Spermine,Oligo,SLC22A4,0.028449008,0.355400697,0.010687023,Transporter,-1.664728629,0.047983454,-0.05261704,0.47902378,-0.159189564,0.436759763,454,0.454,0.093663522,0.93505261,0.868064618,0.850254611
NK,HMDB0000030,Biotin,Fibro,SLC5A6,0.01435496,0.026833333,0.046501129,Transporter,-2.953396985,0.001571487,-0.093347951,0.462822928,-0.148807636,0.440852712,457,0.457,0.003076973,0.906207567,0.874309454,0.854133258
Fibro,HMDB0001388,alpha-Linolenic acid,NK,SLC27A5,0.033347193,0.60993228,0.021,Transporter,-3.28711096,0.000506105,-0.103895641,0.45863651,-0.148807636,0.440852712,457,0.457,0.000991775,0.898754868,0.874309454,0.854133258
Oligo,HMDB0000641,L-Glutamine,Oligo,SLC7A6,0.282390888,0.850381679,0.01221374,Transporter,-1.495871196,0.067343612,-0.047279967,0.481149772,-0.148807636,0.440852712,457,0.457,0.131415727,0.938925684,0.874309454,0.854133258
Myeloid,HMDB0001341,ADP,Fibro,P2RY1,0.002910587,0.601833333,0.013544018,Receptor,-0.783797462,0.216579482,-0.024773468,0.490120301,-0.124583137,0.450426789,464,0.464,0.421990867,0.954942643,0.890256567,0.864434063
Fibro,HMDB0000641,L-Glutamine,Epi,SLC38A1,1.002375519,0.548758465,0.299,Transporter,-2.091796553,0.018228359,-0.066115366,0.473649603,-0.121122495,0.451797006,465,0.465,0.035619499,0.925544711,0.892613693,0.865712357
Myeloid,HMDB0000030,Biotin,Fibro,SLC5A6,0.014218554,0.067333333,0.046501129,Transporter,-0.222518945,0.411954963,-0.007033151,0.497194904,-0.110740566,0.455911038,468,0.468,0.801959024,0.967896919,0.897505374,0.868610519
Myeloid,HMDB0000030,Biotin,T,SLC5A6,0.014159731,0.067333333,0.023166667,Transporter,-0.633399748,0.263236315,-0.020019851,0.492015767,-0.100358638,0.460029803,471,0.471,0.512657215,0.958209102,0.903035611,0.873786571
B,HMDB0000169,D-Mannose,Fibro,SLC2A3,0.295943056,0.225833333,0.428216704,Transporter,-1.507234576,0.06587527,-0.047639129,0.481006684,-0.096897996,0.4614037,472,0.472,0.128557953,0.938701802,0.905464071,0.875396425
Oligo,HMDB0001311,D-Lactic acid,B,SLC16A1,0.119489898,0.500763359,0.012166667,Transporter,0.255847197,0.600965586,0.008086556,0.503225227,-0.08997671,0.464152861,474,0.474,1,0.978830288,0.910481196,0.878761062
Fibro,HMDB0000220,Palmitic acid,Epi,SLC27A5,0.02336437,0.44537246,0.0845,Transporter,-0.886049215,0.187795504,-0.028005337,0.488831744,-0.079594782,0.468279773,477,0.477,0.365993357,0.952673705,0.917109075,0.883481618
Myeloid,HMDB0006247,25-Hydroxycholesterol,Mast,NR1H3,0.022532155,0.050666667,0.015208034,Nuclear Receptor,-0.782506243,0.216958559,-0.024732657,0.490136573,-0.072673497,0.47103297,479,0.479,0.422704591,0.954942643,0.921846585,0.886590617
B,HMDB0000169,D-Mannose,B,SLC2A3,0.295749912,0.225833333,0.3645,Transporter,-1.413639252,0.078733925,-0.044680863,0.482185308,-0.058830926,0.476543388,483,0.483,0.153606797,0.940724608,0.931969639,0.892397432
Epi,HMDB0000181,L-Dopa,T,SLC16A10,6.96E-05,0.0105,0.0105,Transporter,-2.066729216,0.019379838,-0.065323063,0.473964925,-0.058830926,0.476543388,483,0.483,0.037865099,0.926051532,0.931969639,0.892397432
T,HMDB0001220,Prostaglandin E2,Epi,PTGER1,0.051644176,0.580666667,0.021833333,Receptor,-0.953064337,0.170278737,-0.030123483,0.487987295,-0.055370283,0.477921735,484,0.484,0.331894135,0.951147065,0.934444411,0.893546768
Mast,HMDB0000112,gamma-Aminobutyric acid,Myeloid,SLC6A8,0.124133012,0.827833572,0.02,Transporter,-0.884054136,0.188333495,-0.027942279,0.488856884,-0.048448998,0.480679205,486,0.486,0.367020235,0.952673705,0.938339331,0.896888938
pDC,HMDB0000220,Palmitic acid,T,SLC27A5,0.023665817,0.506387921,0.033666667,Transporter,-0.107287538,0.457280436,-0.003391035,0.498647514,-0.044988355,0.482058295,487,0.487,0.890142462,0.97066765,0.940809527,0.898534002
Oligo,HMDB0000067,Cholesterol,T,LDLR,0.156558669,0.396946565,0.039,Receptor,-0.305852778,0.379858371,-0.009667082,0.496144417,-0.041527712,0.4834376,488,0.488,0.73951959,0.965908729,0.943278977,0.899676952