B	CD4+ T	CD8+ T1	CD8+ T2	CD8+ T3	DNAJB1+PTGDR+ NK	Endo	Epi	Fibro	KLRC2+PTGDR+ NK	Mast	Myeloid	Oligo	pDC	PTGDR- NK	PTGDR+ NK1	PTGDR+ NK2	PTGDS+PTGDR+ NK
TCGA-35-5375_T_LUAD	0.345722929945191	0.254163194451961	0.309040641060637	0.179070167869292	0.231899351344903	0.337678431624195	0.351936224393308	0.104018992849613	0.361540075822366	0.257564828448628	0.173076670947993	0.395845947958115	-0.103986830697885	0.0903229296366345	0.455485437188594	0.337278588155187	0.2358983800041	0.16837507161175
TCGA-55-A4DF_T_LUAD	0.389430364839343	0.285974468944218	0.329871425588574	0.176235043657224	0.247997317728069	0.336383001766235	0.342878775135011	0.236783612559735	0.24656533640743	0.240570460453607	0.0805475468025448	0.377835258257918	-0.181293024893372	0.214248842184778	0.445579908815308	0.324140248357057	0.293707255074597	0.139672410227426
TCGA-95-8039_T_LUAD	0.301355778151823	0.345436405174769	0.294476854277282	0.203657934980307	0.136093521311913	0.312124135911329	0.452191723670397	0.276669730636825	0.35771853095684	0.187833840744895	0.259594458888403	0.357451115288299	-0.282019697685816	0.153230714734362	0.39180624221627	0.342219251963118	0.276415815319164	0.127092889313184
TCGA-MP-A4T4_T_LUAD	0.367506614059752	0.29958820326767	0.427306577774173	0.229033375195219	0.228477979948562	0.407178111368253	0.397687322655922	0.163121864649693	0.387004727194797	0.299790387598588	0.228303435057183	0.405258942432399	-0.116876204378921	0.139781836127607	0.529482694304341	0.422351830721444	0.396694701350768	0.138534003858118
TCGA-62-A471_T_LUAD	0.295509059631981	0.167245782512963	0.249614717729127	0.0141734142771706	0.0530526149200867	0.286915898063559	0.369026577440823	0.0709552636598857	0.182091339847199	0.309123726864104	0.177533577976349	0.29589003437225	-0.19181810651589	0.104150119244958	0.366901008297045	0.282532052126303	0.28611666017635	0.105139979536164
TCGA-L9-A5IP_T_LUAD	0.195133670239143	0.160203562775629	0.247079280058837	0.122058978540921	0.189968057438832	0.268181053584187	0.416361778195865	0.108699769705233	0.212626435899569	0.282246754418101	0.167465352997694	0.349805959695956	-0.146105472638749	0.059414413990585	0.4242881599964	0.329027133072959	0.251832600122813	0.231781762649039
TCGA-50-5936_T_LUAD	0.314567980475222	0.276809036266678	0.25162427782544	0.114576500590737	0.0751923233307701	0.289909193374848	0.390017817475937	0.159435109095624	0.372100045552682	0.176073814828628	0.184061175812424	0.410867459541893	-0.117556955689904	0.122820619926294	0.31319012316915	0.289768717512579	0.279581764150848	0.0864643872591955
TCGA-49-AARR_T_LUAD	0.437805258877365	0.260648804907038	0.296430928673699	0.188978736855656	0.160414548449651	0.310855018035457	0.571497001344812	0.344677954269485	0.462950359678183	0.193502383643426	0.304532326186667	0.342772326226228	-0.103211233141861	0.190478086515482	0.379019770862068	0.411860205175538	0.324826367227859	0.203413933194782
TCGA-78-8662_T_LUAD	0.214509620765555	0.167306798763229	0.147171829756449	0.11009293717627	0.035123690047277	0.206394943817387	0.421208146131638	0.190978195309818	0.33422081619266	0.162976431776415	0.14367474612523	0.18507872167323	-0.212388411669952	0.0372047515928339	0.269925408749444	0.205001099625351	0.217238843693071	-0.0079180635352846
TCGA-05-4430_T_LUAD	0.30485936548622	0.296319444241857	0.303383161713383	0.190425140433745	0.160283301013167	0.308588112536092	0.505385667299547	0.385441450108935	0.467614576096774	0.230923262967746	0.323871719044325	0.478802129579149	-0.131453357566861	0.270566597967962	0.411547356871329	0.343338672414786	0.312171948983873	0.190373168672903
TCGA-44-7659_T_LUAD	0.405726909785317	0.163211378702521	0.270174590609734	0.0999744945237901	0.126077439971041	0.245013066210944	0.38605059204158	0.260889799118843	0.333755696612105	0.119819984188374	0.226025891158748	0.314568547113897	-0.192996622622548	0.0464928580714475	0.341084744058883	0.317320362238495	0.269946814385581	0.101041337080362
TCGA-44-6146_T_LUAD	0.0592167378211624	0.101343805671901	0.125609679294526	0.0594336275268529	0.115777570396317	0.126858006472477	0.422185373275282	0.158486034393218	0.322476200740023	0.0160139947998277	0.0129963724251979	0.136442869826607	-0.238193724665343	0.0413693685673553	0.196204273188615	0.257592856596416	0.133170498054845	0.00520036184750924
TCGA-L9-A50W_T_LUAD	0.247803943614925	0.198068860060061	0.11083984516635	0.0966249361260787	0.192723328118826	0.206531664846048	0.401688922725263	0.251241855034366	0.316857550833651	0.111397904906332	0.307422426875364	0.315251340868314	-0.22722678381436	0.0796924880469852	0.318795475764772	0.300942224293127	0.23461572143048	0.0706524337701479
TCGA-75-7025_T_LUAD	0.445440153969607	0.2789656284894	0.298951846384062	0.158177479868343	0.171045154791242	0.28224004799728	0.471048583456901	0.221279725738328	0.463204802084809	0.143359501395994	0.26205044851665	0.337966092852914	-0.134318077707676	0.0536780753944666	0.392591255619389	0.383081498111267	0.249103116793096	0.109318493056061
TCGA-05-4424_T_LUAD	0.259041793656204	0.263129007599007	0.318960918773965	0.164869169150294	0.228851193871909	0.299691330672282	0.491376487376492	0.305504200708574	0.453209806773146	0.181263192753177	0.276549349121691	0.406662421602889	-0.181526078988395	0.228977670633025	0.396801930309395	0.338060317623149	0.288802207718966	0.110563517970944
TCGA-62-A46P_T_LUAD	0.275090577751749	0.134036230150393	0.181082309986384	-0.0186807471982388	0.151238371336152	0.127707302850433	0.473936455849429	0.0168937053903422	0.320423736000213	0.127297097122299	0.212466265245051	0.312201081949963	-0.26023744954469	0.194810575904842	0.317592533638682	0.283878281363616	0.203883346091563	0.18898499434752
TCGA-38-4627_T_LUAD	0.292966940367475	0.280110748240313	0.28163649489907	0.240794402703935	0.207778484130953	0.284326730979494	0.542668407085798	0.250215338072562	0.520371069370763	0.223993316672862	0.332454443849691	0.471579187464527	-0.11880698745296	0.284206859922101	0.392133004994656	0.328417313913617	0.288720818770468	0.224603904277617
TCGA-86-8073_T_LUAD	0.20788619910014	0.173798115471977	0.255986260820693	0.103410670515137	0.084085105460725	0.291107306984666	0.442757304604582	0.213176834510609	0.440172625593359	0.0966256671937578	0.203796474382255	0.346061349480394	-0.160988845524484	0.109054963619375	0.344701609704333	0.283188937088859	0.233782363384648	0.0982089911269654
TCGA-69-7765_T_LUAD	0.389282950874189	0.223466279595552	0.324673458453083	0.120708915130041	0.141219981327077	0.349299231418773	0.437297159483318	0.221157857099881	0.427426194899583	0.153156468414038	0.186190091114202	0.418863548519405	-0.241152911464404	0.0108439023641742	0.383686097712689	0.290416996247531	0.296121047279367	0.0799587187495213
TCGA-55-6984_T_LUAD	0.412406827268959	0.264534202381588	0.290476360614678	0.128306585360591	0.197266860604509	0.272217156117667	0.445044099538521	0.266469121607067	0.301787962837829	0.158957996511138	0.151632858514493	0.342259294918374	-0.233032372181861	0.225762774341072	0.315044412163216	0.260679975751884	0.205693600337646	0.175327798832017
TCGA-69-7764_T_LUAD	0.364074708248496	0.246494395976558	0.322834640502646	0.157085009439874	0.192711633948392	0.263111896534114	0.418425741405082	0.122850064851949	0.29536061899177	0.123072128288166	0.133774660364224	0.173443191072448	-0.265657196666719	0.00346437863593353	0.406167328901364	0.290672640216544	0.248363089411753	0.0550194007436926
TCGA-NJ-A4YI_T_LUAD	0.134479223155593	0.166769378896174	0.175122641615122	0.111316745802425	0.111972366234079	0.260626168444392	0.34551706312765	0.228840538665957	0.361481206747393	-0.0444219382594657	0.0862261522824039	0.390894475770386	-0.135052883967027	0.1336198092451	0.311005587999676	0.179965975260507	0.171723724409323	0.000113359586498076
TCGA-86-A4P7_T_LUAD	0.4005668719364	0.258268001099453	0.348770693757223	0.18850886954757	0.150084734469099	0.333050684226887	0.564964925022332	0.292149506232862	0.43682576973285	0.20514281085171	0.277132639747561	0.378761645794567	-0.173770547598411	0.117598610168867	0.441327373811752	0.390435570899734	0.321677515861176	0.166472026320093
TCGA-55-8620_T_LUAD	0.399632268969078	0.207639525652967	0.303894948554603	0.126843510612335	0.219204278638331	0.293530753366538	0.333175768249596	0.0947060271455422	0.32389128975441	0.138463500337238	0.178401963034267	0.280859389586388	-0.178053422558923	0.264416565047887	0.401784767056089	0.33754688373617	0.302407438674679	0.171900776573325
TCGA-97-8177_T_LUAD	0.396293510273342	0.292631138915056	0.304102592796123	0.163049492456077	0.184998406543396	0.316618250054101	0.443706847336677	0.3773887271942	0.437973277294839	0.183022042653845	0.326933597263312	0.485513195221787	-0.240164512453518	0.181913231108781	0.412179037746326	0.318827117498236	0.275679856541481	0.13527055984858
TCGA-50-6595_T_LUAD	0.201458417173691	0.219270078264432	0.268697469204915	0.145714613592743	0.118256766123332	0.269889241932486	0.498482824581561	0.0897735441336225	0.390274608163427	0.351079010722583	0.112323118974718	0.458086613570291	-0.249198953640335	0.178672606012074	0.402144125893576	0.31124678262848	0.318166956458326	0.250156350887016
TCGA-55-A492_T_LUAD	0.218605979328919	0.205492932512437	0.165820998654801	0.0601528469717148	0.114773419798327	0.204322613053542	0.532684268934783	0.129293987382999	0.319927789406318	0.181741633581256	0.208381116998967	0.220497158189241	-0.225184009171111	0.201208742923256	0.346537417181768	0.273002331772961	0.239990625249199	0.0933644089901239
TCGA-78-7633_T_LUAD	0.171055532052837	0.165535132678555	0.16089573372307	0.0722517139908593	0.0967227607471807	0.244893925148419	0.536490119984728	0.160782351569717	0.320369132093049	0.169323740139734	0.218414740226226	0.326652797319897	-0.162254023612169	0.048953863369714	0.270595211092678	0.236446538796413	0.179684162355531	0.121572414015848
TCGA-97-A4LX_T_LUAD	0.484569170947726	0.371747349875927	0.419246338132325	0.272048626700168	0.232823522034204	0.394755634702389	0.455195432760101	0.129707714358615	0.391105134182548	0.229070816927353	0.237794344426419	0.428189875636994	-0.180292545464204	0.228348401234775	0.507588605726331	0.424919967585	0.344567559643209	0.131138996096867
TCGA-78-7220_T_LUAD	0.143345091814005	0.137713613834055	0.245726429747802	0.169551470754118	0.181660761762077	0.257428891744419	0.397964773300205	0.157802846117192	0.274889496778387	0.177416798409842	0.171827013234232	0.300402571216396	-0.283821566037035	0.118625121126894	0.372532571234226	0.245362127982418	0.222576401014801	0.0887188889564394
TCGA-53-7624_T_LUAD	0.224824836777703	0.203043521002055	0.285092482238159	0.10940238996144	0.146416098092249	0.266071154101137	0.22516282932212	0.0961375602245916	0.257667830358504	0.194347243883627	-0.12767327185985	0.354113544207714	-0.0442598437287084	0.172986077130837	0.410056774762013	0.24410071254198	0.28266798953508	0.0615698661246014
TCGA-49-AARN_T_LUAD	0.448792418315895	0.228248593410225	0.264815082160176	0.172423308034008	0.149664971304697	0.290333812177574	0.43038426690993	0.270309484855954	0.376793649223571	0.141458920616465	0.175027183055772	0.297684447742959	-0.171289259489827	0.150543917688909	0.37059437252503	0.287258665940417	0.297221873024462	0.108482381086785
TCGA-62-A46R_T_LUAD	0.347850697797989	0.352227913774359	0.322673473250819	0.205345984977405	0.138404961510277	0.291394642037048	0.346760930214926	0.0952740193673975	0.368749410988907	0.103793343471727	0.315988639510059	0.395593637176933	-0.253219467422637	0.125787336665308	0.386459118951309	0.275039831622364	0.317634211366116	0.0578036140024363
TCGA-78-7156_T_LUAD	0.132272849881419	0.103980610706108	0.163899991677269	0.130340421870867	0.114296602403845	0.264012878339214	0.500472376505335	0.0371059192839741	0.301834891230558	0.174039269630014	0.220140598960832	0.197738011841884	-0.285042237821684	0.0040968169554046	0.303543764547191	0.263145145465916	0.164346343022102	0.0778256075356189
TCGA-50-8457_T_LUAD	0.505252564278081	0.332531432739194	0.389754618237129	0.263682588252886	0.167996378678552	0.339356456910336	0.501612763780917	0.158268432597899	0.463164225533493	0.224787920221279	0.333775667966419	0.386202566765767	-0.231799347254351	0.145519700575856	0.441599127056125	0.402707845344058	0.300424282174131	0.10983420518193
TCGA-91-8496_T_LUAD	0.193562064384386	0.289573131278867	0.292965776439068	0.170124847846675	0.172980336832203	0.304363032756532	0.48704401884725	0.290202206329562	0.462629659002833	0.208312820379541	0.389494161548583	0.49506176813697	-0.216475280658839	0.11000019530311	0.380100748362728	0.351993894263439	0.189164764038059	0.158941212510936
TCGA-55-8092_T_LUAD	0.388807725992882	0.222181634776878	0.337239095688314	0.246482708982145	0.132184980527257	0.368666640237838	0.32936727566052	0.0181693584723126	0.335339448751189	0.233093031464061	0.0208726395727433	0.319671965148315	-0.241380208254579	0.121417914187552	0.477070230072406	0.351735424331004	0.315116645012276	0.0224079590108761
TCGA-NJ-A4YQ_T_LUAD	0.501346727971498	0.353395558280776	0.438481109837462	0.259622836322919	0.193511872315415	0.354810425390661	0.401940378709798	0.0952894767806074	0.337672271066498	0.288803334819432	0.236679933135542	0.386227131087941	-0.0964863293191995	0.209445968070842	0.514187535624218	0.411801121871867	0.332896951046793	0.131459098982474
TCGA-50-5072_T_LUAD	0.253844939979673	0.242427325351171	0.238186943340401	0.123726881536502	0.130531449712886	0.253944260440415	0.471486529362052	0.240298547195465	0.376000454179992	0.225530535831174	0.227670465621478	0.378853123859826	-0.182517714799645	0.157638355427278	0.336616061977566	0.273907461935632	0.24339140249816	0.19120914205903
TCGA-91-6831_T_LUAD	0.287990933822632	0.172212937784797	0.225363388730213	0.132669347143474	0.187470425284236	0.339929338951521	0.344719572797206	-0.0215972765406889	0.328694784083789	0.182811238673106	0.117384687829555	0.435159550450095	-0.308618048205766	0.0487228490019354	0.361048426942667	0.304803397513365	0.234258201397607	0.205960386905257
TCGA-91-A4BD_T_LUAD	0.283687516626105	0.232201339861899	0.235305530672326	0.122892009612161	0.18133581083594	0.283993926434896	0.44021819393695	0.269155877838405	0.247685504061902	0.185496631213768	0.324307486656218	0.477998928201278	-0.168751042671425	0.110751965065707	0.38774364583516	0.340041683436603	0.271539843517146	0.143016928916311
TCGA-69-8255_T_LUAD	0.377962461110493	0.263529729611595	0.403975896767916	0.264492407646577	0.1569948039416	0.313618346821026	0.401380528672309	0.214929200355839	0.211975168555531	0.285927933716446	0.0852086842974849	0.35180627108215	-0.286649886853492	0.117737451024314	0.522464120373079	0.413817018276664	0.355209109772613	0.0805985101386023
TCGA-69-8253_T_LUAD	0.394830307103017	0.256880628831469	0.246402614451724	0.176056273698379	0.154148491396371	0.257586486920281	0.497921722451136	0.252274407147111	0.35864358456603	0.20676671265782	0.221348114110577	0.355657235524743	-0.111569035077197	0.0857599299088988	0.334247228613975	0.25464057620963	0.221580692763275	0.157616381939377
TCGA-86-A4D0_T_LUAD	0.203803417166348	0.203370502415784	0.21848865812014	0.112198213011843	0.143055284701814	0.24142025361329	0.329326477263386	0.107946497905486	0.231208352275764	0.159913033353773	0.0387369169087008	0.298533403458945	-0.182689358511753	0.225329721418285	0.310481138109433	0.295213080598316	0.225896544347559	0.190431559707661
TCGA-78-8640_T_LUAD	0.290999463907282	0.168677941770838	0.225716171767218	0.16343460751541	0.133503609908559	0.289086417872626	0.390565744219424	0.174274965770317	0.276737531039935	0.207740672589698	0.160880753798597	0.358548310834208	-0.221501231990175	0.146288779152888	0.403708789071037	0.25849336261748	0.239143527243685	0.0345082377064818
TCGA-97-8174_T_LUAD	0.337298794301462	0.278310761565414	0.331696991480718	0.197498012255166	0.156479647803717	0.290395953312545	0.51541778438667	0.193904372939368	0.431262271799446	0.23414397009317	0.298294864248758	0.333578770105177	-0.280310476339685	0.166392764373029	0.419010703505128	0.334848549367811	0.286936327045495	0.178207276489421
TCGA-55-6987_T_LUAD	0.493586777937414	0.326909405775517	0.438366744098578	0.2859765866151	0.213216094733759	0.396753086633873	0.483921483678523	0.232436658664763	0.327797426623437	0.413485289236708	0.256316050981271	0.474879913136794	-0.220501031359562	0.147034476744526	0.546891054034923	0.464284390918477	0.347848896543707	0.231821220687085
TCGA-49-6744_T_LUAD	0.395723839922961	0.334694707403795	0.359612032789852	0.216138477975731	0.184511538570139	0.318161448951972	0.507647476015941	0.223909627052967	0.469547952251015	0.273433986403965	0.333316641373864	0.483480754240342	-0.175539318567928	0.1574375882743	0.443520365171146	0.354600367300593	0.32442374769527	0.204239136485222
TCGA-55-8096_T_LUAD	0.318262608683933	0.157600151058809	0.244553667202095	0.13844667252022	0.169427014186352	0.247771928876818	0.360195149310248	0.281989515904537	0.380787133519664	0.140439479035685	0.154391176558811	0.384333107934868	-0.227526143251489	0.117239336175995	0.354802005195223	0.277154435761766	0.239647218383894	0.0189114793865382
TCGA-J2-8192_T_LUAD	0.318747958801121	0.297269583014733	0.267383902701225	0.185284605554258	0.141160728125615	0.279237342065624	0.378032931130876	0.23225722709961	0.414580455909356	0.140648190481006	0.298251338845615	0.441671557267303	-0.247179826214148	0.151108303732095	0.370769321933759	0.275131063999517	0.252371440266301	0.055535035758366
TCGA-44-7671_T_LUAD	0.230785975950842	0.139225952130575	0.213617777888706	0.0776945308577341	0.0687592741101613	0.170690850167752	0.496835149091607	0.167600772437225	0.428956801782429	0.209663581987113	0.311663727579782	0.323580871179133	-0.224911561958837	0.144038572828686	0.2877211132021	0.260673190278978	0.211296914204889	0.121492078533562
TCGA-93-A4JN_T_LUAD	0.414384080919998	0.299999893801573	0.251565652775458	0.0877828872135106	0.133790056496694	0.268380939536908	0.461250301831433	0.188115500346261	0.425685618891815	0.147414140903591	0.283995123098792	0.335833582209265	-0.186118870734684	0.195347089028413	0.343132312224864	0.222582470777014	0.300813740118425	0.104585898063213
TCGA-49-AAR9_T_LUAD	0.085900171916086	0.119108341103506	0.142550572255082	0.04290938595846	0.0471921903043154	0.153059721708637	0.344262336079966	-0.0711545177535446	0.205498950036666	0.189962232728478	-0.00699929501988338	0.237961477776633	-0.236006427550047	0.0607104304793315	0.378190646127422	0.182793473272052	0.281557408326608	-0.012061284835902
TCGA-86-A4P8_T_LUAD	0.306642401294007	0.340914463810389	0.379845850609312	0.227604687509634	0.18008170514191	0.320553351342758	0.588241984718185	0.180635230410008	0.43445707479438	0.274717217546347	0.329279656225803	0.377934829511865	-0.19975671761968	0.175465018958482	0.445759820182075	0.42952718797071	0.319587486307134	0.276604168093117
TCGA-44-5645_T_LUAD	0.358960540301618	0.316015102420466	0.298984462456589	0.140639850047109	0.166297335069976	0.285952698948815	0.361260092378028	0.17539929021468	0.360655514946786	-0.0773123367123704	0.143204988012519	0.310596825214152	-0.232571289994428	0.0309710098224777	0.337921311308034	0.240921508346438	0.175292092468864	-0.0545042135659145
TCGA-78-7158_T_LUAD	0.131642514234636	0.182009783182068	0.160259707500774	0.085569316097692	0.125918862690292	0.220340438895326	0.33229292855921	0.227484019883291	0.258610272928642	0.00407005460758356	0.181096873714991	0.335599142456556	-0.35091405462986	0.108358073512643	0.285735366398179	0.237208056911495	0.162029320464751	-0.0223634583357953
TCGA-80-5611_T_LUAD	0.21670877197258	0.249824821264411	0.300086079036404	0.0874718300142591	0.169948235655535	0.29903109931334	0.249633732384087	0.065706494288516	0.202004269444405	0.236896111354326	0.234078328312748	0.498842765582924	-0.310631876671044	0.174230612109272	0.414413587812467	0.31895406155169	0.296391268780327	0.119600139401777
TCGA-44-4112_T_LUAD	0.291778407385697	0.226164819830261	0.294296746745113	0.180365140968787	0.14270242296758	0.275221865283055	0.407035399157003	0.22139284340197	0.396298838518619	0.268298571838039	0.270262020750975	0.421697510636741	-0.127768268806734	0.070721571853686	0.367599795721612	0.336255831889676	0.275065586155918	0.148570127417234
TCGA-71-6725_T_LUAD	0.192852758773006	0.01173685760783	0.00852874283426332	-0.138743627754208	0.0767522373411741	0.143245894288243	0.447668078058614	0.190274718020247	0.294563089768453	0.0411856417329273	0.110133782642076	0.398487361990267	-0.352667830471855	0.0966211459534102	0.231534342154667	0.166706574474344	0.128730468905399	0.0387819557176007
TCGA-44-2656_T_LUAD	0.305933330069543	0.250343847747418	0.38548501096916	0.194575395756842	0.16608813253836	0.270383159110556	0.360950797994874	0.181809340202271	0.335912594301674	0.175231431837286	0.1630946110535	0.361934197675463	-0.357155620142644	-0.0436027570927473	0.456135789036213	0.349239649218318	0.206925672916008	0.00528757483038728
TCGA-05-5715_T_LUAD	0.302903596037562	0.175198446010407	0.241271924905505	0.141867624001092	0.19259108544984	0.266079482841232	0.469474775682478	0.354548826909052	0.372478646212434	0.144499674220484	0.300644831661722	0.411558809615644	-0.206646298705482	0.156442545884773	0.333540291498385	0.219953529005827	0.175753797743934	0.174763381228363
TCGA-64-5815_T_LUAD	0.263892189552197	0.347016192009771	0.293125037654966	0.171965416212937	0.159270539510361	0.336610073932428	0.465628751775171	0.237289440960821	0.41987890278058	0.11185676625478	0.217761478375796	0.45325207590663	-0.255159586181049	0.184928247346188	0.374719666779383	0.287410349671965	0.292278722622239	0.170351253345563
TCGA-55-7816_T_LUAD	0.196430327521453	0.179442991591184	0.32400807459907	0.126082805808037	0.140298267297436	0.279150548590243	0.53754946910797	0.0145160573831454	0.504223877543685	0.162342587488092	0.192725746269496	0.456765292499653	-0.146994187384552	-0.0226140025878817	0.417990219772853	0.347527625993596	0.322424178076766	0.0671243120471132
TCGA-95-7948_T_LUAD	0.206979952747409	0.101368780721526	0.200435213130564	0.0855505225156572	0.142398462054174	0.266710494197291	0.363056975447309	0.227406969520495	0.327104323869129	0.0635656024387333	0.224828744470766	0.344674745934725	-0.246534496952428	0.0494847557935442	0.32260473495643	0.245075138743357	0.130480174345942	0.0448251035852862
TCGA-05-4432_T_LUAD	0.396202581924364	0.272138915905117	0.303334518363168	0.199001245418955	0.229725328276181	0.343858567758025	0.418061831787071	0.229499367265954	0.371133186505988	0.222272888388313	0.228210098620411	0.405660563596399	-0.0854844610697856	0.227240494288247	0.39909743269655	0.330175003625856	0.269958478547867	0.22377638858109
TCGA-99-8033_T_LUAD	0.212957551295504	0.191422050110937	0.30304735289231	0.195364247125765	0.181953326837377	0.345141062569864	0.358720441239833	0.0832850370316882	0.306146519406809	0.304110796761749	0.150233510811391	0.42639099964788	-0.21447473777126	0.0672121073323421	0.502399070484012	0.361558254131646	0.291774230611191	0.0835919301443052
TCGA-78-7143_T_LUAD	0.324606436098676	0.271582944024021	0.257813296651457	0.138803033692439	0.136557343911357	0.267043023625662	0.319831202178321	0.18218494123148	0.306373563639797	0.051151623745206	0.114961250996622	0.329829760507656	-0.261384939619407	0.137228361544074	0.336531137920476	0.244893049675662	0.283536481908692	-0.00922416300950557
TCGA-73-4668_T_LUAD	0.262515142634226	0.194522943480884	0.243169014041848	0.0776627602173575	0.124349753191733	0.247387898630212	0.37653041686137	0.149189074611464	0.390401272472868	0.14404439841605	0.28673942631825	0.356603225550888	-0.219071658922763	0.0984517729501483	0.327644951454455	0.205342642459568	0.200850203805736	0.0514236058359399
TCGA-44-5644_T_LUAD	0.235265151550604	0.0838776450361372	0.117736250034871	0.0817238756384106	0.213388062151697	0.121594182951899	0.306937814582154	0.116814639234507	0.245067096504368	0.117054429129821	0.0669993243660048	0.220860553815294	-0.157694683271692	0.0785899586197401	0.282078032538774	0.23444309338234	0.139455139348688	0.112647229003163
TCGA-38-4625_T_LUAD	0.360950986658982	0.219811582381204	0.326359590854949	0.169221667924978	0.144258022105748	0.301494838947297	0.410899234478405	0.148707185142167	0.362964884137661	0.276266302050667	0.293707522965148	0.46620249552849	-0.303279777850457	0.0753376971817427	0.401834188880848	0.309612936776738	0.311564697695854	0.135426712888092
TCGA-91-8499_T_LUAD	0.237352203007158	0.229322021307586	0.30167455740966	0.194433758555684	0.253080944153882	0.235545151441289	0.412573605211957	0.0465361769848617	0.302070995244515	0.183939844169077	0.159577430612569	0.366441229188831	-0.163819547683191	0.137197081516387	0.389035661958144	0.34303823675854	0.226605215711044	0.163759923147065
TCGA-86-6851_T_LUAD	0.443761919014722	0.345152881502206	0.429973723030394	0.302075557958294	0.232642117384394	0.393392266604817	0.37114593803787	0.133746764284619	0.304464178905563	0.324542112162254	0.192775774743313	0.386279430262389	-0.284887008983961	0.255084326008375	0.529026578059566	0.450988155752842	0.358007554016718	0.131692515465442
TCGA-44-6779_T_LUAD	0.189081650215648	0.29464358020652	0.397435411388852	0.186636559062095	0.196892312048235	0.305188093503261	0.378004611629066	-0.147532148976928	0.357356878267685	0.471132752952401	0.340749654587822	0.46139251621499	-0.270642626921457	0.145137712504269	0.520293582789195	0.446175551354255	0.327545455573393	0.263686226206354
TCGA-78-7537_T_LUAD	0.288772649884621	0.180829321366918	0.197481669234438	0.121854821912667	0.166514806269024	0.294729935946289	0.460711488382746	0.0637083368624865	0.348413815129139	0.188251472496085	0.230795987950374	0.262515773601262	-0.20615554058147	0.134317996135357	0.365730054902165	0.29619941380525	0.196655065485594	0.11974284571136
TCGA-05-4434_T_LUAD	0.396719366814987	0.325179244423291	0.363683658787727	0.201259024658908	0.177767235933639	0.371474482960757	0.423210518346321	0.34172781060697	0.401457518173834	0.247182411883914	0.255552061078524	0.471145114131573	-0.076481933894689	0.293544837036717	0.458118027732051	0.374989824457865	0.328425833585218	0.143280626034075
TCGA-67-3773_T_LUAD	0.264748408735881	0.318237239896203	0.316570721685928	0.270140168099927	0.165220071523493	0.302760695199273	0.452117345101356	0.106137434068633	0.40978826756389	0.282423007552026	0.40217152157923	0.435824322865761	-0.355252660317178	0.0925038007184308	0.435658527310017	0.364955963419332	0.242713747842755	0.146224133504222
TCGA-55-6983_T_LUAD	0.525427630519244	0.320498368856795	0.362392833340529	0.236678470612352	0.207267300038957	0.342049061981297	0.448829819756202	0.259881939185404	0.380585815544678	0.155896959702504	0.259036253974182	0.341404050901294	-0.187738213673141	0.262930128244111	0.418414384985781	0.36255392892922	0.269074318250329	0.191482051665986
TCGA-05-5425_T_LUAD	0.387592821371281	0.308394267536452	0.418976665911373	0.312011612114937	0.218439000546583	0.379042643122484	0.450154936059544	0.260143712172336	0.3633141579151	0.367102130859069	0.20706286039046	0.469137254971934	-0.255401891770631	0.252264325297287	0.508736428533349	0.415595248777088	0.341416612004963	0.213109643189976
TCGA-97-A4M2_T_LUAD	0.37108431562786	0.280248305796457	0.348562696620891	0.188043254424216	0.21627381908647	0.312798086167758	0.532223369186027	0.274993706384234	0.408844582113815	0.263779123758209	0.30402427412064	0.406840218245193	-0.172969049655273	0.103817475767951	0.464328934915837	0.419088022421412	0.307597957242205	0.193857386864269
TCGA-50-5941_T_LUAD	0.448220883923853	0.35556498517878	0.405473370126764	0.263292367484277	0.307467301472572	0.364889725968379	0.46883981647652	0.268882590338596	0.429618164465264	0.283087231363215	0.332522146755305	0.490630911083193	-0.346402126722469	0.245148898936513	0.499296580576992	0.396821285696423	0.35927470928818	0.237490469898026
TCGA-78-7539_T_LUAD	0.327756402652441	0.324335633482672	0.370603223245983	0.291563228345924	0.222914455515775	0.340032105176525	0.387055637738278	0.0413583670377291	0.346398758181058	0.165958078936524	0.220656830722066	0.386319146452932	-0.287515027771733	0.127777440790713	0.479204026308832	0.365602731312138	0.3621253236057	0.0909053496403277
TCGA-67-3771_T_LUAD	0.351439775462961	0.222138072867693	0.318718760333173	0.106020419540802	0.184594063427295	0.34504832507151	0.367051914524107	0.203815561963733	0.36150343984559	0.175442387800063	0.140863860023472	0.374064701169588	-0.212936042170508	0.144849872966546	0.390261068743568	0.308530236776513	0.274940458475221	0.0817799018051104
TCGA-55-8299_T_LUAD	0.4084135505114	0.291963136284678	0.424002242756781	0.236681848138845	0.190288667368792	0.348710869626021	0.535250356133764	0.202139807211346	0.419318638119942	0.392330461537068	0.338599940160076	0.426607437096387	-0.209497857322388	0.0917304909318924	0.542823041020572	0.442528381898169	0.359797422215003	0.26359561646679
TCGA-05-5429_T_LUAD	0.272268376184805	0.212045760854833	0.254664462746409	0.100304162924219	0.194254921913473	0.240804181057444	0.410771370167697	0.256532466131469	0.374909533812603	0.151664951372462	0.253767257281621	0.306677252889617	-0.317712306187189	0.125746971822441	0.309047575351899	0.25736286687532	0.251877306940061	0.121566806751591
TCGA-93-A4JO_T_LUAD	0.44462773493536	0.315162533158308	0.354307271386961	0.179636246506799	0.189034013664036	0.333481632838817	0.456222516735903	0.188990146716272	0.386873021151249	0.24034096104869	0.244889424413414	0.394373394545746	-0.185473795950856	0.131368932464124	0.463537780255882	0.38729168580452	0.324722992442456	0.139118324630421
TCGA-44-A47A_T_LUAD	0.23954806598933	0.336416123791271	0.251154165024621	0.15663565751001	0.168528643274334	0.262598925103468	0.365756618624861	0.20762622729056	0.290716590074942	0.0283866455996142	0.213032146855399	0.403207670033476	-0.186697086163315	0.10988658705103	0.371800489949108	0.296518773310059	0.268340337959016	0.0276279240109967
TCGA-44-2662_T_LUAD	0.250230175975044	0.198679207805782	0.264584301438967	0.117858106881693	0.139054977320188	0.288930680698017	0.313205615199073	0.136060689677782	0.289981772957034	0.186053234071304	0.122835206070502	0.502643683452604	-0.333456421550609	0.15100227747948	0.373368621297244	0.269406830846232	0.270008290531467	0.0795544042496426
TCGA-86-A4JF_T_LUAD	0.295673391400462	0.223188644900032	0.315794992361247	0.134696671983619	0.124404018049701	0.319491266963306	0.465443350088796	0.241744833348442	0.315377566147045	0.242062967956805	0.248228261048606	0.443129794129829	-0.166316672352807	0.144802903107538	0.460184056113821	0.360459575680836	0.303341234555175	0.0935587689269304
TCGA-05-4402_T_LUAD	0.348617601357514	0.245498797391533	0.264199927125926	0.200098967907403	0.166499249606496	0.270876207400869	0.360684455783005	0.31760030829008	0.385745212541424	0.167725457939435	0.208461706064002	0.437663188900294	-0.188119951307919	0.172374406993386	0.359165795064925	0.317643973304018	0.25288901647882	0.0601980246061759
TCGA-97-8179_T_LUAD	0.0837859034056218	0.203076215378777	0.162763372594108	0.0104424156710365	0.0191616040429988	0.250295125510977	0.481973751212328	0.162165855072769	0.388033062736213	0.0915872508292579	0.211443648757564	0.31412020734361	-0.293290099580704	-0.00927365093574455	0.299891145167975	0.243969780529851	0.183897916804764	-0.0284861035754093
TCGA-55-7914_T_LUAD	0.396464506256065	0.234411950897685	0.312223483373519	0.173407660676685	0.176261968152004	0.319497620790278	0.381005991510347	0.149614420347612	0.350357680500826	0.0758895213142703	0.227648707850335	0.315557550419173	-0.231266133135057	0.0996160338820955	0.425884838184973	0.344679484404123	0.296119842568173	0.0408246530582148
TCGA-49-4490_T_LUAD	0.27227924064547	0.236614910211424	0.185794610541331	0.181826758612996	0.0907929131591291	0.152745614207464	0.432923544282692	0.361065631075278	0.391348615104005	0.0732917722611868	0.121629548989715	0.293618269448734	-0.178663431320735	0.072454461773329	0.367379604427859	0.264697401626153	0.214965255873635	0.00610475685431334
TCGA-55-8090_T_LUAD	0.304887160079375	0.26634950307434	0.244561243347771	0.144151318953608	0.126350397018113	0.276579575932002	0.434895408957186	0.204470275958451	0.360813366691735	0.114475957536339	0.192030018882967	0.420018293490376	-0.191129363123765	0.12730571838601	0.313348629754778	0.24319910430905	0.234030553255271	0.0559499031189558
TCGA-MP-A4TC_T_LUAD	0.229408734647997	0.242028396317524	0.302599420636241	0.16083070550934	0.176185657116945	0.298553123389308	0.363267485845851	0.0751016789723487	0.371433707482801	0.228309169318257	0.211156942494569	0.450114769131277	-0.104346068473725	0.116850738329651	0.435390613817649	0.334255091690348	0.306799759735478	0.146339864139341
TCGA-64-1681_T_LUAD	0.339104320992989	0.264557345743055	0.290609930718856	0.112884899761778	0.185246458467064	0.311472141551775	0.473410216493766	0.339461258873333	0.412812174218032	0.132988931382929	0.19483060519129	0.38639098532	-0.14466429698194	0.125849265437903	0.343593448919155	0.302332733550144	0.305565997143901	0.120271081179674
TCGA-99-AA5R_T_LUAD	0.518375217656453	0.349198437161679	0.389928484444045	0.232488580804988	0.199719297548199	0.345614753279205	0.600250009543057	0.248799942394806	0.462394964389152	0.288623379432127	0.30188448724001	0.389993180191296	-0.125435101290783	0.19062068362948	0.465624575189303	0.428036530073792	0.34322264044419	0.237049294724223
TCGA-49-4486_T_LUAD	0.250820472444035	0.186082181402596	0.196478271030328	0.152815306668495	0.144862405639284	0.247288589508959	0.446106357342734	0.198064368900453	0.239437151358187	0.158791364793484	0.00538161570017189	0.270490515647904	-0.17425247323096	0.0111283487698312	0.394161676996125	0.278534820017251	0.190039318570732	0.0306631233372281
TCGA-91-6847_T_LUAD	0.0267260910383251	0.0719885190538835	0.100556518394227	0.0673171173378984	0.019035254732746	0.192393102997983	0.245067604069816	-0.0334116092489697	0.217562782776152	0.280666924644178	0.0600715956359944	0.176167192679292	-0.257336942908663	-0.00225984177292181	0.284515620238047	0.204195724828866	0.142171483762387	0.109775719134966
TCGA-05-4249_T_LUAD	0.345010939158395	0.274243988213951	0.297399545835796	0.111653584075651	0.166350123660206	0.312441265440723	0.436152464015399	0.270927822281603	0.37888107478204	0.103416776377362	0.330310497179902	0.413121371578078	-0.237627806312888	0.0815807163512426	0.34853146436453	0.282485245805267	0.238227177998148	0.165203747104446
TCGA-91-A4BC_T_LUAD	0.361296603932616	0.280639575508692	0.45835172296105	0.260381535790491	0.191594535028655	0.379072575872551	0.383132241990458	-0.00297076063378705	0.374536088962554	0.234991588046657	0.158597441367907	0.299167325744401	-0.16562074540485	0.14350041469349	0.568028138451304	0.438176099082961	0.370666890019621	0.147256018049243
TCGA-55-7570_T_LUAD	0.208034584871257	0.162481300666192	0.214339521817089	0.137483020779394	0.0866612705424808	0.254451060922661	0.354007588398024	0.00944678649582188	0.309023517651061	0.0622327649915228	0.13635072020983	0.228659042073162	-0.214500612575342	0.0863534125685223	0.353177963633735	0.26032477628987	0.160249983051239	-0.000841681080649801
TCGA-50-5049_T_LUAD	0.485347980944446	0.394246597666663	0.4856496980585	0.282175382580794	0.217775844259337	0.410231654607274	0.499504121504888	0.191896723171185	0.469377970664841	0.318485839137109	0.222581257676703	0.470361584117402	-0.176632854666143	0.282364885093931	0.557105683334503	0.432874147962811	0.396974923123723	0.234312425478291
TCGA-86-8672_T_LUAD	0.311376199770426	0.292038364493081	0.368942080304425	0.21014562202842	0.214161473236646	0.39410579086153	0.374546332352609	0.0235133749268161	0.31702697794691	0.271408569471688	0.0213810028868147	0.420001427866808	-0.264226107298298	0.14621041424404	0.498961791730614	0.359431683062056	0.3055295224882	0.127631497071488
TCGA-50-5066_T_LUAD	0.266117432980345	0.245344605935153	0.304564386478908	0.105399253609509	0.188735945398488	0.31541578699873	0.350982910602794	0.214066772972458	0.364883140232691	0.115961365144854	0.112761471187791	0.3352482697814	-0.143631255204998	0.0715893460318965	0.356734722804233	0.302575054756315	0.270085231214672	0.0506518093151922
TCGA-55-7727_T_LUAD	0.459556286834594	0.309848880915139	0.356535583057592	0.19413348958029	0.155312380944727	0.280388912335305	0.374829529899187	0.259688708161954	0.286705571726652	0.127716506429351	0.152641064090247	0.350486088783726	-0.253504914341772	0.0552578493427903	0.418097391814195	0.31473712107255	0.297449301135765	0.0309180634509543
TCGA-86-8674_T_LUAD	0.213239679802958	0.173648762326721	0.209825791792971	0.0390703709886535	0.157398078313675	0.273228625289665	0.386069453238078	0.0665345611775875	0.288412178652114	0.0836232999514472	0.0660744352229992	0.212056861534128	-0.296721062046081	0.182984489158907	0.343469310340764	0.205860401672158	0.19413297499442	0.0873237823879506
TCGA-53-A4EZ_T_LUAD	0.354780768540516	0.218347101366454	0.241095875322844	0.080799260742511	0.183523344117167	0.295008039284936	0.30648513803718	0.0271122061892912	0.270543118428558	0.0416867630508236	0.116732063941962	0.263150538075592	-0.213333768747572	0.195669504642621	0.296168110246069	0.271935139790286	0.21874430838829	0.138992895936498
TCGA-69-7761_T_LUAD	0.389542156221224	0.373327715542897	0.431780076055618	0.269503535762934	0.2422060529227	0.330820330565281	0.37376849459963	0.038618893251415	0.359466376567838	0.277566367641146	0.250709501108424	0.370055682874635	-0.265193776244941	0.181521565534998	0.490986138193947	0.412987651957997	0.344371362327776	0.118624751928264
TCGA-50-5942_T_LUAD	0.362038988720573	0.223523440538777	0.295846600749045	0.152613083753137	0.201024908720823	0.283788694919271	0.468756522398588	0.31075591009905	0.437266003507584	0.102656908870597	0.385474232820374	0.286477386717928	-0.273562843475487	0.118597119616446	0.367358935961649	0.345857789723815	0.254931876208587	0.0228130621935959
TCGA-69-A59K_T_LUAD	0.305720362796682	0.200756970685947	0.309389267220089	0.119391068911086	0.169337642369004	0.275880447183397	0.385934561890369	0.0905386344624369	0.286037738148425	0.151427880933615	0.116751447652043	0.329392931003741	-0.243029047907728	0.147139306044955	0.38093814192985	0.277645168702594	0.227043955891731	0.0167018061486437
TCGA-44-2666_T_LUAD	0.141237307629515	0.00629438025694094	0.145557332341342	0.0251621625798583	0.0548110430564745	0.173832471062856	0.367497867879284	0.218066643777522	0.280460356035698	-0.0278040537145506	0.319194742134674	0.229052858301598	-0.301482328030939	-0.105999338574938	0.262752768459937	0.176255216944455	0.118923992460846	-0.0508771349235291
TCGA-50-5944_T_LUAD	0.195162556928526	0.155190276362746	0.2661098856104	0.11945537898012	0.131187589437098	0.269182767913301	0.424091946013108	0.239095910334344	0.460962342354482	0.0590791823288764	0.342090934542266	0.342827132977754	-0.241712888535794	0.0385437581477812	0.310385205138367	0.294030557618323	0.216153095080317	0.00235472511999233
TCGA-50-6592_T_LUAD	0.352718230598036	0.280668031476414	0.362749790336716	0.222483968718794	0.212112504944997	0.327918083801671	0.380899037291731	0.127481044364033	0.306461360162319	0.339731081998139	0.223444374936105	0.442196010873259	-0.146642629535905	0.154989843693575	0.471124856565202	0.396853350750605	0.333741984145206	0.141294706285195
TCGA-62-8395_T_LUAD	0.29812235626409	0.217268432043008	0.252512534138025	0.0971122607230439	0.162242113353593	0.263872415820688	0.464737026319363	0.260094612593656	0.393197229896209	0.137338504636504	0.207397954353399	0.31761934798352	-0.189228180750203	0.183422776798027	0.357765314272817	0.294404562113034	0.225167449658906	0.128499715601506
TCGA-05-4410_T_LUAD	0.445684676158859	0.242075926507167	0.387863811510735	0.193855783302229	0.139582762045192	0.375819339239109	0.407150482673826	0.246863020773558	0.39810191350748	0.185857878539881	0.23480743299698	0.383501405022618	-0.186101299198537	0.199686588104029	0.467843128284189	0.362536838338004	0.360231511884011	0.114882722157524
TCGA-55-6975_T_LUAD	0.354880574795888	0.243126528371633	0.251112470712506	0.203321013508932	0.104299849457968	0.259752837409682	0.512878911922808	-0.0650678053986207	0.436655464377642	0.239917605447502	0.185106958616992	0.315360924001162	-0.262498639747483	0.18357133039222	0.351759125269461	0.274549814425023	0.226646012821839	0.163527396202483
TCGA-73-4662_T_LUAD	0.440324119000017	0.368703973608091	0.362440994224645	0.221048064956123	0.226913279266837	0.322313012522644	0.445605906018665	0.154985002214258	0.406247357681213	0.159168803980056	0.237536652564664	0.413768203103956	-0.216595015396144	0.128732847690003	0.420165896704999	0.324782922548037	0.288660198728889	0.0729622189428986
TCGA-49-6767_T_LUAD	0.138843327638638	0.272837399133573	0.349097276154214	0.230396321062464	0.167484616309712	0.288851401021055	0.271920289407977	0.0741715374723901	0.298449832833708	0.260387708447788	0.0522321461876266	0.404959023353754	-0.195568511406837	0.0997190860526041	0.485083001419923	0.311263711816057	0.287216342969282	0.0702038402115612
TCGA-44-A47G_T_LUAD	0.474176574907431	0.39115643004519	0.414838945485349	0.254587432655372	0.176617265783128	0.332702227649046	0.440256432840399	0.217263012676456	0.386798216575736	0.194943920666357	0.280272339936453	0.414304701413309	-0.298021455612786	0.155245348950496	0.480763920030251	0.405694311610508	0.339496849302796	0.121249708710649
TCGA-NJ-A4YG_T_LUAD	0.299782743308916	0.264257013042722	0.247443758458185	0.115548750692724	0.0975241077386607	0.270387166849524	0.424519074735207	0.160596402533108	0.366835707371855	0.172448967359833	0.250232017441749	0.408744881628522	-0.28486804263451	0.171148181892753	0.381251598801346	0.277744861233967	0.277812329385545	0.0443081269169305
TCGA-55-8507_T_LUAD	0.192106929456419	0.162162372207682	0.143847489365021	0.115797027996715	0.111780042965119	0.249368828100106	0.472080547164111	0.292386282069733	0.351244387049366	0.107671887079486	0.25420318894627	0.372633532808027	-0.191594558327589	0.175273024986257	0.300500610588058	0.246895951232813	0.242425839327668	0.115300277844036
TCGA-05-4433_T_LUAD	0.29789258356976	0.277887523758882	0.310678650735518	0.230633369764962	0.129407276683928	0.267438343265314	0.474250862197993	0.307359820430747	0.342956617400037	0.188389201833239	0.2742101265536	0.424867146711029	-0.30168805733106	0.229824288278055	0.405777042740426	0.350716485905523	0.298720708159717	0.208472650207428
TCGA-55-A4DG_T_LUAD	0.476541221781723	0.264820155235925	0.304514906078997	0.183718610842366	0.113572499112111	0.281696775425915	0.330699343226592	0.191854633400296	0.375917559252544	0.131376739522896	0.231684886873119	0.244896741138743	-0.245780620449147	0.0806937375155403	0.402732272645128	0.333345431687799	0.218547715021938	0.0204380973998781
TCGA-49-4494_T_LUAD	0.227548725982623	0.235539571661593	0.288270570441765	0.176220247561783	0.182193092870633	0.314056181696993	0.405823263276315	0.304635973699373	0.323677007491837	0.176955448039054	0.160824975045336	0.414252237886174	-0.259649359822858	0.21357514805952	0.430547600396089	0.349885496220197	0.226246811551122	0.119112009710334
TCGA-NJ-A7XG_T_LUAD	0.176584886228442	0.117906415380505	0.0639783329798501	0.0804011375237677	0.0609121684461877	0.18577458905334	0.35682853798756	0.212872534862533	0.204830839622756	0.0699853424628156	0.243191179143184	0.0783315034303189	-0.134839925385246	0.0758663258712737	0.24273749448646	0.127044907141506	0.183192878224899	-0.0102215077540121
TCGA-44-6147_T_LUAD	0.368525066177187	0.168375076838606	0.231407783478703	0.041797251815254	0.0536625308399628	0.219229162810322	0.420762547087849	0.249703382518888	0.382031719278262	-0.0792067001724305	0.211256600468122	0.245523475543492	-0.17005807279827	0.0100385867464547	0.265435491570859	0.223872236943741	0.179780438313027	-0.0334776568451251
TCGA-49-AARO_T_LUAD	0.428133234911117	0.335983857383235	0.297643717622023	0.189685724921497	0.157866155452993	0.322114066149429	0.448069530691038	0.230075763586486	0.374737704476674	0.24564016868757	0.165218171504336	0.464084633177147	-0.135769114065045	0.198667861267656	0.416826690268188	0.37528967675468	0.286067221555688	0.14696045055397
TCGA-44-6774_T_LUAD	0.251438422351522	0.237936275067561	0.23575148026969	0.132750941844876	0.181560617896394	0.236675524731267	0.48541097075193	0.135267712526383	0.484627243911754	0.0923544484628032	0.184199300652152	0.469928918648681	-0.266621705098779	0.127434714403697	0.352983397362813	0.201867411580106	0.248759952592051	0.183360490760201
TCGA-49-AAR4_T_LUAD	0.34595870069157	0.318051106296783	0.475177009319452	0.29575555973404	0.181958388406405	0.357360465815809	0.380399817872249	0.257107834721131	0.357796185458253	0.203962841047866	0.243641821867867	0.346798273863328	-0.215960233244545	0.182080424005173	0.54881611419788	0.452879556846617	0.377814634477473	0.0304643607968581
TCGA-91-6848_T_LUAD	0.318421900137072	0.298753798997549	0.328129120346803	0.257485798146224	0.230318354590557	0.239260917308252	0.47145410402462	-0.0258446737909567	0.415432952213026	0.193134075263996	0.196615562727979	0.486484559481899	-0.0944214738261036	0.16616539998565	0.43592167573229	0.331650768250187	0.234647805262976	0.116904928685445
TCGA-50-8460_T_LUAD	0.411183205093729	0.351742885059874	0.347689938133133	0.186322241693582	0.196353618214732	0.334862423824112	0.497609333325724	0.292043903934123	0.401411117507304	0.124182172334689	0.407447306106016	0.397478615837366	-0.223736275461706	0.136244901684397	0.427816925839389	0.363236505379385	0.256040250222521	0.14490663431784
TCGA-55-8091_T_LUAD	0.224760804857655	0.247436478982646	0.279719002047581	0.144297838159146	0.200711972544586	0.33648797683455	0.450990242129166	0.166639111477623	0.380341110259835	0.274627572941113	0.285521477707653	0.435710992894999	-0.255157759759245	0.125263802326956	0.399446625568997	0.358247850530463	0.256607033403444	0.197831007258339
TCGA-50-6673_T_LUAD	0.269112727586527	0.24792220566429	0.256146045991828	0.200699530753293	0.159353153374195	0.296954303044816	0.497334649585037	0.401895772701817	0.45845332524746	0.0114092469182241	0.188272942746055	0.390392488454461	-0.24210500554521	0.121210206297034	0.287599079826611	0.262491386126549	0.219143435640293	0.0745775972132844
TCGA-49-AARE_T_LUAD	0.391633886800373	0.235456849111787	0.282139901386482	0.140458089002023	0.122416334184158	0.327436067270067	0.404278116286706	0.226340124812604	0.372770429668066	0.274071747068852	0.188178978692904	0.337974643146261	-0.0894193161481384	0.242076531185722	0.412607830943211	0.336354687371894	0.302206740467003	0.141583796378959
TCGA-55-6985_T_LUAD	0.372317384865803	0.287421197318102	0.374641768566561	0.186175319079648	0.223294581673892	0.354604363449638	0.430706050830983	0.342953442547021	0.403369782177327	0.316748203377088	0.258877611278453	0.438825047628034	-0.246563674071258	0.252268175396087	0.445003074760655	0.392891842800771	0.293346445927824	0.268126087826317
TCGA-55-6642_T_LUAD	0.364007840438534	0.222194304484566	0.324325549162909	0.228287019631261	0.166197824144887	0.322678068772149	0.435655125634308	0.122901822124876	0.410464590948156	0.290179225064211	0.20777317272664	0.363347607487558	-0.263279365134271	0.121972345363654	0.41303616580608	0.387630417262208	0.36129890306407	0.213888705475941
TCGA-50-6591_T_LUAD	-0.0793764255340138	-0.069780353053962	-0.0986223844257591	-0.116738107930324	-0.0397085151244313	0.0236287940708992	0.267465229728207	0.0469006460017773	0.284242872869716	-0.102513130782532	-0.0734307747520847	0.110196564621126	-0.141636022650708	0.0554327487327379	0.0719804339288654	-0.0161131807602616	0.083899502209722	-0.078578740795859
TCGA-78-7166_T_LUAD	0.354569584827794	0.213964598164745	0.256845569286527	0.140916451434922	0.12194452910486	0.271850579798667	0.387633538072647	0.141639893084366	0.275403106101695	0.224474935617335	0.0241382670139674	0.251229317912661	-0.208415219419116	0.0777547131191192	0.382313862752455	0.294097926738207	0.26117121030795	0.165839599875784
TCGA-05-4427_T_LUAD	0.242752987715769	0.263981277070331	0.30065222796229	0.103002447845586	0.114998275683115	0.267229158534636	0.407268336722486	0.0627623713851508	0.357661952252385	0.140012075123567	0.114285526156697	0.413004376093709	-0.294015290407728	0.133492853868983	0.367781764140378	0.315716734039366	0.29500428885325	0.0250140025379511
TCGA-49-4487_T_LUAD	0.535574124115784	0.371831864951267	0.418919972610564	0.278018657948266	0.194426127308945	0.36487715995599	0.404012442643915	0.235137599894217	0.381477052260889	0.174315301462915	0.100003953457886	0.417754531240497	-0.171878949202868	0.152572827466256	0.490912631563784	0.38072951939028	0.34373607334422	0.121681940241496
TCGA-73-4676_T_LUAD	0.146355943088322	0.166248088827378	0.252094344247259	0.169331655155529	0.062749410189147	0.203135111722359	0.499512248347929	0.251733481786676	0.377665218749722	0.157616382129148	0.294075335036407	0.428766738277905	-0.280187152533909	0.0801389149382688	0.37516539662527	0.283729553402865	0.154351713227194	0.139641983010927
TCGA-49-4507_T_LUAD	0.294632328383721	0.243803703489609	0.371406000614808	0.230737562536318	0.201140138586917	0.329857276191456	0.380426666930354	-0.0594896113035442	0.292302630106987	0.469425556775286	0.227193630915097	0.360609305817063	-0.17584721345778	0.165032343502141	0.567725742259697	0.405455423624095	0.34397399546298	0.243087080397888
TCGA-78-7148_T_LUAD	0.190584984454255	0.238216555402739	0.280135086411122	0.218187005775026	0.171401886791278	0.290043121779205	0.442714602376521	0.157630402228844	0.356652700804389	0.225872258481972	0.156264034154574	0.343847470985681	-0.243138768438393	0.125381050928698	0.422022365489877	0.328749979686444	0.243556731359204	0.0979945391894656
TCGA-55-8514_T_LUAD	0.26111001615043	0.171846285988532	0.203228880616875	0.0675376744162298	0.0327763801690828	0.27510427986142	0.433736669697351	0.25715061444532	0.362840673774486	0.124119429498934	0.134894859245984	0.37252671518514	-0.222854824827028	0.144735211481282	0.341111752913829	0.228974886897783	0.292870155273334	0.0101747347969263
TCGA-93-A4JQ_T_LUAD	0.551023126185471	0.339695692293256	0.351216374229652	0.226989905447724	0.179630915076438	0.343673942733961	0.420151805513481	0.250034765128036	0.382261830877117	0.206380634738803	0.179652130290067	0.348378060701505	-0.260070587234034	0.189159744961891	0.444272669829402	0.359726997812433	0.330478198095305	0.0983623280237255
TCGA-55-7576_T_LUAD	0.355039539974777	0.283538784432733	0.35385272149108	0.213796000908026	0.157580606424686	0.315591469838911	0.435090788665756	0.253901136557206	0.395541719011569	0.163312434874071	0.256372173789619	0.431857904446692	-0.195268097909539	0.158122977763199	0.409842818866388	0.299978993210815	0.285962217467958	0.120735161171572
TCGA-55-6969_T_LUAD	0.413753549894824	0.28093525160401	0.367699966216865	0.284117993150973	0.215482959191315	0.352754982274065	0.360912646589644	0.144697771636054	0.372018650497456	0.152829207920622	0.141174343077538	0.383408821149653	-0.203255437159835	0.155802343219764	0.461374148418484	0.368011555846902	0.304863817708983	0.170626669156283
TCGA-93-7347_T_LUAD	0.407513455603615	0.40297450337921	0.420225169244527	0.284746126866536	0.221211543370766	0.373278744743817	0.45093108673752	0.248859249640147	0.41980390271006	0.260498420008315	0.303254590305497	0.427733139373046	-0.249813449695161	0.209916243162049	0.498253306313939	0.415982903384684	0.297042803980178	0.172660741785822
TCGA-69-7978_T_LUAD	0.382734523452698	0.356827891565084	0.426239226737924	0.229252979829093	0.200053545295509	0.393730378569319	0.399599495299802	0.105996398423689	0.362784925907318	0.259919037836059	0.28675963912201	0.473392484586928	-0.32607039336643	0.185328197611987	0.50509253849851	0.412859731593351	0.339171818678396	0.159822208355605
TCGA-NJ-A4YF_T_LUAD	0.193678800200146	0.128750839047983	0.195542586292012	0.07720903628774	0.150820473938993	0.258681733049347	0.323766910668949	0.0402158544674429	0.246390904856919	0.0915675674222514	0.0470778284824053	0.282586077781931	-0.163249159320749	0.163841716275184	0.300862202645118	0.248383158249801	0.217045868798832	0.103669564006491
TCGA-91-6830_T_LUAD	0.267214474381917	0.216845617489755	0.317840218683564	0.17355345720882	0.115312193163519	0.298233615373508	0.555743235039186	0.283598809762464	0.466886809513268	0.30897244535216	0.280985901185561	0.377431033398078	-0.129108135236574	0.104604373492243	0.415360101635824	0.365582471093861	0.305816813821061	0.208418823579076
TCGA-44-7672_T_LUAD	0.46738496713071	0.368362220950872	0.385505443919556	0.22464445774516	0.248540759093164	0.363834136837311	0.459275126225906	0.240427964762563	0.43230506742716	0.291878918300583	0.287917352531168	0.466681972194936	-0.157133779867489	0.280560196890418	0.453931553937008	0.365523839794649	0.339833652971071	0.239728290787211
TCGA-78-7540_T_LUAD	0.308600242792977	0.137829687158109	0.189399366251313	0.155413838888937	0.179522185143948	0.197904062679596	0.499096364532904	0.344843390983781	0.312847349754704	0.260917316061733	0.11665733396865	0.295967703791862	-0.216044799456931	0.147250065262522	0.280283282307859	0.297690111954356	0.256925937146084	0.171611227548947
TCGA-55-7227_T_LUAD	0.254094484427335	0.323405189823033	0.351754448900823	0.155842346240976	0.100707239749192	0.296411155779041	0.442119882103109	0.13515182396289	0.409426080598577	0.153191855757421	0.220696554177631	0.43794020064742	-0.252258180472121	0.083969942491051	0.388966208595803	0.321482693207187	0.294693195897348	0.105763059718298
TCGA-MP-A4T6_T_LUAD	0.351844862423222	0.250447602735776	0.268030342718092	0.116073744128133	0.190120360726753	0.251250848943537	0.335801826517244	0.211436178524046	0.227895011267072	0.0611067198464152	0.13897995893015	0.27492043561694	-0.165839563130196	0.130589808763455	0.403471454643457	0.316843523296964	0.274969250236642	0.0830637901364435
TCGA-99-8028_T_LUAD	0.435759682610395	0.428003923549393	0.439157872427479	0.310015369676331	0.265337080941861	0.396143129143706	0.504393186670406	0.222770507696371	0.42269398749569	0.299329780344168	0.127860508837842	0.470050190626731	-0.0824493841644467	0.187054583004218	0.537191777878215	0.449692156998027	0.342602901092602	0.181612332215792
TCGA-64-1677_T_LUAD	0.423922959403766	0.273411704303249	0.327781879701261	0.188861656211658	0.147275137644434	0.292373633737694	0.333901183111641	0.275664849628719	0.212909236877572	0.220013196274676	0.00556218589087632	0.323527106705729	-0.21651196394037	0.0536689883566069	0.444724560197363	0.236869690084853	0.219465558944649	0.14507349800365
TCGA-05-4403_T_LUAD	0.321588191779562	0.276526684004752	0.28140634036108	0.211724387496234	0.225671164977182	0.294047664850815	0.497259395559189	0.371649371294519	0.408154421692065	0.285206106115615	0.283420763435612	0.484055718035633	-0.163304881920121	0.194670425776983	0.382287321321837	0.353742731900432	0.282234175170258	0.196500990039829
TCGA-44-6148_T_LUAD	0.360129697564765	0.17960963312654	0.283004961840644	0.214650089673217	0.236644545878457	0.288330369563112	0.463447658125058	0.295870291434387	0.442805975506435	0.152766281227963	0.38677507191078	0.319593661813155	-0.174514914938288	0.0905930876986211	0.347882725817508	0.399296639179297	0.25589004621035	0.128662865807309
TCGA-55-6980_T_LUAD	0.214117274806626	0.335496867436374	0.330916521442166	0.25088980811636	0.178863177566309	0.315702006475157	0.40035719158793	0.245441027047623	0.425217330966281	0.188675962944002	0.257600805764284	0.43822880891183	-0.255811609080265	0.042698828802198	0.409318329327247	0.369222007631524	0.277271578079806	0.062996065484923
TCGA-55-8511_T_LUAD	0.471523092392883	0.347414662903532	0.395093156989601	0.217476686854247	0.177697537250467	0.397958781756803	0.408475181036377	0.185464993330629	0.399262041669411	0.218492977263339	0.210235931344418	0.404881457531984	-0.248849390245105	0.266270415837436	0.46541856111805	0.351848470768421	0.316575948928838	0.140161424502114
TCGA-86-8278_T_LUAD	0.302733634568903	0.224866066406592	0.263251557630256	0.117925422461048	0.189054030536869	0.323765304502537	0.328262080339262	0.27048903324155	0.372237693624122	0.189588604444991	0.239103663666105	0.37051970693568	-0.306051162417834	0.104584652423681	0.376505865156175	0.339873649157573	0.302118230078779	0.116303344329462
TCGA-78-7167_T_LUAD	0.21269718506938	0.120455582967939	0.183347008867024	0.124507980322267	0.102535420312011	0.210162980607968	0.427697688138154	0.136280282829194	0.378088474796047	0.0595319388501842	0.145588924925852	0.244243990732643	-0.242492508760067	0.112411698695112	0.301162879838624	0.271735389833053	0.193848107691704	0.0322850113163968
TCGA-55-8615_T_LUAD	0.228699987374961	0.150900595380518	0.0934345367010504	0.0361971995062414	0.100563555440778	0.0373928329144894	0.351631533575366	0.104530177780178	0.289570689426743	0.108685166207477	0.0770776095944845	0.267763827366677	-0.215547425600758	0.226615758871018	0.226344074892013	0.215562914364301	0.110476143498248	0.128364148757772
TCGA-55-A494_T_LUAD	0.000900616037726397	-0.000673791954869044	0.0336068513670226	-0.022978230318573	0.0685440965873785	0.173544988569824	0.361276762841159	0.078240176065877	0.197458406651899	-0.0945296599328872	-0.0991269232368696	0.161140217499188	-0.222955900210806	0.0931992506123114	0.199400634996757	0.0965035242582232	0.121267306835492	-0.136749851083621
TCGA-78-7147_T_LUAD	0.140352656999554	0.183139942993588	0.2934591172194	0.133989513547153	0.153919965770487	0.297760172117731	0.3413586615382	0.254048533014368	0.319140274129111	0.138157970376009	0.205288107172681	0.330790383527391	-0.316160198830973	0.077952599615643	0.404600521997577	0.328767312299078	0.264901316823809	0.083566453800268
TCGA-97-A4M0_T_LUAD	0.320461343748461	0.343280601706782	0.360486061336836	0.237223939181235	0.187872332484839	0.32537158001751	0.345271054647799	0.149849890025056	0.33015643678869	0.211995256244676	0.25399356473421	0.400170457120378	-0.277123451613408	0.179683173427905	0.462769961070634	0.370374941637007	0.303400846688989	0.0735762102831704
TCGA-55-7573_T_LUAD	0.479026991934492	0.285527626059468	0.303704710820918	0.222703583176104	0.149239631424763	0.31015359076077	0.447151986580307	0.280224541166139	0.448585368338976	0.128167724146412	0.247272800672201	0.337467889026521	-0.296956258633342	0.098138266054674	0.389783031209417	0.364553151072486	0.318601857992217	0.094417921391432
TCGA-86-7714_T_LUAD	0.188031604737911	0.142714240808009	0.173213492472155	0.0657507767967343	0.122975189029835	0.155637685043302	0.363488669234342	0.308951952968597	0.385173533743298	0.0428009557677045	0.218868340811147	0.334758549586984	-0.386292238777004	-0.012551835510612	0.270991919157824	0.231920612081637	0.204805671027272	0.0592435833217292
TCGA-64-1679_T_LUAD	0.192948755554453	0.191082408412234	0.231887906724572	0.11160025557756	0.136090645172759	0.184437428540645	0.347567303092873	0.249294402770298	0.418023308478141	0.191557048216756	0.239947033363003	0.459417755049783	-0.160930003408727	0.142615572002921	0.291309932037868	0.213773975218178	0.236886743855935	0.0447601170087021
TCGA-64-1680_T_LUAD	0.170938068806311	0.159785575591326	0.206486042771078	0.0543666617376692	0.169544851561075	0.287022796482942	0.37164588539978	0.291461371511964	0.350855954964696	0.087157965777346	0.316200084941748	0.285387513744073	-0.256938700798928	0.0271616108705339	0.336826204044824	0.261517621832497	0.133546079908188	0.0716951453815058
TCGA-86-8669_T_LUAD	0.365042731237989	0.315714081307856	0.331360761400137	0.155151906818563	0.229172172038141	0.31741207648043	0.409676092611784	0.125066036895248	0.299827139720133	0.173668395480742	0.110736797026568	0.369865688488304	-0.203546589046803	0.109002819291207	0.38548174318928	0.342398506650097	0.236425340307882	0.137161453457686
TCGA-78-7145_T_LUAD	0.193411233978415	0.213127190310796	0.196090917644917	0.0894316225389049	0.133293757331561	0.246309571152517	0.375557560833972	0.226650778138231	0.34132446151582	0.0630240007885502	0.277288329616837	0.429008192204715	-0.306435372849036	0.158180196438787	0.267900994406584	0.187745762216951	0.188169008511377	0.00935692058067478
TCGA-86-8075_T_LUAD	0.303798638446003	0.269513814191053	0.258758990564309	0.141915489987466	0.146725498050587	0.27291088463905	0.395835092552496	0.244545561800281	0.418600606124935	0.186746120812587	0.222458996804819	0.428137308502709	-0.15269293053779	0.172559229057787	0.327035154560991	0.260933311689193	0.293370789974775	0.106483712017273
TCGA-99-8025_T_LUAD	0.345023002440184	0.218489955338146	0.203198217129477	0.115968013125833	0.126408382133681	0.253739130386999	0.441694063962123	0.226857336891627	0.364194742521284	0.0568878729356458	0.147398967405674	0.276650308457227	-0.197024768912308	0.10835629559479	0.31366553412567	0.280274592403001	0.238598152857259	0.0427057411619814
TCGA-L9-A743_T_LUAD	0.438815653431716	0.362640863284669	0.374231959120494	0.24493074932889	0.208634937495455	0.367704360104099	0.473087539886566	0.302255575170444	0.379851085271411	0.182877744706576	0.300314331418798	0.457184866833535	-0.128506734334868	0.252690815159282	0.451045341940704	0.378400880707727	0.354860633820505	0.15666825527897
TCGA-86-8054_T_LUAD	0.166656046657711	0.191095804018807	0.193318733904482	0.123848908569607	0.146459949786878	0.225502880546132	0.399525642271996	0.228620005184965	0.340214852574151	0.106498214025149	0.164945665459799	0.300477087574454	-0.158041800211354	0.0756725899400523	0.273740849944614	0.23057474322051	0.180612100102282	0.124871118751586
TCGA-55-8094_T_LUAD	0.154578836998168	0.108148093442423	0.0638360387352913	0.125164530939807	0.0541037088272831	0.134276671537264	0.359611638227228	0.142496773048253	0.173487996703527	0.173027517952576	0.00866540036180726	0.145514334315388	-0.244539654284183	0.165016734290463	0.232196514270906	0.187675170630984	0.26368591272012	0.14004065854287
TCGA-62-A470_T_LUAD	0.153807011857354	0.121039311113379	0.140942500778348	0.0757937382085296	0.10221030056878	0.183258833658139	0.414146576517179	0.276666213868394	0.302379900553442	0.0902610819069681	0.201314037639081	0.284105512687368	-0.178819275163865	0.157124215500841	0.24110018511376	0.277601606819356	0.215540446180647	-0.00589095200876262
TCGA-86-A456_T_LUAD	0.226745010702056	0.250267442140392	0.287476092485168	0.151117531275048	0.176763773926122	0.283188034055892	0.445506258177728	0.29616030709951	0.369514531938755	0.097896836721084	0.265730049811951	0.404932723848066	-0.297123749605763	0.058560664340843	0.394944362626983	0.308491981504201	0.344539294438711	0.105216306001978
TCGA-MP-A4SW_T_LUAD	0.415938169040592	0.284336557867682	0.28978499965112	0.148028675175114	0.208057756446678	0.323290068247864	0.382931248662785	0.335855059123987	0.32396670169891	0.15962408625832	0.220433801576932	0.381492512657713	-0.314982171901304	0.230887479576166	0.389245806056777	0.320674260044097	0.294073698637184	0.0803206434679268
TCGA-44-3919_T_LUAD	0.397193877867859	0.345813322429517	0.354087207457654	0.22406047868459	0.18592635369658	0.336935780471519	0.406388969603371	0.277672756063424	0.404852211705507	0.181431157285564	0.295160257304738	0.415655983104275	-0.345894813697439	0.211051514739408	0.428832734453678	0.354400606911779	0.326306990652999	0.128293910791632
TCGA-80-5608_T_LUAD	0.24992778670178	0.204505840271899	0.257185558925201	0.222215081004409	0.210650690083181	0.251472026784964	0.415069436218549	0.243172619674879	0.328705083930338	0.319745489126263	0.156192429362579	0.311856963424877	-0.20330674322298	0.249062312993428	0.386854867361482	0.363221079952466	0.26542913108525	0.311546765267684
TCGA-69-7973_T_LUAD	0.333706031751116	0.20908620289428	0.224664462878748	0.139001364324569	0.216537203111394	0.250879356322364	0.448319876898209	0.108229360728381	0.388647476178928	0.184185005964438	0.240362151413805	0.26176242711897	-0.245892592652735	0.288961108836549	0.352074131527703	0.250482104600277	0.241352029326167	0.222338318237748
TCGA-86-8671_T_LUAD	0.538684354081311	0.419010800308183	0.463946660625676	0.27698476702288	0.25250255206646	0.376109970256814	0.542829432003818	0.218322651862642	0.460739365457081	0.291288222914767	0.298035843131191	0.453937510275398	-0.191266577971528	0.216476717998687	0.53369464308675	0.436668496870069	0.371794525558785	0.190131392327423
TCGA-67-3772_T_LUAD	0.380232843558737	0.30824968267764	0.268692886152657	0.196634386164962	0.213473864519845	0.287571675275494	0.466790727483685	0.219585629862367	0.469237544128624	0.177826150063654	0.323744451601496	0.435283679049935	-0.104178999938489	0.176630831735819	0.397158741269161	0.317505541440243	0.217727824146957	0.112426226748503
TCGA-35-4122_T_LUAD	0.359842788661273	0.322886349623223	0.326795850907841	0.280991603485665	0.193894986037508	0.32426914811991	0.439805333507148	0.232051976124222	0.394106709853424	0.374987672810354	0.253508280962546	0.534039934863408	-0.209732130504131	0.159630685883941	0.491538668690112	0.366616442391011	0.321645655909439	0.221995321766454
TCGA-55-8513_T_LUAD	0.415522746177576	0.236705276767607	0.286641416168669	0.194366473553871	0.19943846601891	0.257284914007326	0.520021743385672	0.37476823132549	0.415957129544555	0.17638104304313	0.239887932394174	0.386118528666668	-0.18761282375845	0.196038865098406	0.367461831498412	0.360671271783787	0.330634006024912	0.161044118624961
TCGA-35-4123_T_LUAD	0.336528713105601	0.332054982385756	0.453172854805751	0.316185359348931	0.112923932577112	0.394260387117438	0.339353538062678	-0.000201358437687805	0.358383042470811	0.32005463430774	0.297219522983041	0.508053451932277	-0.211748921815791	0.202219657777807	0.55446733430523	0.415420380398579	0.349491770206967	0.102146156553374
TCGA-49-6761_T_LUAD	0.401200847707404	0.250114807109117	0.307224699726567	0.167730943266755	0.218451561893271	0.326439808208762	0.374607121620993	0.282668208685099	0.323156468121299	0.27956371107034	0.113411214669463	0.378339862919992	-0.270044783599363	0.151386955250465	0.481986077973539	0.335533760938086	0.332407797517526	0.146447919506223
TCGA-55-6982_T_LUAD	0.36309864390383	0.26067891194202	0.27903127630876	0.17269505909209	0.226003361266701	0.276074403447771	0.321596930382669	0.299404707442619	0.385643498890162	0.0652421992876994	0.119079580001592	0.406477833680001	-0.247355762208159	0.126653603655742	0.399620360500204	0.259768174302385	0.289475881100097	0.0173994441459835
TCGA-44-A4SU_T_LUAD	0.445347504352504	0.255769586961014	0.277774614427175	0.18001200372584	0.176634626401053	0.318168959501553	0.335844710291938	0.253493338254072	0.338649386250387	0.0964919514247613	0.215980300755565	0.217996973026263	-0.198858575386699	0.0747422401556543	0.362460119972107	0.305639189862436	0.249916041106363	0.03687546002219
TCGA-86-8279_T_LUAD	0.113877954195661	0.125387594389922	0.147212313454344	-0.0117627117156071	0.115841211360317	0.22773983737729	0.350855589199502	0.230595938575616	0.369073128471318	0.135750324636115	0.113645078142607	0.379036374323285	-0.202743083734582	0.0821309643486396	0.287177049631301	0.243340987132395	0.147785386342663	0.0437754647255726
TCGA-05-4396_T_LUAD	0.176359429960534	0.174401969405634	0.203885049349016	0.200741737271412	0.187358195542035	0.193710969641934	0.438342475763798	0.161747639944132	0.333009243311086	0.157849373398052	0.149611020548866	0.245067224907585	-0.305726381386445	0.204971908506703	0.324125198328603	0.24600815339061	0.216094818807596	0.140421516317478
TCGA-86-8358_T_LUAD	0.275150330073615	0.222693251491081	0.282468198371408	0.102596719270825	0.198336748561714	0.259575108496757	0.331128239540631	0.111634253519869	0.324192702274787	0.160571627227498	0.0891991447755739	0.259046553517606	-0.10433874805093	0.137059852112451	0.354639355808383	0.305307311419831	0.229148447021982	0.185594386397837
TCGA-55-7815_T_LUAD	0.351737817461436	0.328495833140663	0.348631283592889	0.218070919474325	0.145268000996768	0.240562654425222	0.330676784276338	0.0932598747620979	0.333095939886804	0.175564141151281	0.0575781217139347	0.448571119844779	-0.349731124155658	0.0923158981611482	0.392401221888786	0.326816928882612	0.198289717083521	0.143126931751611
TCGA-78-7162_T_LUAD	0.39839472044055	0.298877369432202	0.38489417685124	0.241720184199163	0.205018008063337	0.363675916951606	0.572344387236699	0.268569868727584	0.433029988252766	0.281634388548112	0.337575967301552	0.308153722953105	-0.20794095962083	0.113914694035645	0.436115013857946	0.391123601949381	0.290078893103252	0.249168842359321
TCGA-NJ-A55A_T_LUAD	0.496606620466086	0.315197932948049	0.376435397011854	0.212130434972469	0.184324544458486	0.340291926998003	0.479993586229423	0.298956196784047	0.445370534684231	0.140335718550359	0.355809937794783	0.297574292930789	-0.24106757703351	0.111453301654502	0.406999717558336	0.418068047427021	0.26022521094752	0.149263305458558
TCGA-MN-A4N1_T_LUAD	0.218861356403332	0.140464749106402	0.16099727900982	0.0289950226149597	0.0489703524833544	0.210166911722153	0.303733881274643	0.199192291058317	0.301097956134623	0.0809776547894897	0.0285319653331587	0.306317732132768	-0.175162687706093	0.109447449079847	0.255956152442775	0.126856281882532	0.177851272604229	0.0310872352774205
TCGA-44-2668_T_LUAD	0.249418136799101	0.206550561214824	0.355360751980854	0.180595166476849	0.121419371888998	0.240133798269961	0.378504278845367	0.0316596501282296	0.280189129535584	0.260063823696912	0.0871723557842891	0.504334068729437	-0.237551340134439	0.15210844410671	0.445898408621115	0.342915731142956	0.262535452637896	0.0887053295113419
TCGA-44-6777_T_LUAD	0.411213030285999	0.290770793163225	0.344815387977567	0.208460076291129	0.218713241815542	0.353611832365566	0.457784965364095	0.184910253032076	0.471765032609088	0.243227486877202	0.343443867328419	0.532810656546845	-0.14292257484242	0.140649646161252	0.407253344948556	0.372166625320321	0.29049110448679	0.205254254325967
TCGA-55-8301_T_LUAD	0.469098651122538	0.339846783913386	0.415337383341486	0.242715068166539	0.268265143171272	0.364690755157128	0.393297647661777	0.205050263922789	0.406725802197309	0.311515163539356	0.243758101862466	0.436293726161098	-0.220779839581746	0.199761574887189	0.50968165405739	0.409720779735102	0.376288300682346	0.137279679833845
TCGA-05-4422_T_LUAD	0.379247408003435	0.256197731525966	0.361652702670407	0.296053081575789	0.248609809268776	0.350879961337893	0.335948758682495	0.086930650412664	0.183548151653372	0.211666604355355	-0.0435806229636376	0.321125390648889	-0.208947069659973	0.204467896106898	0.497318506609512	0.39989490789157	0.314315045445382	0.123224221007844
TCGA-49-4506_T_LUAD	0.378610959580771	0.25566268859763	0.395497873338867	0.217102072907126	0.156880111133193	0.284616879308691	0.433013851478697	0.0616348873557048	0.287650710134403	0.289029652320025	0.0621345467387934	0.460460830320283	-0.223949927429058	0.191044629568407	0.519190788138128	0.379941043182741	0.315621506837516	0.164838939359471
TCGA-05-4417_T_LUAD	0.40795096392662	0.322919280486846	0.365991382772917	0.248599475195654	0.2047022019691	0.357488653742306	0.542337742051752	0.0975469094463705	0.44091287721645	0.214378906615128	0.23399784213053	0.459796507673621	-0.26382325536679	0.334626373665432	0.444612283221804	0.376588650670193	0.272790702293483	0.233850907743208
TCGA-75-5146_T_LUAD	0.439222738338475	0.322167633179164	0.35132606023052	0.238913272991033	0.167008647031279	0.319525072997198	0.502791447154242	0.213717200834643	0.42029238754846	0.190352286109812	0.249311246213682	0.369994554549072	-0.242078574220195	0.0679273282433331	0.407777789020858	0.337406919212845	0.246083224373668	0.180892829448484
TCGA-62-A46O_T_LUAD	0.227191509919736	0.0527884685104379	0.0504882016706384	0.0493291033488452	0.0738234172094674	0.155903906924315	0.256557025865536	0.133682327089845	0.172522114778622	0.24001597619189	0.00736000279572439	0.128285166519806	-0.216930611839658	0.054734725880536	0.203884303771719	0.18192100471726	0.196564788845145	-0.00187266362913386
TCGA-97-8552_T_LUAD	0.412658015194058	0.27137072688882	0.298078122711563	0.11332893475723	0.217361953467846	0.302178674272211	0.468418896941011	0.31509651207101	0.414743276428962	0.128818310717843	0.218608145685793	0.397936882925021	-0.249406098309245	0.0734491197793542	0.377920152482183	0.371754999085766	0.257330039848536	0.148478373697866
TCGA-MP-A5C7_T_LUAD	0.135739428015757	0.0897463894139877	0.128980102502011	0.0405423487689054	0.117520671039819	0.206613579032545	0.389776752277842	0.0595205941508202	0.244868717312087	0.155001876673753	0.0962298711909778	0.136444107195467	-0.234269110653868	0.152585844317154	0.288428179617717	0.270727577771936	0.177389168475899	0.0390464505125796
TCGA-86-8074_T_LUAD	0.185459569231428	0.250757774965802	0.266660101759099	0.13289632674055	0.152952890298605	0.305585293389169	0.360239243979068	0.196713687136569	0.3333308945514	0.197629313422039	0.110970160378812	0.424701885121518	-0.278303636389051	0.116681397976113	0.350774749641833	0.259610980408388	0.277832080227598	0.0304903663241264
TCGA-97-7937_T_LUAD	0.20028407976931	0.039138749290529	0.126509829809845	-0.00285702616119372	0.0793174689449729	0.14839160891951	0.248284883058905	0.181643029301603	0.304650057076087	0.0649723139267699	0.180836518042678	0.347662502620169	-0.167259328611106	0.0229761547514194	0.273292300811465	0.185916734663847	0.145268008349933	-0.0625552643496081
TCGA-97-8175_T_LUAD	0.274154487784282	0.247131216740095	0.253507885448041	0.11830577674546	0.143759756467253	0.254845925805823	0.410241674594646	0.206379442378093	0.245305807278666	0.197062354035355	0.183539036317139	0.472538881279445	-0.286339174694561	0.0833687905024659	0.347221202287047	0.262621974704093	0.249293930024351	0.203860972045922
TCGA-97-A4M7_T_LUAD	0.365228548806966	0.347753021277369	0.357344847910438	0.2030249451631	0.195764814161611	0.337685350925278	0.477803078514555	0.299889183253103	0.404735451024787	0.148878985454169	0.332513841478766	0.391068288653507	-0.229216927752199	0.150987676497511	0.417907950259963	0.367977956305853	0.261250442857268	0.116758398584809
TCGA-05-4420_T_LUAD	0.226387199235444	0.1427016065985	0.205010314553209	0.139677123940989	0.110530547209366	0.260662519400234	0.397012199693188	0.134854315185002	0.375583557232646	0.226026070706753	0.0657876252573016	0.390423202705496	-0.253292110499869	0.151249798633019	0.298991056707986	0.327434758877161	0.2351891654037	0.199761441927243
TCGA-91-8497_T_LUAD	0.526325706696924	0.332677532126242	0.334822260426292	0.245858101511195	0.247397759955403	0.337829742339487	0.516886483243385	0.260669397564006	0.44956437902291	0.207070876747212	0.403389048220908	0.314392006594168	-0.162054040091108	0.237282976081199	0.401857667372041	0.338723302818871	0.326202980563545	0.220467415973334
TCGA-38-4632_T_LUAD	0.331229809400054	0.275937053138341	0.314449721576315	0.157918748961398	0.192620159153145	0.332001363850909	0.4068693845639	0.162869748844511	0.316750415181762	0.269110240088259	0.273140343492118	0.497024288388406	-0.212728357801022	0.213795857558423	0.430440871411322	0.327075562060053	0.30530717411985	0.130909021216271
TCGA-69-7979_T_LUAD	0.134672258846512	0.0669769764640057	0.210048658138102	0.00481922805850847	0.173396525781949	0.238278363452957	0.348757483917123	0.0993999636182143	0.34891782462359	0.1869478074368	0.0868973900879075	0.326599721713513	-0.115902685317837	0.162872987286735	0.327488064472881	0.243047803152328	0.237352154830569	0.123089514790473
TCGA-78-7163_T_LUAD	0.280620172939874	0.156410467862297	0.196281279672408	0.176505417949773	0.179849180795789	0.233813830583788	0.258856799411982	0.0744863384476664	0.142581405895952	0.142126702933078	0.0683190198314618	0.17941696217454	-0.238400017874872	0.0707402545434864	0.382464708036902	0.344221601439841	0.221149143388575	-0.0142196199060171
TCGA-86-7701_T_LUAD	0.461591612840407	0.335291425604206	0.365658117919393	0.210708717693446	0.252527525522014	0.353805710215672	0.408180266017056	0.137637544807542	0.363413314837739	0.237936317121932	0.159621209510622	0.362760704612814	-0.127578419508322	0.168087002090706	0.448200558884253	0.387607202439421	0.281192530242333	0.2401570336278
TCGA-67-3770_T_LUAD	0.145489376371209	0.283032993282127	0.29054576154733	0.225226373654713	0.182307690856222	0.239952411016488	0.413615903717727	0.183997959476019	0.337884083959007	0.244891453724428	0.298944722176007	0.406402455429575	-0.287885494090416	-0.00177287489276062	0.418798682710575	0.340731888465258	0.243594658195273	0.0838497235470815
TCGA-38-4629_T_LUAD	0.308481527079223	0.264827453073227	0.361279472575126	0.212515046356721	0.213514458147631	0.354471867071802	0.413515181270366	0.191436521964219	0.366372056174457	0.364471543108645	0.161478588603299	0.506451779457504	-0.182516696831684	0.192724447852005	0.47692731283504	0.384511339536469	0.336737741888406	0.236338817399193
TCGA-55-6972_T_LUAD	0.0736824526671207	-0.00284953183061195	0.136811290902154	0.0233028165102581	0.0209875486970625	0.107069496636318	0.372916477850766	0.117887407023738	0.180126798168014	0.104078172579236	-0.187984271911	0.0629980880152053	-0.15773135212072	0.0261476419853279	0.233559686759898	0.293664816670159	0.138006582350387	0.0213465021539436
TCGA-MP-A4TA_T_LUAD	0.223552063319996	0.216466441245659	0.266728967107976	0.169182985048491	0.0860158067249325	0.313997118105873	0.355935707074395	0.0739102676681475	0.313476448698247	0.215275424939771	0.0790598403441612	0.341099484094138	-0.210005211360345	0.152144054942431	0.402856841887857	0.318422886631262	0.28238706297423	0.10231107362252
TCGA-50-5931_T_LUAD	0.155805912242157	0.00487353169888974	0.148746266092657	0.0264222244056434	0.181812528962628	0.110855676379448	0.393707417232629	0.0740853799489422	0.385954533379951	0.184564626780525	0.0929824070307581	0.17850130877041	0.0572872370938533	0.0133739959074735	0.313942488604297	0.271269444378228	0.0905996179451424	0.117242105947437
TCGA-55-7994_T_LUAD	0.390510254793332	0.272358384488288	0.402121653505678	0.232848880954324	0.169206792185599	0.322012285008366	0.359391621574702	0.197566287453771	0.241668318484127	0.284490322406631	0.144722813903141	0.424953114076731	-0.238663570783849	0.188240167077119	0.47467063657874	0.408484715044984	0.33523002447979	0.103030744604799
TCGA-55-7724_T_LUAD	0.399897951083083	0.267539068291615	0.379423772785814	0.153811756581767	0.150298513819531	0.30011198355851	0.506030759807741	0.279021843360962	0.410449300563499	0.307491182832396	0.226371454171686	0.377736669572409	-0.314814568231728	0.0257706335680391	0.387502243096451	0.371051115037695	0.300974019238631	0.216776616674842
TCGA-55-7725_T_LUAD	0.389007496750094	0.321261521906593	0.344182655875839	0.223890121932551	0.191271533741047	0.299083092346648	0.417500045082448	0.285195543646197	0.26033577861163	0.17736460275892	0.259782177731704	0.369003424647179	-0.352651043341814	-0.0339919207552305	0.415906990409208	0.342049691504691	0.28305604558257	0.101085516249006
TCGA-MP-A4SY_T_LUAD	0.157451431234435	0.19895057604144	0.165782098007233	0.067568752159586	0.115916436220303	0.221270446979516	0.319801754178268	0.176001348878922	0.385329099130599	0.0476917400523362	0.169183731406669	0.382991041899853	-0.193050690207642	0.0572694534549855	0.275147278439587	0.22320361241551	0.256967328958018	0.0474642799301845
TCGA-97-7546_T_LUAD	0.392960086824057	0.277718181630795	0.33397257729512	0.191649783098795	0.198376825206165	0.312033755569796	0.468543286363941	0.223384195575265	0.46946168579269	0.226223446750932	0.325914513679184	0.422055891075184	-0.241322426641289	0.0172561680470998	0.4081427401868	0.35062853302498	0.273339024487424	0.150246989724834
TCGA-78-7154_T_LUAD	0.198308739663037	0.128685298001031	0.256112325668554	0.123195486376247	0.203567777447066	0.262102555184979	0.492877164173581	0.213296859634836	0.380366599965313	0.201160045040193	0.077990340694515	0.313453833999935	-0.263121285972889	0.129958197233627	0.343449379451926	0.281133483464852	0.202706390436836	0.172841541806004
TCGA-73-4659_T_LUAD	0.252107848331432	0.194501130995561	0.235151809840111	0.0956741039258937	0.125076231654167	0.25238507264983	0.50050802668818	0.224442697076804	0.428111911414306	0.192809060619797	0.292551856605608	0.420019242332158	-0.23827304387122	0.18480837461715	0.30153577201907	0.274816008347027	0.239453287686177	0.22931132995317
TCGA-50-5068_T_LUAD	0.477410847481936	0.376037160244599	0.420629239516231	0.30058956527583	0.29700290524629	0.358346361261802	0.431189699273306	0.160442152880138	0.440329324827796	0.276805650344937	0.245798398424143	0.477662303734898	-0.208305002389648	0.134038935234951	0.501027187876835	0.374109663471759	0.305433447885255	0.157939641131846
TCGA-69-7980_T_LUAD	0.264236494454312	0.277667671468114	0.318140143894473	0.184705405934394	0.15364251561353	0.28446152984334	0.409643525265671	0.235036826663582	0.367271211930121	0.243046709492334	0.0821175770609765	0.364523964114829	-0.221072557558047	0.174409593972319	0.446493915993135	0.350754616177201	0.295370878254981	0.0895383536370465
TCGA-73-7498_T_LUAD	0.338393306827173	0.269070469720112	0.27131915364608	0.168966889895442	0.146469814941625	0.275211113632785	0.530693672096338	0.160593793125335	0.413336011946751	0.0920345466233537	0.266067615099876	0.316644868122969	-0.167666610148766	0.130258649934188	0.369281972010094	0.300409589905233	0.247672853374655	0.035006713764761
TCGA-86-8585_T_LUAD	0.429463540950173	0.295350286896338	0.367448741501309	0.202562603106187	0.157427487151464	0.320408624569996	0.350225532852592	0.175093676079519	0.359446935630778	0.250413843650496	0.185759966925919	0.411549872248247	-0.189059757605014	0.13502100955563	0.462913600451902	0.371217587550001	0.281911309773506	0.0886590730388232
TCGA-78-7542_T_LUAD	0.264787477917196	0.240068246288536	0.287761411262994	0.189915272356188	0.132354490009021	0.306706631529716	0.331389157652383	0.208730403871104	0.163476029178361	0.307244050643794	0.0642536993989097	0.361330928873122	-0.225454413699997	0.128148825382988	0.389940499059684	0.313266693075922	0.3199511013704	0.112954131376422
TCGA-05-4250_T_LUAD	0.277427551977154	0.281470456719878	0.367127074970929	0.212872317718492	0.178569271323702	0.340670922625574	0.42187227806705	0.225174341641301	0.355153556015826	0.261391249283479	0.195862380910723	0.383769642509562	-0.252143851092054	0.119111286384181	0.458742523186773	0.364494015168158	0.321278579831673	0.10092591139672
TCGA-44-6776_T_LUAD	0.256138184651539	0.183587884221	0.241624183303471	0.0158633547709278	0.142235038622799	0.276568372178945	0.480877618384315	0.205313825851402	0.37641244657725	0.15558272302658	0.291998999935251	0.244158481881329	-0.306830691959206	0.0824448603931398	0.324509859903903	0.286055391154131	0.201309320047897	0.0468774592174415
TCGA-38-4630_T_LUAD	0.161368724049133	0.249086795972506	0.221077618946159	0.181272219816492	0.0498327288626721	0.257134479164028	0.339643629895906	-0.00672204460340736	0.28647190942424	0.06741161701156	-0.0408938412323948	0.310468153543139	-0.0748666946133198	0.168160838715303	0.327457732799971	0.253566032449295	0.256359352964438	0.0636921503636604
TCGA-05-4418_T_LUAD	0.417355194021172	0.327621496864907	0.363656293175525	0.283628693286768	0.21342021426972	0.347823322434866	0.365400363140358	0.120626733625989	0.296083189504733	0.314033533395179	0.167986745240247	0.424711187452133	-0.227626191195041	0.214221311597217	0.443183420304443	0.34840296783932	0.347211819933323	0.169444169573466
TCGA-55-8085_T_LUAD	0.402701079323117	0.307412842927284	0.366006654336665	0.246375175650173	0.189794954903495	0.377980377533877	0.394232082064422	0.106011991952951	0.3096235827147	0.250128024379817	-0.00337464672229834	0.431815154921179	-0.251552894833065	0.176480782930458	0.471479958868057	0.374005184379732	0.315026598709297	0.10959442996755
TCGA-55-7995_T_LUAD	0.416939679890999	0.293461470559395	0.419849803871444	0.227899650460113	0.153874701235575	0.336151198234451	0.347112976298396	0.129345075578876	0.287333643847064	0.3009622954071	0.0967907757839703	0.407560821885335	-0.212817182459692	0.294173351311586	0.531948358993104	0.39910832856868	0.321173939485065	0.184439714492508
TCGA-55-6979_T_LUAD	0.390810127012536	0.342195838980162	0.396076897112124	0.234734446130395	0.197960498056355	0.3421876143367	0.451471531704762	0.16323967612173	0.378907668996666	0.26295076830366	0.1370925112111	0.479323271332546	-0.295147311895363	0.203633074532554	0.515307681682491	0.382999908479113	0.3454117137245	0.18987527452237
TCGA-62-A472_T_LUAD	0.236457231762408	0.185894078574255	0.297034724579916	0.197746458625544	0.197930574896509	0.311019230399344	0.368295272245178	0.175966180054244	0.286028631505886	0.120961100676852	0.272054625398219	0.357938260385867	-0.180345509547899	0.118427532070044	0.434005237782007	0.349881115897064	0.282066970529127	-0.0127231392735109
TCGA-55-8204_T_LUAD	0.316877926223933	0.179866386972908	0.253028552343882	0.135606936844412	0.166834370518329	0.272525658424297	0.437751118435245	0.274407328953392	0.35482303071782	0.259519308747775	0.239045176712237	0.387534163327023	-0.165819831839347	0.090240392117463	0.36787461397841	0.354355654080776	0.206910687850922	0.193294724368771
TCGA-62-8398_T_LUAD	0.229436317559458	0.240433809941245	0.26517254410555	0.161166699729463	0.202847166692022	0.306492985386782	0.402622755584234	0.131807793014976	0.314247191921581	0.214243130591368	0.115642821209005	0.403345106335196	-0.168378533681872	0.144844426110495	0.380282393917353	0.278444721652105	0.23967014472198	0.124522430844325
TCGA-MP-A4TI_T_LUAD	0.35678719529777	0.398938401534293	0.429376923568716	0.256874133517037	0.192150572356404	0.325777376885713	0.471011572412272	0.092657403102624	0.38909354864251	0.347201453310321	0.282850462234065	0.465636990255826	-0.250687388206838	0.269471666645475	0.53042371858855	0.438180732120799	0.397382683290545	0.261826328727073
TCGA-05-4390_T_LUAD	0.293958383030072	0.178870750905929	0.215690211411134	0.155073345902627	0.130797984590167	0.304117538687971	0.341970891612648	0.0734551567031718	0.307606668324123	0.0755749957128392	0.0552954319434908	0.379978359285826	-0.212323418107998	0.120725860278871	0.321446496377845	0.281012508653893	0.200304888374193	0.225570911225408
TCGA-44-8120_T_LUAD	0.337772744791282	0.284207187138332	0.26591684066889	0.189019328453389	0.144578917085416	0.271511198715838	0.497540345983305	0.245333818664981	0.434115415469886	0.188178552317173	0.315139372933234	0.380621502479696	-0.162938887310013	0.153223035752378	0.345554709263331	0.277930916414357	0.220311187950256	0.148547478833872
TCGA-O1-A52J_T_LUAD	0.162287183133962	0.211588749612431	0.240947948866997	0.105236540475668	0.177209836868015	0.251491513067157	0.339951028279334	0.221447769559359	0.298858128551556	0.114506065589047	0.222922189127601	0.453835857855246	-0.183486244963045	0.123996895245739	0.347604567775395	0.271712734944327	0.257441846865627	-0.00522786130867431
TCGA-67-6217_T_LUAD	0.418188337544555	0.299289501148805	0.356831796554723	0.210348302338759	0.164919961669796	0.294034456986656	0.432243878235474	0.245398529833237	0.41596697802054	0.139424723864441	0.238671374120408	0.354621593681332	-0.242571294331299	0.0779144408493442	0.422980763712878	0.347770327979638	0.260593943022057	0.0545078180928084
TCGA-55-5899_T_LUAD	0.264184124449445	0.209621437463492	0.338607478575787	0.220484081842835	0.215822198076914	0.279175551462154	0.375363628019411	0.0122905595120897	0.337480839967021	0.166204640661528	0.15412311860334	0.359366583117143	-0.133075642551658	0.234834004132004	0.393011031028293	0.277260463764302	0.327976046724532	0.123521280480931
TCGA-MP-A4TK_T_LUAD	0.426398767633639	0.348751262769633	0.316345918236094	0.198541523615202	0.158842557671935	0.312606854439091	0.433289207977409	0.256220586169474	0.433494632213101	0.189277610114745	0.154835604937168	0.428120468345249	-0.0946862773896193	0.114838819709882	0.388612529877645	0.283490833473327	0.292593325396207	0.078304718754664
TCGA-MN-A4N4_T_LUAD	0.289587013344461	0.192549523474537	0.213305164677232	0.134254067608086	0.10544503729212	0.296519163105526	0.400244966479143	0.12525765429044	0.384831839905553	0.220319968603228	0.240815279752845	0.377335641645773	-0.101242704069388	0.20438072498046	0.348730377362522	0.274580298749353	0.201071202594078	0.0587730458553282
TCGA-73-4666_T_LUAD	0.20217012347805	0.306892555684751	0.414239462750811	0.213574197026394	0.133255319703035	0.321569690974958	0.355534848698903	0.142561178856301	0.273676495035619	0.367362557559707	0.222266211580445	0.439234839631625	-0.213763080133419	0.211492293083208	0.518363768014227	0.425968021540223	0.348562154420719	0.246023988272217
TCGA-L4-A4E6_T_LUAD	0.337624693739364	0.261752149025928	0.318170874322177	0.200961773860468	0.181312581536119	0.307873663045037	0.597732484006508	0.268435428579767	0.451062050691661	0.280086164415615	0.34793353526286	0.475398984061609	-0.197303800170747	0.121260726967383	0.421812418807432	0.375377873652927	0.306184039910505	0.214744166863077
TCGA-55-8207_T_LUAD	0.284458910392291	0.259185409145243	0.338365850837186	0.138349173984227	0.146153658157158	0.3060290245807	0.479031970204598	0.211095275205383	0.474931058425029	0.0985690597214925	0.359120930308395	0.440636203353254	-0.219906860407918	0.0884648824080892	0.338354914910074	0.312962974246439	0.233276820015041	0.0439827922203096
TCGA-38-A44F_T_LUAD	0.472876021089763	0.35456140631022	0.325947274328842	0.241824885707519	0.194040332209357	0.319386445287865	0.504990609742398	0.280418185147654	0.440480460241119	0.267943683565575	0.283706288559152	0.405745535823742	-0.198965340503204	0.148317591128671	0.430479131339839	0.423400700399591	0.316444709282082	0.194872481073016
TCGA-78-7536_T_LUAD	0.220493744258175	0.222917819190219	0.286177009350623	0.153650204028589	0.160728358819708	0.296843515909791	0.285869339193446	0.0291977300650299	0.215622300656801	0.147959237649649	-0.00358047278563571	0.358898578467414	-0.295607219714966	0.177840420755068	0.42308808051401	0.354112386997707	0.233102822066454	0.110556728167715
TCGA-05-4389_T_LUAD	0.27324501256964	0.303626870871757	0.395650625801171	0.279931700172588	0.26989335333793	0.361106022060886	0.380501662689249	0.127805136869144	0.342213204850102	0.325509453402524	0.359419734321343	0.415638767736688	-0.282898447487156	0.277501750409373	0.506996957304324	0.413828734476101	0.327325765172848	0.261202614454943
TCGA-55-7281_T_LUAD	0.263135331114698	0.296110133334413	0.265778418288589	0.205618784902697	0.175031288256285	0.266903296880489	0.396971121927362	0.257386979236402	0.388028195416154	0.191950719749488	0.179127513172216	0.496176727565732	-0.265867956834947	0.1230762602775	0.413934023592835	0.331135462901406	0.249506562463837	0.100073594915354
TCGA-97-7547_T_LUAD	0.372145194659064	0.240142895647903	0.287355122675627	0.168931422956197	0.173850133150105	0.275559946403846	0.456109102175075	0.245088724693554	0.412424985963455	0.0620181020109724	0.248452146308359	0.324211383724077	-0.309677421573021	0.151833403300332	0.367954816648359	0.257406902858225	0.246111057148988	0.0836398221961128
TCGA-62-8394_T_LUAD	0.250805895038545	0.247550554320351	0.243162761651663	0.211796717908713	0.187875138156546	0.248731045170161	0.444339443937776	0.298810983166063	0.34065892539468	0.187070471394151	0.162234873796043	0.368674713110247	-0.239515357502805	0.241026666518501	0.370652805130486	0.292625737797122	0.289572181098505	0.155612958006089
TCGA-86-8668_T_LUAD	0.403878228648838	0.275115411360419	0.290450277232262	0.16485440687561	0.186068649532421	0.32270146256589	0.440830495296507	0.165749337063081	0.429447731755799	0.176012000187784	0.307676125338058	0.308956958310376	-0.232303943031362	0.155545316871067	0.391105589914764	0.34099224602785	0.291981001504542	0.0773632739983375
TCGA-50-5939_T_LUAD	0.402157714935946	0.289637301869006	0.346075036298435	0.170743489385387	0.249168940986167	0.334762634250206	0.498127952312703	0.148341547197383	0.41263210475079	0.288158243457907	0.222127725578653	0.454484217342442	-0.158573101759445	0.054639333045394	0.408643872274272	0.274568414882501	0.278528211436796	0.187123692118531
TCGA-38-7271_T_LUAD	0.613541316992783	0.432804722518172	0.492092956945231	0.330670149722792	0.196474391510946	0.374155665442933	0.576689795398848	0.301323585584059	0.486664512859381	0.285771616688615	0.359842809085608	0.450873329920802	-0.0966651690017001	0.235158605624989	0.50360116694051	0.411577745551703	0.301373035606586	0.178810841599626
TCGA-49-AARQ_T_LUAD	0.274535207171615	0.181093712160865	0.26416966365358	0.0873399332027532	0.270097938944036	0.269676672385864	0.258048850353018	0.173128653595053	0.221296980487103	0.221028424553234	0.0754221484153292	0.365910485022087	-0.235479901515788	0.209691663882087	0.462734507605616	0.342348386218763	0.374997458033103	0.160975047595091
TCGA-64-1678_T_LUAD	0.28582873313431	0.16021699400144	0.172268980726208	0.148366122566941	0.171025052481758	0.181116728770984	0.256946693571835	-0.0079231820858703	0.237691333847475	0.153186493084409	-0.0653887219758251	0.189927290621583	-0.137790714162049	0.0670406240804488	0.296914244386232	0.198880959544164	0.155025343211386	0.224101347523993
TCGA-49-AAR3_T_LUAD	0.405537758663372	0.240463252157731	0.441855983632421	0.294715990730769	0.222923618478675	0.348724532953409	0.436657891884079	0.02549251851749	0.338059235489288	0.268715517889051	0.141162297706638	0.428435657395925	-0.251186041621849	0.170573647514675	0.535401993870312	0.369079739392594	0.394043394263685	0.173556228115314
TCGA-05-4395_T_LUAD	0.185425391329726	0.223067227481364	0.304660735942199	0.18339668201337	0.173422263326512	0.283503422343656	0.398730538919508	0.0639999160980297	0.246021357656447	0.406700802812992	0.126897143205931	0.422602401712192	-0.223254070425424	0.151127146936358	0.445944086480748	0.315227440184671	0.2694943064029	0.168342143179406
TCGA-44-A479_T_LUAD	0.446278561604874	0.315692249600351	0.408622740105434	0.281472659553707	0.244744429282068	0.370271148429976	0.377033931862279	0.117658378116404	0.362136800988544	0.286432056820136	0.0668359019120971	0.365367226821535	-0.305614181261461	0.199128478565444	0.487722345248454	0.392264652899213	0.292893081974583	0.212746120133683
TCGA-49-4514_T_LUAD	0.400882841144489	0.238359156891259	0.324198900666283	0.223541595238004	0.233350501958894	0.345683930869306	0.44098157915496	0.163980975514176	0.315425967596299	0.267389934439185	0.0903054429911952	0.349459209074731	-0.252765982623952	0.167980623877966	0.446321788407999	0.319194543656692	0.300850357196102	0.144717422842455
TCGA-62-A46S_T_LUAD	0.267503616250613	0.218053691192794	0.248941282641139	0.156616452514835	0.157159402448341	0.258317179224425	0.468658230773548	0.0799273130529471	0.318241270032379	0.221691899719817	0.177765195677687	0.352702524430876	-0.186094912607128	0.215462767583682	0.373038194996695	0.315819670516352	0.264052857945043	0.188066638831353
TCGA-55-A490_T_LUAD	0.319497550078017	0.157880886903691	0.271162638055957	0.165489058155479	0.0412924367870184	0.315568230376413	0.350518217925477	0.0575139370288325	0.371787423872028	0.00840431410419929	0.0101913393113295	0.447482066772416	-0.316710578308269	0.12800263518594	0.354540044967799	0.217467604866338	0.245741527092241	0.0562356405314196
TCGA-97-7938_T_LUAD	0.324018105348942	0.247693728771709	0.295537805028682	0.127868396027579	0.12867161247602	0.263984292903051	0.439662744515676	0.353254280731023	0.421818369421784	0.15370775529139	0.314769417901058	0.300108544749786	-0.265671505758499	0.0920833283299151	0.358236567485678	0.235815231509792	0.218648161035099	0.0836251987224267
TCGA-55-8097_T_LUAD	0.361027673854593	0.251587217099505	0.240507343773098	0.160950647866164	0.116188799999473	0.267980320666097	0.436502292978596	0.259991167141311	0.406584232719807	0.0480818939934016	0.310773830801318	0.257990689691747	-0.271379517234707	0.0799388565141604	0.338659608455783	0.213238851949785	0.219651145140596	0.0547401409360866
TCGA-55-8208_T_LUAD	0.477531200310921	0.314123328152573	0.400557240059657	0.256628097725342	0.245269137512869	0.358812771513756	0.511612417490308	0.279811234046971	0.39064790582049	0.282790991865431	0.203802844345896	0.490373183001656	-0.229515155822315	0.22763665831423	0.494130517117291	0.412978495589662	0.339991110731921	0.223608881252807
TCGA-69-7974_T_LUAD	0.333054764528737	0.23297345582502	0.35750013469646	0.190541703144036	0.172958524685116	0.344639226914898	0.460593685813742	0.271710523825438	0.360283221105734	0.273988000862481	0.251233376621558	0.459339606558798	-0.244650705012223	0.210356545391861	0.436083604633123	0.382495586347417	0.32922605680328	0.199678947297914
TCGA-55-6968_T_LUAD	0.395305036771387	0.212813868365078	0.35676434017526	0.172936531728733	0.26484270650674	0.338556639254799	0.3325393038525	0.133218562478263	0.331333092354073	0.18993571654204	0.0398003202293712	0.399621771968623	-0.154768850649635	0.217997418994761	0.453816599247845	0.352427963810124	0.298511500455617	0.24639391421655
TCGA-05-4415_T_LUAD	0.194982412175944	0.176468710445765	0.338628148642382	0.14557569966575	0.151279265597616	0.262426816462292	0.367862006341907	0.184768095405972	0.224375326959184	0.318774115354854	0.196102532479304	0.37918681150031	-0.185479294565172	0.020154436108278	0.441256360110861	0.365837144768072	0.257418362125212	0.210910470002218
TCGA-44-6145_T_LUAD	0.463990116813505	0.335686808329615	0.433680564763535	0.28880775492041	0.205879035624233	0.368916158283603	0.461465235432424	0.209595046330222	0.40728091736062	0.399581800015352	0.280618124437771	0.418319631379933	-0.165891379605506	0.17632798518314	0.513500523899072	0.432711662638947	0.359074614681508	0.245020993595858
TCGA-44-7667_T_LUAD	0.212251155998863	0.161743011958144	0.208108661832941	0.106018211933216	0.0454224491001377	0.232963254789853	0.425051613172273	0.0238429946708969	0.324325378341509	0.196558905051644	0.0560531395865763	0.387443803266605	-0.0927017485215999	0.136967988275987	0.339992056547545	0.29481239621095	0.232286110130815	0.236395713141945
TCGA-97-7553_T_LUAD	0.386309378294036	0.285832262902284	0.387924116128023	0.232682519550705	0.152254805857513	0.342405422886613	0.550468431931901	0.298515600704172	0.430500498663731	0.324931696947125	0.338107639713422	0.504056799511561	-0.273279445248014	0.218181298099251	0.460851856282188	0.428219702892699	0.31633443754678	0.221765437654868
TCGA-78-7150_T_LUAD	0.115462109384698	0.155429442288806	0.189054546946765	0.113939085180133	0.190540672326917	0.235607263045408	0.325150995197852	0.103181182207102	0.354104680153257	0.195870562330343	0.129872406254404	0.313373174280365	-0.195308401328949	0.131920540006443	0.350127169666077	0.261439253551406	0.224772425938162	0.088984021086452
TCGA-69-7763_T_LUAD	0.321828621603473	0.219239704160438	0.271145249773003	0.168487956859591	0.131392647044122	0.254180581907503	0.533118183320458	0.243381738155826	0.453192877024741	0.190233436308929	0.166504590151513	0.330893187497545	-0.262678104690907	0.106245717959009	0.340519743322998	0.295906235941716	0.287094855564091	0.153402333355796
TCGA-95-7947_T_LUAD	0.368930136116	0.265422643363795	0.326495608074115	0.154401188208249	0.162692997899936	0.332759559649623	0.445001835472776	0.28850043843225	0.315306194179271	0.272010424781272	0.166378198838584	0.341971919647624	-0.240012113013203	0.251933730749205	0.424964204066664	0.375342115610662	0.292350112486589	0.169507553016017
TCGA-55-8089_T_LUAD	0.401793241748455	0.334171963388636	0.437643323542329	0.293436994667273	0.139773979807502	0.322675357383878	0.43277514395131	0.189028544786456	0.32816481669074	0.445303295575562	0.172449172777763	0.453517030516517	-0.232615524855472	0.168987855993213	0.54818042817679	0.439786187853363	0.37771906720443	0.273929663975297
TCGA-86-7711_T_LUAD	0.289892116708491	0.18081763416634	0.312641829552758	0.132754283833558	0.184013532607207	0.33350840276126	0.421877822752745	0.00298646662982402	0.342657444809152	0.305525163856101	0.211040424363619	0.51432027884935	-0.279702034489489	0.0534796322782058	0.417695006206648	0.350352143768463	0.309051868129814	0.150082685862252
TCGA-55-8621_T_LUAD	0.349859553467029	0.265865589871286	0.325556313803791	0.180996292121443	0.233041651309645	0.336745594905382	0.548804608208477	0.363099189184421	0.449303102373007	0.317757267110195	0.336095376025378	0.452118785420146	-0.082722739628745	0.144694329843976	0.440087958259193	0.430008109743187	0.346157845934931	0.272070278158202
TCGA-49-4501_T_LUAD	0.437232561848268	0.322575690723092	0.333779437889485	0.221884981651578	0.194644506221404	0.318304442025947	0.465158193939677	0.310448368129206	0.473986315822918	0.210312320825473	0.336151846256877	0.406522991486563	-0.170807441945193	0.147418399848385	0.404168484492382	0.304134374416658	0.302428381150372	0.113767228494705
TCGA-L9-A8F4_T_LUAD	0.423111134214434	0.313568385095079	0.385592002660516	0.237834436508489	0.160915040159312	0.380460719390827	0.332926600117828	0.0941685141272751	0.35346440958939	0.196726598314764	0.12513930364329	0.361095659916114	-0.140397340721565	0.225597796227915	0.491855494266475	0.366489943809544	0.294369079093244	0.0435050709373962
TCGA-86-7953_T_LUAD	0.310021524989272	0.300181710796251	0.3010290352157	0.176668082286328	0.200940050370849	0.30075900950498	0.41086504671941	0.198880337877031	0.28564820908204	0.153203291878241	0.0972837196236573	0.454483001337548	-0.173678310795208	0.25878132157992	0.425990855749252	0.311705119848543	0.257613687432605	0.0925986816698019
TCGA-38-4628_T_LUAD	0.19139384849264	0.196568932086764	0.171188023963296	0.129163325704026	0.120861174575736	0.127049045896799	0.372520257409139	0.210109918417419	0.441242718214644	0.108606250439687	0.292388800122234	0.445751566944382	-0.175278027614424	0.113601735483493	0.287846805536839	0.2793944359593	0.156497744223013	0.113036736625204
TCGA-55-A48Y_T_LUAD	0.322780359074335	0.240747395912573	0.311120961608656	0.132103934213869	0.111874533777755	0.319356926763113	0.454827434637927	0.0745707779327199	0.321687421977444	0.185946610868122	0.211374786170584	0.346613783508416	-0.23451680940798	0.14265504322337	0.395523078509734	0.242885407070238	0.281010336168009	0.216828239993177
TCGA-MP-A4T9_T_LUAD	0.291141968595781	0.25720881727629	0.300193342587513	0.166897287126737	0.187575547304974	0.28298221266678	0.500388704887494	0.328733667321207	0.407409142435586	0.228798505211286	0.317551800223	0.404406291855755	-0.178912891879301	0.157965412498713	0.400192727359173	0.339767507597992	0.259997241329923	0.164814029925524
TCGA-91-6835_T_LUAD	0.511320239968491	0.422150920003714	0.46710636705617	0.280818346338656	0.174344939045437	0.370476993903283	0.486959943420443	0.251763838019576	0.413240455006319	0.233113274982262	0.258151494214634	0.425858020207645	-0.190202176855801	0.237861095809482	0.497953471514561	0.444280425149414	0.360742124234588	0.170970449691869
TCGA-50-6590_T_LUAD	0.405583352508809	0.305894208717916	0.374737189159925	0.226292819747623	0.191883864769142	0.347659245029248	0.357470993849579	-0.0878097981552027	0.317070567193644	0.237678958949874	0.10691520163067	0.440423503138819	-0.162211863906409	0.151630449340659	0.475965360948926	0.348183161682704	0.311672409948	0.0926461236506017
TCGA-95-7039_T_LUAD	0.292156712018367	0.215294503641809	0.340285021959807	0.152191273976057	0.086692605710581	0.265899404192769	0.49116623777711	0.225315991508241	0.416096573241383	0.170382969628794	0.244147485297157	0.251454309309817	-0.299266958203452	0.151870183160376	0.420990073249042	0.309313388150012	0.260090386145231	0.149493361579327
TCGA-55-8206_T_LUAD	0.341545981362713	0.31040941156005	0.285441238323914	0.15178305402162	0.201004243235984	0.290763825432901	0.443169280849623	0.223604812749881	0.439725884217729	0.116726234777515	0.389102647862669	0.480192424091592	-0.188980625944948	0.185063815723971	0.364783758237708	0.299545877774535	0.261612058625975	0.112339910445707
TCGA-44-7661_T_LUAD	0.27531208815423	0.364747876497365	0.343220153182788	0.257072236413228	0.187104833745722	0.342518497833207	0.547994714997286	0.20443958788715	0.405721575304952	0.215599897800766	0.239455896639969	0.47063669637032	-0.220377101774488	0.279445473638863	0.413776347166568	0.336993499383618	0.311079224061876	0.165383949246907
TCGA-J2-A4AD_T_LUAD	0.127162694304431	0.122700653036222	0.112715656162253	0.133681127464717	0.0455015440372898	0.226909967858983	0.372412540345876	0.247241282362216	0.376380298065079	0.0533521179143261	0.168438682858848	0.245703891103631	-0.196685461306424	0.0808172159977844	0.227359239911464	0.245915940201898	0.165960456617701	-0.060180761088255
TCGA-75-6206_T_LUAD	0.219833216736125	0.212102623232085	0.19080795123878	0.0679168561408679	0.111667415334772	0.240072626903605	0.457460272314188	-0.000847038700860341	0.414125532273259	0.152498361200634	0.210588492614661	0.346579121282762	-0.31139209796353	0.178821477196694	0.338996044672288	0.231644642386347	0.190475922466271	0.0803959765459238
TCGA-55-8616_T_LUAD	0.458730873933934	0.267690496028765	0.299964727819788	0.112442088376895	0.112278736411842	0.281076149272075	0.368254716466607	0.225063524983407	0.387622035748527	0.0850075925981232	0.24805121007337	0.253686972562618	-0.165302651193746	0.184416560093861	0.344625583739064	0.306252640790318	0.238675291859208	0.0896490318289714
TCGA-50-5051_T_LUAD	0.359203312087022	0.171733358212439	0.184700707293159	0.0703143744156636	0.13368679147521	0.133107037349662	0.43190935520135	0.184423230925664	0.32832988231772	0.0790726159889068	0.172102474966432	0.259826328724288	-0.292398872255733	0.156929118060191	0.284113552382246	0.259539240512277	0.169947534907153	0.0739292704485653
TCGA-97-A4M3_T_LUAD	0.267699055664595	0.20222678116379	0.184716832441582	0.10463361016404	0.219758255982462	0.225581502166105	0.497525856704484	0.103384768041679	0.406154937792869	0.104359569403066	0.194078066103676	0.308092643955615	-0.2853904304437	0.118345340684162	0.316652584326378	0.248725936726581	0.259488634526765	0.0717069525680972
TCGA-97-7552_T_LUAD	0.520600197885132	0.340455270115337	0.449033495759449	0.343493584021036	0.266857993329348	0.373161249470878	0.489394114449304	0.323179472986908	0.437325329344023	0.353269939496244	0.303673551756854	0.37202337983074	-0.25519043891814	0.195463704898015	0.513612213491356	0.489574291162923	0.380300201738323	0.198126029788544
TCGA-44-2657_T_LUAD	0.550366103150218	0.33510257998611	0.462714327225768	0.265446517314357	0.210453664312357	0.395583130933032	0.461886770315889	0.261286428017318	0.439767358353531	0.316609143279387	0.354259279936687	0.372645455391301	-0.16046501557439	0.219158328985274	0.511493348346472	0.421016000004764	0.358881688458195	0.162856950227919
TCGA-97-8172_T_LUAD	0.515163240900104	0.313652375318733	0.383470736095994	0.216532925203308	0.20827297985851	0.329904575965167	0.470726793086611	0.117076805130819	0.483215056888564	0.148019792782803	0.406695630907245	0.350887607728232	-0.257449754148481	0.200943554679784	0.424811972702089	0.349941341773329	0.320500925180408	0.127091383900481
TCGA-91-6840_T_LUAD	0.352495557227421	0.250780647656235	0.321040750715374	0.174004805836453	0.205267446051361	0.284083819677756	0.464405887815364	0.23780315511023	0.355864899365395	0.203723265322239	0.264328414851883	0.28023340870753	-0.21906728239836	0.18401609304392	0.417681178468356	0.345079278425338	0.339033925619572	0.0514308522712341
TCGA-55-7907_T_LUAD	0.287449768566533	0.260031712038965	0.346589067246624	0.240799448458943	0.18560312338584	0.329894536508978	0.353499482417551	0.114483872164508	0.357245337801846	0.197404740857295	0.163413503241422	0.313270813340361	-0.244839284536099	0.0913251866835173	0.441524132585897	0.346624386614817	0.236456032336037	0.097239341062969
TCGA-49-4510_T_LUAD	0.228411773628001	0.0940428569853916	0.164198753252611	0.163895419519882	0.152929379321177	0.243080163907265	0.485147743258369	0.117336924250044	0.36769646372122	0.230519003470227	0.178491968407063	0.299412621928222	-0.195729266931698	0.130744661264843	0.313552053652443	0.301354083033561	0.263327574783051	0.211537633529259
TCGA-MP-A4SV_T_LUAD	0.377862029497114	0.288761394005376	0.360472780449441	0.227442537140168	0.157285052161264	0.345959939591117	0.370985120568105	0.291656732893002	0.347166199295906	0.244795052310319	0.242917789089955	0.328104334546989	-0.196776351855159	0.145303991587547	0.458781669294009	0.370880616110159	0.312246472086134	0.0895109638723039
TCGA-55-7726_T_LUAD	0.239704580027974	0.247196321435686	0.18957400970841	0.0402178032882746	0.1051221184558	0.169618573489267	0.38098207425609	0.0641826378771755	0.400234729999736	0.16729039429741	0.18869624074854	0.432664577650563	-0.188286550829517	0.0506416474341967	0.253983070732427	0.181735976924721	0.215915044786064	0.0814197133980449
TCGA-35-3615_T_LUAD	0.27282422584878	0.172233032742123	0.238041160458655	0.126568858644908	0.111595111103864	0.29753379762996	0.432171657186157	0.156857221333267	0.301706061889335	0.146990260149459	0.217148790414907	0.350735213994555	-0.288536590394177	0.083977656537199	0.361120128624048	0.251246565755311	0.218601433929061	0.0613288321875329
TCGA-97-A4M6_T_LUAD	0.413027359425423	0.359458569249783	0.362400102418063	0.187117858789168	0.196704731371641	0.318398157956162	0.469221806234993	0.191531715638701	0.402796804127469	0.147921905890092	0.224984751382896	0.395345948117518	-0.203591357405294	0.139260986957146	0.455147979703803	0.370389793775235	0.369959506619547	0.199804769756678
TCGA-86-7955_T_LUAD	0.251788615835787	0.0890327831886048	0.121075760835578	0.0666927480363795	0.0798142665963611	0.255133317855741	0.310860898866793	0.182269103302383	0.211715984966813	0.167285393870693	0.138572261300343	0.174073114637567	-0.32945657746586	0.0482470328068681	0.283589971981745	0.177527272367079	0.160635126670358	0.0296760427896064
TCGA-L9-A443_T_LUAD	0.256083345187643	0.170263257811498	0.294698929507395	0.227161909951149	0.175840209922902	0.278076786544902	0.442477358164498	0.166884367780572	0.382125684108503	0.116071208498677	0.16467250182423	0.29439306868468	-0.213417213131673	0.150271655070448	0.385948428775225	0.315027724791717	0.265261502388459	0.022737031325233
TCGA-53-7813_T_LUAD	0.37869312371464	0.113057258519949	0.306915363233059	0.213697369503159	0.285462119071641	0.261244401582171	0.276594842982413	0.122575607724118	0.270215420710427	0.0580627432618741	-0.0314664852401572	0.249814201108346	-0.254585767041961	0.112231403266455	0.417957637096393	0.342995299799619	0.316642736181659	0.0276534497917722
TCGA-55-A491_T_LUAD	0.400349676054159	0.254572431926363	0.307777693329768	0.200374203545364	0.0994860807222577	0.338470301274594	0.391961797045117	0.0886619639685696	0.375134608439787	0.16372757488466	0.176664729918326	0.384493657800694	-0.252816918267986	0.149082352299718	0.39527580580106	0.309229805314111	0.250930146956011	0.132270890541572
TCGA-86-8056_T_LUAD	0.342985580510821	0.249177639503365	0.259198912356775	0.194087986243664	0.0906996110197701	0.258126922246552	0.444764168567328	0.306955018414243	0.354496813823111	0.131370867313211	0.271789104888014	0.394253462723193	-0.282368619729362	0.126314826201023	0.358352686333663	0.318941145117062	0.245762099136869	0.145990388117622
TCGA-78-8655_T_LUAD	0.287237826992124	0.279473642042813	0.322402761473463	0.164594977655615	0.14723784903276	0.296617621929901	0.493550916510132	0.255476051858619	0.383409466689546	0.241103479982618	0.232308846981747	0.411151404789365	-0.318364015620334	0.231197188396682	0.429107471313423	0.377365173942196	0.29307680372844	0.127822522294291
TCGA-L9-A444_T_LUAD	0.425443936842301	0.33552911526558	0.432048309978859	0.3019033818051	0.1752021014657	0.370109141329136	0.430795908677423	0.0423756252466949	0.370303128947178	0.281208701422697	0.215903654765819	0.358772994021613	-0.358262687308838	0.12911184698977	0.5467715546844	0.435815394900482	0.361773751795361	0.135905800306575
TCGA-86-8055_T_LUAD	0.289480137075635	0.253150978057531	0.254641486579293	0.20528487116094	0.120616574728021	0.287052255920365	0.379194094844749	0.2613409331065	0.410883238185951	0.218436113712379	0.202495911773279	0.408549884611665	-0.214886893047479	0.0785397114022229	0.346178959643712	0.287301439816849	0.247856359163771	0.104622266997069
TCGA-55-6970_T_LUAD	0.368189678574216	0.292837643225059	0.359860395757553	0.257759181910083	0.195897572685293	0.35428198790896	0.487819944340207	0.27091936218561	0.386890233880701	0.292031376143058	0.258091839566851	0.38825089798601	-0.224384748919343	0.188423220189135	0.432744245137918	0.367805228863105	0.315911648536428	0.212728971669163
TCGA-49-6745_T_LUAD	0.255647071340602	0.299896022117702	0.39725175854921	0.200030893334495	0.235495756434013	0.355486840366071	0.470652288492918	0.306416656945025	0.397731961438021	0.282612764905284	0.264589875644575	0.423652328899427	-0.26327063207766	0.120530828461774	0.471540956377872	0.388848217646756	0.322787234481194	0.115897250983113
TCGA-05-4405_T_LUAD	0.356936106654546	0.186933545420615	0.305802900776521	0.118616811669326	0.104316838382418	0.326357876657269	0.410597099724514	0.182394829067665	0.431971997083524	0.085832348070248	0.266449386839343	0.390495479289733	-0.140084575700314	0.156451391012971	0.361186768533162	0.298059575261578	0.269652197498751	0.0278021051643677
TCGA-MP-A4TH_T_LUAD	0.567186637401165	0.362571342706828	0.384029451271141	0.219858314201906	0.215934872909377	0.336833803813492	0.474028123015451	0.0735505015992054	0.423469736527943	0.222231281238571	0.230856394632823	0.309214650909368	-0.178474921517817	0.230466385195384	0.4583545521851	0.376721631143601	0.312337118222064	0.133011987791974
TCGA-99-7458_T_LUAD	0.375295611640672	0.362379228713474	0.38153542337208	0.27087989796643	0.176464034217322	0.368358622761804	0.499013797321754	0.312654332785085	0.441753467483029	0.206484613028312	0.173325776230818	0.37437917446296	-0.270387368363511	0.114604786345507	0.460572817321501	0.378951676722379	0.311017945619696	0.13308563499673
TCGA-55-8508_T_LUAD	0.404426700638635	0.177158405456186	0.209540999379845	0.139259964107198	0.1654657985516	0.262166714074513	0.401304047330408	0.142599701734448	0.338618919060697	0.241002754970049	0.102602985577238	0.298811674887992	-0.226596672003533	0.123700721169606	0.36448559211247	0.29678189008238	0.283482351595291	0.303145915124771
TCGA-55-1594_T_LUAD	0.276201862169571	0.207210504194915	0.306115009678065	0.179515697775004	0.1847919117579	0.273623250549342	0.357032696286904	0.166700090374852	0.332157872305779	0.186699022354894	0.0684155513150434	0.362014020920978	-0.313590849329353	0.142129315933592	0.383620365498882	0.319495382557463	0.238237787254744	0.16934191965242
TCGA-44-7669_T_LUAD	0.333763262056239	0.25275713229912	0.290174314427688	0.208081692169534	0.154687281803114	0.262095537024864	0.437908379997885	0.228591824633423	0.314911177830019	0.21170224160012	0.235320621617259	0.369670866830024	-0.168544565453699	0.242039332842502	0.374485652568923	0.319467620441952	0.283262457502894	0.227278444161754
TCGA-49-6742_T_LUAD	0.180020106683576	0.117841581130412	0.173604058902244	0.107615602072251	0.0576856665018522	0.0536848833720733	0.439965525421077	0.260011026901399	0.308707457336827	0.17459350104008	0.162484753110331	0.289522497063637	-0.155143560583571	0.170192332548229	0.261454241807552	0.243878592002678	0.184934101812992	0.130369287326191
TCGA-86-6562_T_LUAD	0.276310819147097	0.209983942960511	0.2134310175376	0.153787081418692	0.15328192097252	0.234684161150921	0.452387061253468	0.281867147787124	0.426385456906378	0.153170134976173	0.270090240996835	0.395844881985544	-0.275032976942282	0.223235997781952	0.330936281626432	0.237469149262716	0.195825219018599	0.202084422070064
TCGA-95-7944_T_LUAD	0.301454549813334	0.292890620945104	0.41120396698209	0.309545668512072	0.172709031030598	0.322087367138506	0.364479527976252	-0.0327015771429115	0.315690985378783	0.377745906015542	0.0169727465196912	0.428605177692041	-0.24043299427797	0.22784725289326	0.547235067332297	0.432104547600757	0.389835884797671	0.23818343318552
TCGA-05-4398_T_LUAD	0.350717356524098	0.26108699971365	0.293030114660563	0.17179159289956	0.0945602121350687	0.31413427844307	0.368898288477297	0.186689531372553	0.349817634724152	0.167611977352213	0.17445876418051	0.499158460988205	-0.224467620543548	0.263829952654281	0.431382708334876	0.33441986452688	0.306029631282333	0.0655964792522223
TCGA-78-7161_T_LUAD	0.131768238819161	0.122860560396331	0.136210701982004	0.0125511763169385	0.0543839229639864	0.179375853879663	0.426862770654508	0.120460288383011	0.3561476728619	0.108550823804227	0.0854101521619327	0.226265646744514	-0.255671074114846	0.101439117250125	0.250199616336971	0.293718158579742	0.22332945557605	0.111268034516782
TCGA-50-5933_T_LUAD	0.213929527350532	0.217230377898232	0.299089144037478	0.176635624404652	0.150057925273393	0.332785266948813	0.419098938329397	0.0787188097289458	0.363958425841783	0.232079119130265	0.266762551176339	0.49925267276691	-0.363485354190463	-0.0156368760532134	0.441346436522542	0.287266812399549	0.285294362697021	0.104343945337146
TCGA-55-7728_T_LUAD	0.447277362536598	0.306153698028027	0.325458304974148	0.236844877368887	0.182702331496316	0.255851456863109	0.365052324344888	0.222419021711323	0.260065468647471	0.197985644296814	0.175084701329199	0.477194137927385	-0.218081728968232	0.179458850776794	0.429673001916064	0.361693430225833	0.333702039819097	0.141555439486341
TCGA-55-8087_T_LUAD	0.0974844230570331	0.160707941929233	0.167033978203855	0.0532179273893381	0.125858825496961	0.216927350790397	0.333223340311217	0.16049768825484	0.331448598017555	0.0250800127078738	0.278716034088699	0.311926455177433	-0.20526449809086	0.0529689637180294	0.269206660071838	0.192251827263833	0.159130943699349	0.0444678900898568
TCGA-91-7771_T_LUAD	0.380250411352314	0.32109566234541	0.36629024672933	0.257495281997623	0.183579574894181	0.320869670842504	0.484497615301913	0.176732677469163	0.45639506524826	0.221884442571537	0.165357272189749	0.370757632507363	-0.219501988378547	0.184917331208495	0.455056750186106	0.37159719906623	0.282757909478671	0.145482032861048
TCGA-67-6216_T_LUAD	0.442790494224257	0.254683283468098	0.330599742545412	0.183587757001416	0.190388820584778	0.300940275557181	0.372149689515779	0.149792390672871	0.319233796149319	0.155669048700951	0.299999988523144	0.411547326720519	-0.261665491344395	0.115275631043138	0.425997862965981	0.284496026684525	0.262339379535669	0.0377103197911905
TCGA-95-A4VP_T_LUAD	0.457303116756641	0.267597963714711	0.308388107947105	0.114372107585901	0.176262775317645	0.298345009265132	0.567033207266889	0.160328501024246	0.418132963890367	0.134710798707141	0.209746808511437	0.348992182567819	-0.218098003404697	0.239047256107006	0.417698819344417	0.347777925759409	0.24117171040026	0.247073908345759
TCGA-73-4675_T_LUAD	0.250779958274221	0.173058505871731	0.200438486387751	0.128150499621163	0.0629671164387019	0.240091449929585	0.378784071299323	0.151954454507184	0.357377677704863	0.0768478006558049	0.224165910034642	0.407570083479313	-0.138129013426694	0.175471049129923	0.262926884495829	0.218029155419796	0.188504014552773	0.0775403918033939
TCGA-64-1676_T_LUAD	0.27789379115133	0.233030232343024	0.286765794568394	0.153619269393177	0.180485467014992	0.310094561269956	0.324829578139853	0.00797960896754188	0.293529653411674	0.277686750981911	0.121916430010848	0.519560282124802	-0.269065251552089	0.0573987345748256	0.441091934256038	0.351973858268508	0.244145706770398	0.112898906745113
TCGA-55-6981_T_LUAD	0.391583672420005	0.220910073825866	0.249850312586526	0.0618574344624503	0.0982666198252036	0.295593559417442	0.461677083116843	0.191797348242927	0.366776045378567	0.081128710045339	0.328247492003449	0.369315559184231	-0.299263412665661	0.145751152338882	0.299067538084838	0.214535097242546	0.199087554332547	0.0421493808593877
TCGA-75-5147_T_LUAD	0.35878441835612	0.300203095685753	0.287889565735301	0.226037958870573	0.187307381739435	0.272788595431145	0.343752450721823	0.401927403353327	0.389922189005975	0.194867986854269	0.242892250957069	0.445931088723875	-0.157118577671837	0.181099853892761	0.391383739888659	0.33592750599259	0.298149789516288	0.0761805409446614
TCGA-L9-A7SV_T_LUAD	0.227513724769808	0.169260574583029	0.184196342238271	0.0921221269745509	0.137714941729835	0.25062674940241	0.357942467692391	0.158573263832332	0.26057624068572	0.128680687224289	0.0583174662047985	0.189424308947129	-0.230155418115808	0.0442331678700264	0.30346772618032	0.243761541983328	0.216977864403523	0.0090192501620728
TCGA-78-7160_T_LUAD	0.355793045252321	0.305051616711985	0.378646106948318	0.24191793092147	0.17990347928796	0.342604817707427	0.483326003940432	0.25672230141124	0.404728213745979	0.318332292694117	0.157478898782793	0.423758571841445	-0.207928720823825	0.113765869594433	0.469172799658096	0.386522807405978	0.289755564332814	0.281274041289904
TCGA-55-1595_T_LUAD	0.318945093871205	0.226652686113896	0.278431345015719	0.192961074922547	0.152623077921876	0.250442058346979	0.428352383486913	0.0179799729536479	0.385912214054552	0.165500177717216	0.0750608601491494	0.288905214965425	-0.255865071450421	0.0824145280918123	0.38529777942274	0.316617862687895	0.282005080646386	0.0802299239189298
TCGA-62-8402_T_LUAD	0.22983388533932	0.291805736211915	0.350574795216323	0.185762866352632	0.283352646479628	0.311368321675248	0.356837935656637	0.127949432605291	0.252946671575247	0.20119447915492	-0.00644472009969108	0.406837606015001	-0.298487132482657	0.111132756494905	0.434381592635412	0.390363899744971	0.350022621289574	0.171073829984711
TCGA-78-8648_T_LUAD	0.408941691004971	0.316885306131218	0.418158785306907	0.289250868194299	0.245717327080484	0.361439274343982	0.537143574821217	0.23406414257744	0.501657303338456	0.287697532656496	0.325657070186431	0.470873464435847	-0.123465551080862	0.185074198774312	0.505775965723859	0.415584713083323	0.347044740353481	0.23806231298781
TCGA-55-A57B_T_LUAD	0.149399311261376	0.264156644859397	0.204655634639688	0.182899941067164	0.126324225967385	0.213457464313293	0.503549533102583	0.224682019745744	0.441366264995987	0.136778228396956	0.223956746280198	0.35423474084637	-0.259205304413532	0.116900228834988	0.302715182275473	0.303016646620078	0.2565711907092	0.109060534546049
TCGA-38-6178_T_LUAD	0.312177218763968	0.242674360752097	0.269221361151179	0.0900001063338771	0.0940778553636193	0.25202494047459	0.40373840633294	0.217719653544602	0.405092096054498	0.216317385591767	0.277803772931284	0.341671807916423	-0.252527144742632	0.0917136396254929	0.319253398274146	0.185983297254611	0.27616816556636	0.0890510257708095
TCGA-78-7535_T_LUAD	0.138170908478931	0.0106351824111986	0.165231607581168	0.00641251738629804	0.0681992522156286	0.17684273322077	0.381809351289225	0.107750785525101	0.270832474384361	0.164021459444155	0.0793604322136157	0.451028235409417	-0.281770820883354	0.0712631458181364	0.316506549656281	0.26559818338775	0.242575857383611	0.0634105743455252
TCGA-55-6986_T_LUAD	0.368835139504171	0.23376793016049	0.288955764958159	0.176631430781149	0.160938653011499	0.281179678412364	0.457758096588949	0.221067528911223	0.406951831802189	0.121931030952691	0.122676734822118	0.375586285148674	-0.296210774957022	0.0831228526793991	0.350900189091205	0.24555120970226	0.221543826139532	0.0918841498254441
TCGA-91-6849_T_LUAD	0.430636516432538	0.252704087828547	0.328206260972928	0.175315069534386	0.136922586823941	0.300520733533959	0.454036504091473	0.166029212090975	0.346112720213231	0.184138797792228	0.167009413191683	0.421015319917808	-0.365290424941319	0.0620314833612633	0.436117544556436	0.355094848526427	0.26665112808167	0.130288156760506
TCGA-55-7903_T_LUAD	0.245768046887301	0.191554310905876	0.320033520925049	0.181091827159266	0.12625743175433	0.265848771848293	0.354890992370501	0.209437902423229	0.249241586357621	0.24760564944112	0.238617547733013	0.40079426135545	-0.236300002079465	0.0644336485883034	0.443186809321116	0.338041051676277	0.302463093529549	0.076365862365023
TCGA-55-A493_T_LUAD	0.394542470210204	0.321880148170157	0.393555406914533	0.226695583742967	0.170634506595891	0.341178892336198	0.268811996713827	0.163219035640434	0.308208914473492	0.276939891734163	0.147346090682137	0.454621245610307	-0.146777609581982	0.312500038200078	0.4938320086669	0.38753213926558	0.322302405320214	0.0710771313884963
TCGA-86-8280_T_LUAD	0.400131059118873	0.342969072146317	0.350711526582562	0.249495176605667	0.233164935290147	0.357768132933015	0.489947258938627	0.326910432494635	0.441479904126411	0.157355357837542	0.325291730827952	0.38656402266334	-0.233322700546379	0.132850610630853	0.425010153611941	0.357470614423641	0.297608025781475	0.116041117862131
TCGA-91-6828_T_LUAD	0.325526513422241	0.317783709509786	0.365455311283014	0.195612831443279	0.26052886674207	0.333245773850618	0.484739759963284	0.104347149578341	0.376352710704313	0.232221250150434	0.212310441341343	0.458528449306843	-0.314178095120509	0.213834009955207	0.441100818992181	0.399421545759388	0.263809219217353	0.262715897319094
TCGA-55-A48X_T_LUAD	0.564542150260844	0.317142966732852	0.354708283362698	0.202523613123749	0.169964243542895	0.34297059848844	0.45023355924118	0.336475658826966	0.402812320999407	0.195594735532109	0.250850681774595	0.327635088238377	-0.152386851304427	0.144836145094541	0.414946661188622	0.366754088649627	0.318362080875449	0.112303411062869
TCGA-50-5932_T_LUAD	0.204143234293835	0.16163188276231	0.15872879555539	0.150629479761585	0.133106450345866	0.207725952952788	0.434031791542748	0.19645697654826	0.403094897577975	0.187189449104295	0.152644633294636	0.290450088229465	-0.27356783185852	0.0786713579100566	0.299356265327909	0.273023962203932	0.153662196651693	0.130020355669753
TCGA-NJ-A55O_T_LUAD	0.330780499183042	0.227796022586168	0.238512637401484	0.191915312754565	0.151804737656277	0.283235967059379	0.488894984448507	0.188083733486048	0.358511410115295	0.17282169427348	0.170137805953962	0.348288938428831	-0.198528649521964	0.196660813789348	0.354907674285689	0.281725187432272	0.261196423679174	0.174112175267473
TCGA-44-3917_T_LUAD	0.271787770228228	0.148674811943073	0.270069609022993	0.0648102282031837	0.159127167952404	0.250355253753472	0.29166062606356	0.0113124792125234	0.273794530418358	0.123857548850292	-0.020983472029575	0.32989042630008	-0.272452376462244	0.0253485456227544	0.371048415899748	0.282087739821315	0.172340124244576	0.072142195220388
TCGA-05-5423_T_LUAD	0.380107840877244	0.352522632783224	0.318666977023712	0.159203101535352	0.197658311449938	0.340608442779114	0.432848652015613	0.294408958354261	0.370845854662517	0.243213057325572	0.336523975000435	0.500222400935816	-0.309200638952151	0.195186536762501	0.398784314903781	0.328722503967462	0.236619773049788	0.114024176816975
TCGA-05-5420_T_LUAD	0.439602111489975	0.34728069411058	0.437478950325183	0.308989876337549	0.232058333903496	0.367289727676638	0.445478775695381	0.169189088494187	0.332343214529821	0.316880371605143	0.288088622906253	0.552588189663381	-0.333458287654033	0.30589108548148	0.527879213747234	0.43722832279434	0.319295640620731	0.132629460610606
TCGA-62-A46Y_T_LUAD	0.322822070073012	0.252873154318776	0.328490471279455	0.167119187091386	0.180524528149971	0.318207953770696	0.412171991318899	0.319108557104827	0.309194444926013	0.121191108765147	0.231789351478142	0.44635125195468	-0.271436022369383	0.138749573110226	0.412599640038458	0.403141954746246	0.258269902751743	0.0965820234541029
TCGA-05-4384_T_LUAD	0.198848051623369	0.193847776930522	0.186130819388707	0.126539565135171	0.123106922301451	0.20370946443057	0.501539499559109	0.250650822417975	0.389341448927232	0.167389464904924	0.214872665826786	0.363437970862134	-0.169551001984578	0.113652360127666	0.339605506412272	0.309004093439185	0.206011392640387	0.130306759600406
TCGA-97-A4M1_T_LUAD	0.150615299058867	0.188428783444853	0.21848457817835	0.123468735829969	0.163166761477876	0.284922364680224	0.545983999762541	0.282346393908025	0.429879588883351	0.196498878026221	0.339450968416692	0.378224149091964	-0.185739390019012	0.121703162152875	0.35587436876843	0.33075973165175	0.265658254061729	0.160713287741802
TCGA-95-7567_T_LUAD	0.340694273621607	0.284729293705239	0.335534699357293	0.215357672483106	0.151078655019467	0.34523743696296	0.380008465274444	0.162995169229781	0.336227387327406	0.22463731214505	0.110335225172635	0.38139786676553	-0.245958832756989	0.141839100954749	0.453104483810151	0.302276003409724	0.333818281748888	0.092012767253597
TCGA-55-7910_T_LUAD	0.270438281241292	0.172923936982709	0.119166675382122	0.0453626072476897	0.10868909409731	0.269477442479215	0.343067793751309	0.0597711950417677	0.268626276071657	0.0899475646688195	0.0877065149997963	0.291374793804595	-0.159921991244884	0.0367738286685357	0.263210477692955	0.173361731505228	0.166482597807721	0.0374292823439411
TCGA-55-8619_T_LUAD	0.45337917578882	0.318425535758277	0.393432351069497	0.270808995073181	0.206207534379904	0.337450720273827	0.548697889518805	0.291173810058016	0.423321906674239	0.272328691976571	0.315956557746684	0.444759988000722	-0.216968267768677	0.136636589486583	0.460168559358331	0.429855122546739	0.338669098811118	0.281219505403583
TCGA-55-8302_T_LUAD	0.308077265950866	0.237243517668178	0.269035536361287	0.0995746216682701	0.193546926892554	0.284271417739772	0.396097626840396	0.240594134534075	0.326285698752691	0.147397260621097	0.224962276640624	0.396467550605698	-0.200430468902182	0.118863503461696	0.424369626241112	0.301271550028664	0.327589134345035	0.124164058129781
TCGA-MN-A4N5_T_LUAD	0.297126859143958	0.273099583065328	0.324412067631239	0.154090521509124	0.200949783891612	0.314516974412022	0.412535730478527	0.197211772124242	0.317111647371966	0.22774839178262	0.113699245968062	0.294571720558762	-0.162095466179529	0.195297721132826	0.466564270773811	0.353861887538245	0.33701762472513	0.070842350661124
TCGA-95-A4VK_T_LUAD	0.473179015123025	0.279348043619275	0.299756132158134	0.186894408350266	0.113622875189698	0.268041549859942	0.43782987453168	0.196130350433728	0.34662245335312	0.173677358093708	0.172205450193835	0.273021517397796	-0.203161197315164	0.103771307485373	0.395062695710672	0.34945455014813	0.257190808518995	0.0854858748951387
TCGA-95-8494_T_LUAD	0.120971862459634	0.165167446445787	0.182118715106113	0.0420621264128838	0.114691955343391	0.264514065601061	0.371329703922154	0.121209765001497	0.246036019561354	0.14587552455081	0.205526830801966	0.446634812385874	-0.251626023556538	0.107971276327834	0.330421421579411	0.233893329867407	0.258519696353212	0.000149971285722857
TCGA-75-7027_T_LUAD	0.218640663452471	0.161968632363748	0.223440487095153	0.117437653639042	0.153566094257641	0.226391151306944	0.385879058143927	-0.00629606884018465	0.334282546721083	0.180251726416225	0.125617596656919	0.308723196376094	-0.371400889326068	0.150059459080254	0.319700679224754	0.211744156600845	0.226987364456757	0.0785913592461433
TCGA-64-5779_T_LUAD	0.420088862442523	0.330913578215831	0.353113135578536	0.190144057123559	0.19815775177726	0.344569774638832	0.401054156305251	0.0211390281464313	0.379116741028331	0.0573988855007779	0.0574217692212062	0.19051551061647	-0.157949671276538	0.0438802897646442	0.367684338820336	0.304650821698156	0.208293971652347	0.0361792665368772
TCGA-49-4505_T_LUAD	0.342858244515527	0.270177780332559	0.33765302086616	0.198228304136281	0.179267001847617	0.340471383632921	0.46627636999204	0.227833954704919	0.39574726524712	0.26363615513349	0.385515067772373	0.472110055243892	-0.123145803425533	0.170646527069223	0.449394349254708	0.383248223335745	0.241284700743747	0.205538972761179
TCGA-55-1592_T_LUAD	0.231517028098231	0.183705204992402	0.204809754362028	0.0857068860504288	0.220240189333384	0.267803807734845	0.426856266655614	0.322398398029181	0.377644126019151	0.0922381359393071	0.270067240287011	0.432531811991964	-0.238337906891962	0.13350447559497	0.317084277179959	0.261336240477384	0.219556529334361	0.027542229647492
TCGA-05-4397_T_LUAD	0.214973271280172	0.199333787548254	0.170877816625847	0.153060911820191	0.152500143685201	0.216536753252251	0.346544921446685	0.202963170430314	0.311446471820596	0.210076930463102	-0.016559386226546	0.362606881317782	-0.268504566610105	0.187738938319634	0.377011764399916	0.27043569019408	0.3434725350919	0.104819884280936
TCGA-44-2665_T_LUAD	0.162638963820912	0.305021568219302	0.23521386756253	0.101389823718091	0.140582144659336	0.260301631247556	0.308498521444152	0.0997897145804632	0.380908337799941	0.148024025585301	0.237298629161389	0.466414936554637	-0.244723818397871	0.0303663805522543	0.343661174185206	0.258399773522329	0.210588270955295	0.0921807686396853
TCGA-55-A48Z_T_LUAD	0.293872649218018	0.19494447666902	0.254205040702984	0.17818176472086	0.159306994302477	0.297377170953754	0.286013619539904	0.192391078723672	0.377359456675355	0.120705766510675	0.195558170602814	0.323828110258122	-0.246683654335122	0.13682695480862	0.393825732758166	0.278726326595701	0.293369267658851	0.0301715210674156
TCGA-86-8359_T_LUAD	0.29640274644326	0.273683386924946	0.383985633047648	0.234279481433055	0.207719265763468	0.32361394297867	0.393267420509415	0.230913259432739	0.309620658860904	0.369752713431099	0.135410610383967	0.415660986559883	-0.225876422781197	0.119329017274379	0.518500304484317	0.447767095434068	0.344878095789619	0.255299161448015
TCGA-97-8547_T_LUAD	0.0967073764502316	0.194988285744607	0.114009009162996	0.0957084555121809	0.0719193755964587	0.20935680026456	0.324910644127757	0.176626584162745	0.329206103026978	0.0760606153236694	0.153699006285371	0.3978006444255	-0.278808014035765	-0.00351295650876595	0.301642392970917	0.201534836591124	0.195329001532919	0.027439119078213
TCGA-75-6212_T_LUAD	0.498511650877841	0.310796094390767	0.288981674782814	0.201654092147794	0.167833286833653	0.276609092782848	0.456912519508757	0.208015366188193	0.329900675659109	0.16376204874872	0.397916766945456	0.417014553211721	-0.23428729104706	0.127919420166103	0.347101363752342	0.296313645088012	0.22614523694863	0.117108538794956
TCGA-44-3396_T_LUAD	0.377155961297792	0.309735080009751	0.390405886817699	0.265745136620847	0.159290067287222	0.298875281560108	0.433463803324992	0.181769478700134	0.391517839372459	0.259569404977839	0.261805763302174	0.493737115050702	-0.289320786091605	0.235704025265649	0.44342125853825	0.356832731697418	0.317258124251445	0.171096220028627
TCGA-86-8281_T_LUAD	0.360590012733202	0.259551580187116	0.265573405858575	0.189732911405159	0.143338780888638	0.274220769181598	0.484718693008428	0.169533450819239	0.370374405458182	0.154120605562767	0.223192139175381	0.300712352034948	-0.3013797894139	0.0999264558420346	0.36630246350932	0.323703202169427	0.226821369197134	0.102327313702811
TCGA-44-6775_T_LUAD	0.222383252210281	0.227956218346728	0.186385157256026	0.0749459916231972	0.0977142231237708	0.236587816314751	0.325834752464492	0.169626374532612	0.332818818306348	0.0478895450406677	0.121954124692811	0.428761064107343	-0.287876943051214	0.110238437600121	0.274592636445516	0.214254503310186	0.176760065532329	-0.0298101424778103
TCGA-62-8397_T_LUAD	0.250141036397288	0.212488206496642	0.199961135571828	0.107943352331887	0.185445715667144	0.204470042380127	0.427473014884493	0.251341304059157	0.342199016830377	0.03350323567745	0.331889970171457	0.389162394096391	-0.249920550376247	-0.0298589039614922	0.328817644072033	0.252335208878878	0.113867322542364	-0.0452049504826735
TCGA-J2-A4AG_T_LUAD	0.499817218796051	0.321206916151535	0.351828041525661	0.216073828304813	0.113350151793499	0.309095940320966	0.472718810436097	0.208633341727792	0.445130243320729	0.255679382081758	0.146577822005634	0.409365125847288	-0.313711950108006	0.228256458835114	0.41615440309462	0.352667307190721	0.293493318249234	0.167324466616645
TCGA-78-7152_T_LUAD	0.455484458695378	0.282949588564419	0.384924665568473	0.234133225775494	0.179114054158399	0.351629484728228	0.479182393776622	0.247775678780935	0.380154050019916	0.218970862757243	0.157425957555105	0.30551450295266	-0.295597358480473	0.129420344440099	0.466049774786205	0.311951493642256	0.299825082916262	0.0881754906721636
TCGA-93-7348_T_LUAD	0.420420820764109	0.292154148349714	0.265311478705895	0.199285503334789	0.179133936686081	0.309591869973827	0.424152465804013	0.294734477035573	0.420771155633705	0.114438203843365	0.245707423392378	0.315925671357015	-0.174774295396445	0.13552627800761	0.378792116395913	0.290826873578606	0.258791435182221	0.0723774698557883
TCGA-64-5775_T_LUAD	0.147130738742674	0.0965725975251548	0.166780744041849	0.105063154197109	0.0250971987801112	0.135641280105909	0.413891229803561	-0.0979501305748379	0.34269875024767	0.121141745640956	0.0491019113708299	0.402020132439308	-0.113145468536988	-0.020511392442482	0.314367590677448	0.198480260659163	0.25465394189465	0.0519522911328851
TCGA-78-7153_T_LUAD	0.315239466703459	0.141090223613171	0.15580757453163	0.207158335867955	0.117656891993664	0.267856468232701	0.408172218474355	0.167408602801718	0.299805918361053	0.0801851187511783	0.0865657850977116	0.237933483873182	-0.223882737623187	0.121929655261835	0.37120920211852	0.273753630544981	0.194911128064115	0.0980205794448876
TCGA-78-7149_T_LUAD	0.281260939902607	0.128519452488234	0.184785161114907	0.171064992325584	0.137213213898437	0.24714046878878	0.560967943061951	0.179873181391779	0.36917086495525	0.205883690123461	0.142671950114815	0.20807988013299	-0.2235658452369	0.0910877144099652	0.347780493938142	0.304708803545508	0.15199486145081	0.160298632480816
TCGA-MP-A4T8_T_LUAD	0.152705997857817	0.19477014743306	0.150733244394646	0.052224217730205	0.0769074730860544	0.26553809826948	0.40636566798785	0.0535928626497748	0.380275217077767	0.180417269716506	0.132491431724661	0.288686241337677	-0.301388009308634	0.175091450685314	0.290611321899931	0.20415960365363	0.269490822027616	0.0235739143780744
TCGA-44-2661_T_LUAD	0.4552966594228	0.397902200746551	0.456779086002906	0.295805687863817	0.241187654095336	0.4080010559807	0.442962867794762	0.272223645879156	0.432951599601718	0.246932804234518	0.439046078922665	0.514303091111464	-0.241839407487445	0.166725544751292	0.505355254472434	0.423481244975829	0.349079608862171	0.174983173172434
TCGA-73-4658_T_LUAD	0.28084458428508	0.359554726512722	0.374515983230621	0.263959889666196	0.183681969355891	0.306993930791017	0.514786280209403	0.185683759185374	0.452020413854174	0.257879713072026	0.276886920530981	0.503422473497435	-0.169562737927557	0.145670236274347	0.441388782683076	0.37339519996788	0.255018357794801	0.158547219536691
TCGA-44-6778_T_LUAD	0.448707782089286	0.342313463924105	0.432780087315884	0.268493686964565	0.184497379190045	0.365605576200257	0.559461175229703	0.196680268702348	0.393638417606586	0.268296725650617	0.294024542662898	0.465330404789743	-0.0757753184344771	0.170340826744028	0.481250373473835	0.39639380662659	0.328965731956388	0.241974809678261
TCGA-44-7670_T_LUAD	0.338373831703589	0.204836935891101	0.254999915353464	0.16309156981881	0.180011269339323	0.253533610531018	0.462207302860701	0.414454786904965	0.310974399701749	0.150519310148206	0.18942019102899	0.267185215438645	-0.0646067593349358	0.153203613092657	0.361786925157658	0.288575581139823	0.165029211730454	0.061855370339483
TCGA-55-8205_T_LUAD	0.408564401541292	0.311123587456165	0.428494892120206	0.293556073747575	0.234811703488188	0.340579929677838	0.461393932220575	0.19045981999822	0.397799234735651	0.246391462489687	0.215039863847023	0.505593595265718	-0.37183658772809	0.21436479133965	0.506770182238288	0.428680601363712	0.355338675446886	0.162286418843228
TCGA-55-8512_T_LUAD	0.23534520726435	0.110906124331741	0.2201645148445	0.123434638986138	0.192147138817422	0.266402150015172	0.506564700343567	0.349631550098865	0.42023381885203	0.213233422033393	0.204326653740518	0.353354675943783	-0.0941392075752347	0.0693418625681176	0.284302161424842	0.383967268296074	0.240108059781255	0.250896403751993
TCGA-55-8203_T_LUAD	0.456991663972884	0.275958932276588	0.323413861809818	0.246980349624658	0.18945257437271	0.284333115895296	0.39267693396538	0.0889543585539266	0.347526267283441	0.151490304070428	0.100249141268158	0.351809678527567	-0.255223388019775	0.223371509026907	0.416600906493145	0.340026330414414	0.291916165059112	0.144055013586263
TCGA-78-8660_T_LUAD	0.39194253965879	0.303009014629322	0.390342184425648	0.19284897945119	0.177051600541739	0.361056775807156	0.478741536648206	0.248695094442251	0.337099938138868	0.247659409312866	0.178543313888923	0.413885680424028	-0.176744849314942	0.179564841283351	0.505692784869062	0.398346111459187	0.288235123135745	0.165583466875303
TCGA-44-A47B_T_LUAD	0.167639727180665	0.248073847014497	0.335343258765394	0.182840664510396	0.118328405938452	0.282354274687745	0.368777001689956	0.13234379776247	0.30787915434799	0.253855024415061	0.24705547191035	0.350834783345158	-0.252216107561863	0.130910787150709	0.44156392289731	0.316119175894703	0.318212048118766	0.0669382810252567
TCGA-50-5946_T_LUAD	0.103677588286654	0.109819340424918	0.136703470745697	0.104604718058895	0.0731030190400203	0.185796644041313	0.286192151593553	0.180393001254367	0.209261745804856	0.0994668115531657	0.094370193173418	0.198001977316561	-0.251296268371513	0.116246916112803	0.317609058528126	0.216283125331681	0.190599803558534	-0.114839103627984
TCGA-38-4631_T_LUAD	0.30571783381642	0.158481707621687	0.266661443271415	0.210628844031117	0.179106727470702	0.279582805701976	0.306812060072875	0.0708819042894974	0.309172517019703	0.222492471805147	0.06915104702247	0.380188309841304	-0.194606023854864	0.0536518598300527	0.398519757001081	0.294474289681933	0.281726944267745	0.127398917275997
TCGA-64-5778_T_LUAD	0.452530092996466	0.367001282152199	0.424097187902507	0.304205139500716	0.208152396825743	0.346586306002985	0.396212249579573	0.217634053798792	0.297513557675073	0.277877483201238	0.0823391790052279	0.352551842526549	-0.214489082441828	0.191300521675687	0.527135186620424	0.393184426563732	0.354229819235324	0.149608977189499
TCGA-86-7954_T_LUAD	0.307979317537746	0.301786032720167	0.34058471185915	0.198851124837587	0.180813022463697	0.319094948761082	0.413426377179125	0.221554755028719	0.330777416117256	0.229987201849771	0.178147423359908	0.437467477293906	-0.270196759842615	0.20040309283947	0.44258906402299	0.36775358706512	0.378824890082512	0.151885835892817
TCGA-55-6543_T_LUAD	0.217445163813141	0.198677914366985	0.262555817945384	0.178499261551372	0.188254868670175	0.258582297537635	0.419752435241939	0.227464737110524	0.351546206926169	0.176915183846647	0.222718799960081	0.457823716080668	-0.23995602344229	0.165315126905721	0.353388354628703	0.319660655522387	0.267300245091554	0.149006321658173
TCGA-73-7499_T_LUAD	0.379554241511598	0.321939652292743	0.386852270809165	0.256527690582655	0.23619124351825	0.376094945934018	0.388690122804935	0.222977319486397	0.362212413660135	0.223300570156204	0.124373438239391	0.404318807631261	-0.140164825793586	0.183851182960298	0.512247239228528	0.396281944557512	0.324656270177844	0.13385527144152
TCGA-44-3918_T_LUAD	0.381572228113218	0.314824679464755	0.413324012490719	0.314020189991777	0.278698217132963	0.381025006396968	0.440547029826511	0.225077985823358	0.409531008788809	0.374535087654467	0.278945515778402	0.474591172372959	-0.195305951772577	0.209550670318094	0.54574771291279	0.43171110394981	0.347493947851999	0.195182898502686
TCGA-62-8399_T_LUAD	0.27482819293564	0.154027418650268	0.22026286396004	0.143026418186877	0.133518951516056	0.26162711181716	0.535248485061267	0.231102390515672	0.390540723964767	0.142860940474062	0.325422986845927	0.393859611587674	-0.236007343103821	0.144254373919185	0.354523942719379	0.263300399209317	0.236754867326295	0.0661115088301364
TCGA-49-AAR0_T_LUAD	0.406747092345748	0.271113740335984	0.308781841056818	0.170190347312187	0.172126475023426	0.334539763217677	0.473310011616325	0.305929883076635	0.358941148773334	0.142104438504939	0.205957783429131	0.352757986139572	-0.0547292226009625	0.255355400959813	0.407293557102732	0.330744407250377	0.285905097218802	0.134824818975171
TCGA-55-7283_T_LUAD	0.169157141381652	0.203916748611731	0.310363360528909	0.196922646617176	0.149240842436935	0.269927510942209	0.480384737245331	0.378939915821568	0.397083972960222	0.213397917055867	0.312907501226836	0.388486808360673	-0.202277635417056	0.125743378897102	0.408535476973211	0.376258122433426	0.277126145230376	0.176609951213776
TCGA-50-6593_T_LUAD	0.287866888868267	0.193437469473058	0.220473359274273	0.124917095555627	0.160388914195155	0.300876535508486	0.431341844985812	0.25400759522829	0.41938191492655	0.0329031235106787	0.258945751586741	0.446707251231499	-0.266325854998045	0.170155447394428	0.321210591662088	0.279599417661268	0.22264108402102	0.0567719723566295
TCGA-50-8459_T_LUAD	0.454573065604118	0.347594512938946	0.337099682112605	0.237310172472897	0.164337483890874	0.281529507300816	0.444923517928786	0.23831366163988	0.461755319286193	0.21473225030887	0.279696336790301	0.475401953624484	-0.16906778770613	0.193470692366934	0.384417986786893	0.32271633502147	0.306808536294404	0.14775476085115
TCGA-67-3774_T_LUAD	0.369245114655649	0.294432271797815	0.362459274596055	0.17062302522505	0.221606744537204	0.319468593831664	0.454022745332018	0.320934726401024	0.413428713336869	0.218726743112938	0.199931847379744	0.381954208053928	-0.171998807458531	0.157356652354806	0.421230709685123	0.359867896333294	0.295213793235484	0.208357676885045
TCGA-49-AAQV_T_LUAD	0.451864485332174	0.303343517344063	0.300501238581046	0.187793172996118	0.152593840413257	0.291323415807034	0.358464081776236	0.248852194075295	0.30764922440279	0.179195478343004	0.194160833888337	0.365039297334622	-0.183378959651733	0.121738853194207	0.416845057263268	0.33584823087887	0.32427896146381	0.104324615402252
TCGA-38-4626_T_LUAD	0.207706572666932	0.227697846936091	0.301062309985838	0.147022271801035	0.142867986968398	0.269429663828479	0.578585910481773	0.332624559205447	0.466101394410283	0.238760274970814	0.347524151884095	0.527821290549195	-0.222195833053725	0.103628165726156	0.402576634390979	0.322500577324557	0.319126727671536	0.244319673130266
TCGA-95-7562_T_LUAD	0.216153953654124	0.230158180382542	0.27395210915916	0.211865732743182	0.130316414692489	0.28276536774103	0.358338129580743	0.16080548427189	0.338825933181403	0.110959712698434	0.209002609721933	0.404311190830367	-0.215974406131694	0.210221797528629	0.405780853111059	0.269124968945931	0.27585740031696	0.0915084373680777
TCGA-69-7760_T_LUAD	0.120944839754318	0.00840983890633721	0.00985466058366463	-0.037213639892135	0.0118729909236351	0.11437078728687	0.261362115428667	0.247016080403602	0.292276059944541	0.00239009402369325	0.0646591569367771	0.221211004849984	-0.268796454543133	-0.0113583154851979	0.160359969615338	0.0889902730511275	0.121163978593816	-0.0168049270251536
TCGA-71-8520_T_LUAD	0.164099996149996	0.213866383461369	0.126722320778328	0.00732037067852506	0.137993065888027	0.202627281054713	0.393303758820116	0.219196654060577	0.363142333994815	0.0422047179925814	0.209522090154356	0.355330964148264	-0.231584880010161	0.0604959506140841	0.273466890445225	0.228105971584065	0.215522079885236	0.0489793156986064
TCGA-55-8614_T_LUAD	0.251846162527659	0.195555332759923	0.265059103132293	0.0904401141022247	0.15265264876026	0.298103707121229	0.376884884225527	0.214377324366471	0.376191617015894	0.206086493814897	0.269779951988843	0.351896140866568	-0.228777117324117	0.1587065040726	0.339789191155688	0.293736864221162	0.203517238624114	0.137619425667589
TCGA-55-7574_T_LUAD	0.558022361043177	0.384301174669617	0.414087442164181	0.259529525277792	0.168933742498242	0.339539195653418	0.538087609819643	0.17932396481006	0.431389719169819	0.207555035234805	0.245917903459821	0.342455317720957	-0.139406689373222	0.211083808809627	0.467178463945238	0.375456273001945	0.334330928462537	0.15417177748104
TCGA-50-5935_T_LUAD	0.286032097635106	0.311438544250185	0.245473450779986	0.180742405805582	0.195902037644952	0.28978270627949	0.403736892316638	0.347584254404147	0.365391438225019	0.150628488819584	0.187474708460916	0.364002232997631	-0.231208254101842	0.0100656164306187	0.373927993660366	0.311585662058962	0.241583980306013	0.185222145792552
TCGA-95-7043_T_LUAD	0.216028962683266	0.101992800622214	0.0993575904202312	0.020469544705127	0.134198211692657	0.235730318133841	0.462937779690461	0.139482833631628	0.317166488976348	0.0152625519985023	0.00784906674885957	0.14382729204216	-0.292571606969896	0.0028241120908809	0.296405825392482	0.276102541718942	0.161515687328084	0.0757201212948452
TCGA-97-7941_T_LUAD	0.364792652978851	0.233615176884143	0.28145834598291	0.221788460965463	0.22353051869843	0.285740478275663	0.522667270456654	0.369203169102793	0.401654276048578	0.178355873649314	0.303737320423826	0.312733121815649	-0.151976748964466	0.156087380597337	0.36794548016884	0.360942918682908	0.271827767722001	0.149444284507255
TCGA-44-7660_T_LUAD	0.269387377002438	0.129545422711202	0.221271255556063	0.10508402351104	0.186274501059177	0.1939383381564	0.265289482390608	0.136136679271111	0.319755433746696	0.162666883832523	-0.0657166557887313	0.264977591865244	-0.1750972865236	0.184926474756465	0.379783952636636	0.304225990630903	0.215982025015625	0.162411218418793
TCGA-MP-A4T7_T_LUAD	0.27989581687833	0.229307157995875	0.266565805162157	0.11532824195555	0.11499832767174	0.266381541375531	0.457895008279082	0.24916938382694	0.32655696015739	0.258233621750808	0.158803210389784	0.336094128906491	-0.233517452257551	0.164205404777851	0.373560531677687	0.324586589783093	0.278795674829066	0.161298454783886
TCGA-55-6971_T_LUAD	0.472498157983695	0.309144534332349	0.423495505001044	0.277705242849422	0.211847453217306	0.343071903572493	0.472462669554043	0.167383885624527	0.370753300522404	0.29465988814142	0.249319354448183	0.46602447364641	-0.29105150285005	0.205795849045382	0.515646280155752	0.41996975562713	0.323446465961024	0.208749672200971
TCGA-78-7155_T_LUAD	0.130621175554825	0.150150130837062	0.269898697927824	0.102458756105953	0.00495613788546529	0.27929526102952	0.294082833487	-0.00131329566864651	0.222690132697283	0.0600534430579522	0.105792177906403	0.269281018417994	-0.232213213158143	0.13550360573536	0.31080962601998	0.267502603441811	0.139070392297393	-0.0329923892836141
TCGA-MP-A4TE_T_LUAD	0.288244469564546	0.0851408595217757	0.13404873281292	0.0990954476665481	0.207890669257903	0.200471795326032	0.355168647261965	0.013323663515725	0.298826272348106	0.0803097458725374	0.0631392707273781	0.301920850172981	-0.232763990705278	0.270146708292567	0.266999408526203	0.270075954316876	0.202117697808484	0.156926857473599
TCGA-95-A4VN_T_LUAD	0.354779715768503	0.275069244594661	0.380983408054644	0.217089647654757	0.130274745086918	0.312531347254575	0.467731819577613	0.292813900027192	0.288728893240229	0.297488786116571	0.258101940377199	0.45112240497198	-0.251547188111278	0.19137503715239	0.496820807522009	0.421064075399607	0.328060148106486	0.151146011330137
TCGA-93-8067_T_LUAD	0.241245795947224	0.201377522108194	0.248715750642283	0.12356667521626	0.123382018868557	0.280369221579564	0.441517917625879	0.238585742614777	0.330169608115318	0.261260627733973	0.192641642914162	0.357993365917734	-0.161660567243995	0.163607443061468	0.351055222731036	0.327857588656217	0.278324119082463	0.224531559072012
TCGA-J2-8194_T_LUAD	0.230525664958005	0.206000269920691	0.226916672178389	0.0883255467229017	0.157495471945429	0.279143367021961	0.496780594885402	0.167617872078274	0.341172134732177	0.13769760283791	0.0931409510816569	0.43816855201961	-0.265803341847592	0.0783923379334034	0.319719154698706	0.270813168843871	0.203891874712185	0.156863023851043
TCGA-55-8510_T_LUAD	0.345563470583849	0.285456368321562	0.355987001344552	0.242053737072098	0.242061624764396	0.333851045076956	0.490151981906158	0.287508573542536	0.413142977035219	0.255650983925111	0.323461821871651	0.441951179072408	-0.208347265095251	0.188171489553032	0.477298316276072	0.385555319995152	0.313334776275712	0.13185057169387
TCGA-44-5643_T_LUAD	0.406165277270329	0.324569476326426	0.350733950788015	0.135779359987624	0.186505848218255	0.310451345629571	0.343185443784736	0.214262309711319	0.262477286975934	0.269701328480617	0.17153916548609	0.284338023190575	-0.198399063147034	0.22369906002866	0.407359528108418	0.337320636206582	0.311751375612855	0.17939501401906
TCGA-86-7713_T_LUAD	0.180325123527843	0.186597631488778	0.228957032897564	0.0862463095303823	0.177431316659702	0.256350791826871	0.379390639883742	0.110321715287922	0.267787874171166	0.163121032534046	0.0109208703714934	0.323604583599428	-0.222220662818497	0.200044200855262	0.297262912475283	0.252576669367317	0.23355731445927	0.111872690670672
TCGA-NJ-A55R_T_LUAD	0.447983182981046	0.158537782477265	0.19293676364727	0.103566946004305	0.111053732606388	0.247288869419987	0.427626962622026	0.132265224072347	0.358734795973029	0.0291268666688755	0.304118657600526	0.173400686715916	-0.150775086893378	0.169975656255031	0.251563705201898	0.233412911023969	0.236381960970062	0.0804030994949707
TCGA-50-5044_T_LUAD	0.219941303102556	0.234091389672917	0.269577089250686	0.192057299231242	0.0925943905476223	0.251380441890199	0.5031962456061	0.148965280204958	0.340499234161413	0.199683227199672	0.182310618507468	0.360040479659963	-0.206653779022818	0.15993768302234	0.42260753686997	0.270178636911299	0.29836105020427	0.154029933010841
TCGA-64-5774_T_LUAD	0.290190476894522	0.230196909674966	0.217974876417717	0.209009363005787	0.236378445728027	0.271023940932306	0.33309065238341	0.0529427344463121	0.32798781583288	0.220899784872864	-0.00113980521640876	0.281017976728907	-0.126541230646428	0.207938380373174	0.300297454672883	0.22271656113713	0.234177979226841	0.242000159876579
TCGA-55-6712_T_LUAD	0.395670307368292	0.341155646110657	0.429992318790639	0.237681905761851	0.200235208118329	0.339953187868026	0.418047220874374	0.255912724082632	0.392869682999892	0.261140142314442	0.37030024713381	0.430548528645895	-0.341283628835377	0.116616477508026	0.49028337027903	0.373934039895374	0.318412657474986	0.1230629028149
TCGA-44-2659_T_LUAD	0.354721262230692	0.27323481563562	0.341614623592446	0.249183032118525	0.1861962678302	0.314732505009007	0.436111928616553	0.0952992892187296	0.460056047206501	0.137158158833465	0.286966178899474	0.31495970957017	-0.210353460956648	0.089779066093881	0.435239462888137	0.351799210734377	0.314428401133742	0.110090395592581
TCGA-4B-A93V_T_LUAD	0.321377207707802	0.184218183667361	0.233256442415437	0.0828766554769286	0.147043084125379	0.287852190061032	0.333382583695157	-0.0183303972900511	0.142058238005965	0.154676639764967	0.0230352673728084	0.268975930078137	-0.0941896518115796	0.175049913094682	0.375708914751399	0.257822666441008	0.269065848787403	0.230750272848143
TCGA-86-8076_T_LUAD	0.43965636172819	0.314235154492133	0.402759953146269	0.29758134406302	0.254041694143983	0.398169072892296	0.473926478927326	0.286806492523675	0.391598323171121	0.239730326898741	0.303362683736757	0.394718796470086	-0.205657185529893	0.163011042040104	0.509247951499978	0.429129654089376	0.319679403720419	0.169324723505544
TCGA-83-5908_T_LUAD	0.28794168698972	0.318390807726299	0.440141416848718	0.23692016902241	0.221549283599854	0.346795085415491	0.40182809713322	0.101558628105516	0.342567165484314	0.343541816347486	0.183142595425008	0.37617512558983	-0.304289353476077	0.187234950399931	0.536649150888255	0.447063368997352	0.342038269595969	0.182607357454328
TCGA-44-A4SS_T_LUAD	0.25187156358437	0.31598097661559	0.376650130569289	0.246422793843784	0.245473214089855	0.265168388221874	0.378231086566121	0.0900595603351205	0.361326743766807	0.355039070273886	0.208392808152832	0.42314892696906	-0.269086261157925	0.169330262555623	0.483074775759562	0.397488922152508	0.322324731478686	0.214532077996217
TCGA-L4-A4E5_T_LUAD	0.244724294232828	0.232207272576646	0.239739242589099	0.108396890849825	0.173608872946446	0.303941101507302	0.344136033731598	0.172807069935524	0.311927473288576	0.136348149244034	0.0869761579796586	0.290884003596329	-0.240053031909037	0.174193504289516	0.371991385992914	0.279710579313736	0.254922910082485	-0.0650545195454343
TCGA-97-8171_T_LUAD	0.194799421290133	0.0328992372377203	0.0719375149213953	-0.0853977390163437	0.127532426260555	0.0832495108498514	0.33454707292848	0.169543731338224	0.204863895598365	-0.135848851869671	0.0982716683333526	0.226484958262999	-0.386458683007217	0.0752125574099333	0.171083529482822	0.155250483365426	0.137415546554832	-0.0660476322601077
TCGA-93-A4JP_T_LUAD	0.134311032555376	0.163755037522205	0.183969772402795	0.0563498043906193	0.139752752371577	0.238528904337717	0.564552593565485	0.189932148736362	0.433112474579964	0.212848737569296	0.338747074034214	0.365004881292733	-0.25580231833424	0.170918714418927	0.35933545815568	0.303341036811084	0.311513210467146	0.167976426897842
TCGA-S2-AA1A_T_LUAD	0.522375537200872	0.34319941332758	0.371482907708245	0.230540665074587	0.251597550232164	0.361630151892395	0.486993070990709	0.112176510387177	0.423875703069835	0.235463669853449	0.32188885057143	0.348555309627912	-0.164429246216706	0.18586044666803	0.466693595648486	0.401436017865997	0.346208094850781	0.117040712864619
TCGA-55-6978_T_LUAD	0.228734263140578	0.327815419542249	0.440936387188173	0.253114189901143	0.217955073783664	0.35775384080254	0.446226805800808	0.0641108536797165	0.39504360013447	0.331037132524372	0.183093997092187	0.451341231892529	-0.259270157380417	0.149628555880757	0.534030514883306	0.425421148918632	0.360685425412195	0.231377642173395
TCGA-78-7146_T_LUAD	0.0859463183876861	0.180549808269526	0.217497481644925	0.127688322524442	0.151798251434311	0.28763725476822	0.300061651373572	0.140681112897216	0.216995825648136	0.182481214392976	0.15284480512921	0.380709518172025	-0.326433524045027	0.0882093188810316	0.397731284395123	0.269442933044374	0.257116332233621	0.0059884571705612
TCGA-MP-A4TD_T_LUAD	0.46814123107754	0.291965115681299	0.272880449605417	0.168325194731028	0.174187300841668	0.331972727472018	0.473754425569685	0.0770729835036812	0.48079349347572	0.14992528511704	0.292112984991459	0.320282883963628	-0.233847845485156	0.22266684493896	0.370981972744747	0.273222868891402	0.277695557812984	0.103262520404179
TCGA-50-5930_T_LUAD	0.42421978090418	0.258572834076113	0.338160090797835	0.181505621134276	0.157008908727951	0.33578890794108	0.446302512090567	0.176906775308183	0.367638316528441	0.235574326304209	0.0677471343158363	0.341927355256027	-0.267112327836466	0.0620119539227215	0.426849072428859	0.234048357453781	0.228685656083555	0.138918259219573
TCGA-64-5781_T_LUAD	0.319493444356871	0.288934419518778	0.383280285786724	0.304243154357757	0.205931545705133	0.390995713512054	0.361386926252318	-0.0917352682042034	0.344278950448961	0.398274520668195	0.197129177660015	0.40344863284404	-0.222558510628746	0.0760709400752786	0.543693697791496	0.426516264900203	0.344550425843872	0.27020382947042
TCGA-78-7159_T_LUAD	0.363050892303424	0.207335227978966	0.240281277364392	0.178909708706826	0.177134829640239	0.307483187814706	0.42538161718806	0.0359505479676255	0.307048757187501	0.194846927916584	0.113488778348885	0.347760140766478	-0.28808354020726	0.155465315537684	0.32703396049316	0.293787734313186	0.224623280967666	0.290887655730179
TCGA-69-8254_T_LUAD	0.401719248435226	0.267497686680674	0.344334627757662	0.176399135501261	0.214298115116686	0.319608327464397	0.457343470941309	0.37507478818477	0.358145746410332	0.208112565987572	0.274320871098501	0.356969960771607	-0.194596683878396	0.125087711946582	0.406704537552705	0.374059473870533	0.283591506282799	0.108763882493423
TCGA-50-7109_T_LUAD	0.360589058276734	0.282109684724908	0.307545290480043	0.235459065498814	0.192260929620181	0.305251418609724	0.453361673982008	0.109467103307854	0.385537148301279	0.243760857299613	0.117407612533728	0.343174364759007	-0.214894700715941	0.191906965452448	0.425396686117246	0.344656213827058	0.292120705908675	0.212824429842449
TCGA-05-5428_T_LUAD	0.206256308619511	0.14514677567669	0.235369075819203	0.185862709936106	0.0727336893584106	0.277388169327413	0.392805212587741	0.143919189989603	0.363526238628945	0.179526335080137	0.361351163259439	0.469796211518046	-0.362738170392784	0.0850101148604665	0.391930519866253	0.292815323755992	0.197804997960736	0.104610855654014
TCGA-49-4512_T_LUAD	0.376663555704679	0.194486035355921	0.202965821502776	0.116405805845801	0.156241133181315	0.233122342195608	0.362290911619407	0.241390349698472	0.412107598096134	-0.0122333356883179	0.246253609930761	0.421115665558421	-0.186933141491526	0.057761478232597	0.321344620452855	0.196009079330715	0.24529826904658	0.0158972767781205
TCGA-NJ-A4YP_T_LUAD	0.244586665617891	0.191899168202266	0.262390591764105	0.180420889549026	0.118314711624254	0.309534491299429	0.421075815492194	0.188727523779859	0.345287261309164	0.283944875565721	0.188149504685322	0.36713781236321	-0.161131891569777	0.155336934314211	0.424561939419504	0.332600126052886	0.277718578510603	0.204271437814021
TCGA-49-AAR2_T_LUAD	0.376422762844772	0.236550842310433	0.189878354962145	0.192009906134591	0.188994194163655	0.277518205219752	0.349497855775816	0.186404368912728	0.217576705967107	0.180901964294648	0.0584292924720512	0.276251241334038	-0.131037216071245	0.183192112662176	0.379903603370714	0.287749052116269	0.331185574718255	0.123525189971637
TCGA-50-5045_T_LUAD	0.477711056404781	0.410912869529452	0.394684099595642	0.301348297865216	0.234560063756414	0.361214615002018	0.505965513560122	0.286658719870183	0.484653959572209	0.28887193029877	0.282394222201346	0.511441181566951	-0.141768119801747	0.202095814032974	0.481580892966234	0.397873830536342	0.352025685373947	0.194928558908405
TCGA-44-8119_T_LUAD	0.29685773961668	0.237089776229423	0.238592307467336	0.224640296440931	0.17278435450412	0.278908380073338	0.409593662882099	0.0820335225743862	0.368933151148035	0.275218499651493	0.147686918965445	0.409695504677899	-0.174086103731173	0.235180693834745	0.389569944949726	0.310284548856443	0.290945699019776	0.187220943214398
TCGA-44-8117_T_LUAD	0.250316380459174	0.223369869627544	0.250992101931118	0.141026885317043	0.126692289287365	0.254139121856	0.429271944735052	0.0999971263370364	0.378615884063743	0.127245468930573	0.229425486799166	0.365402814903435	-0.172114059012984	0.131821810374924	0.379680818091049	0.261106702315817	0.229793813622486	0.0801314560938338
TCGA-05-4425_T_LUAD	0.235673855230607	0.250773247157343	0.290527441439911	0.280692096852515	0.199769681688405	0.358765905265274	0.395154988595768	0.214265844118771	0.334885297505129	0.204844263310075	0.296270437511955	0.450419759444556	-0.240307297348869	0.187804534706789	0.449903656943841	0.381470704487575	0.256236063641403	0.159596888562605
TCGA-55-1596_T_LUAD	0.253304377193277	0.174893787667137	0.250878525508967	0.15114900942239	0.169090941116945	0.338093292863748	0.387530922266713	0.190553123356041	0.310146085205998	0.161394497347943	0.176965226532049	0.317581643345212	-0.298127254185962	0.0796042482578894	0.351329116936816	0.285691874895356	0.280875070237072	0.0486496590380587
TCGA-91-6836_T_LUAD	0.289663018713643	0.189792151092353	0.276707662359116	0.0711880587790304	0.230555938405316	0.308610088936254	0.340455714236206	-0.0098678601352592	0.20090794804833	0.234006788956386	0.202420574289179	0.383206312429513	-0.202269243021982	0.0613379980795837	0.383378839631572	0.3199285016275	0.295925023567454	0.107598833253888
TCGA-49-4488_T_LUAD	0.328581323315929	0.285077634693167	0.290564591362583	0.185888944196627	0.125308230793818	0.271583515124719	0.331533461717232	0.1332620114189	0.336725613519088	0.237123202338422	0.169364287736822	0.434274655298858	-0.239803171317747	0.134440481980729	0.415348622128157	0.33545338573291	0.212281725367047	0.115184925698578
TCGA-99-8032_T_LUAD	0.421980221685689	0.22853269911608	0.259329325083534	0.17154027234106	0.163338049585413	0.276017758938489	0.423257606611632	0.133200585896624	0.39453366590395	0.133163709896173	0.273860868706781	0.321742625732675	-0.209105330601492	0.177706826404309	0.328710204455688	0.284115335892807	0.225793490276429	0.19201904248791
TCGA-49-6743_T_LUAD	0.336219016070859	0.234576759491875	0.28377694259619	0.204337719380366	0.119637529603812	0.317812450342087	0.423361574461723	0.20568311949635	0.397901710330549	0.253017880133041	0.215128920164861	0.386881817748687	-0.235231515956704	0.14389324597622	0.391637168073025	0.259111455178125	0.268486729906239	0.159247511279787
TCGA-44-7662_T_LUAD	0.247744804853634	0.228103091867081	0.314781254721781	0.116225425282569	0.157910158171105	0.300274031343163	0.399521053770122	0.0858488622687682	0.362096386112648	0.313413409532223	0.258593949853955	0.45059263105454	-0.179193930707864	0.156766114323128	0.425734589257602	0.317520143997926	0.342690612753616	0.187949426953162
TCGA-44-2655_T_LUAD	0.42446648133577	0.307890788410711	0.255186685114615	0.188587416322751	0.144196206919406	0.261717124198739	0.518049051749403	0.252344790562897	0.410729903171179	0.146170832018316	0.220532350044514	0.354552470159859	-0.253879614011407	0.0979316801947623	0.385693034165235	0.288501830399306	0.235321809647013	0.0807996311162605
TCGA-86-8673_T_LUAD	0.254267768630903	0.147697956543098	0.283202983371421	0.0727689698642622	0.219832422022231	0.302591818101041	0.364221631151508	0.0251044691512199	0.323529621503081	0.227303766086096	0.0603221631221623	0.362207128502906	-0.211531737200127	0.125151999276125	0.454013765940031	0.352758411507633	0.268420187491315	0.101199904962355
TCGA-MP-A4TF_T_LUAD	0.27222845733209	0.141793031163823	0.173901277993588	0.0847903563163408	0.149075327764486	0.208021528353293	0.251235202464198	0.100804105811739	0.203330938533341	0.249795234603665	0.0571988157534865	0.316551516293299	-0.214693540377482	-0.0115682438016371	0.34777590023892	0.290915861011456	0.217254809008408	0.135485623958238
TCGA-67-6215_T_LUAD	0.12591219958023	0.162636479919659	0.19032408105391	0.117532390230342	0.097012887042936	0.233544666504488	0.392629231610046	0.290185215686582	0.248344618424152	0.106337395258284	0.237151538154081	0.405690050067188	-0.273745473408986	0.101844671978906	0.295071116992211	0.241524802885721	0.180408166853663	0.0956090388685228
TCGA-55-7911_T_LUAD	0.319158183026639	0.274937092063127	0.361870421459175	0.217666177279388	0.203186163714626	0.296989582159484	0.403711851535289	0.178351547777228	0.286785172444844	0.210991759638323	0.102639795500105	0.369847481841366	-0.308667770677537	0.148219519879992	0.523319424002688	0.394202276438047	0.369596498653521	0.0364343087611969
TCGA-75-6214_T_LUAD	0.0409407883772783	0.20500868444741	0.158063191906744	0.090252010455203	0.0410068279588308	0.223013533125506	0.287025609684373	0.193724949069289	0.265797822654661	0.137646157797113	0.0624899666297812	0.345189306601147	-0.212588847961199	0.0405672773176534	0.291129793314878	0.198821216497141	0.247588910551898	0.0719189966805149
TCGA-05-4244_T_LUAD	0.114771380828051	0.233176255498637	0.266454427104482	0.128278777229389	0.112162649492816	0.306250042706819	0.390943863985163	0.231762075996627	0.29637367723545	0.124217069852368	0.0866143809670114	0.398760299489146	-0.222677741012019	0.0534693978771093	0.338989031941957	0.324394292534072	0.234302571524451	0.0440529122456442
TCGA-73-4677_T_LUAD	0.308109260091885	0.266395623084029	0.314625409872869	0.217172296464615	0.154915511391887	0.299403447949699	0.48754789600881	0.229206879365966	0.394607805018488	0.223377755310833	0.186515207289798	0.370326180356763	-0.192472765661735	0.119587853709477	0.387005292695835	0.34096661866305	0.253852682153911	0.174719986765363
TCGA-97-7554_T_LUAD	0.365799317185474	0.269556497209676	0.272963099548728	0.189263310601768	0.101731028426334	0.294324074717531	0.462352014856241	0.241561835693884	0.42643241914438	0.196332223193732	0.212567333785358	0.405591953971542	-0.195717759822699	0.153852716452169	0.39501928422755	0.291560448986667	0.241100111087571	0.108461229259319
TCGA-05-4426_T_LUAD	0.197070804129645	0.227969482225858	0.239424528134842	0.137971258250796	0.131326494305499	0.289036858555816	0.346391903664853	0.159119601157701	0.282700128328372	0.167343591570764	0.167744884937098	0.43465944666342	-0.158245367378201	0.124263777454575	0.334349981473618	0.288401633900865	0.239288155796325	0.11706505884974
TCGA-97-8176_T_LUAD	0.219433517396764	0.153867744241083	0.2249127212477	0.120728526481475	0.166640855355836	0.204422409371776	0.486580227765442	0.2935066457583	0.292209870097779	0.12000086828754	0.0981402247674699	0.399245277406675	-0.162458251581015	0.185617072412341	0.337908561400111	0.314985945721835	0.195746834124881	0.127076799967629
TCGA-05-4382_T_LUAD	0.346709925871765	0.2527315140015	0.258611364020645	0.180566673376337	0.175967528619959	0.307061697767581	0.330593526385316	0.21348607851276	0.39443492514381	0.180144867840068	0.152178683094256	0.445126717847427	-0.184296927347186	0.135493264094478	0.396557279172404	0.314338038705729	0.278544779184826	0.142063658219268
TCGA-J2-A4AE_T_LUAD	0.421481125285368	0.293160671549493	0.308501895675922	0.135154599652516	0.201605440354906	0.288042982027151	0.447349248294163	0.225857120465807	0.324309990290895	0.117006723806623	0.278037512741582	0.327295089181727	-0.214288543780687	0.110741511475666	0.408509406520354	0.305947107166222	0.284165287822045	0.06164509550258
TCGA-73-4670_T_LUAD	0.282895031311938	0.151315727610715	0.177804698857413	0.0632202152010967	0.140563699856491	0.289875567987321	0.399123346266612	0.2035844743975	0.339456014913965	0.203324342338582	0.128761794849885	0.406554145437039	-0.193015813441923	0.108510067547289	0.340176348061438	0.176846939320056	0.189363831457846	0.145238511770162
TCGA-55-8506_T_LUAD	0.239926474389525	0.177744548485678	0.299418708049533	0.123040528435728	0.124139433264401	0.301539012336653	0.384393700405422	0.145262209682693	0.290158228175757	0.211600057132625	0.310761174591976	0.458833759705719	-0.303086906042839	0.16942990913792	0.418855933145364	0.279274823841344	0.281365096684103	0.0503183211883495
TCGA-50-6597_T_LUAD	0.419844856342626	0.315991908282475	0.333116597930897	0.171110701316283	0.187675013683206	0.308052250915531	0.40073818993495	0.205815272848196	0.347836827433387	0.078158944561101	0.0457311035801053	0.267805350421928	-0.23558535981312	0.0956413297521661	0.433780675847103	0.304224953284392	0.314323375768455	0.0303814423797829
TCGA-44-3398_T_LUAD	0.320753034351504	0.325505397730631	0.314108319774015	0.21063437670561	0.148570245977073	0.277231829443136	0.526088630058365	0.295777551915572	0.426113829034717	0.30693288581122	0.343215694135843	0.509069504521992	-0.222039437507146	0.139777531973761	0.397069146636685	0.363818302333301	0.266034573839432	0.241059522277245
TCGA-50-6594_T_LUAD	0.126152530326534	0.148141039439764	0.153394655322295	0.074121616031022	0.0993426327784369	0.189161077155492	0.31494979660701	-0.00926498021184433	0.286910941784371	0.235188733691249	0.0222212192892886	0.34657536879873	-0.355089260674515	0.067158312449027	0.331838339849694	0.249484125267001	0.206450550618818	0.103404337558905
TCGA-73-A9RS_T_LUAD	0.244407907084505	0.107787894818904	0.246307490330745	0.0837846845117535	0.114162950270373	0.270287365644082	0.36502663608658	0.0765470803387956	0.266720107632041	0.15256719662958	0.226185689901765	0.228797581443055	-0.242710857698308	0.124542381265538	0.382268593517644	0.295224191589785	0.2503084770165	0.0333856169213462
TCGA-53-7626_T_LUAD	0.433146506367522	0.321467181634139	0.386902400021343	0.23728982592207	0.20585772829759	0.360447485683073	0.530265142881322	0.213789085580811	0.453899353241668	0.310473129861683	0.305389424586793	0.445167140130022	-0.172736146951604	0.19926654210432	0.460275706683961	0.41257081413662	0.303861451071987	0.231427428852294
TCGA-55-8505_T_LUAD	0.234203333133582	0.127001653412885	0.145260045055081	0.0923664500537617	0.181830545906724	0.186222658023555	0.417097132425591	0.195261636802531	0.377955301401096	0.0685921088412395	0.248825675261489	0.334167617312129	-0.21532366284055	0.15450969857791	0.239028299596151	0.207208630185449	0.170103230932396	0.139974308854525
TCGA-97-A4M5_T_LUAD	0.347565836636647	0.220709634463625	0.276010120726715	0.171545210502302	0.130712071297636	0.277981094930008	0.547036291867553	0.310851062722934	0.448457525361556	0.253026908277819	0.332545406220407	0.368181451134368	-0.13430930356774	0.217982815111029	0.360105883511108	0.376203492998648	0.293558433341541	0.288238328962627
TCGA-75-5125_T_LUAD	0.283227960212071	0.274111036155829	0.330170409008545	0.171237341429221	0.202752495652572	0.280449756209032	0.371906664124067	0.127155320434478	0.286074910146069	0.267988162662997	0.300658613235294	0.458108688649306	-0.336698898315957	0.152704908461139	0.47577012883368	0.3849956819105	0.321135374305813	0.133659569862719
TCGA-62-A46U_T_LUAD	0.191584032432941	0.320339766088969	0.38096210481848	0.304919248375163	0.285718584960122	0.357225170324485	0.259533456065394	0.195149003557474	0.161387905880573	0.163981430597031	-0.0399721162461183	0.455361701348234	-0.165561447502488	0.0997139760025414	0.51187269454362	0.379648352329478	0.346791215979344	0.108832498602229
TCGA-MP-A4TJ_T_LUAD	0.498060883659161	0.37935298655105	0.44719811281575	0.260796492856163	0.1855352765867	0.395999938617088	0.475844084966333	0.181613543093537	0.383427808085535	0.25937347751083	0.234097949041657	0.402532889581317	-0.173574232199123	0.232061791677002	0.489816462302073	0.440379002607585	0.340062349636755	0.214892691524943
TCGA-62-A46V_T_LUAD	0.0719219697232575	0.177341544167981	0.0604557130094524	0.0735821236182784	0.0849453586237486	0.156579550100385	0.323727815141908	0.233006117843459	0.369317721895925	-0.0418246489431308	0.269545881316908	0.352048754007692	-0.256788456922418	0.0629887841804163	0.234004938535879	0.176681304529625	0.164195313340481	-0.0893971574124917
TCGA-50-5055_T_LUAD	0.610371543763564	0.431223848455611	0.462548006822316	0.34068178615912	0.223889214461279	0.379907754577937	0.52724175024797	0.258596041811879	0.473768166427034	0.260791425190394	0.256132848371243	0.436949713834535	-0.277238428068555	0.260495426519254	0.494596570586147	0.413107644739192	0.337765749618985	0.226148304380865
TCGA-69-8453_T_LUAD	0.36917906446471	0.289037003132044	0.368180706898144	0.195107057605834	0.200492410772586	0.311497100580245	0.518746995261051	0.349188377339643	0.441550016381327	0.238283840704456	0.345703763715047	0.47239376298036	-0.182464086198445	0.179934621462729	0.420564547795515	0.420125522808243	0.335043558414553	0.209165904233327
TCGA-91-6829_T_LUAD	0.169904746660055	0.0673572222459496	0.265858227375548	0.095227349160938	0.132814049343278	0.274392585437996	0.413429590974058	0.148140919453791	0.433703902635701	0.146492185693324	0.286376312458944	0.389581958181396	-0.221508194171302	0.0758405105638254	0.320887792442844	0.219997719296655	0.261010873211292	0.101689313137534
