"","Camptothecin_1003","Vinblastine_1004","Cisplatin_1005","Cytarabine_1006","Docetaxel_1007","Gefitinib_1010","Navitoclax_1011","Vorinostat_1012","Nilotinib_1013","Olaparib_1017","Axitinib_1021","AZD7762_1022","SB216763_1025","KU-55933_1030","Afatinib_1032","Staurosporine_1034","PLX-4720_1036","NU7441_1038","Doramapimod_1042","Wee1 Inhibitor_1046","Nutlin-3a (-)_1047","Mirin_1048","PD173074_1049","ZM447439_1050","Alisertib_1051","RO-3306_1052","MK-2206_1053","Palbociclib_1054","Dactolisib_1057","Pictilisib_1058","AZD8055_1059","PD0325901_1060","Obatoclax Mesylate_1068","5-Fluorouracil_1073","Dasatinib_1079","Paclitaxel_1080","Crizotinib_1083","Rapamycin_1084","Sorafenib_1085","BI-2536_1086","Irinotecan_1088","Oxaliplatin_1089","BMS-536924_1091","GSK1904529A_1093","Tozasertib_1096","PF-4708671_1129","PRIMA-1MET_1131","Erlotinib_1168","Niraparib_1177","MK-1775_1179","Dinaciclib_1180","Gemcitabine_1190","Bortezomib_1191","GSK269962A_1192","SB505124_1194","Tamoxifen_1199","Fulvestrant_1200","EPZ004777_1237","YK-4-279_1239","Daporinad_1248","BMS-345541_1249","AZ960_1250","Talazoparib_1259","XAV939_1268","Trametinib_1372","Dabrafenib_1373","Temozolomide_1375","AZD5438_1401","IAP_5620_1428","AZD2014_1441","AZD1208_1449","AZD1332_1463","Ruxolitinib_1507","Linsitinib_1510","Epirubicin_1511","Cyclophosphamide_1512","Pevonedistat_1529","Sapitinib_1549","Uprosertib_1553","LCL161_1557","Lapatinib_1558","Luminespib_1559","Alpelisib_1560","Taselisib_1561","EPZ5676_1563","SCH772984_1564","IWP-2_1576","Leflunomide_1578","Entinostat_1593","OSI-027_1594","LGK974_1598","VE-822_1613","WZ4003_1614","CZC24832_1615","AZD5582_1617","GSK2606414_1618","PFI3_1620","PCI-34051_1621","Wnt-C59_1622","I-BET-762_1624","RVX-208_1625","OTX015_1626","GSK343_1627","ML323_1629","Entospletinib_1630","PRT062607_1631","Ribociclib_1632","AGI-6780_1634","Picolinici-acid_1635","AZD5153_1706","CDK9_5576_1708","CDK9_5038_1709","Eg5_9814_1712","ERK_2440_1713","ERK_6604_1714","IRAK4_4710_1716","JAK1_8709_1718","AZD5991_1720","PAK_5339_1730","TAF1_5496_1732","ULK1_4989_1733","VSP34_8731_1734","Selumetinib_1736","IGF1R_3801_1738","JAK_8517_1739","AZD4547_1786","Ibrutinib_1799","Zoledronate_1802","Acetalax_1804","Oxaliplatin_1806","Carmustine_1807","Topotecan_1808","Teniposide_1809","Mitoxantrone_1810","Dactinomycin_1811","Fludarabine_1813","Nelarabine_1814","Fulvestrant_1816","Vincristine_1818","Docetaxel_1819","Podophyllotoxin bromide_1825","Dihydrorotenone_1827","Gallibiscoquinazole_1830","Elephantin_1835","Sinularin_1838","Sabutoclax_1849","LY2109761_1852","OF-1_1853","MN-64_1854","KRAS (G12C) Inhibitor-12_1855","MG-132_1862","BDP-00009066_1866","Buparlisib_1873","Ulixertinib_1908","Venetoclax_1909","ABT737_1910","Dactinomycin_1911","Afuresertib_1912","AGI-5198_1913","AZD3759_1915","AZD5363_1916","AZD6738_1917","AZD8186_1918","Osimertinib_1919","Cediranib_1922","Ipatasertib_1924","GDC0810_1925","GNE-317_1926","GSK2578215A_1927","I-BRD9_1928","Telomerase Inhibitor IX_1930","MIRA-1_1931","NVP-ADW742_1932","P22077_1933","Savolitinib_1936","UMI-77_1939","WIKI4_1940","Sepantronium bromide_1941","MIM1_1996","WEHI-539_1997","BPD-00008900_1998","Foretinib_2040","BIBR-1532_2043","Pyridostatin_2044","AMG-319_2045","MK-8776_2046","Ulixertinib_2047","Vinorelbine_2048","VX-11e_2096","Uprosertib_2106","LJI308_2107","AZ6102_2109","GSK591_2110","VE821_2111","AZD6482_2169","AT13148_2170","BMS-754807_2171","JQ1_2172"
"GSM1019139",0.138096011283059,0.065114809489919,34.3363125585024,7.85654400309745,0.0232830976407121,35.5301115962697,8.35734352888088,5.28850636752532,48.5729790301789,65.4164076780313,23.5999664149188,1.68656040171595,150.00947460035,89.856979414172,7.23540273636494,0.0594316480246342,117.604917290943,12.4388096547318,81.9986136585424,14.6893997338918,53.7504608020014,211.28739261382,93.3961655780472,20.4685528621114,9.06801984609641,16.0369719635568,28.9655976670679,49.4133280449474,0.266110210796649,6.5101853789979,0.874518674690348,1.07130208618051,6.44095078149225,179.676712342503,12.7292873745209,0.107042890007651,17.8329179257127,0.209476273123484,20.1059401643088,1.01392197539875,21.6199956552994,48.3517018030852,9.24335779315692,108.420359266572,20.6818111819113,65.2230590333242,76.0692632401322,14.905273607003,51.6822430143656,3.52667506741139,0.0702928565110916,1.02651604336491,0.0088734494835594,21.1626230538876,4.73759345379314,64.4055673397244,19.0459508819648,212.648087769809,19.1798880813232,0.00794202038804646,28.7897916173148,11.7697871795897,26.2792538745176,100.376599494766,1.34380625025736,243.111313911751,670.516935628545,11.3493221035595,260.946371830228,12.2489725684746,204.612854945373,76.7880617153859,125.355672771463,44.8616357663364,0.431556457725399,169.833034745484,2.66279608217584,69.2529294166095,20.48316940853,158.325840335514,50.7553827116399,0.224511213441607,41.5113446749696,13.9507540501168,280.171772072687,12.2174004003316,18.5706047693677,169.190833229102,9.67303012090782,127.000224046609,74.5861229784267,29.93588125218,50.3277423414483,157.492119330398,9.09690569387439,59.7755716017127,207.440421112809,73.0202418393675,95.777916587748,33.3241452223661,146.447245283541,17.7017705904377,16.6619517900833,108.136106561142,65.3896691891159,29.1889931640721,50.5677834234276,73.2986338037977,179.100519023324,9.10258313253239,0.935024688951395,0.143059308107835,0.0870940902431381,13.9034639690612,37.2916500894579,193.459134975627,79.1267694623567,69.9930213058525,14.7574793938108,74.9289705307058,17.6663275240309,14.0067860198028,49.271084733651,5.06362373205404,31.6220729934881,32.0765351591329,129.8020566086,42.1863120568306,120.616381409251,132.65433160428,413.628657906418,1.72158272670721,2.35624759933699,1.21384176597235,0.106735128814751,128.116143121816,386.790455634538,116.797336061258,0.643890242907475,0.43007528942775,0.984839356618893,3.63814392084907,14.3412231907127,31.3930082211645,38.4036472964464,0.606434832471953,214.321919969996,58.1317900238444,91.0702980725098,118.457673547791,0.237417531528351,12.7699141999441,3.44491193796044,18.1314822987176,11.1921882305739,7.70252465192488,0.00911332076405011,22.9090454813988,140.003845424686,12.7277080555548,42.593430667794,15.8525973040845,35.7533403931217,7.38896327955117,11.2568037484938,62.8793812679507,215.40798734387,2.15952700601367,187.391153187841,100.469434403266,2.11202126933126,288.466655551503,20.3119070147064,99.2039329642973,16.0761940091191,17.6701403355128,47.7032114111956,0.0132546096540509,68.8344941180814,44.005667905971,107.506541405569,3.00356736420314,130.816995669525,30.1748329341492,129.52285127133,57.0510369409625,7.47322804068584,0.126936459180117,17.9202053536886,31.1983557773813,161.193781778801,11.3602080445513,84.4792122925822,109.821945400019,23.9073983401076,59.8997711673155,1.23532819073625,7.11852746175079
"GSM1019140",0.137924570764387,0.0307860135452609,96.6033248544032,6.97178383125846,0.0160940150453718,44.3018036606354,9.71358956770147,5.63239413875689,54.6998054484772,92.579210368517,16.4457228360332,1.26241637302025,150.387760666249,61.5608983864945,7.15713527687731,0.0709736307202304,82.5236606492311,10.8593851275207,76.6985033128659,11.0831778395491,104.874483425236,113.255428307431,64.6505359511676,17.3046006698897,5.34830156078149,17.3614609191892,16.6576441044068,28.7045813392399,0.205171406729237,4.20543317377065,0.82984493831052,0.563107420177965,4.2326039867574,98.3122134755889,6.96675152409836,0.126238531412909,22.5092935796134,0.239551556948995,17.9282397721909,2.91344841039812,21.6012553430997,36.8119825416043,8.59273013335852,92.2033936859209,15.9341562662018,29.2952350043166,115.921772923436,19.478387994926,75.1516604690176,1.95094585780875,0.0747043978237969,0.725047920391007,0.00807991677638923,12.9199895615037,5.52786940348971,44.5990798611005,26.9767620479182,225.103308337222,11.7751898299903,0.00795580327977305,31.7306009876359,7.78697521025231,43.3177273657713,111.640466514724,0.146978813725403,89.7673089519776,386.068878721535,11.3738181289441,195.983421757438,6.06435714730069,235.488260024787,38.0043842722218,149.380693940347,50.3345317991216,0.519889591300942,226.351178638442,2.50038501798038,52.9399935469095,13.3814722359055,204.948255128285,40.9720171099235,0.0752393983560541,35.8543009925865,6.67874578637533,320.670404256669,3.89579666916597,18.1674300647653,171.101899696781,16.2867060229575,149.403510211534,57.7095619148687,42.6480850677036,28.0797122699501,195.181792600519,16.2365708336156,33.4299618058463,243.820955192001,100.540749034476,85.4020311165557,26.5905986230911,130.859844544097,10.1814177419775,19.1733320619671,105.053860309766,34.2121791815687,17.8285002974721,31.0362294279359,75.5303659778651,186.219954744645,3.76014119340372,0.714432991784455,0.103853902451827,0.0399568922851167,6.65231615871493,12.5643148377626,137.851488967896,53.5938904162926,249.625559360612,10.8180197965037,64.2695496412997,19.0814728881277,13.1321573316306,13.2334782314168,2.90553442370415,13.5124510283679,20.9559899268121,110.529636757509,55.911734493254,192.511683377233,127.565882607756,550.415024813282,1.95798655122327,2.50331630108219,2.04008649166426,0.068566877879501,218.278241457506,461.009887515433,107.992195985744,0.246368950402849,0.131102873908821,0.724406233124585,3.64315285995978,15.807223256763,37.3656515124832,41.8441346692899,1.46178740454332,151.667991839754,88.6419286855522,170.163598913692,122.088918448551,0.234301979355509,10.8102755990798,3.05990999383772,7.18608177577786,10.00959243863,17.1306840381258,0.0112147300830613,14.9907377034111,128.975247212591,17.3834584767166,19.9177223210663,7.82407859759758,27.6499590348106,7.56241513648384,7.78138776694438,39.8844358324685,182.178585639029,1.49885954348053,209.968590101624,96.6504222314935,3.60098798158458,375.193384766336,16.3387804367365,189.529033445447,14.9144989780016,29.566560576388,57.6386714182847,0.0714262350164096,96.4172772882716,68.9757327136268,102.774882759189,1.57436352625526,164.557238132012,35.5444761511497,149.53382140183,17.879036437717,6.78252252431132,0.0792553947250028,9.97465668865376,22.8724023977184,248.799737901021,12.2676004067731,112.985914571544,69.7191203519732,10.486666486425,85.9491974233868,0.765988095095605,5.7507378136787
"GSM1019143",0.0843252922470272,0.0243990305068165,37.027093608463,3.78375267091355,0.00954861107788822,25.0763299681015,8.12963637554974,3.16548841777649,36.1798283502397,73.0166497113008,29.985221441088,1.54277565320607,245.904767712078,130.0063904669,5.4099308930032,0.0516194449793089,69.5235095225847,18.276757523377,95.4439995378379,9.93290492676694,40.4199222673007,108.057023825823,51.1850619747877,28.02330414433,7.81593516975748,26.8700908239635,14.5479416405868,20.2337303646375,0.122752061514278,2.21805945865607,0.951528660390146,0.815029185343453,5.55350025923031,75.3891664933329,9.99294610209698,0.0475174872406838,25.4643273882169,0.119162326685654,13.2054429832951,3.00914648768859,13.642562949129,34.1861575083676,4.20794346828902,62.1175643226185,43.2431515614607,53.6722707493093,91.5712603150725,17.9467150436351,62.8129887008213,2.54918568759621,0.0805693314731419,0.812304298003131,0.00925473961185361,18.7593397321703,6.21948847323625,33.4621109770429,20.2312305309965,200.766008626811,9.18928093636354,0.0289090792299529,20.9627474465612,8.20805513538259,25.88414746711,63.3213061140304,0.648051923039931,80.3376870068227,518.187913419147,10.3878255398025,264.3867630193,5.31221637753451,191.877295684414,41.9823885567172,127.994730225264,17.8877211563693,0.34870796202888,236.933086169572,4.01566972426375,40.1181404667277,17.6855005713219,169.031489541795,12.5937908311413,0.0974439148748793,20.8015368430166,4.77511704905437,257.540151503622,5.78067880211474,16.0192454052808,135.934658527084,8.13259032943002,98.4579747597745,57.1467825085012,33.1827612645166,30.7929509072323,181.628721201907,12.3525285060436,40.5392342917438,241.302757818918,88.3495108297814,68.0965674405394,21.6172507813604,100.353770554048,6.08330021029042,17.2874604058087,87.7380863953788,38.3276821109788,18.2843847530149,49.476397370994,72.9386635103211,165.694802038031,2.8224235627256,0.586594202349786,0.0942708923475474,0.0344626209193867,6.89657376607779,16.3930510310223,165.282879292104,37.6055619578351,75.3948741732551,11.9297611719807,55.9018881420471,12.0496919282276,9.13496509551731,21.6654081710394,2.71737556616263,14.8246393760677,16.3257457370639,89.4804709507381,40.6067556426871,57.9111947909001,67.4564706255102,361.335040755475,1.3978514582889,2.42092073970627,1.80292691481873,0.072652771126282,210.580149040266,431.574693895764,78.9185956515072,0.215346845342676,0.0670526173708802,0.530252368706055,2.27767284113451,16.0732043672425,27.7090851078732,26.3615098697741,0.817902103331274,160.898164458958,55.7176606958654,89.9799590878688,105.093751517166,0.255518301357287,9.24289126625117,1.89274081174419,8.10128492027963,13.4156028813335,12.0469626180452,0.00722343846613248,15.2828183625159,129.323114613808,22.2636226797874,25.077517018583,11.3948020782999,21.0872039764556,4.59999796058347,10.2067122461199,38.6304437727548,145.892749844525,1.20267771335769,157.454409442493,67.7094678633325,2.48510809269293,253.345109585686,8.02997052845235,123.778506426993,18.244306879423,16.3902043498355,42.79039500666,0.0204608733666085,68.2085644201313,47.2705133020068,86.7534219066642,2.06791522293435,142.288984701403,42.2811515087007,158.012750060586,44.3327044125915,6.72464470566308,0.0443366756333122,9.64504536914267,19.310688678097,209.814196726731,9.68901616658961,123.562981431902,88.6526744864134,69.5493372611002,53.2536843401628,0.979896740445852,20.1569543942155
"GSM1019144",0.0781212466553997,0.010932942758438,18.8700537557846,2.48841441316874,0.00574943992263578,25.0643539951059,6.29143100331208,1.86019899796002,19.8222344348935,46.4258674725943,21.3970814621471,0.789398152301456,176.901615729899,68.5202365803918,5.73763345425361,0.0192275656422284,57.4954475716284,10.6846850685122,66.792817141921,4.36142071118074,11.2743029050417,69.9035304629372,40.6474833319386,17.2658035437275,5.04704900639211,19.3324143028515,5.34234691217585,11.8514216842791,0.0728636033750292,1.04672855681732,0.768748039682968,0.936498765709008,3.02904423571601,36.7815319946488,3.87530597105313,0.0345651438311883,15.387650914049,0.0539092211012561,9.45384953914409,2.10279726847993,8.77477615886439,19.7314528184229,2.92437631876769,71.816575715186,24.3470741059305,41.3082464885615,64.0929115237565,15.3788338246317,52.4501726279313,1.33364092926764,0.0472962306437618,0.506157779038182,0.00849368989526146,12.1865658648524,10.023146705548,21.7795489591765,16.4212228559616,113.138694621697,7.04793597567407,0.0114298917572253,22.1259466131883,4.58247625647873,15.5448840334218,65.2000769981296,0.602321872819539,42.952772180569,345.763605022493,5.48555611568103,204.150960006455,2.54961664865795,127.107466712482,26.8025258766973,113.05236538846,11.6546690158578,0.181559187420173,158.120705478085,2.38052293963066,47.6928235171225,6.70552789622538,160.966596307216,7.33791033777256,0.0446839285380068,7.92147766003647,1.20628746305394,208.778047625361,5.79755529133703,12.3286891981791,134.530874487409,4.00384695557325,85.6975909662983,46.0432240731174,14.6739781317323,19.5368827826495,126.169617149034,5.19627518129501,31.2326742908575,172.158448415339,77.7982160174252,57.5448340873148,11.7272451270458,62.8427952588735,2.99621844940554,11.2156115017118,67.277190757415,26.704097182597,11.2826350646432,35.5643699387499,49.471847096834,129.266657201655,1.33340477852867,0.328059131338351,0.0299228995621664,0.0217155828166524,4.17799500350461,10.4569509873204,115.10282069743,32.9018777689833,63.226380059229,6.44740683011053,50.2215075481402,3.01246643742085,5.69707403398094,25.0417934667893,1.57039645976781,9.03640121140245,9.43955476729183,91.1848962520484,37.5163188862733,88.8335128452319,50.8104864704392,408.811473173465,1.39824116645404,1.61222995690263,1.09136487745838,0.0441637901337284,91.2353531266956,326.839044725734,66.763834681614,0.0695704475890607,0.0402437341395957,0.328280127664324,2.53924305588823,12.0319123450152,15.3012608793912,37.9370726143852,0.528265864988575,157.271601412323,82.1401819497746,114.763914560177,91.1073519312468,0.176971812562989,5.61961616185789,1.36673507509555,7.94164221121001,7.62431647329348,6.54197298296096,0.00400882156793876,2.72494757173675,84.7699771829924,20.6608902947842,4.79575321807742,3.80042551000199,12.8932204284055,5.16402029848421,6.94855658451691,10.3543593138441,94.2569468845005,0.713325922563841,105.86824422977,53.3569336817915,1.18320461116398,126.859728213238,3.45175241338076,64.4353246291704,12.9215425866364,10.1808754115437,30.5725430177915,0.0119679800019813,32.5514639111215,38.5905480066238,57.3133374793632,1.42488165304525,114.854587811592,19.2304692684071,103.156038319809,12.0609497418336,5.03688600019375,0.0147389094252683,6.01222267574671,3.26142931959934,126.401157100805,7.2374126310384,109.946763372843,38.7227464973493,28.4381721903587,24.1645764158313,0.610684048626395,6.37257489530801
"GSM1019145",0.094129773542585,0.031641691970989,25.6669516371895,7.10903260606105,0.0106465394908688,19.9384966108865,4.10785827377344,2.98190255026665,57.2573024640817,55.5056723922028,23.5835273178184,1.54925292420586,272.428474926781,87.1456698408899,4.60248877335116,0.0523485557560756,81.586769792429,14.17925539008,88.9275848999652,6.92693758882964,68.3513278267022,75.7222523138991,30.8807893913156,17.1481294250348,9.61657138076889,19.5359438175735,10.3933328461509,35.1244716750027,0.186717894940456,2.29541454455998,0.854949073296335,2.51642747062203,4.58558871619017,80.2185435105806,6.8546099880682,0.0824997636702042,30.4823910979579,0.12677298786339,13.8610852807005,1.81693485345422,9.94574880200923,36.0840559846386,7.86055330369076,77.5016215848862,19.9400829733347,55.4903798403781,84.8542641186676,14.4565051218873,85.7089749369804,1.76930872518634,0.0552073141456778,1.30714398757459,0.00792643788012472,21.4062620732158,8.6937569344435,28.3217884242008,18.1652585947803,161.461761945453,12.8871950050485,0.0287855691098374,39.6448033450135,8.13363785533207,20.393094886136,69.7271663328713,2.82178120830305,106.552860892573,266.889148966238,8.44915418867944,231.865799607529,5.42884196475647,155.410815102213,35.9437762173268,114.850618864885,29.907133324042,0.327484562178606,171.454274899061,2.78225546729326,29.648094220944,11.8645354307381,186.416355336759,9.68559256083002,0.12267211639687,16.9136765938132,3.05470656760248,271.611203450408,16.3656009658779,16.5689414507022,196.41854148319,8.80565483275528,74.7416287256209,43.2118380834002,54.4903316846362,32.7890416514714,178.187395185182,17.6822285486956,45.5274780952235,231.952791527617,97.4222400245752,74.1100157639884,42.7036483148844,129.042162547644,17.2302351693371,21.8264367225305,96.2646980431071,46.5076894868707,21.878199728155,51.9502005115038,82.2499415347857,173.554142039912,6.82536654730116,0.512715727877185,0.056288438266713,0.0498976909179685,8.98239170406909,33.1411766164254,128.522678977219,41.2155831673031,54.473274815733,12.2054225176252,42.2042593564607,9.76444656852595,10.5362722022923,91.7788519061752,5.46817205143624,14.7214817686987,17.365878068721,78.3796950877083,37.9921025059779,103.267730220328,109.071867224082,423.679382699506,1.96578322552377,1.50985129988796,3.07262640731484,0.0990700907566464,273.727781735517,384.1064134238,74.7679606055149,0.197803607820583,0.124345665897262,0.522340307759963,1.77502215867152,13.3098767639262,20.7562069133033,21.9929209578491,0.649205023377791,197.737864954818,64.4900703486173,119.954683827106,119.868044887911,0.189605502434904,9.72376693622423,2.47885178777139,20.8591198275633,10.7615700924834,10.0313423305285,0.00836178135808451,7.65700629367034,108.917856137668,12.3207740126287,13.7764083611025,9.91677411601568,28.0056454428011,2.77795644698568,5.55976344682061,20.4530555235921,115.309656923208,1.468239842663,115.000551625702,59.2524802644673,1.35251193055041,159.31199572023,13.5434783392716,113.365095966806,22.8997198862157,12.7614594794784,40.7542573140693,0.0143410953787347,49.9485270823604,35.9711191079011,89.3261875405969,3.78428878387311,161.049251135144,24.5455656550193,143.06035328768,25.2840937887196,8.51917563519445,0.0651371544695504,22.3100056046771,12.7638120532236,183.816534458534,9.99130067517941,116.213159198355,59.0244165693066,35.1354139617451,55.6334977242792,1.36660933945536,12.1123951788733
"GSM1019147",0.0844689232863565,0.053985679606613,27.431642641868,9.58915036797477,0.0218887260721814,31.2706321998432,9.67769262399697,5.02461016243359,52.8046733578883,57.5284115541073,30.2003644185533,1.99532606667996,143.112400434607,74.0764425421602,5.12369714797493,0.0387155939823613,85.4695197127437,11.0610471880491,67.2984776239645,12.2846002485032,111.840142474194,142.070630878657,68.8815284836499,19.973400151967,5.57743378628649,14.4992385546232,43.0695701450889,142.395118144126,0.446220750440964,8.28079040954239,0.904291866966828,1.96389834620631,4.27243757762383,348.659988448297,5.58778276741425,0.152864386915534,21.4691766520837,0.255191552114662,16.954825550832,0.59033859730662,11.077758314248,58.750679198673,12.662295705178,101.217064180148,21.8404190693257,79.3017759302449,103.493862978543,13.7338766752217,76.1325745984232,3.03001698574797,0.0615380020906666,0.59317027426799,0.00911673833304079,26.5090068086228,5.50104969111852,43.2635994059852,16.6538855053806,153.805486194447,13.848610077472,0.0107574659305531,53.3741164472649,8.96890244837535,19.4092528826818,107.45268926166,2.49427178189073,239.769321265348,446.464124001014,9.72213792990079,170.255177626611,18.5418283495895,170.637214919264,59.4455802756227,127.483968584717,53.1692866339344,0.423896320601451,135.27405036528,3.87828713397058,56.4816384409502,28.4346726259747,124.872459095293,49.662658046183,0.102087934789449,44.7955049560506,15.3292883653718,212.34556566622,24.5495672569266,16.0678352169971,171.770172034813,9.19024155653159,194.409802708591,76.2024523397883,60.3924900798931,38.6863160584417,153.07188585732,11.9251077832136,46.4981397775033,167.414334336689,72.2759333868187,77.8281528599961,26.4921485045645,126.138015540039,11.4113444313902,15.9680186237709,107.637943153448,41.3328930817622,31.8625586164454,63.960195935124,50.6345087120825,166.89242566177,7.47052687675465,0.86990584338634,0.11763531775747,0.0713529614487015,15.2217619217259,60.9680657913701,169.900789193621,73.4082548826385,37.6289850247858,14.2334583135425,42.614460133711,14.5490421876098,18.4498935011194,76.4469926656939,4.0235473058129,18.337616248802,25.7487193893495,99.9038665773024,45.3902050900946,232.922285247784,223.011612370026,510.688752980004,1.35529555742842,1.75925950618856,1.99296565101594,0.114273237655655,125.397953570147,335.05257774395,146.046099151102,0.460569395349212,0.207505812426398,0.81895102762419,3.33553426714659,14.7293373396967,45.7203505825799,35.9161950244766,0.58527835651462,145.435000819977,56.039077296108,114.437773382532,74.1451320807914,0.236173902841269,14.8403632476003,3.10637987394602,22.7876359714959,7.05295328701472,4.54323839455634,0.00945791259811622,19.3059584996127,115.065316699905,12.4434518757985,32.0875461024646,19.8330146867827,22.7876323391655,7.15439233259125,9.95262553560659,64.273986171292,122.985417307448,2.60051319718124,170.574199113918,93.3646940673369,1.98698440169365,250.5399454875,26.0907698251229,98.2194792845055,10.2976303740116,16.3843150088781,48.7188558355207,0.0214880660228322,51.6956480781711,25.9168112893538,131.577736819952,3.01008751323007,95.9819428014604,28.7472665972641,108.062854131708,40.1545861490437,12.4775471999038,0.128188189800396,36.0757513485127,40.4491171740731,138.247488510928,13.0534919938785,81.7627661286528,171.938440691412,13.8137330655909,63.9195146330846,1.51458155078543,5.91479262595946
"GSM1019149",0.104939608274996,0.0407935438129327,43.2803890081757,10.5055476287424,0.0111102160458657,30.6958217122397,9.01707305107961,4.71066504153746,31.2493727367145,104.917891192192,19.1041518255046,0.985468542548882,164.521880817825,65.9448864152966,8.57759342818208,0.0568251989403828,117.764846931139,12.1638777593713,85.498115377246,9.7192457114623,87.1759549668238,88.3933209887688,53.5802832215684,15.8376326506924,5.6422795988642,15.5319405562052,10.1051981614338,60.6901287345386,0.159876483188104,2.76579293021034,0.674689803220875,1.85744344686361,4.22418595377597,91.8007422895687,3.96467238804642,0.0769351000671377,16.1956918127301,0.0945547292569377,12.2357534670176,2.53176682166886,15.9822332907982,39.4223070153368,7.44635995244664,82.5121736435817,16.7132758349948,35.4094658279664,67.5913647349777,16.0360671831628,77.7806371736466,2.23651840314635,0.0572582131725497,1.05594622011718,0.00609529693262737,13.6436907814585,10.9918156280227,36.4442954816359,19.9718355435078,171.355443763726,12.9459957095248,0.0161596700592837,24.1190436652947,7.28671290859859,43.6179374784578,73.7264437182764,2.01205991293941,127.35521553707,487.309302805663,11.5624658022184,154.976098713564,5.23667350543092,159.310017192974,33.2664167877467,107.223542393712,59.6858452939205,0.414968218713604,176.514446631478,1.70288130275499,63.603328413126,7.57698192919238,128.803879488004,34.6333373185645,0.114561829490778,31.1768334455964,5.601401299725,220.690483551439,18.0061564338803,13.9115152922003,157.003685494319,10.6582470956059,91.9010663422708,62.9601084615865,40.3572304555695,29.6427032893445,125.874334308882,9.26751173187736,39.3783490393911,177.388260972371,88.609738161867,72.1013761511964,16.2934332422358,111.920844754604,5.71789508186894,13.7861800049457,95.4520909376559,38.599259662403,24.3716644738369,36.9541038002317,70.9259410736929,146.413781153809,2.86236959208402,0.799121688586072,0.123120836047625,0.069732651867931,14.6653699740879,33.7500651441277,176.847827354596,60.5595157227478,72.1273085312801,11.9749168279838,46.6029829804991,13.8372071248634,14.5725164762361,47.852275091499,3.62014589851998,14.880030329678,20.7123154214058,93.2161737603834,38.8993157242761,142.926759587036,103.071981555171,472.526515002551,1.45802512032068,1.6650420955239,2.35366453681729,0.0786120862932307,238.167210749292,444.908768995402,98.645068432903,0.277276672313109,0.0971381314496065,0.574562135959262,2.69480893703993,15.2274423415813,27.0073131263882,37.9199907004065,0.717267743424908,122.699371818981,62.7385164085563,103.006070920505,80.924111391091,0.167131237670746,11.9659268794763,2.62273053403789,20.7664692986679,11.2834547725532,14.3619531944857,0.00745513062206164,7.87359246855476,112.388762690703,13.3671284700676,12.9054247732061,12.095291203324,15.8810359376571,7.00758564355803,6.71049955696238,22.9730627430844,153.492192448721,1.4917551803794,134.016961718126,63.9037375293605,1.6790220759615,240.433975585846,13.767646066307,106.992190027978,14.6421732799928,17.7371967945718,45.4605298093198,0.0131866696407767,60.7969261603326,35.08587597749,86.5368712086803,1.97560804319911,158.074961498569,32.5998351233842,112.573246329424,27.7162420456944,10.6172337798719,0.0705769649650599,15.3287957116289,8.24431924350038,199.242613503563,10.5632913276349,87.3029719299621,64.2858877846524,13.5305201965671,33.2271964864898,0.711298488864584,10.0310050159281
"GSM1019150",0.0633544952049615,0.0594230851638418,10.7340983880184,3.24039693958521,0.0180140769266799,37.3450624445987,1.44050970317756,3.3987095003815,18.9408463086468,24.6265520198865,13.6839425147024,0.820261106401456,169.979276133799,50.4565441811202,15.8748430849485,0.0389934743501607,100.098935573757,9.68478615057196,67.5991153980821,3.69395093258464,119.269138098747,140.050477451274,32.6872483492695,13.47582421211,6.67558093998782,9.99254307621346,22.4232426750463,44.0422332913727,0.198820801742929,7.91948117063621,0.752564751605388,1.2803299726878,4.31202878047834,155.504201263538,18.3085727283105,0.0847629349100438,22.5024269823668,0.155028067693018,6.90553447022475,0.609983134843397,6.7720609333914,19.1252575297416,7.63347115091098,69.7662593140688,6.66044647763005,36.1483058867548,109.423962393337,18.2493924385739,62.3882164268331,1.13739782735276,0.0892361408996818,0.312788664949974,0.00857080609827885,12.9449356066635,5.28149688084165,35.0804376236983,13.6548253213331,128.243940327185,13.0270631949787,0.00368577344035606,29.1912377020936,12.5043459408896,7.81431447734,98.6440004466874,2.10933562305009,71.318902447796,221.278032164747,10.8370530919451,86.1029885381275,13.3341535450143,119.652372825943,50.4603072400196,111.736357507846,32.5445049644947,0.235351732409219,110.884320400898,1.48450501230909,144.427056831289,30.6517378010832,111.019822658351,48.6435093809612,0.122513542790078,54.3246764078071,18.2375224850025,177.827262572064,20.3790688493107,12.338995352833,138.639838269054,4.55861128349662,128.128410551838,29.448968276981,23.9646253777401,92.032729141865,153.144233409108,12.059644761133,46.7431438952062,175.768512111063,57.5878015818346,56.4605415342188,41.7696750860526,100.371187336715,29.6335820564238,15.4164693125097,62.4196094380725,72.0106170394518,22.8977041777584,37.0132890290517,42.725716132575,120.867433998852,12.6406710229436,0.848463979203563,0.180198078959217,0.0835661226323462,21.6365659380066,36.5515736420489,109.601633113238,55.9593949612517,95.8221674224179,12.9850657283955,15.5101351534501,18.4075390746353,26.3767747396874,121.87753096875,10.6990648866778,18.6589057698903,8.34006706292008,206.361559080395,34.0268330164605,1000.8392947813,100.618657054141,325.785506469175,1.1743379959643,1.07611102112057,1.29372980082959,0.0739883661345387,121.742921481475,296.388065133994,77.1997228584316,0.287809716284115,0.452359499483546,0.872092052051829,1.43913517651604,9.91681764876075,30.0709276396868,34.0001467005061,0.534428466228895,109.401942094085,35.6346140042806,137.275208268824,55.3473148750473,0.245923014791509,8.86340977229582,4.02193514814851,17.7006003386771,2.83887059443666,1.09503812333671,0.00847153257710264,8.82899631234286,84.9410083401755,20.2879735121847,16.3313155487944,4.66769529322764,44.9053333084448,9.86765117074245,6.28327508473506,23.086155148745,108.549991258931,2.09256340341158,109.280916609771,48.3952745406668,0.969891121941825,139.250873252266,9.0957002460475,37.3070201325296,11.0956706837362,8.32241213350875,42.8736788199472,0.0170153717105321,22.7384259403374,13.7701584609842,74.8103178609127,2.04353086856388,75.241881692214,18.6677340250555,102.080665854445,12.9234642425881,9.57918879081603,0.100138683502629,18.2751364354966,21.1609352236535,111.185060117015,10.3629779026609,89.9803344933726,56.5809539034997,10.723407345115,39.4716291344601,0.954882355245636,2.76758754359726
"GSM1019152",0.11465544055726,0.00841547111783601,25.0702167124274,5.1067087219749,0.00692824552487979,27.0559091687855,22.7091661031024,3.96291239202801,34.8033755294169,64.964680907427,28.761984395938,0.814852794412116,171.233425447756,77.9606613677573,7.05537867051492,0.0463696174927691,131.607947696058,11.3628026760667,88.7886184513764,3.95572512929852,267.326269141636,97.8112075500945,43.9024936900898,26.3962439323558,6.84143915884804,15.8238774330786,40.9884100982326,47.5893176392519,0.240556699977899,7.50178459361356,0.768967881397969,1.8648095757052,3.34236144248932,108.123854910126,7.03538877739251,0.0391016418704574,28.1428060898906,0.137318512687197,14.1026650959765,0.56197084006032,13.3760823487973,56.532634563145,7.86477336251427,58.9228411804363,21.6952876684314,76.9452411080726,114.126332300909,13.0468798211706,93.5308564707985,1.25566030737176,0.0444983176250526,0.580834757380197,0.00709003249947087,26.7885372117084,7.77192390043231,37.220258541523,13.5211785179549,157.39302632278,5.72536967742401,0.00409122750509672,20.0900646733641,8.64377963617607,25.4776928178629,73.664973992929,1.25955104690491,111.579741452964,313.343030424727,7.37144608955324,106.915804355439,14.3863019374547,206.100321117314,47.2634495309001,92.4930680618001,33.8217145817115,0.275842540571243,125.320303355052,1.58877267993215,51.7851913833737,38.6954922692663,99.8144822414433,23.7806885620308,0.0972604336449765,49.7577317211668,22.7596739447247,271.81317586912,7.73292670765028,14.4348520280336,129.709753670374,9.37461598691207,179.684735249884,63.4775632008867,17.6339707250296,38.2331352090096,154.384746167505,2.29076078208738,46.7547079838633,152.855166503197,68.0916789589166,54.6346612454866,28.3730149189679,106.85082635135,11.9310532478525,14.8136169053981,79.9476496293989,47.3317936682243,28.9336796471607,49.9278800308363,51.4662544305193,149.112883979249,5.3895428152956,0.616235651733724,0.0614860145143657,0.0521188706120158,15.8464589808436,26.773427429547,159.800815584252,75.4666509012738,43.845395908936,11.7399640339239,50.1519427344999,5.944221566927,11.221504910986,73.9529304715541,4.03493187911612,19.1460449912467,11.4053519062858,81.4364781201793,40.9097664567392,138.685099985732,182.764473456513,287.786782858685,1.02115097379377,1.54522736052632,2.47761653291714,0.0872660485931029,123.125088907204,413.434714071875,78.655346155644,0.0798407250793995,0.0450602445803992,0.330635091477379,2.24799013601282,13.5700769694402,27.292611181255,37.3382448355032,0.528041474658764,167.404176718065,42.5788883869518,99.2140235058188,54.9890447206697,0.18769390347955,8.97616610329782,2.14935344925128,11.3547121868827,8.22066129098476,25.0223175367204,0.00645364019266072,16.8433693688352,98.9638721896299,11.9060801751748,29.9742470339793,4.8912939749296,38.4733078810933,5.61493212387809,6.8232879566815,54.6762357010072,93.8265026771501,2.13693076761419,95.4075550634209,73.9202815130438,0.841942837377373,155.804876572062,15.7131335873689,74.4600499209869,12.4502421647203,10.0291959123202,36.3112958856049,0.00524237692942959,29.3995425914255,32.7976141765685,92.7536697010741,3.70545507134722,124.334026161627,30.030704406246,132.929304423894,18.9189851943571,3.37976530679579,0.029226547850711,17.2058260329143,39.1843044543045,141.97277395013,11.4513109387872,71.1981653616336,50.7145029014156,13.6500304823838,45.1112141748693,2.61024775759747,10.2828299138161
"GSM1019153",0.124182920743946,0.0846356573356836,44.4618841595772,13.4012686556925,0.0169083776796008,22.5691022479821,10.9210557917537,6.51130562296372,61.4804408623433,128.518052042492,15.5760930447048,1.26537333261237,193.543832843668,69.2288805978975,2.72778698544491,0.0563707722539598,75.5240008267548,10.1869225153619,68.1053528601213,12.8656186724104,52.843040359145,188.601200760312,115.307453014375,11.2640549953687,8.87833304951264,15.4697261305161,10.4491006600545,55.4175681861011,0.206576651319677,2.548104703444,0.713797083198065,0.795422446870191,6.36148017475297,270.314956620652,12.1232861715013,0.10483533126489,19.9854167760647,0.0930095428522627,19.8929054683344,1.64612514775707,17.5005617618963,60.486888281232,12.4238341333151,101.496995953031,13.7728492828543,31.1921608862361,93.9780428651832,10.1164378599884,92.454270415116,3.36404030451486,0.0575751737422087,1.69628207258704,0.00701240612991087,10.9382701382619,17.1009833225412,53.7728726066058,33.2653695649331,207.699400285594,26.5464117511779,0.0559356772289638,25.1022869765271,9.25374376860016,40.1607381743971,93.3205871097644,0.662150332666966,147.330117103071,932.70068993975,11.2730505558498,302.390909870001,5.38684369893554,273.940089785704,55.2418415074627,183.17508809748,55.6327567982608,0.416325506204881,268.597149741072,2.4323516814824,32.3522546924657,4.27641893053126,141.148755682537,18.7083987185211,0.176612498036244,34.5623544408903,3.83822066994161,305.923821526344,6.32435595276153,19.3978107211754,175.253287812095,9.34966037821091,85.1768212270045,88.1717476528688,37.389564519453,35.9303049599781,151.833785120124,7.74293582367611,47.0833833140267,220.967556725633,94.9044381045184,81.3844682768217,26.6491710406953,155.470525555073,10.5909268564682,16.8273567107582,112.607500582574,35.6854601647865,22.5951582739209,41.8087241553628,65.3813165456271,210.160544278399,5.10490488921051,0.613699433398847,0.0747505104989089,0.0570639340820979,6.20069466496224,16.1732214095755,182.276023275348,68.3771092390039,132.881274453777,13.6707880002453,94.4538089052905,8.90739340694483,9.98371600263008,15.2388548738094,4.39432062291651,22.0117153659631,36.4509080028269,59.2349087966699,52.9044479038445,140.765841853544,125.27458367175,682.492791875164,2.39320773196106,5.39862412348543,2.59083754793286,0.0995773764471748,221.486042659825,530.930844905535,135.585117591771,0.769467379658875,0.277083978244542,1.19203758573086,4.43133925354166,17.3975567571837,26.0442542771083,42.9416525871726,0.649411170727328,313.63478503889,117.935995548281,97.5362340489734,134.333352644565,0.182718353607069,12.4150045826108,2.75523192004861,14.13001655773,12.800297736044,9.59669856467356,0.00700371004983697,6.85511835032389,138.137254076507,12.3002961662923,11.8025384498916,9.33690834335572,16.4124777915945,3.64182192498837,10.5772291606088,23.8694973031238,271.520335090011,1.74695560974159,226.590482308581,115.975241296001,1.93359201095175,431.875807259388,20.0222713797457,123.143046233908,20.905970570606,16.3035160790069,45.9681802184979,0.0117570995042564,62.7717579293116,52.9690016622602,140.992883573413,3.11117666488963,209.767229773153,42.2637018660512,160.429916767788,51.2265308931816,11.2626612377276,0.129441088115003,10.8276523235728,5.49001339767121,229.022346236628,10.6535595760015,136.297993042058,113.54198207984,10.6296913933722,41.667140335607,1.02156364238026,5.75856063585748
"GSM1019154",0.0880492297171254,0.012252851058601,14.1449587658773,4.79899228928799,0.00804763829091563,30.4610743120121,3.2777418943829,2.83758896055057,20.7373948516685,69.3076776475763,19.3761088226413,1.4269482265611,214.434088103803,77.8905574785005,6.95985498982802,0.0537187327805736,165.937784820917,13.0326106439368,84.8977750995587,3.83409715365308,143.166757532309,116.60663613011,44.947010495652,22.5435664220787,4.92837441881206,13.9072582248115,16.2874617112304,21.3018767789975,0.177979538915992,4.13328243797504,0.725897829068928,2.86755287479843,2.30999516238347,120.952710116218,19.429366244733,0.0329655061551734,24.0728554147776,0.0871734213557589,7.57630479377352,0.33168186637811,9.78833132599519,31.771480934691,8.94269342727775,43.6343181899999,9.84116948428971,75.6092487556336,102.760700005838,12.6239964215475,75.8155285646168,1.05545125687943,0.0717780822186867,0.803567113234191,0.00510625595907995,18.0508592520091,7.15278396839399,26.1626040586758,16.2170553181685,197.666723375563,7.90900285830234,0.00471485183411375,22.6964847324353,9.02053053048987,14.322243642498,79.7435016158667,3.3712955595256,95.7229608776427,390.55864112418,8.3195580054403,159.517586136193,9.03266904344689,169.580463237673,75.5437450835172,127.879400190572,31.8487887115359,0.220879380760642,127.26753495065,0.52125389228184,79.4881227227481,25.0698789416168,130.280151053665,19.2207287604169,0.0881169072213673,36.7656455573354,12.1115822178695,207.412446920013,17.6161119300658,16.2898900924209,124.904805243105,6.02595178865867,103.885743891303,47.6906741091465,18.8668778793351,56.6946118885359,158.771482131464,16.2170745431087,45.2106013365402,174.175929720962,57.7643521910354,54.9020101025932,26.2035891040064,103.704210080678,14.6367734054745,16.8430180645974,41.9433635037323,82.8118841293762,38.1636491340633,43.1868704956235,46.2973424147171,172.400601908563,5.24262499239155,0.734726061822444,0.139058405414942,0.0741777013873498,27.5807085788807,43.311460329965,114.450074298775,80.8011663232508,39.4888024797085,10.2924165438921,20.8956218213985,12.9055757657085,15.3015676708293,284.06886522469,8.32896211963526,22.9958988240427,7.22803782583164,84.7363156400209,34.0723931384652,123.771683289387,131.129876407696,324.110164425983,0.86985507361994,1.1718594305619,1.28293409743326,0.0567330223956166,206.53461677767,400.507854493337,65.1854516199119,0.0900925953954524,0.157260587475133,0.366232820350595,1.19098898279838,9.8212708132711,23.8368278195469,37.133904791431,0.290539404673807,161.992936922191,22.2575674712796,61.1660081560779,36.0586095081967,0.127915144340839,10.3040180970309,1.84689959485624,12.2931265908044,7.18676102732911,7.22030925305164,0.00458540680057117,7.83066591995457,88.7234553273674,15.8600886974824,12.2917566431739,6.70077136597092,39.6661162753234,3.53291771383288,7.79360736044872,20.9455093442389,100.107273979057,1.6486977925439,87.1196718070701,61.0141428950435,0.915288700547767,147.157736769905,10.1535117039462,28.2418239515049,7.81239407599926,6.67069386323109,35.6240766878081,0.00728914096506887,31.1272650318141,24.1234244343073,82.0277544868172,2.97613770736969,100.254702660115,21.6781477494517,144.957611451954,22.9945209533584,3.95266485469255,0.0357137208945128,17.0543672535278,13.1383573924516,106.108294058323,8.99953984095892,59.5038471690081,39.9221557509952,21.1790141961884,18.5803779187306,2.01900133013594,6.57781673677093
"GSM1019158",0.19175344337822,0.0509058066334674,42.3148808591851,10.499441302707,0.0148721473523385,29.5765224541125,19.1512403085676,5.97129958542136,62.866971611844,95.5645570899968,23.5795820666278,1.72122962226996,213.020049919785,65.7942397016874,4.97105254952196,0.0412992384367521,90.2149755286591,11.4578670819323,96.9398064797728,18.7842778057096,213.784520723991,253.630109614567,76.5754713058071,15.2504259457897,13.7285251107242,17.0543313233484,27.9763466388768,76.4958238846786,0.289323262603829,5.95928124684477,0.88213275446158,2.74766248101963,6.582359471933,255.232604994561,3.6082532740921,0.147318314804725,47.3047684602921,0.156882533689951,28.7278997160907,1.10784436749384,22.7954389068711,109.474510962684,10.0276575117078,99.1104855792921,18.6768331902144,50.8861928047022,210.835355504196,16.948387554906,135.22857446239,4.32571745789265,0.117768698224084,1.22051361345848,0.00830068930471052,19.3291414816836,10.6397635970177,41.411854446501,25.5913038453759,242.219244025281,15.0302476035473,0.027109410236392,70.3354313122872,10.191287756857,34.4071476783831,100.755728354963,2.19947490468334,183.920657410414,624.043189126863,16.0113280746073,277.390952749013,10.7191113471095,307.724466720441,34.8430857061372,208.04466730325,63.3578293134242,0.43865138488063,214.777640436446,5.93428077943717,36.5517054614089,31.4790867046891,203.017291207983,27.322150929357,0.103897690439857,45.3031056280847,9.87034098735336,369.940878152599,19.3022076337665,27.0445118014102,220.792950907197,20.5063868479092,166.476103237657,130.251361482855,67.1102275235022,47.7784596720538,201.309452484457,17.727733809417,58.9158940089495,270.994164750433,120.633305413172,126.262081910674,48.0521719021732,162.32701320096,20.7778287813442,22.7068264106606,190.301181234497,41.4830988310155,32.6878742048629,56.4723042717864,104.012632531213,263.316103078899,11.2792441282938,1.18156916909735,0.209717400507988,0.0820424925767605,17.3058924375457,38.165464922775,186.015099812034,122.134066288196,282.654480187184,12.733927783346,152.50141295985,10.7748232915489,11.9099276995593,60.207327783413,6.86922802862122,18.9010452361757,32.5837567056101,113.459681142726,65.537084550343,119.075896234333,284.71283556645,742.883752528091,2.5661820703712,5.0535060542748,5.95348552089821,0.151275871351421,256.473114950907,554.494649857783,130.550764114004,0.961743782485081,0.322618509463919,1.04931933698307,5.30511270293613,21.0680368697573,54.5905798430878,44.1358308500643,1.20951863378986,237.417972978785,155.714863874287,146.242868955647,132.252864680011,0.186130296101519,14.6540540922046,3.53556732312247,26.4575774746554,14.3143281303852,17.7044949385997,0.0125102092705085,20.577912224891,151.290899454752,18.9960066365032,23.1348365743363,15.3256778602202,24.5215159212361,6.18800624905776,7.72902133903799,40.9091964592025,188.342883143081,2.17279225035415,194.563672902074,147.275377647341,2.43311375870817,336.152140359463,23.8454042481226,162.189760246278,23.9678980851414,14.4027180792224,45.5430414066324,0.0135397829888633,62.1989627325688,51.1336873135606,138.432133729979,3.1702673926232,213.821115863007,37.7616771143092,188.322995705929,51.3606558935931,15.3566001765474,0.120740788721945,32.0675195791782,22.7103726509374,229.636244221555,13.7037268979373,170.23694495775,119.072717743621,20.9939952074511,66.0341053322063,2.30958884591826,10.338733252856
"GSM1019160",0.111037519010198,0.0333254513400728,22.5110404442231,4.0358562934947,0.0115165717033612,28.1231854638512,1.7093723903895,2.44378858097179,34.9354988623079,59.7317708658994,20.6082799592668,1.03354249311713,234.902784691698,80.3915101420306,10.3978362735562,0.0414717291400815,103.105981274297,13.3288024196748,77.0095016747817,4.70921255285344,216.530506980278,141.107858377047,38.1238118184328,18.4803341250431,7.45888772143053,15.8920635053558,17.2485325337834,36.8479336423969,0.174020167330594,5.62658084516654,0.862656663770312,2.59479645317073,4.7957333758994,215.177012119846,10.1203449106556,0.0641262285146387,36.7394616225643,0.0951931218908722,12.5965394065629,1.22502866392088,12.3452178303696,54.0601502737185,6.82563113621379,70.9284019760409,15.6434789429968,52.839059987465,155.833698063293,15.3903367443728,77.8213571070617,1.43129116684517,0.0715809250504999,0.666281315379962,0.0103505441093623,18.7916261406422,7.17411013497091,29.2027115378216,15.8816794378125,152.943514816682,9.62862855838872,0.0109883467039103,40.0771869067871,11.7033417035364,20.321257682378,93.9195940354929,4.4393762813282,82.4908126074373,285.953303867311,12.5905440472889,149.273008749765,14.0322617494014,148.604337947036,54.5728270838197,138.114445554797,22.1709246660253,0.409347011479481,132.92439708215,3.16427520844558,90.8134228216919,36.79323536217,184.949548231055,17.4840526380173,0.196529124026605,44.554368184618,17.5598155424199,249.36889025289,29.2358667781137,13.0197663431823,143.249257876279,6.20576229314003,154.077637509297,45.1230895353822,29.5445310773518,41.4733245260722,167.250792772308,15.9847391925169,46.9768108797652,208.417605332743,76.8293049592082,58.9066274269778,38.139287634942,105.101991060814,16.072527473934,17.7664890925158,68.7209434564818,57.1861958307104,22.8044446025627,48.7885440712287,60.8134111198609,158.812561917686,8.78090556890558,0.92177270154397,0.147863893159983,0.0864612952000969,30.6110379371967,51.8105504067151,113.544922500219,65.1697370899832,53.6702900201734,10.5948832427468,26.6989528591107,11.3568990706446,14.5653967676709,175.66741067147,9.72720190826038,22.4674520057733,13.5651802470726,164.349846612659,40.2887733248085,253.034924292936,148.549766281342,369.926841783644,1.39100863574882,1.91931612545362,2.82361973477781,0.118748330332843,206.230101530307,380.077348248061,81.2390555838796,0.219605307052943,0.105122877323618,0.559149318650135,1.77413155711539,12.284689403076,32.4836118174931,31.1558346413073,1.03751709438385,173.56175191269,53.1202390782509,147.666634918705,80.2566115662244,0.202500222175991,10.8305354165076,3.19269876493573,18.5427448899767,6.62574381829646,2.13120286372901,0.0107117477988564,12.3385511199481,98.0672281331499,19.2292540820585,20.5913619157056,8.39089583930868,42.3387122079059,6.58950459491649,6.62465478791307,31.0677230567276,103.153503642648,1.74466630404107,109.169114627059,71.1499032972633,1.37537994877983,143.530404248778,10.2737478508817,78.1398759099948,16.1484160079094,11.5741746116706,47.9998671573695,0.0168330405930002,38.8478269198518,27.7555659208565,86.4734934287628,2.6564169479446,100.065915939322,18.9262935942232,121.061038337393,18.4755352990235,8.07053459995586,0.0531131111916675,19.0480516630985,17.6970209080746,144.416236249187,14.3268168483384,95.9222823104411,60.6490280419921,30.2222172938357,35.6517624390998,0.794150750237716,6.87478118142019
"GSM1019162",0.0705184162042969,0.0571909866509586,21.3714552631137,9.18339962468652,0.0184642916221529,28.096663934197,10.7208135999491,6.61533661482648,43.545180038586,75.574985139482,18.7960780510287,1.37875770750211,135.608957652092,54.5355848037957,5.42114948869658,0.0474177356319932,109.197590599068,9.94761394792428,79.1417393875076,11.2794305970458,196.175378491318,150.570672874269,73.7738130787865,16.0932208078939,5.00629476310847,13.7084142850318,29.7997817725564,103.352654121944,0.326360370310455,7.2408821505746,0.764879414343184,1.79379431549359,3.90911809290254,125.994713715106,5.66133551408194,0.105034839569637,18.2424533620827,0.163808341144151,20.0574739583629,0.71058289481902,10.5441441708092,47.1294070280487,15.5780681707914,87.6455586088722,13.9886871627067,58.6940851441103,76.8445281867681,11.0290775790276,63.2363127185585,2.70036773475719,0.0536186581708508,0.41176954348754,0.00715784128900641,18.9292332985458,11.2151891313411,53.6040187474905,19.4562944076544,196.867109914815,14.2104985898357,0.012365338859197,24.2193639316907,6.89595798567955,18.4101805879392,75.595794509218,2.95505122393342,181.229175001477,489.042516940241,7.36632841085886,126.262869587884,10.8051025166927,227.727990147725,58.7337371820979,95.1921390236928,92.3367281654928,0.392670185998289,177.304625205736,2.1820210949178,63.89589913116,17.0312627986407,92.3597831968505,43.6704940218081,0.0962935358875793,50.7933180055407,14.5195610909721,241.104076477581,17.7908795432143,16.2859875679934,154.389129531621,6.33654929314537,140.309192529823,91.4355053848374,28.5077391584571,51.4439294560282,147.227464837308,4.57964746446249,48.396638898292,170.828024358982,84.0661562732401,80.3668671623095,22.9020088900986,109.672491306644,13.0651552944054,14.5119862726224,108.352492760691,48.7779634737824,29.4718566411531,41.9849305452738,58.9935387918929,175.909982673814,7.82411112652184,0.585388606228287,0.0954867248000647,0.0933780915420458,17.1342630986104,36.4322007343588,161.408529292309,78.1481820399213,89.5887499537433,13.0265960956913,85.9735121887163,8.6210548715166,9.49226515860775,80.7963946435761,6.84780382386976,22.5666722282615,30.2878268639285,98.2549794737347,48.4133654594465,300.920730582959,187.318563324459,446.056881367765,0.773249335968759,1.23778194302071,1.13165799348436,0.0748361156564725,133.900782613353,433.982956565794,126.629418119973,0.326165684232297,0.306809423511866,0.709511732917185,4.03351927972715,13.6708256637395,34.9554363356691,38.826473120894,0.433841857771346,194.650319202799,68.5989854840237,100.056994754656,66.3967243713467,0.179541043835464,10.4433412911908,3.10688891785744,27.9968454825664,9.09324267149883,9.57828066122645,0.00971097467966671,12.9648847049405,105.029878372328,11.3969091062976,19.3737931048638,12.6051591205899,21.5802132057252,6.38322032728229,9.08083224017071,40.3849225618223,167.386059892314,2.64469996852115,131.460497364785,87.3909311535356,1.57062270131721,294.433029198186,33.4734876649566,87.3142203259599,12.1978966938738,15.1496858144724,40.6622548786979,0.0102641817899929,44.359558542907,28.2137221343478,97.0702870800271,3.69567544773077,161.760278464689,32.8316300483479,105.51516554786,36.9293042995055,14.9934396187385,0.101080047218187,26.6012736928935,22.327555706128,144.25908765515,10.5677205383825,72.9044189272333,82.5740912113466,11.384097480946,37.6596025897038,2.0167424208158,5.37953652758496
"GSM1019163",0.104174637623938,0.016490695978349,39.3165958204943,3.69081640037084,0.0120863245294605,25.9467027782533,15.1715110964297,5.25919627313511,39.5416989218574,88.2314008343805,17.889288946931,1.48469293898522,137.945829252722,48.2940755634042,6.28517649316467,0.0616067970903528,129.201199282529,8.91589921838414,71.7920807445104,7.54894227143939,29.5271320277796,123.207484141201,31.9339514581001,15.4561323121175,5.20767739426268,11.8420526601822,38.6448644256277,35.1487135191835,0.390717519368742,8.80216312995032,0.873271518038145,0.42117220953187,4.54291197312058,41.2133469809114,12.2202306352906,0.0824584110112348,20.456577788729,0.275497803409282,17.4728309405538,0.791434872697735,14.4322230450389,34.3760687363745,10.5409659169445,96.09744890132,12.0326645947086,40.2962192032355,149.11796953373,10.9824233344266,60.7005740290017,2.40585669240076,0.0619015718883501,0.283839987530108,0.00912136177603334,12.4653645624175,6.36959381636271,46.0662429652032,25.435066540022,178.291097807351,10.7289966681303,0.00363156893724747,21.7174176838921,20.4157979261978,23.9973954490442,116.585152541933,0.0901070322806534,79.7665066572713,357.702394751435,6.56282991688755,192.699295946334,6.8173701780389,234.782538445774,51.9564369722738,137.045478582388,78.1645683805479,0.404671661824327,201.580984400682,2.2282473481318,61.2420456586604,27.7362770483262,122.439357382131,26.0871696994127,0.142663293869512,46.6256148084737,15.5742828035122,281.806410008655,1.81146087927338,19.5830457134142,165.058079333913,9.81791223021891,327.606054041822,72.1585649711632,25.7219404681324,55.4207946065603,221.569917891765,16.487380854555,46.6020553787443,222.607793098901,78.4865816332789,109.732853404998,30.9828609488707,166.856992278917,13.8364502961989,15.8395429429086,110.99786673495,73.4090556744933,33.891396546944,35.7163194694482,61.8949508004204,193.996978051257,4.42886620702399,0.486671231052508,0.0898890045862513,0.0687597276960559,7.77538356638091,13.3788754719799,183.512691107084,86.8642487827513,198.05485603662,13.6978300948347,67.2014228377327,13.3753762825082,7.09250681240814,11.4284796297765,6.34294802629176,16.5485575661832,9.94447629458135,94.595007714927,43.2846631540924,86.2589498683767,140.387648999731,495.089730355635,1.7002292004832,3.22957401481866,1.64839151434591,0.0884888774495401,233.740191032495,498.043915439947,123.284286893732,0.223675628707831,0.324067694630288,0.734385221248596,4.23399860141543,18.1340190479668,49.0039353174553,54.07505337976,1.06493211288758,118.122770194119,49.3098143595466,125.254205009151,65.1895059149917,0.225156854443851,6.60235913277395,3.20650966831922,5.8506112229093,11.2823035464461,17.5701780205523,0.0119970301450726,16.0380474322327,107.368663554742,14.1618394427116,37.0790385719817,5.54229836553215,57.6109060786357,6.04411665344571,5.80529016389843,50.0075533870709,211.383269621775,2.6563687474725,155.470158551491,82.3177629787648,2.51705562037927,283.009729762899,18.3655049417104,215.961548280745,8.1896422064798,24.6851978779929,60.5536575606604,0.0989817642496056,75.9974893412598,79.5583024389266,82.2473308473384,1.98624952001436,154.129420274245,32.952684626779,202.112427252063,15.4441218483386,5.23842190203879,0.0848797753734141,7.49830216528129,36.9919377222025,218.739327361383,10.2312390203085,104.421135894201,35.5546166958361,11.4406640441058,73.5985424312359,1.57577846124088,6.57136413643308
"GSM1019164",0.0363326020361372,0.0127244139252204,10.6332209846956,2.87938664539457,0.00700613582245973,25.8402814885496,9.07669029660196,3.99079484275949,24.0510111875145,45.5899040670323,14.2230731726353,0.902076641240626,124.561896533149,39.9785510864704,9.0630860761105,0.0351788180510021,58.6576346561422,7.64683876099977,64.1421044185524,4.68915177997628,41.8076911710786,78.3232277425737,31.7640219603862,13.2242520282368,4.94791946456514,12.4655339732018,15.0648287780596,26.7611067193314,0.125348751597239,4.03435044890272,0.636858159809448,1.08264149872854,2.64078847227833,31.2349636882194,5.32323660634334,0.0468797276244521,16.9640063065497,0.0855627440336598,9.78859729998376,1.74677079448602,4.66488139878571,17.8701661802979,7.75922563058345,54.7377166851611,12.6850861315638,33.9652023709864,57.5107805956774,13.2816886738692,44.9352414728803,1.35287049737937,0.037305839310213,0.140161250547288,0.00567915031599398,11.1555643864882,8.32855327063977,26.1881490589998,13.9379478215191,113.031015516591,5.75484971443087,0.00896002672449208,21.8014704528801,4.50526877100279,11.9511566655836,57.5131517706205,1.85735280225292,42.011190473197,250.688473288636,3.70841291677844,71.1066859699693,5.80403345150886,132.960310432969,34.4236707213563,80.2780659568071,38.4067889481475,0.17457841931815,123.550869959174,1.01603347281632,75.237969849073,19.1540659952418,94.8380854364356,27.630239076648,0.0865747444983498,30.3944489949568,6.61045208004048,179.218234935278,12.3680005307029,12.2224879719492,101.374643320134,6.2792019060648,104.498919654671,33.9485513885946,18.142017801868,26.8146804200812,111.105189308015,2.81205820899218,23.928658723228,138.021486867858,50.3458776110075,46.617905819307,21.4587913425777,73.4899112058453,9.12095299137443,11.7477907878477,55.9068818694672,32.6460546582972,16.8182248732337,26.519199198596,37.393145524541,107.424003370065,3.15658952652715,0.299286720395378,0.0368903036099629,0.042389597275507,12.8043758581692,27.8634169144314,96.0745213901971,34.7654843006149,46.5232485252155,8.16952652598063,25.6072581012365,5.57842484947249,6.15558778506323,55.8304073609578,6.13544208186692,13.310267581489,8.37933656741632,89.9251986642756,29.4035030128931,141.814510035017,65.5980551864853,304.151363935963,0.48065625656212,0.672309215825238,0.753233022266282,0.0414322422970913,101.735647285614,289.756001810561,64.179944950303,0.0818063186584874,0.051014227814831,0.354915233388583,1.86544636918066,10.2043814107722,16.8962895466196,27.2313490948046,0.503508455288876,147.417748993489,37.1465769215331,93.5061072787808,67.9826196791617,0.163897965357834,6.91664973148001,2.2761469282429,14.9042034293611,5.14754330622479,8.8448746449779,0.00474392745659103,8.22523334766071,68.6298510557887,15.3750728717576,12.8340002772927,5.7074284425497,20.555079041653,6.36918276693501,7.73753073733102,24.3084667824333,106.468600825406,1.39559582895164,98.6793651069367,51.2209811782429,1.10773536997231,162.251858960224,12.6624992151732,60.9588696189033,11.3277884273864,11.4181129938437,43.9498286709055,0.014135016942797,33.358209440417,35.4771534705061,61.7392783763605,2.39616751693827,101.914476963188,22.5685998309178,91.780322504804,13.4061994471935,7.68117006251117,0.0243234097792698,14.5199470334399,15.3618202451215,108.557432938731,8.57927395057179,62.577475139957,39.2594706803871,8.62917050549785,25.9578088928972,0.495575057899589,2.9383514351805
"GSM1019165",0.0329203722039091,0.0162863001075206,6.69640454891233,2.97826900656674,0.0105956676586292,21.9590115896028,8.48152262491817,10.3285356416584,26.5323427888451,76.7968304096079,18.5303588815976,0.390875711454069,147.05739418593,73.4206373383957,9.76856897062829,0.0454163844204472,25.2153919715101,12.5959018406457,112.182786078375,3.893856672228,21.2908951360493,73.5548148493211,35.335777610178,22.9900152348615,2.37790108814842,16.6937936869812,11.8102289641066,10.7389372466819,0.112821537373881,2.90734189601302,0.685870317285283,2.02350583172995,1.83663142124745,34.8725375078495,0.377206277193426,0.0872055102523082,31.2512903503853,0.0377280634498706,12.2889083623126,4.09869988400383,7.68370640326771,13.406509313547,8.13211684130684,46.568713103522,18.712811356823,38.0214443079839,18.1438097949421,10.2948918461389,42.3661375435346,1.02513292915276,0.0425098784848198,0.0784795231223509,0.00518625815961354,19.1353998838567,11.3270355564312,23.6607810943398,15.6952608716959,126.821465539992,7.53099904179014,0.0308401591969007,17.4345756754285,1.86891030330087,14.9371831956798,45.2982446959633,4.28017490463511,39.5857991610163,149.892065378034,4.0282987102485,80.1628342365385,4.51565948812174,199.961125624927,15.7684056178407,82.6314978572414,63.2292752931082,0.216514791578382,126.804375698359,0.663294765221721,32.3436036834201,16.5713592356384,109.323967782893,19.0047649486367,0.0643540434388385,84.4448527160824,11.7891625865292,216.767962716284,35.488211093431,10.3167153452357,75.8756439268782,19.2005042912812,135.638847151098,50.4187572895052,11.0485425703511,17.0175592888175,108.094076256939,9.98160960527438,19.6667407396228,135.247965547987,73.7627134814545,53.2980519379103,13.1197004884043,77.453969564664,2.92868385690449,13.8163498638343,76.6421185702429,16.557607425633,14.0308972163577,28.2012127507823,50.6819306269002,98.4738869728996,1.37540274103969,0.423474909080937,0.0672077843069173,0.0326382599466686,7.80295673632561,54.3012190541307,88.6288285785681,36.2837833186838,80.0467484077301,7.05652436439611,66.3196776078981,21.2838589078572,4.61268966348436,125.268625209539,3.87538308103697,15.4578437715055,28.942297033802,54.5197824158686,39.1520841338284,415.240108423733,59.12654485168,333.618375534995,0.340843201198189,0.570398224325757,0.448075924303546,0.0478755344598122,221.752982832367,319.103410491209,85.7448311740264,0.13481768606802,0.0872414595739356,0.341455476705398,4.07018514431819,13.7358809098946,10.9814286521765,29.4663860748614,0.530015515728507,178.289649551859,80.3645712607876,88.2139314222444,80.1423385635806,0.166208264780744,6.46246895035775,2.90210928111122,20.2983880271788,9.32323403930982,15.2326631827154,0.00663548403651441,14.3004628498737,87.5860739142626,7.1204982878702,11.2995095063747,3.00039121998699,9.79246327409927,5.65752112151341,5.48406530632569,27.4367432434039,183.007984258664,1.44375133385572,134.412197799555,46.2403406237753,1.30744670698273,153.87074105242,29.2952237591432,95.768109315635,18.3496684169944,38.0235925777991,34.4539423344621,0.0108581020804105,54.6813351863758,27.9714684053276,45.22614012557,2.28186330223438,108.848453249514,37.900511014954,50.3528778781661,5.10614995824132,10.9287404193816,0.0595567889143021,23.2585765271891,25.5467160827542,104.098464289415,6.87501568960299,87.9881459176056,28.5333702635421,16.7226480995601,30.6657779438085,0.700604560135309,8.27965720294476
"GSM1019166",0.531957629879499,0.16081564474091,166.910560458706,27.3419031710374,0.0363219069691191,22.9469245748292,20.1502146433487,9.78125245680798,96.7758692929196,186.095243684124,22.4602891938726,5.32283558131283,258.384730711674,111.325644220963,8.06605676708441,0.193907617979857,152.347917157008,16.2834209940916,94.6813632622676,47.6490158590303,487.164793482471,389.45786363531,97.1072056460879,19.3702887971298,38.9652660161957,20.2194029402959,35.0435244128409,107.781091349049,0.404078390652541,9.97213888225489,0.888576280523228,4.40112151928236,11.5155501074576,495.287513349407,13.8335353161756,0.266164708057158,55.2152835024135,0.175232070840622,30.7496972066164,2.23580143394288,54.8779673492405,205.251273120544,20.2218500940596,95.8273616518336,23.4804251914634,52.6314742713412,196.884179648408,15.2192225461584,154.241898774139,11.1737251721416,0.111985185665862,7.8235926168946,0.00980170089783813,21.7565653857676,6.5197203974262,54.3224467693643,31.3159444269584,362.218462331974,54.9813553564277,0.0275455533029908,63.4635333898883,26.5441425222883,70.5058235174821,112.906860659801,6.11099758604378,254.661015418256,639.746412636647,32.3568354543356,253.24242503099,21.004697738439,371.447881214984,92.2944015200873,185.112005566334,88.6797177993792,1.09580989843038,263.544349041817,5.81049414288999,40.3258723279,26.345437903529,166.986588021865,34.2020331264052,0.39597537043915,115.806927338169,34.1589100657483,452.012928681907,52.6205305419053,28.4352523107271,236.263847151295,41.0631045013698,108.554033377307,120.243341580783,168.718872718631,68.1402873223585,231.547448875684,12.2405318453383,68.4842563220542,270.993033714431,158.785144344654,107.715902595873,61.2511710041323,257.514835906728,35.7386599441125,26.5223767199882,186.538209995664,71.7767415355692,63.7722199038293,55.2274751091098,139.028477375728,272.13687805984,16.6097838503247,1.95885312776268,0.333245527635001,0.0951499328495563,34.5917582174339,75.7055209973192,254.11374698264,109.32474363908,217.316279277663,18.6074285011379,92.0184142350236,22.8542063484672,17.5484478213899,180.228990316599,19.257234201463,62.9286727051161,44.0695412314474,81.2847713504692,71.9428850331621,246.325693911579,452.346341230849,847.994040205659,4.1509676935546,8.79308720181933,11.4896639386163,0.235248690712061,418.602228707243,707.795375790295,162.535020556776,1.72898655099535,0.894346424051286,1.96259468894419,3.2021361687041,18.7785075056426,47.4952513118612,39.431272823683,2.66019026399253,284.167244768136,99.420809278204,212.661923825039,189.296369505794,0.219089605652692,26.1028817719896,6.96533992289919,46.5346492849299,21.2586190471827,30.6499351485909,0.0281608202867431,33.027025480178,185.879950875302,10.529885026478,41.2693697404836,58.4394422223603,43.3775141781329,3.49741898914485,9.65293415816259,61.9955526695835,210.721909359204,3.66201582350095,209.837176568412,132.613967118516,3.97562805621224,401.148438887029,48.9504385111552,215.099329103185,31.6221372247106,32.0671252868871,62.975590936719,0.00927588354107648,137.759392986342,46.9346082608064,168.411542477572,6.46702531633894,213.984905340036,41.5378601498142,232.741933976136,106.988322171158,18.3694571006941,0.353330314499563,56.8974891529995,36.8504670124937,302.153614114279,22.1627701371569,114.482021422197,130.904657909825,17.3725416597683,82.8157491326477,2.87932877680864,23.9732502200025
"GSM1019169",0.163217108845418,0.0619334014466715,57.0860495212064,15.6771577485767,0.0297505019778563,52.1355715060672,19.6167497588681,5.47440599509598,85.4648911792954,109.921622757698,31.1289800668966,3.16669813297648,152.967324259969,83.1557918277603,11.2825405071363,0.0843466192720861,252.827075451748,11.6760027839521,81.5624882660678,17.2069966083213,218.378583270281,131.223756999622,119.14266539615,19.7104990729905,8.34326886560277,16.3321177477403,102.778048169402,109.975498924881,0.600191819363923,16.1167824820527,0.826453269462604,2.02699141495748,5.01177817459358,173.261138500546,10.8982889955858,0.135256687528157,20.8340548230253,0.301119541727701,34.4645840352931,1.00141653631115,20.5464195032606,110.149842420111,23.4212314572597,156.460136728369,23.0867954176242,58.9169281352495,77.5842161432872,19.570792664267,65.2482170946986,4.74864356080118,0.0762573491012121,1.01188527269141,0.00962476677496864,20.9951609801734,10.7310120511391,80.5828476427346,29.128140258385,228.793920533477,22.8991156382702,0.0130083663426237,37.3027939722529,11.1943789066921,39.2121325720275,90.366929157992,2.72192885439921,353.888899479253,726.854329840793,10.5987797205484,239.799979312855,15.162151297342,268.855359140259,102.086930157916,139.436350978531,86.0498779513671,0.625023101645343,255.984122251541,3.6136322005831,90.0350496169142,40.4595233774,146.91116361226,66.6578658662736,0.319208775230535,70.4053950956324,31.5211579279099,365.401684240701,18.1484916496065,21.7672024984395,163.557053362743,9.50831294576088,159.804867421222,93.8393801543571,61.1572628661066,47.7289806871142,196.428438898508,4.53879986957894,64.4493553507818,202.970540737464,96.2267326462813,117.275229374625,32.6884161330865,142.890347381437,13.3773802540368,17.287825568133,115.507506968807,71.2633065214792,36.8583688600317,53.7935429612597,73.856275603388,205.815434981251,7.34565409787976,1.15118089657882,0.14447302528743,0.0898806339960106,18.008059199168,53.0389541112122,192.52349277344,120.714499289379,70.1156401524784,15.9410406596497,102.550761557794,7.89366983857795,11.2245633148054,94.1665469818035,5.35381476813236,33.9496726487752,40.1960267821859,181.028519295625,48.0645235937049,155.723417270259,228.99978741795,576.531545560655,1.72392980206048,2.65208932314531,2.21591695514186,0.13953955790161,273.748551329924,625.314317091052,147.300066491075,0.438139466724195,0.279234076972986,0.816464033341958,3.91343043111742,16.7817458620093,34.1058318423857,43.663200788322,0.696216601853411,274.090458687032,82.9512733241334,137.158628076356,144.056944869661,0.222344191682315,22.5488333134985,5.15264553281369,29.7238635553416,14.1619357412927,16.7036886332206,0.0186414280123612,56.8833408972733,142.060422867291,22.6223470928986,81.8978354895301,33.0576186524593,80.2949378798327,11.1100815539765,14.3825022761387,155.20012877457,300.697753799258,3.56653219268286,221.473409076013,132.490562035527,2.33739292595015,391.165521711946,33.5261306972341,190.062003198527,15.3230389953764,15.3730852292704,53.4175892829807,0.00798286768078329,72.6562693241725,43.9562782509079,133.12878973244,5.2192237836471,203.380721885852,46.3421072138501,212.008550572645,86.6229991093019,11.9786115613272,0.128570010032881,31.8973432307976,109.731254248719,234.226480791813,16.2969218056673,128.233349010028,173.061332730147,22.5851343870167,87.6571391278895,2.13457131757883,6.27424542402142
"GSM1019170",0.0570231742295242,0.0105469781547192,17.911800692247,2.89104631369191,0.00594841516445181,16.8075977120598,4.99048813447667,4.25539255081279,32.2322393957859,80.482357915239,23.7503528433171,1.12772446512264,203.793031826825,103.982068665979,4.88747079304612,0.0407966029698245,82.567907458955,14.4219225479863,91.1093429239303,5.79571336754633,45.3394871629224,94.6534840426763,50.8809249926616,23.3667598401767,3.71036058965129,18.2365150140796,20.4017135252542,18.8554000581413,0.129256618081883,3.04993668171319,0.853000571820456,2.08953221044047,3.21999712094702,47.1781116788666,3.75470660998407,0.0371680267945815,36.249447873823,0.0515121463475637,8.82426184596544,1.31726957725408,9.57445262794585,30.0184093151998,5.56094452313577,47.4961580522426,19.8118635231287,57.541400366601,76.4974599984221,11.5298115842764,82.2848523409532,1.37061739128736,0.0635149026429575,0.242812880637785,0.0109357252237877,20.0051592982473,8.55419586400755,27.7422441994297,14.7732837045631,168.197380625472,6.78121759845048,0.00449774028598303,25.0579502904507,7.05957044783919,18.0814063261089,65.3407687578189,1.73435004746074,75.1124291162599,334.307143750262,8.41493476553783,198.159251680568,7.2272122563477,247.911275263722,49.7195094318545,125.575202074497,19.8040480049938,0.19705866807426,183.082139284954,1.5041482793177,31.530321865053,27.3363159603718,160.730467524239,13.8562226653131,0.0590048352401104,22.0772906102705,9.39552499338583,280.227567306571,11.6626948731252,16.0436150127215,88.8736807498873,13.8807374193871,179.546979063992,53.1711179080939,37.411043135827,47.7686366535919,196.36289981446,9.6970556908376,50.2580063308198,198.764502091035,67.7312596394387,56.51773280807,36.5165528249291,117.222942888838,12.8678685232968,19.1014228686848,67.0760718398824,38.1431863667898,27.0828770680105,45.8059257183228,56.7646654257223,192.551142788035,4.86321308678843,0.540886635564704,0.056569226482968,0.0324544031931124,15.7020903827043,34.1182268600622,151.432563335107,64.4831655647973,89.4796077956345,9.76952696874731,44.3586612902691,13.4169170631913,7.35367983611744,133.045480268126,3.35697345978733,21.7687472033849,12.6342239435861,96.8920417873169,46.9621389031916,75.138184210677,154.956433228137,401.959416936996,0.588819240771617,0.921690108769383,0.982957699322757,0.0683478683037842,149.616010506796,401.58902459266,65.1848467209743,0.0761034590400399,0.0300666305720842,0.29268480613174,2.00004287189859,11.3554741147555,29.5092591927335,36.8779393642737,0.428900186455597,193.432004570639,56.9443331726349,113.825656594327,77.4289431946848,0.230740862312009,8.57989421756562,1.8891426848183,10.6655283090383,8.78387164589489,14.1930052783992,0.00548441433774804,15.2785016389651,99.3892254613659,16.4940282259604,23.5185564044183,5.87129950611839,36.0562390189,3.79942566498558,9.52618764522784,36.0028683940571,96.5282506331946,1.08490882488595,119.680115916663,94.4765194676023,1.52716157305883,196.153758488895,13.0377480645219,84.2311332321198,16.8812111951232,10.299378735507,31.9861086536912,0.00698171572316147,33.3075066117324,34.5729337673672,99.9191113142138,2.10977808290001,110.266569086505,27.312319107249,163.715276992538,21.8299487119302,6.11779867614487,0.0176768352409361,15.5675321252831,18.4725018778617,127.066303010265,8.54007505226477,75.3980130607255,47.698951213684,22.3941542252665,31.6404941281207,2.3301090654968,13.0088984398465
"GSM1019171",0.0904463772788107,0.04099149651837,53.0065026321507,10.2686535323059,0.0139507175784786,23.399369294978,12.1876962781233,6.76570922756526,50.3947413106016,101.864434813047,17.7496420328176,1.12778987807597,159.064975495317,66.9264601513989,6.01052922797364,0.061672942905004,94.2215562501441,13.5103982421443,98.8881137418798,9.82942640647068,353.025565278468,147.881999431943,70.7564302614021,17.8410406117754,6.55909434502089,15.9674480153813,39.0951662191638,61.1281854348205,0.292371798239038,8.60059042715373,0.813585805545068,2.15083795719614,5.11071391283756,167.369646740696,6.82900144206563,0.129061733200972,36.3385421939518,0.182691664175341,17.8963049315717,2.38383589636485,13.5602940797413,62.7318090898329,9.40158388803845,75.0488993410592,18.3907824904793,37.1943987079311,96.9825613061002,12.445496404004,72.554812377157,2.14168153244927,0.0739269211181865,0.53506883524186,0.00821364835485962,19.9001176581368,12.0852002847874,40.7613920512945,17.7786699166746,172.025588108397,11.1077773073708,0.0110262493236936,33.9391747768528,7.9329365827336,38.4561744239261,67.8741075388843,2.80785244692469,160.676686156679,362.138202439988,12.9687729750294,141.967987573887,18.6354206219252,249.914898566739,68.1989666666359,122.193495288158,78.7205066301204,0.403482756889657,172.968407385994,1.70120943775307,38.6102920954056,35.8920668264919,119.611442611624,48.9917077870868,0.124555790349935,77.7218981427237,26.3327430183567,250.215030449388,22.9578382072872,15.5776700222415,125.94755023617,13.5498188665979,142.894411756971,60.6049308065632,59.9018056149935,43.3369813416191,158.998477316468,10.0746785488195,41.5198023985785,191.604508718793,85.9938985915699,73.6810190196028,39.33566498453,141.160044739928,20.8225842109736,16.7790192214662,114.94749287439,33.4794152142511,25.0344091529772,38.1964475843095,73.4002845695337,181.055859715892,10.647907194275,0.982329273602052,0.193741100066978,0.0655896798859434,25.5304737268226,65.2861077025057,163.931201293202,79.8999961144304,146.190656442022,12.3252832424294,58.4620922242476,14.1410653773883,13.1828268772586,96.5793595988417,7.49972567760299,26.955034600126,31.0551676220047,100.120412031251,50.0149304935979,387.8163288307,248.789858329884,569.814525623722,0.753218686878456,1.01505059363456,1.38233738415526,0.0949342728742706,157.504452473461,495.372618169828,130.575034372841,0.325643655429223,0.149605168239229,0.627680678690441,3.0103647038782,15.5007080594919,43.382342502142,33.9133435065679,0.91395638948921,166.577659240925,58.5443206324319,123.975666846818,64.8666673660393,0.251963448441106,13.4973188356394,3.56832542526934,23.7841305785529,10.271048098899,16.8457423046845,0.0143191281868019,26.3712934540012,101.687392814394,13.5712768347264,38.1848908285377,14.7155859797413,28.8032094239142,5.95784518446032,8.40580568431664,65.9486850908225,146.21213357508,2.18201453571033,130.981210190446,98.1686280627941,2.36982650292572,287.246661344939,36.4842313488269,107.684609692421,19.4293569867089,24.4787289671424,42.4202740449126,0.00887684145796694,62.1602842330094,31.931255034367,110.771868152922,2.85915969623149,149.326034856876,31.892530063637,113.151808134495,40.6354146456215,14.5320547570426,0.110312383551233,43.5779922564213,44.7321749966227,190.217156433997,17.1543258871298,84.017341406842,95.6995848753974,14.0239406912048,49.777834777391,1.69276119791649,11.7466544132875
"GSM1019174",0.0639086621505604,0.0227658679088592,13.0258507163096,3.47894603500002,0.00832791080246104,24.9680027158604,4.72766323070498,3.78160020427836,24.1683788395179,58.8113737336149,23.0719554955331,1.07389034280002,161.373323973658,56.788039685333,7.65559039184099,0.0389455328502385,81.53345021273,9.89193810265926,77.8088899983432,5.86610533042695,179.873599475953,139.696912466273,43.0008020318173,22.0227563753884,5.06646993011902,14.226658327384,33.5087872250121,45.687606244874,0.220814517750094,8.25229802819222,0.772633509602752,2.58862748186563,2.31107063172699,111.351035599852,2.73846567555005,0.0520266584309649,24.3716596998106,0.107727254946793,13.9692983156103,0.436593977997596,9.83561556577236,27.5638049349865,10.1449703077186,48.9462295125737,15.1519039394839,75.6067004586717,100.140118560343,11.7549493048794,67.2600783987275,1.36839183097816,0.0447800434735866,0.348177970480132,0.00703484681972796,21.0644668792521,5.62808816521183,29.9155604223356,15.9786284338189,169.258242628163,9.06920952685416,0.00717944339693043,25.419384711211,7.39472271743499,16.3949814242201,86.146591796171,5.46185206077606,89.2739505465879,350.08574867877,5.80027610154881,152.479126124178,11.9961541595704,182.397898418882,52.9133416977147,93.0117261986664,43.5008962589812,0.388798183059844,136.275126273191,1.83021926359697,75.6451893133823,37.4823207052684,106.371005105305,22.4729944453286,0.0951610833194034,45.4169835734154,15.3261825322452,207.958583036012,21.9347768138871,14.3538462181066,144.589867268497,6.88759711949519,156.587594348002,47.7272030706648,13.4340559050384,55.3922403221324,143.001886975069,8.73830536638988,34.7825536032965,137.303211584614,70.5838816175618,53.6605951090183,21.7791976632242,75.2724305014435,14.798573954109,14.2208792821738,52.0008352749561,48.0208308418239,38.8172691726027,40.8111891439042,38.0592357485575,122.772283424876,6.18918974610815,0.478525225847557,0.0815481040163595,0.110888036866,24.5703589690061,45.0401986963249,111.888547919813,69.9601588173586,73.4571718626842,10.0086965768689,30.2956034988632,10.8127751511259,9.0398368157311,193.388121172457,9.39092394348156,24.7386299696262,9.36917933556282,114.549380637361,36.836876102039,214.711323029504,146.873150535785,277.287849369431,0.782376456977704,1.24926480803589,1.89851154758606,0.0656704535805041,124.313012550569,347.435881268367,81.9723804482567,0.149056937428458,0.104579547083126,0.422467903826609,1.86271918340183,9.16029194603699,34.0857431657641,38.3143102705576,0.611163355950642,156.518205983023,36.1707277043134,121.613548832819,69.3803915609681,0.159591070166678,8.35922843458252,2.75737898366509,22.9168496522752,6.17368855340696,6.91337764784345,0.00927639869606725,13.6951558732285,95.4914125529077,13.4726980557014,20.9397940715009,8.8990464382918,39.1369547566373,6.39668243263794,6.63268776120538,39.3530153617805,98.5624530281584,2.29724580597761,98.6277419337082,66.4769673423478,1.52589582595946,175.564932819602,16.0251883337966,47.502530381432,9.91907510496659,9.28894152352136,42.511967199462,0.00875318773702597,31.4623729618449,30.2296195691861,74.6917288894143,2.61198066096087,97.8681340963133,27.9658458012914,114.820121677021,17.3917389168818,8.42741834729582,0.0443075057289616,25.7768043936676,28.7054364247615,106.512516263695,13.035019690832,55.2811100851603,45.4982047247864,20.4997751320463,26.3854256655663,1.65185228983128,6.2430265813283
"GSM1019175",0.123232603603298,0.0745940842032301,142.570721744747,18.7326906772002,0.0194238741346416,46.3667224661903,13.4264427232604,7.69862631606613,85.9127049508675,155.551519451764,26.576213394636,2.16289318193333,209.632615424987,88.7033311988942,5.03226258373571,0.0718036272259792,94.7511538976555,13.2911314760884,89.52028020931,20.6490632255694,98.232979344435,125.329708874472,147.978549443539,26.2712450021224,11.0832369148504,19.6628783812386,19.2511987954215,37.0162162536373,0.164049540644407,3.69310668031275,0.833878982960491,1.50686260470539,6.32165463472311,348.259899819793,9.9306076511092,0.212550869826365,32.8818598393705,0.235464918695674,23.9412963802911,2.72452841643016,24.5761705394046,60.1294782852845,8.17474007664148,114.637600517439,32.8073219241846,45.4158170368389,157.451471927735,27.7153045864626,158.381418884581,4.1411455875486,0.111776885208925,2.70781546680227,0.0109627692122635,17.1837474176513,9.53130576996356,54.7905741352525,31.6397049296159,412.786589464763,16.3451811470723,0.0553378555176171,49.5574181773266,8.83018070100649,57.7103876866987,131.391997594918,0.438669812165728,128.309017348102,1023.77073259413,21.9991771224504,409.858779466284,6.57956596886719,434.669230320944,58.0452192983933,184.686570284659,53.4283315358169,0.565736766335001,360.463895149515,3.77949087455717,49.3328652109591,13.2000107462103,182.232439475801,29.6938776513083,0.0702290239134533,31.4699668330629,5.76015147880132,511.178961544655,7.59663774503853,26.8075211227908,206.2264541622,15.8807764462493,163.142242717319,107.443964931093,81.540651878426,76.2163276742319,282.008539387638,25.826290017682,49.6851453933389,346.613848559331,168.71969927863,149.930274928819,38.5978099194924,166.023529025633,19.9881652664013,28.2292498550446,149.434826158222,49.5227651872131,29.8397787432889,42.883321062154,96.9123500286812,298.659148731099,9.76725297633977,1.16259822045138,0.247663381927525,0.0472361276693227,7.59754366806245,15.9924020924253,265.484745880739,86.4760536469748,444.937512855368,19.5803576836367,114.213456011551,24.376631697419,26.6311556538437,33.5578288523369,4.51076533289433,18.47193535675,39.0692103300956,144.604576707646,83.653943993673,326.388907220037,204.691406289991,815.634475112896,1.57700428044733,5.04420891027959,2.64403879494656,0.116913332161217,318.538291970401,708.699890907099,136.253163948998,0.500954932806849,0.137830382555677,0.898738912311309,3.84029333859095,23.0184486703285,36.3564334757032,59.5869402664637,0.877912674361831,254.989266435454,117.482667209792,240.584307363767,229.917746465822,0.272017290779429,14.4917583486117,2.88014169714718,12.1416415168501,16.6769898992948,17.0240397505723,0.0108988226729766,12.0634815102588,169.628718561488,27.1468691956602,19.0892287689265,15.2668330818985,24.10967679312,6.95500909899976,10.087727654927,41.9039175145844,210.811976054771,1.34263931290287,282.628967750832,133.611293306981,4.05257355069489,489.2653733206,19.2811751594883,194.252234106531,29.7061011734265,18.2356631933065,69.421043257343,0.0181463458663109,91.5616424789556,54.6721712607653,123.286132926217,2.68981196527115,232.156665781964,72.2822621908085,193.65433934237,60.3723145821158,10.922486882549,0.11606265606505,17.9868040599548,21.7496821878617,358.090738879561,16.2328712085611,192.733857318693,227.736687761107,17.1383423721488,105.412786024671,1.52636669261869,17.6794000673148
"GSM1019176",0.126815705688182,0.0220867585261441,46.5870505125519,7.07868580219668,0.0141517686877615,41.6168848791772,14.068160716499,4.343445943016,43.1329056078922,72.4306605705964,14.6577657213981,1.6130804409303,146.779422444027,55.5163703559713,11.3928704599864,0.0379861671808444,52.3011322011107,10.2344781288267,71.6574505427319,12.8193672155896,24.4603468673657,68.7543798172296,41.2223068377288,14.5535813444341,4.48359474279099,15.8224004094507,16.5598939657044,19.7999597604,0.189931311176151,4.64326221846695,0.707564187887198,0.802076693069557,2.95361854935747,68.4485804972458,6.56795725057624,0.135646104256701,27.4645698276605,0.177546940555822,14.6693198462397,3.74756088840475,13.3994021302912,48.9508419111789,7.20331153515726,70.6204865494626,20.6376162768892,22.5837808460298,97.7136729988694,19.2588427494345,50.0256607360796,3.46029030865901,0.0527065618987435,0.898487277466385,0.00845309444786618,11.2504191272194,10.2118953948738,30.1784649387316,25.8384302838038,181.519597496736,13.069270181213,0.0118145496802099,35.4514469847747,7.41634127818238,26.285497134541,72.0493327304637,0.253327264180537,49.8088940023689,329.517612253295,6.54381825106551,185.543851932026,5.25919992020789,194.623468283572,26.0801326489143,146.838460930772,41.3325512638052,0.39601839780011,188.742825556525,2.07983387270432,59.3800798746086,16.1782595869875,178.107797900469,21.8155249841699,0.11623791999238,35.1889777599113,9.63772280006554,323.620110110474,4.1802171225769,18.6566345537751,145.209812131719,11.5342761099121,142.023589112016,49.2973322466692,44.7564185637575,21.770561401516,155.752941766055,11.3526421685614,29.9197210986027,198.206586078347,68.3051855340691,76.9731411683347,25.2700137989142,130.58211370905,6.43690717452254,17.5860386486125,111.091266038108,38.3947928932817,20.1699218913474,28.4869398355437,56.0125025567573,164.852621092287,2.1686065358879,0.502636457483807,0.0546562180900291,0.0388274456171874,5.57133016166918,11.8456666822893,118.30531923264,43.4270134626776,184.178275153634,10.7111309737622,49.516268463866,8.67323462209481,6.82328161976007,15.2364742784786,2.58948758853272,9.53056874567036,15.5421746355855,107.964251725099,46.4646306484953,117.464343793536,143.292950338844,605.839264963408,1.24503134133552,2.05366258788093,2.07867177400505,0.0945531564902092,240.140620028972,464.132511795295,107.973712331311,0.217098195812087,0.126161454061773,0.585623923377082,3.48903973599048,17.7064865181296,27.6782159851296,44.6695934148294,1.02879040194611,138.378152846761,57.6899639911995,159.351347775828,115.255957637919,0.233755761251635,9.76560106097004,2.74414503922252,9.83650046548775,11.2702620613077,24.0280261950154,0.0105011979596253,14.4291770189039,105.057938874534,18.9878546626471,18.1073561263209,8.51792107583071,26.6075660652456,9.0590020740974,7.07177625666513,39.8276560446625,163.417127541002,1.40807445087989,140.639309048852,91.7325413208357,2.39254251821749,272.858702502974,12.3517308136961,245.143371983559,20.945692334259,38.8407252115395,45.1423655400164,0.0851464079172701,88.6877223846111,65.6737763798005,82.0272081139968,2.25968021300383,174.920354363044,43.6095393006211,167.2055943337,18.9601790458241,6.78764821109563,0.0464345687610465,8.78889237802009,16.533931869163,163.776337332838,9.35347716877562,120.694790096392,51.8789185623411,14.0386987377673,65.5870606617705,0.284340868325334,6.12189908182767
"GSM1019180",0.0658065455323945,0.0228061587640741,25.1402424978463,6.34880485768223,0.00894031661270421,29.9436968180124,5.21560138527288,4.28101453393395,56.5124776573584,117.297146364271,34.1685967143416,0.706502534828509,230.17755954478,85.6346954340576,5.93126063259768,0.0381585693410603,84.9738836490202,15.2883890991388,125.899098526574,5.00979921268873,210.19985914282,77.4153221663902,116.843076632528,18.7094459867132,1.95842994664115,23.8691241414607,24.3708659809547,50.4202980317988,0.209359955329733,3.87306058831773,0.824391804460283,0.784670041252926,2.80754909672594,81.2033954143778,2.18084513925571,0.0616056827316032,14.0256115466414,0.190435446983553,22.2729103931962,2.27753929989254,11.5162809958402,47.9072610119335,6.03611728361163,102.427593782586,23.4549137699455,55.422723584809,77.0786071689008,15.3995980206128,108.559822105866,0.947695059203671,0.0835122939232271,0.386457436741865,0.00558117601591891,21.2442258028263,17.451710547988,47.8693442017098,28.8734521145727,217.132693171863,8.03314107580678,0.0443253162608739,29.8588852239906,4.04211384967218,40.0270711247297,74.5045686144559,0.554152516778888,93.2124845157037,581.081273914053,10.8964663360125,268.501485995741,10.0259859927635,290.289055732102,52.3807368646088,152.982116342427,58.6767490055532,0.260519258093159,317.332387134355,1.72618634142973,49.611298118048,19.7713159009037,159.512895683878,20.8477065818382,0.0525498176389278,26.6485685378372,5.73073579551729,257.336592003183,4.28289033970302,15.2158044008174,161.056845613591,7.37236281975816,115.729371517911,94.4614908904934,26.0606904686848,26.7142499025598,158.542281861957,11.3602143697246,51.1522376477065,210.052322234432,129.895890876614,108.825543253456,31.0703404671215,136.41118413126,11.158623125385,21.1600403463331,144.717005330108,37.4325465925661,25.2525584033758,49.2659026643382,103.66989139174,252.02225008913,6.28697531000248,0.885890773897406,0.14824269077003,0.0460568324991923,5.78208698625654,13.9483015777552,190.815529249964,83.0609951148978,272.920239189787,12.2167694539536,158.638466621806,13.5218511687811,12.5746024870285,24.1790613148524,2.09803916679269,17.2067048680961,46.1112036039592,148.179384789655,40.6808104221055,343.331816316762,184.455810072016,552.066433469645,0.976390973087966,0.887182836973163,1.59175544692914,0.0854680810527069,154.965605930973,410.712951591806,89.174439928389,0.125378147371929,0.0534524230269212,0.531789273446841,5.08148574225208,16.9015848943542,39.409633435586,53.9680083333955,0.943846534831708,227.179658880188,140.105574064677,112.282355956802,142.709511822032,0.145301120792349,11.6002625207084,2.58082551520177,13.8441170564962,16.0864990743524,8.06959592075541,0.00668422529829183,22.0682586609335,135.921692648474,15.8542854059473,24.2102419638905,4.14719704324505,23.3314097262658,5.78519167771595,10.5882412163393,45.9183816850469,236.046633508214,1.7149746579836,190.247560933593,117.091137339763,1.65376690220078,342.654691050882,13.9827141713487,119.253646567074,11.8286723662317,11.9441863187505,37.30623250308,0.0100122969853229,70.862947969298,19.5104097663035,102.033332853478,1.94580099455817,210.948469763909,48.9530618141645,134.71162580009,24.4851901917417,13.515069544122,0.0316366786213931,11.0900158973991,20.6303799777714,208.975188991716,10.5378915979532,151.8224638673,60.5580476324993,35.7804941003639,67.6210146173251,2.41361641629633,14.9174475873317
"GSM1019181",0.148245674936434,0.0440746637807169,28.6104440953038,8.0923715035712,0.0137624318615363,30.9875688423983,8.18238493978674,4.33333429508642,46.6190715040242,87.9231607626084,19.5708498851676,1.52890707755938,160.282514113448,63.3512120302103,6.05403795573564,0.0547578100284236,112.028032721757,12.4325089353038,86.0715507371594,12.9828450887718,212.705823748754,147.97260480445,69.4985609700828,15.8060859348222,9.95914084954986,18.4628622728877,19.7396152212322,55.7029519873161,0.321952821922007,4.83921021808182,0.777733361742309,1.78434665412757,4.72752302088409,74.3479728994221,5.72477307858818,0.0955277990249479,19.3206888168223,0.170546619358644,20.430548989791,1.66454512240923,20.8581487310983,46.702215901364,10.534808734895,93.1746812088636,19.9757771292429,38.6966336914958,69.3698888006662,16.9450858855432,71.2649305828835,2.67847785568602,0.0757194313532605,0.673184559279468,0.00658418147748899,15.2652079307195,9.37781921720049,47.8067968422397,22.0074930968417,166.301533989342,13.3175509409863,0.0191572048037892,29.0249647140932,7.3387179331723,40.1264397422264,81.8159745658608,3.05603789721678,126.77927050006,477.493556115849,9.12425873417358,172.731372700887,8.95326140369963,199.936425610494,63.3012594395987,123.558815851591,52.9803733901783,0.470158722731419,205.030815159416,3.33765215670337,51.8714046880299,16.548811794387,148.481910141995,29.360756130732,0.172875311461816,30.6526468003768,7.34979943908514,245.050985945524,23.9147867399636,15.1367487794169,168.572712208587,7.69949617523154,86.7301225590978,66.6356756778885,41.5356689214742,39.8319514760494,140.049692188285,3.93858545960677,50.0154202675188,191.396481387176,95.0500607826518,73.2333919902351,26.5515377749929,100.90370066832,10.257719166505,15.8598165109374,104.694057523088,44.3674116058696,23.8977010872323,41.0907891175022,75.1136098010463,176.303279983921,6.21141502076314,0.666337708099575,0.109788246968067,0.044040609094488,16.4537106545206,35.9173576348172,175.411028269595,63.396017388613,59.9479602513384,13.0408231187083,65.2595807534528,15.2048162156891,10.9224212836561,62.0342854761219,6.16062697776629,25.8960223811155,36.2137723314177,121.936163163483,37.876238712433,141.813692680664,156.397589410776,531.44567448643,1.98562093266147,1.61691981277572,2.16644752926316,0.115052852165137,118.647956870228,375.670570203071,97.1465445574971,0.296676094894621,0.104764205441261,0.662658862501263,3.02791062979129,12.6531010893487,39.4793415556853,32.2089593618487,0.842517022142875,186.770579986669,80.3081738557453,115.112478119236,84.1911502629173,0.189086477262789,12.8178153659386,3.07733434914476,28.4338112949192,10.0201197792006,12.1943387138016,0.0130191643167284,16.1302794549059,130.578836686747,15.0762960761451,28.7296080071622,12.8785517279172,25.7006112885624,6.0693442657545,11.7223300888615,41.9381684806222,194.969654479512,2.10547173327143,157.186277583611,79.4405668585475,2.39258664165888,270.607783284341,22.355812975458,150.428475712739,15.9948838387679,16.4162817737475,39.7734058370186,0.0128297506207273,75.8064636118478,40.9644105098227,102.392322532617,4.16210157040359,163.437564394908,40.5918599503302,136.898690240907,50.0435624398965,17.7632897176465,0.0702445754896176,31.1698797693585,23.1885684847279,187.175129149524,12.3475354989045,94.7269341406315,84.5887598388967,20.47195092895,49.8276182374421,1.67265735722958,9.92749650926244
"GSM1019183",0.0524858936200665,0.00972317507554634,8.12485532624564,1.95738876590139,0.00517500483136215,19.6449049185509,1.955556687635,1.63656424369188,5.17405027046201,34.9321335100724,18.053033578771,0.421807701545799,182.757342751341,92.1728149853753,6.28013745175242,0.0330114667508745,50.7459641261931,14.3185695196945,103.804418552215,1.99227845775682,107.275664429234,47.1516526378678,12.7398088025798,20.3372497124618,1.62735045817989,20.7433826586175,17.017996279636,20.0240104477796,0.15661414519997,4.14593412583135,0.822150609831282,1.07447093693022,2.29444291975722,42.3043418974501,5.05094056900947,0.013736838980285,7.94459946318375,0.0816496480414847,4.62694128477555,1.28858712029138,8.43016688976731,14.4845610857427,7.06885540900257,27.8792073097958,14.563551550808,50.4008390484018,28.3162735363105,13.7041999113953,31.154620446212,0.547718220411431,0.0266952054323468,0.309831259188758,0.00348142267779773,19.7205756409903,9.05805312463052,18.2347351393259,8.34767468641804,78.4121441776488,4.55076524309092,0.00222522013345053,9.30257807621291,3.30849552396511,18.104613131847,65.3910002763923,2.24079576953915,42.4380876445748,160.625511945993,3.44144993192221,39.8325682448309,8.24290265785682,79.9327151779478,27.5534123583255,51.8214537451267,27.0336411247331,0.250140031545358,76.8202936512068,0.795797218279373,70.2252614932069,21.7782167921216,58.2282341283008,12.054469339645,0.0416651167466796,25.6318245583145,8.02499975375689,91.640203371538,8.20314897999442,7.57735990460732,88.2231826179539,2.53300421316904,43.4180285994191,27.4713168861227,7.91391227288407,18.2253905114482,74.6655279541665,3.10468548980522,20.3768140943012,92.9464121796279,42.5539514539232,29.9528263133198,6.90009553379033,52.3852678041744,2.12354365842488,7.86314129044022,39.9173814390671,23.660028469858,14.8103857603188,38.1051722469191,28.076824985451,70.9535331356022,0.800179524621471,0.28274660145229,0.0384892652411935,0.0295053734846012,5.63322050044703,15.137866814938,55.3524841754011,30.6520659169572,9.00908140795451,7.42964651911275,24.409191456192,3.96025467027361,5.37815441785297,47.6069945447907,2.03764309679428,10.1226639794252,6.26507638187362,50.5780178092541,18.1161486986949,58.8248612518811,51.3401595848094,143.236363654889,0.414169932717146,0.686398116273903,0.908391369612052,0.0228117358360933,105.479467527051,189.305442178033,39.9472784466662,0.0373828640912862,0.0247759748247997,0.237301499101516,1.24160921649154,6.07052911622446,10.4844342783994,14.8520179177682,0.330974956458674,85.4108584634652,31.8826765271951,63.1963809629612,32.2549119434884,0.122616332313017,5.11729841876164,1.98216555544074,11.4450442520394,5.73290731066695,3.91707857014578,0.00342003322480254,9.07168374606564,58.2099080229155,14.2703037660789,15.9321096345681,3.2045367675342,34.5256964161635,5.9582836838341,6.57103491063767,26.3273139042533,54.1603080069154,1.80964057891756,57.1577080445327,27.8371939454666,0.821296132590571,58.6358538911985,5.71803197921631,14.2814952629264,5.93312055657598,7.55219761661468,34.012206628414,0.00721526796077665,22.1795736167512,10.962533312314,28.2884125388902,1.34820853425056,62.0214685106678,19.5601258475955,59.6134642410587,7.51802318099506,3.53712989196886,0.0188216478126157,9.76277058728476,16.8771582193251,96.2535722072659,7.10162155512353,42.022104863557,22.362681552976,29.0796623235647,11.6789395340749,1.4265731295765,8.1029197291001
"GSM1019185",0.0599878793767595,0.0366455148581908,24.1842321196851,5.53991026322479,0.0106825781508133,28.1261369467459,10.1983571026052,5.51609035445588,44.9502858674128,72.8814224307678,20.064031762898,1.1257803689764,156.922303192244,84.4488866527461,4.75457872101528,0.0363281392134502,69.5069276851696,14.0380848729169,93.4935988153936,13.246282950505,50.8223919355227,87.3146808500169,81.5457353754206,22.3950595687255,3.58092538830014,19.4255743067118,14.0587231277369,27.9254478820775,0.114006112333904,2.32368805141921,0.780369500795252,0.84769413644534,4.47998009059506,82.1721881841375,3.9078636419777,0.0817083792922713,18.0402703814612,0.132078832951711,17.3594636463235,2.82391805261885,8.53446284748481,18.1196740519885,4.72485416719791,124.98931705117,22.4663816550861,37.1187161238562,47.4162566960499,22.1138895155095,48.3134362916337,2.20181492846368,0.0818646857255571,0.316348503415887,0.00755697898586799,15.3408591220791,5.31779574407593,43.5608394889057,25.338874862054,203.22316734766,11.4215426363441,0.0111335991200215,29.1113394960861,5.14322784447309,27.3794922304853,71.1175100336928,0.627636709834507,84.2946965873601,641.203233842984,10.4945575807133,292.443877477581,3.88116393908043,230.165072640504,29.1641904810639,123.858129193291,36.9881292203969,0.22493243147685,303.11649289395,3.81922174433282,38.7819235449933,12.5797607032374,170.019675569766,30.4548960183184,0.0845367244366678,25.1548560649118,3.83551086676237,270.203220038725,7.35863854349244,16.9056785434057,121.878468846704,7.7435095874933,132.391005103629,68.5288761720795,34.9966056231008,29.8499060731469,187.669172573536,11.7727450817842,39.7834859816433,246.538683887611,92.7187334200906,79.9721172483196,21.4765457468127,118.512439764535,7.93291472963157,18.9190816163984,148.625355073496,36.8098734884001,13.8299436713976,36.1574401356835,88.5786412769352,171.092103222677,2.94869896140524,0.650997495607063,0.112694028051332,0.0313038663297456,6.48563803429158,15.7924001062986,170.936640667335,54.268225117797,225.489031765966,11.114082056924,74.9875549960204,11.6102706666701,10.9756548790497,24.0248839820988,2.07434605441489,12.6888350788779,39.6833795556213,110.346835396638,45.2712478719321,360.87987593521,60.2056694709163,455.554633433987,0.672747701589967,0.654446098993311,0.435816684649048,0.0461882575519125,133.326927195113,400.649922047983,100.105352909818,0.187214359324542,0.0805664933508479,0.611238266801411,3.35038068676626,17.3671952001439,22.5521996357286,40.8818800436257,0.490720975427959,219.093469907493,105.022596076883,130.73129920078,116.870574801016,0.18267504890208,11.4488097976272,2.24660893865462,18.3917736553216,11.1041354505178,14.3446311427458,0.00667173837247301,9.9627028906512,131.995533557486,17.8483356459354,17.2689641273482,11.8126702792058,16.6659377673011,7.37689497523929,9.6067716270591,31.2838847469275,223.206249156536,1.18398737326101,163.19748948012,70.5190023002782,1.94472294599529,271.840256811824,10.9368810827792,162.546814971978,26.1076014487163,30.4362944545327,51.746109425959,0.0178586929452803,69.187947426534,47.9342791696291,92.3353209956965,1.66161170692942,181.726422161011,26.9985359235811,95.9528296291537,36.1015688497887,12.735255205398,0.0292414948258371,12.7610862856361,9.54734199291144,207.87742272229,9.57765192053193,102.509708618189,108.95929013488,22.5295268195236,41.992582188944,0.756295567444589,11.1626593841094
"GSM1019186",0.0320612961675318,0.0208574051005454,9.65298898364554,1.8860387867559,0.00953109202939029,32.8227131922508,1.73103935468054,2.30614283208933,24.5192866897724,52.7648229690065,29.0329870989539,1.12750970794428,238.354181207056,90.4446994298892,13.3281890031923,0.0598890262344294,85.3151104729086,14.245094769194,85.2966566747381,2.92788715128126,88.3043441726809,78.8391595670368,26.1234357535607,22.8903475439511,5.99250843619126,21.7445959530379,18.1519178762025,26.2394694972263,0.157569487052797,4.87784826269455,0.908971950588465,2.10396280741982,2.64641285853715,46.6942168259666,7.8629623699924,0.0413541870448148,30.7511160612439,0.0980218956332409,7.7237210262983,1.67167950208847,6.59458672381339,25.7814499740832,11.392863536468,51.7112971826668,22.3294539252547,64.8624453552966,90.4741899044722,20.4001614620526,61.5320260318461,0.912068698158237,0.0473959642273095,0.156652403072393,0.00720559156612072,20.8711545499948,9.12042119157277,20.7326505412295,12.6651266357253,129.828316138217,10.2329781542956,0.00628052494299735,26.2762651342933,10.5785086947996,12.4437217382081,75.7093780142562,4.28466129881195,50.9355610511341,202.145679984072,8.55368747929264,145.717777477324,10.0936650834827,118.328338897912,58.8363513158513,115.081453536567,25.4652902203701,0.232379890223017,122.762697284383,1.43375205772242,107.699933767822,36.7576239843094,131.148799752991,12.2573374712849,0.177969417936458,25.6451438747244,10.4440977358741,203.754334474936,19.0196241231327,11.5208910376526,106.154826831946,6.69954572029971,120.46023032146,28.053931959946,18.4313327883076,40.3369315555899,133.698596571236,15.2627194224716,40.2560315843935,164.211668602133,95.4627475201146,44.0411666054854,33.9300324550853,100.995026053779,17.3394488995048,14.9969656790131,55.6409873750646,61.4137739538342,31.4863949105289,42.8500825313325,40.7599465501713,119.042699191721,4.3275982379087,0.635069385016444,0.0756605136731273,0.0471928022420355,19.5509668324931,33.1671166387007,92.6098491392485,52.3585788002958,27.2423673253183,9.4539303052262,16.7461417686616,5.8012796193774,9.50980655893315,190.863839234592,7.94936070797605,26.0047872991478,8.33841144156973,121.136191726955,30.828336333917,105.630793705847,87.4812792637194,283.542058906278,0.494784389409728,0.653065106485816,1.14517840583814,0.0985329078252153,165.525042632138,334.053378530367,54.4620755876263,0.0927463664775873,0.0888099432471231,0.371369291252196,0.888450401557064,8.40382513450815,21.1428900192838,25.0158405265231,0.716266741835942,117.048252379663,27.5328459547544,120.617637386596,90.5511076215681,0.187904796779,9.97314006814345,2.96794301576681,18.8978283661935,5.47217790469459,5.09491474629213,0.00869703753433726,15.2535452822256,92.6011445355586,24.518672568329,22.8584587405857,6.68304997850117,68.66075964135,9.04410607096392,7.71764571483309,38.7720838859097,68.0696281484775,1.53093239771893,87.6178207008226,45.2973837534748,1.22842586694592,102.640183598926,11.6527866613296,71.6617784029897,12.6024652891846,8.93151592511798,40.3065911792801,0.0150742179886109,32.8215456361971,31.5023058216406,64.4077843156858,3.21769957056713,95.9904941003904,18.4234449359996,114.142005724319,7.88920755352907,5.41889068312724,0.0261440896543426,13.2676954184219,20.1538322406439,141.199663305045,11.0800564214136,83.9930939789132,32.2470086418065,37.1185756717102,27.2764029628656,1.43195729223663,9.99062065754824
"GSM1019187",0.807263163129258,0.0478563867420868,95.2640745976427,30.360051359051,0.0134329144153197,33.2355013004494,8.85006922243256,2.40904924661501,43.4416873935956,163.564727057572,19.2805895433398,1.6952627526439,250.458665547366,95.0290441233845,7.04987634520737,0.0675156472179053,142.465853376192,14.7968804326282,106.815177660159,10.7680834535289,294.384915796303,220.554154807997,112.097034105297,15.1497729367886,14.0041754414071,18.2693409244376,27.0870731561712,82.1557297637333,0.501379703875891,7.75476398191091,0.844486930525272,6.1586479090813,5.76296361498053,540.120044688342,18.808604580047,0.0735556024120592,24.5436372891571,0.197866785033038,20.8662856756263,1.06504722871454,66.4652977452843,167.162648430672,10.9651337411487,80.3673551190916,18.1874125502458,40.3597032325482,168.037146950324,15.6754314188588,202.88846356015,2.14291094543704,0.0839847572055069,14.9586449488798,0.00743134365141408,15.0850029453238,25.0421556428596,45.8301571341785,20.8804052851298,209.213898577939,20.6038755038764,0.0355141741196597,35.6970145538175,17.3697009558883,96.5340854633575,134.041628894216,5.02196061237895,169.550600033733,647.588748077313,26.8837146516034,294.263163187956,20.4062312311908,271.242931324812,114.905581610111,211.463819044126,48.2276543822867,0.696693175034763,217.380384082647,4.546553136381,87.6084006901329,21.6204635720453,247.900041318721,14.1756217254548,0.202184094730639,69.3268140416219,26.7005717149191,377.659917859272,34.3723906008765,20.9016120755833,256.181075684266,12.8646362643508,64.5492313155634,101.594226898549,51.4817063387735,51.6967788930948,184.078260740394,11.0097650783344,66.8987313559274,226.111239305398,141.229093133316,99.8397848836487,31.3431512061488,170.419472505172,7.91658352429309,19.5745487226034,100.430050730406,67.2733377378184,56.5092203807728,62.6417239135036,94.9119795697302,322.010537704254,6.25946987608946,1.66314260407533,0.192053549602582,0.0730334799325126,20.8844594314284,69.4170463309207,202.525669377117,119.314678873256,100.505391386543,14.8327549040654,75.6642434506907,5.95030675418388,15.6525383605876,122.951876503028,7.90861354347204,48.8425628913233,44.0797260874226,173.688933883414,60.988078562939,38.583109291923,412.462260377548,804.287523483501,8.34066237153444,9.77949071864677,20.8917827172343,0.227394387454459,361.799451715869,719.185754214362,129.101786224763,0.358905797849255,0.135603078411661,0.959213466911353,4.01551506015883,20.6922582734227,38.1414049854283,48.663574536357,1.35803258348192,278.494463806597,103.043351738448,152.224824261041,138.377492153638,0.188887597093671,18.9917904051877,4.29748103172805,23.5792842387888,17.1427340641878,8.28390219354608,0.00915776580692448,21.7277524185377,121.237871811189,17.9898031803716,30.3501512352489,12.5522667684341,55.8761352116904,9.08750967183778,10.3352603379505,57.4014274461119,191.609016743165,3.66582920854775,138.753899507286,113.105141557187,2.16392342542277,258.441329375195,11.8783564340337,82.3149084174136,17.6842146315011,13.0746187486811,34.5826564665093,0.00505127597064664,63.4489018932541,33.2143755970836,144.163266707981,2.9643688618065,186.260094282497,42.1374275319601,201.381692382737,50.4197709804087,14.8151489295119,0.116551012368354,27.3473302814846,24.151545514915,221.170661619622,19.2305348822001,169.542735222919,89.5433063089865,33.4793786272677,85.17754978438,1.65844686097322,19.8296579541084
"GSM1019188",0.0906989954356533,0.0242268071960367,17.9510930432793,4.21652653332127,0.0114453058801403,25.9472813176601,2.47565755886951,2.93258421118823,22.0341298915375,49.0752863989554,22.4831836523385,1.29259300981359,220.770429408293,83.9651055130413,7.86688486675229,0.0594562248449255,62.072922595509,15.5977990070902,88.4612674887072,4.14270341873165,270.556259404039,89.942595968044,19.5196464680842,17.2915785565852,9.87060581919002,20.3052776378691,12.3734669736617,35.1670176604014,0.190621186552011,4.03492157637853,0.813148593405618,3.22010093728987,3.66583417090732,111.936988971577,7.24819015108725,0.0647711403901577,31.1868300109056,0.0846966980687578,7.61437077711147,2.13014232851714,11.1065904502896,35.4495329832851,11.0951799450955,32.2413532163041,19.1652147906676,36.85486151219,74.0902701808789,13.0537916803442,83.5392100279257,1.63055900775324,0.0430224112942059,2.19241861082174,0.00790255364547402,16.7280060745019,11.239748507498,21.726742858986,14.9090582519078,125.235171007413,10.8745483342882,0.0132210822061506,28.7261330445532,9.02505170247284,23.9267181473603,67.7480353636717,6.59191338220869,57.6557330389244,254.655700511983,7.87741873616657,63.3352041204988,9.76441367170966,134.709403950312,44.5661865960303,97.9171200182722,26.6345208770572,0.408121148256201,119.629375464083,2.79288265438276,44.5756601634583,21.1580032975389,112.09411641558,12.2184547012573,0.123134267075368,35.3664649707964,12.3168682178271,192.603999906537,34.1481001684796,10.2225563112924,96.3364445267738,6.79427100490204,90.1848618459333,33.9999875653694,25.0396080071566,30.7728089834874,120.623812613238,3.6771151895493,28.5778197681194,141.498241576044,75.1532731239556,42.144342605835,30.5394750886149,85.5076934999548,12.8753437567532,12.6983505162463,51.743648553127,36.0627705610878,20.7214529744247,41.8853099518421,39.8886720976352,116.276644730287,7.217819294798,0.565560349731937,0.0816344353918223,0.0555359682861623,37.5541307298405,71.7566417042541,80.4298745034904,42.8225340908761,20.086557086138,9.93986013311469,22.0952051194358,8.59349263695876,9.72824789194742,233.954231343123,10.4866951885379,22.071805143643,7.53200168831857,54.1433201526154,25.5169069657275,88.3817857339067,97.1142844706642,349.331795508483,1.12236236646322,1.83798336312308,3.00387464498039,0.08363232156517,211.969514752169,264.698861771768,59.4042284921521,0.098718760261591,0.0535895262367155,0.377621832403232,1.33684309028551,9.14906878450026,16.2871781952992,22.6505995721413,0.822289926099517,92.980322206762,37.5705389326865,97.2640569025169,69.4212640671316,0.204699613017668,7.77945874572177,3.09676859368974,24.3343100908119,5.97258450173346,6.20359125522945,0.00936046794512567,8.29749748155567,83.8459644441162,17.0229444712568,15.0627337947716,9.76394895078807,39.932922896085,6.51047137345267,6.10032348400561,26.0668091538084,67.0072038564813,1.78228596553077,77.4739829874053,50.6304632260101,1.16429586440332,94.0129075239767,12.2099101404763,35.7888150691038,12.237830880755,10.3511268964711,35.5541306986869,0.0139811119434674,29.6466360648394,32.1873553118247,59.3613938278648,3.84342530094841,94.1636389959725,18.2121551403134,97.2684100784534,13.3833787995305,7.26415639078245,0.0523356777914064,37.1663418116689,18.2548106734934,186.737324215927,13.6790228730784,104.792447581492,45.5614970655169,16.2349960276022,31.5317250031717,1.44496609436652,7.78977405221178
"GSM1019190",0.11881090350729,0.0550975578438723,54.6406836506519,7.59312714530956,0.0234681310011654,37.4023435040096,11.6026374846329,4.94524423906602,45.9274684124661,80.4838439236134,15.2992220917568,1.43606933786831,150.486918881814,65.9237980627123,8.05306761377383,0.0683905377174844,75.9729942530345,10.4313077735201,66.3754125574744,12.9329054291075,59.4603590851845,100.049755445855,59.1823583590841,13.9764745962509,7.83291057397669,17.8145688112539,11.7059822879933,42.1573855430879,0.31850185693386,5.02843017058496,0.730467289761522,1.43964415911793,4.26232690825019,177.335341139629,5.31347005863854,0.223223607938645,25.7789028534675,0.169381199693212,15.3729771924408,3.53563996061937,16.9156721582007,43.3956214853469,11.4875843703113,78.6702527024983,18.8892574093378,28.4285687903663,67.9037162242145,19.2935169031728,63.583846454881,3.6939730928456,0.0571447282095688,0.786069748294352,0.00970555414944537,11.6606009072891,9.66596191639221,44.3866977837787,23.7806110813371,177.684128048322,23.8560931080984,0.0146417500073852,31.9935176873676,6.0159496136591,44.3575509870568,93.3635354254292,1.21595433025689,99.990486555319,477.898555495415,10.152281342367,150.550530439582,8.21312232500289,168.087390172261,39.7867756547748,106.60930061042,39.728694865662,0.515256277557184,179.525687868964,2.79604615533636,63.2705742300655,10.3133083714499,155.863661664245,40.2003605277464,0.103951956650554,49.3103960511645,8.30182067943428,261.923815800207,16.5020137063573,16.1197750116124,161.248583843654,10.3991409305026,91.3297348101221,71.12212146571,29.4468721038464,24.3907132614002,130.907831963509,9.30155328668432,32.9431930140503,176.070361114509,79.7781551076609,66.5144401654769,20.1949652160481,101.017752368898,8.77902115250917,14.6278023220162,104.383019456503,25.722206099943,19.4669026672829,28.0545834106484,61.5646168984166,144.711880230886,4.21998646476788,0.717815894438278,0.081088033790168,0.0759975918011568,11.0793144918213,30.120739388227,121.311333604085,38.7790369897165,74.769139774679,9.2810279818552,63.8483859303337,13.1494309466068,12.5184903294434,47.4689069396428,4.08852124511573,16.3622112661103,23.5132358212513,91.8683737045307,44.3580149133461,135.063987322246,124.638877365005,596.648670572994,1.32206116997521,2.42875019493702,1.75081341475829,0.0981256344962669,160.443409688288,360.504348048741,107.393192973094,0.475522697545801,0.338853948527864,0.762766978381446,3.22493809438896,14.8289538401858,19.6920577752302,37.3065304418399,0.739828471135126,142.074915708561,76.6774635986127,125.20915717641,124.002067171819,0.220401995922335,13.0057166509479,3.97798517171268,20.2990373460302,10.1086206791979,15.9923649440882,0.0113137298122179,13.8960621240379,109.853870478812,16.2027783205022,19.0157291352614,13.0932866632295,23.9833677558874,7.95467603471951,9.55946416994799,37.924720753254,146.550495738883,2.07805439138385,150.974568001917,89.5552115492473,2.52774195898438,236.818868054621,16.3406164474063,142.240964610437,18.0235352140786,24.7720836458224,55.6816644911346,0.0387223160365636,68.6498671893213,57.822984599189,108.025913299578,2.3984625834767,135.312429650183,32.4840087921811,98.2073664771242,23.5314314620063,9.75333000222146,0.104111819203841,17.8712646382268,15.7325574870566,178.796888215778,12.7506701008868,98.9790973473839,63.8595432509816,12.6840972572119,62.8756859769308,0.271616582419325,4.42512419323807
"GSM1019192",0.169739479572472,0.182185533295202,69.7126472254593,20.3926380373405,0.057519339135283,38.1068338546581,7.90136339185034,6.44035639258473,81.5333685029086,101.345673956143,13.6926158233095,1.9629170473575,143.457114798388,53.9807441014119,8.21619383756704,0.108745742114113,98.2941757812069,10.9499362016533,71.1026284030372,27.169283747996,121.490528834952,125.970068435133,84.8154855417695,12.0183258746381,7.72379222011472,15.661773485632,20.1522664185712,97.3754667036433,0.483163714896044,7.38255976928642,0.688002648636767,3.51655031436661,3.6140466236028,243.388538731669,11.0070777286538,0.951455213928898,29.7933953166915,0.281040785713399,19.3761735952415,3.86233189159198,21.0378745436944,68.1162652634879,13.8307150223874,75.6593481861437,13.6142055943097,25.2658517111521,78.844969783496,14.8797500259769,91.0399941663218,4.69542477307501,0.0976225803799996,2.18245272048863,0.00948141304409834,13.3618720551415,15.7648106344719,48.6647076380195,32.4241015451728,168.114992500815,41.4222658462146,0.025284190671165,39.8346135859762,7.81200558744465,51.0963572757745,67.8605591052338,3.45634940756939,131.846578192013,575.392999831465,13.1130977431605,275.585545620473,7.45462780593233,199.886221152112,48.3177418312888,121.859002713438,50.0940991162392,0.81607071050887,238.387394118658,7.07867316943476,45.2485773355033,14.0198071483261,204.366316304663,43.7764266607237,0.16789174150217,38.1651874787036,9.63920807306609,298.459033974432,42.3206475549024,16.8054935535575,175.025673620925,7.5003068831834,120.341176034621,69.5933203004958,39.1071554685754,38.4985618843329,150.053027198032,25.0933283337952,50.5521550716567,202.233884334593,94.5081396968583,91.9409857932966,39.6142659663117,148.145812951636,21.4257333807014,16.4851945287925,152.789595438148,49.7887606500925,25.3167404892226,29.144185203357,65.7065593496497,159.08763331203,8.86263489544935,1.00629448287875,0.161269329098655,0.130554002982283,23.2037910995594,50.2889073124433,162.103708209221,65.0300163112398,201.321498552238,13.9460504717381,59.3804513336956,21.3691296047702,14.5149600512887,83.9746059138417,5.13795516159948,13.8887191776727,24.1883461168671,100.829170445877,59.9960136795099,530.587571003066,274.823501493016,723.834018440943,1.44026992693544,2.56217708999525,1.7034195722124,0.187004150253596,294.27496350274,597.855010715226,135.250738731339,0.727891083973124,0.721404201396923,1.23553531845645,4.2093680441247,17.6767101057519,44.7598043010782,59.4329410627513,0.676378460567164,174.403800529424,85.8095876052532,139.19269624439,138.641938940802,0.236691575111041,25.8223504458612,4.72166826178953,40.1417687060695,8.35429080424088,8.04181764204303,0.0240175228704345,15.1206774452551,108.300421273093,15.1101105153641,22.9661862473587,16.9243761840251,24.7605782480845,6.67941004924749,9.60212247520947,60.4208435176655,214.602370949282,2.51385457330703,157.996049971857,161.438846638587,4.17024602259334,359.180555963177,25.8142140477281,210.58052358825,20.4109423682721,37.1480576823772,45.6947014754878,0.0536265112342699,83.0484631194835,38.8427096564042,156.757636741325,3.68420664183501,194.765683963781,69.9298052604142,141.984266523441,27.6152072347309,38.4771088781703,0.340009087298797,39.5570108698009,20.230843052406,198.871670641554,15.0038709607467,138.4349833702,91.9428962974375,9.96514720413447,79.3616537726072,0.471239748872302,3.8825151364459
"GSM1019194",0.224916567662958,0.0443719755317157,35.7539159025494,12.3982795081162,0.0162723662779704,36.2023714287712,7.56017091102309,3.37372329805846,50.1739882786387,110.451798035984,15.1502418761415,1.00788100637786,167.521334016469,63.7812733001298,5.66144826435101,0.0356919927530449,71.5938860940934,10.9900424647822,76.3943523015576,13.069874053526,60.4861608676085,96.7809311053261,57.9265897207493,12.2388117670843,6.49631186650363,15.3900242376854,12.417774615002,41.6188825282986,0.24491547072171,3.40057618319186,0.7000875033226,2.73515512661213,3.76672429365226,208.242950487651,3.21177542966158,0.143900187446406,23.7497797622275,0.171018577203218,17.8619000905434,2.4841094185993,22.8974531759054,91.0005447545053,9.48535713057374,85.8771544681246,14.2080612517229,28.6721790009078,53.4849220024366,20.8260732913298,69.1141631619569,2.69428283310287,0.0609701862877785,1.30792726007188,0.00786011888501714,11.9191853248712,15.5890474338638,42.8310370450536,24.5372219084305,150.386028668817,22.6272477664704,0.0220820306566847,50.1529040889153,6.17999889718476,61.1281395163203,90.3569496225672,1.58672024900316,102.54373938438,492.871892256825,12.7458134046021,295.061698059589,5.49195080260538,232.856549531484,39.5441599073936,178.512469129952,50.9957895718438,0.402388217572032,214.093100218781,5.37842311448182,52.9590068007968,7.91624421040776,224.146374618795,17.0601672241242,0.0960805453384137,28.1306264546319,4.6928366124861,247.326977251778,16.4596274061296,19.1053622946963,246.674706892875,7.17503245535769,71.2597563479229,96.4738498311263,30.579003499332,18.9775316528243,146.673004004919,8.09330725527126,51.0575416578083,204.291631380506,87.3565772561377,94.5603402873551,25.6252048693655,133.09155848182,7.01729678181363,17.7615995938659,166.10877274363,34.1085303267569,17.4311964452301,35.1441381858001,97.4126062600398,205.473628710908,2.5951896321804,0.726868431243672,0.0631228867310423,0.0541061020702383,8.91014578553044,25.9824522079409,181.914931920572,72.4174322208869,160.068947885708,10.4226320207377,142.137579479734,8.24229235827814,10.0219002294135,44.6063178301754,3.05020089880277,15.0552965237852,22.9148032708669,98.0945847964057,56.0402096215775,106.907147229325,239.686310609683,617.535277879383,1.99038052904188,2.6363105010068,2.37258188852161,0.128598216681009,207.622363226111,396.077650359339,100.901677416381,0.253738801002675,0.202192502606146,0.683422526531918,4.83814067513816,20.4208317093666,24.0027405923196,49.2351387964143,0.662716778558299,274.668047627505,133.655843913098,142.063514755199,154.581535698288,0.164758333078631,14.7311645693945,3.18376931611778,23.1219320781422,12.1870893579733,8.46047739932097,0.00931775125477117,11.0179948098218,119.844313174467,18.5670039194481,13.0298341838174,7.44830342853021,23.2024252595708,8.29533853860486,8.10208753423522,27.6041200109987,242.661908531407,1.69345763187168,146.833297850329,102.139571434087,2.26759237647728,265.852527325924,12.2978516863292,173.272209394735,19.1477279000932,19.61652044395,41.1637797749897,0.0327819981220051,86.1121701571144,37.3115909745541,92.4178474049888,1.78719053624805,199.569253235983,36.6618336621297,132.273182018441,19.1384220303606,15.93007449748,0.0864459552405984,15.9890398483585,8.34732169279285,184.774696131882,12.0133007515459,158.301263597205,74.7110154771231,18.1614071505022,40.41175835447,0.407664294863909,5.43045695296025
"GSM1019196",0.122683385053108,0.0152727975326143,55.5471872217858,4.23985353068631,0.00931766114155408,26.7653538270369,20.3658486240928,5.94287526941712,43.6054680126505,70.0447590656648,20.5978595795087,1.43085751288676,180.021620422726,78.7786152376453,6.19649824130567,0.0422040053459062,101.718494385683,13.361095952015,83.1064035682322,8.80598043531204,60.4175662552831,99.4555831756269,81.6904970464383,19.5059020704145,11.0830165811057,20.127866971746,21.7079145885415,29.3200318885324,0.16603087839362,3.62065808660296,0.802701082693168,1.59897077747815,4.33238442610119,60.4917342273462,7.30027404694415,0.0673589926453376,40.3157635300202,0.0929811630781741,13.4809794982018,2.12717376817057,14.4855875480405,54.6905825002393,4.89897300253465,82.5101265662212,18.8081107047778,51.8179353953545,168.407570633413,12.1535108656979,61.2869193878188,2.10380641349841,0.0510296343119543,0.648887805533183,0.0146032053459319,16.0471792958333,7.64200061724615,35.9812558566774,22.3828292112639,222.085155579044,9.05461041366677,0.01491575340358,19.0857119185405,8.60747773686981,23.245149369806,72.9859160460404,1.07014980568274,105.183065589223,439.731788427313,8.27375916386271,176.956048200221,5.27443685579286,181.832973533786,39.14328556509,129.522759778146,34.3339282363647,0.341500822919723,184.992789153731,1.62205201555566,44.6305378295511,19.7171118361421,147.354105426891,29.8743199746322,0.112761514913925,25.9162158247624,7.72497164825052,302.090614545119,10.726458294933,16.6241891660621,151.78077080542,16.5122922092943,147.134969343684,57.8542799518538,36.1465510424393,41.4531717692277,178.556724342798,10.0586898289387,32.1760648567423,222.901698884566,87.9442205992745,59.8253241238384,28.9527497298831,134.290204130239,11.4393420295396,16.7941701300447,83.6485084182579,43.0280240017365,27.1176613651938,39.0471173144688,62.9651925210127,163.10410462536,4.18879885013559,0.515501696358381,0.0766841835297778,0.0438769581686612,16.0009000524395,25.0175694220833,132.335937219435,60.0935362661117,96.1825739539416,10.7721253416723,35.8708791161921,9.56400167107322,10.8654659069216,59.5851305578505,5.07597066464673,17.2601128479324,19.5136269935376,91.1670535651574,43.8888031561014,210.475040813698,174.017648884613,479.551424262598,1.09781012824268,1.39598156216285,1.54638827695493,0.0846637792761907,160.565531405921,449.858350480684,86.3011198004389,0.147416507310952,0.0700259262465868,0.454594092620104,1.82909764677769,13.5170175804072,55.78022000248,41.4360566462677,0.85662268082893,154.107630532403,45.1203389925142,111.202151994875,62.5467199603172,0.301361072342248,8.89189129401599,2.0810820433778,11.836086742374,12.8527699096307,27.3698943279134,0.00782789408449757,13.0215041402269,109.778147111953,14.2080236461162,22.7330191428125,11.5913217674573,25.466752246528,4.50565766905819,7.90120776491174,38.1447993441997,132.627681390025,1.42248172896016,148.754836974183,83.1615905582753,1.60311118452415,261.901165983578,10.5612225923994,163.40321015105,15.2982350525899,25.8640260246833,45.0764414186205,0.0146494823610483,59.6861146982447,58.9133463759883,119.511205058007,3.00410756738685,171.192342052614,26.6119116328824,199.780256635497,41.0481970294177,8.76502775655688,0.0324235599127432,12.7218982292446,16.8878827028088,175.306445749393,10.3057774901757,87.3209585259826,65.0827363152962,22.2387510856103,40.830841424191,1.14383975685782,10.2658980928343
"GSM1019197",0.170538391495331,0.00975396591045681,10.5470667006804,3.45513244795542,0.0052281192699521,37.7364054093217,1.39574820220008,1.4104712671118,10.4467658174223,35.9608311342385,13.1971002556624,0.991560515257849,240.48098730999,70.4324269752148,12.6729236589174,0.039248628482815,167.010098931473,10.8220587232053,92.5779046136042,2.17763023745308,453.696024572233,140.597431391259,26.0519879039339,14.7785580197151,4.29923164213792,7.46909895216221,37.8030913675494,40.955233197547,0.247444073081109,11.5682843715112,0.800383303939373,5.21767074705933,2.14269151868392,406.238653125298,12.0351491004351,0.0221473092900606,27.8305264615314,0.127061937458508,6.00367526435938,0.0586092527959619,12.2836515268909,50.8558876892702,6.5766580813642,31.6585722123376,3.78354131233555,63.8159836884666,158.909192333464,10.8364472629128,76.162983139055,0.792616728701965,0.0609491896150982,1.07436288981951,0.00725083996001844,16.6740846717724,12.4513275463349,18.3081716486036,14.6140814943216,149.596354023406,2.76879753570072,0.00217401001635875,18.0554422592735,9.1904702606186,13.9121669862041,104.226165098135,13.7980836084338,78.3623303001947,252.083262390144,14.5447999601175,94.4742564460826,14.0853342073601,110.782709968377,52.7381336781271,130.90021743719,19.1267408883784,0.586936731598635,92.0294780470555,1.06242574006936,190.198432804909,93.8633956470693,153.424875345883,23.7493448146154,0.141102159419923,54.5094951598536,49.9364817903445,243.227540455359,92.887600003521,11.8985501498849,150.953371682519,1.81589557669427,192.057781060308,40.6712322675959,25.5842916552573,52.8715406816427,149.039344139062,8.66903021451901,37.4348661016275,163.953167447276,53.0024884481476,37.082951735282,24.7037962643871,88.3707811311652,7.65121003054793,17.586377532071,45.1573090202549,96.5963026104819,26.0420753705632,51.4506884306425,39.8542862094762,134.15494310705,6.68802588196533,1.09983735748375,0.251342430368535,0.0273895381525066,61.5299240064701,66.6772513836804,135.002916983055,72.6107589127623,17.6973264229577,9.38036870644095,18.5339582707862,18.0950096411105,27.684903350396,486.382903095895,8.48973149865681,19.9039439234659,8.56651601954195,198.865694185657,30.018935373594,627.235899155177,182.821298262334,312.261031992789,1.81959446957334,1.34525815710154,1.49646670650446,0.0944601938400745,164.345870365352,311.020012470661,63.6845731449087,0.0650188446347668,0.0389794758474973,0.301329308143434,1.22280064505094,8.26591477281298,58.265222549154,37.2154745138082,0.555928420853333,116.600932990808,41.0085375558008,99.0701635964767,25.0079012227292,0.188395550199557,9.51022956708761,2.44882441109786,22.1191555332063,2.26963709323278,0.735562059499664,0.0108601222720118,20.9215461252209,66.2204950268362,19.5318691440254,36.2473057629489,6.57916948273063,72.1681942126394,6.12161379432427,5.29067216252746,52.7634783956032,63.1294457654805,2.81137805782782,64.7075964903923,46.7729174122736,0.793045695585985,127.299045471939,4.12918505119145,26.5831849104359,7.49069463685632,4.42895209164506,37.6170306807349,0.00575262046434549,25.2000554177034,9.10947529459046,88.0559020178452,1.76434650051783,65.2255406982936,18.7615824565637,150.879332363493,32.0386585633206,9.76793956491268,0.0341561882885924,39.2495109925977,47.9876420817966,112.783710870925,11.8044370299285,55.1667579593785,31.1968912309828,17.4677672944906,22.2466676336188,2.35840499939261,2.46804205834869
"GSM1019200",0.0598493314770903,0.00631720401107503,12.8895617790945,2.4279237552567,0.00406431702758199,16.1529124022265,13.0419896308513,2.34117744752519,17.5235795594899,55.5219113664827,20.1013829810947,0.822979421150801,166.935317686302,83.6944342128903,4.03966733614324,0.0336708383070705,54.2035859219743,14.9935010019509,96.2227324928615,4.60903793171809,38.2795317100659,67.613225769054,35.3299376172138,22.6454215094504,4.39369838867877,18.9352202212732,14.9401682965117,25.211609496177,0.131149094250732,2.94432963922314,0.7733454695143,0.891675139469214,3.17694555781154,28.8426322185112,11.52107209604,0.0121212648191259,14.168561090203,0.0996639876009947,5.59247965980287,1.41000535566122,9.97547929251054,18.5962070831607,4.20988145066292,47.4877404930505,24.9988304675672,46.7537508614494,67.8762001158133,9.19054854375262,57.7388165226021,1.22781987504988,0.043530877471169,0.308815875642629,0.00541854495746327,15.7912950963863,9.24275306457706,26.397672700116,11.6253266542178,137.634181393346,3.40240980062362,0.0145405012002842,13.0072535195909,6.37770034050696,17.5193074322072,65.3021378519177,0.682796304428405,55.2094197025565,289.746416672259,3.91779623760571,76.2809516792409,3.98826017377108,115.106080429956,39.4113344657232,79.4125220416307,28.0963770113912,0.162413433372064,110.420429362998,1.14308044178118,39.0993037941838,17.4703497186025,80.7817592974853,12.202125041978,0.0822467070476665,25.1154164802383,7.30769520993243,162.770810157421,5.2702053072659,12.0978706851853,113.936563965886,3.96170683123328,62.7472210720504,33.2887889151449,20.3624913616261,22.9548473800028,131.883901263691,3.95468060545796,25.3051840844767,171.3819780074,62.5182236519244,49.0930478399186,15.8407298304981,99.2627405344733,4.674300508047,13.5090811408729,63.8729171342779,41.8912807887774,20.61568768332,42.1911842431537,44.9527056718503,128.528004101245,1.75959197461189,0.331816016217256,0.0425152104689725,0.0218770645596867,5.41194151067531,10.9308009059863,108.412414827748,35.8125188243685,17.626143405472,9.20220102723581,25.2531487897612,5.06430244274944,4.58995393624965,22.1666594829856,3.460362889509,15.5149683643215,13.395959711113,68.5287713993886,31.6923011457453,32.0063393407597,75.00996788213,277.315410899336,0.754714466242094,1.0857216168636,0.92712744962304,0.0493866749057329,103.38557389175,362.470396341966,60.8735424313732,0.0448791774166915,0.0203533530636816,0.236627386913544,1.28454449784886,12.1112717826095,19.0883592496556,20.5674846980504,0.377726108368592,147.361287353021,27.8174724879282,57.0851658890524,36.5836048141744,0.163600316395757,5.69818948756029,1.59195366065497,8.16899789498407,12.1764588431675,16.9951119258081,0.00380720151263848,10.3972881518605,75.799564523201,10.7544213921833,15.7784571271647,7.0140344143273,21.5513001955499,3.72953580814306,9.82168237458093,26.9526067863831,78.4804277220951,1.56702126051931,75.5830845618515,39.719845620999,0.962765494355726,148.550782230989,9.34176288183627,47.5443318504481,12.798708519952,16.3953366124531,33.4596577742304,0.0109682777705827,41.0193921282712,35.2886712584286,59.3314388873498,2.47402881758613,116.062466755709,23.8464799412887,96.5623358811158,24.4171715522073,4.52432124045553,0.0131933190102395,6.51810031747562,12.5386658002395,114.268486329639,7.8067454537087,54.569091962729,35.9815286563075,35.0172139181191,19.1589869860987,1.47965841122155,22.613096440988
"GSM1019203",0.139248157336718,0.161460996088141,46.6534096942858,17.9362591537573,0.0409057860942667,49.139366197013,10.4900301186395,8.3154589442052,66.1333899068591,133.580998843371,25.9624131001443,1.75160265786416,217.254851172026,81.420919094544,8.45797346674378,0.112508625145657,166.003354034762,15.8974030004374,111.630464860675,16.7318479352694,427.006270980207,233.666267427678,112.70021250547,20.7236942522332,14.4806910293913,22.9260802171653,29.7627953149271,62.5396891925315,0.352056562580759,7.4459444236682,0.827159938674049,4.38655293089985,4.97127595577085,164.526750243823,7.77520742514941,0.382652188264799,38.7699426904736,0.158603492034944,36.563275115641,3.50102337007036,27.6449520094798,89.3253565037798,17.6424086698748,123.686592786738,30.8925093852625,51.4576620683519,81.0520846745006,24.5916101345675,72.0730264131992,3.63742788743338,0.084284052651432,0.733292968074487,0.00956793654951883,21.8912173786971,9.72680371008794,56.1926682376479,31.6753511827675,349.093956892353,43.2559950421423,0.0199987922458891,38.3953960831778,9.73425477440934,46.8416407834723,111.063857884455,6.26380801961002,215.546742491868,646.541542040859,15.4578323363456,322.14812568345,13.7431025713449,360.099736014115,72.7700159823899,185.676109528531,90.9811445379715,0.661419817915041,324.226154224299,4.68162850798264,80.7634711744572,21.2482286523494,210.527445103533,33.0080370013491,0.336144579324873,66.3876687092666,14.7038554316547,467.225511478401,33.8568891674944,24.4252878340115,170.420773772955,17.4903518106794,152.169346176839,135.312947420223,55.4715576875969,46.3248263177545,198.847979724738,9.64766797870461,60.0108595118583,263.120264335743,149.787530610893,100.839829469545,35.4182829822018,132.915023597183,15.9340912544335,21.1261771054853,182.751517211315,44.8767225467486,30.4590657479962,40.6970095978534,109.984669064676,249.736582553003,6.13423594256239,0.947547732866782,0.205941762865595,0.0885745556648896,19.2096009459679,41.3468464281712,212.331909401483,110.636578190095,278.797776009341,14.0547955349216,171.862743123036,14.1010657504126,11.0156069552441,145.008000795728,11.9809589635464,52.4464067175022,54.7769370486446,162.570289616774,53.7859174318286,253.762741355796,176.57254366022,695.28427199536,1.29757973554465,2.34935027392136,3.33485648909325,0.109589675547174,161.689053742333,584.642409164241,108.459923058106,0.731761584143126,0.621883404850937,0.908650613179034,5.85422988694424,19.2175932476142,32.0569165402217,41.423476360179,1.59795911062184,253.025285733423,220.578455880256,227.099519786297,152.234075607611,0.234797782631257,17.7060810599394,5.79119946404201,43.7992822101141,16.9418814926851,28.0115164876916,0.0279174688827694,28.9528825124803,175.342850914512,24.8167652051861,32.8065827530685,17.7110185739994,27.589007203148,10.6748408523434,12.2021345188248,60.8762007854656,345.16006509188,2.50455530984794,234.095763319194,124.550218780171,3.87294886397936,426.484019524336,36.2661915874325,162.934286217067,32.501213716004,22.9258647672532,50.6028237545058,0.00921213010630029,110.423865973831,57.2385795892442,141.662145201354,5.50863816362532,261.856518167225,50.7113093381716,150.2778597635,41.3246234468549,17.231259424219,0.237163795527353,43.0365504557616,32.3993314239838,326.781227071264,20.890195014979,172.730229743327,125.983575392747,20.2878183310819,105.155078741133,2.25638406675131,21.8367951995622
"GSM1019204",0.0607557008134815,0.0315537763547443,36.7473620799476,3.88366370731674,0.00925463358745049,23.8109214459469,19.1496888150146,7.29113483303131,69.619581698575,118.029672758757,30.8318248482549,1.0374547584023,249.596756778183,114.215485742578,2.69385709340692,0.0591116842009308,89.1112934691372,17.2636015251179,111.585849981539,9.93087764068311,81.0246284485472,106.738119099096,147.309581944694,23.5363709530614,9.22585298519178,24.4124622366977,17.2934420996411,29.7084282766274,0.116863742711099,1.8979152941214,0.902695989251519,0.701460214382333,5.43934849933684,100.86597156471,9.20706811501716,0.0549107053244413,17.0097167055299,0.156306445592144,19.3329026005991,2.62112553518986,9.30175461851958,34.8808722404274,6.56395748485504,120.686310084677,30.2406372423121,52.6407938006894,76.1506676411374,11.8966878801097,78.2107337037877,1.8914985281906,0.0670250109378486,0.38134675801192,0.00628090974027202,19.1710117685162,8.53354999627901,60.9476027008348,26.47574931983,299.735717882596,9.48496451340738,0.0316821372978155,17.7927854505592,12.0118587849262,26.7961488427082,88.7048106621268,0.338161910086082,131.108337653559,828.113235007343,10.5620762490095,248.922915370625,5.76397773177482,294.885778264171,61.3541305148722,172.417306993828,55.3609301355397,0.19290455653749,267.878735656037,1.35996765915665,22.6201850065386,9.79977702945459,146.374352500475,14.6978226931115,0.0692124264290442,28.9806584759175,3.61757518685313,371.099169230087,4.42605835295903,17.0196240050501,117.598088063614,12.3048172074373,84.3594604891138,83.6980252247686,32.9488906935012,42.0628636517534,233.058542314042,7.05760746569998,41.2291344572392,322.103204833024,121.417235782604,102.087699769553,41.9556525687196,204.826401962473,21.5226638372316,21.7648811951479,106.532380290298,53.2098625775721,28.7276897694042,55.2041594129378,98.2195688906997,230.198665153636,7.60219342709432,0.526026307835362,0.0953447501660369,0.03471060579539,5.99098586223938,15.4488382017415,201.33626480339,81.3342840623366,166.279969765379,13.9196696187452,83.7089638350714,8.2483670195482,8.95753855985773,22.3396676172019,4.54659639835217,31.2870149901904,44.7764170103075,81.0412733671683,44.0897555070764,73.0335903359468,108.309684884399,459.144881061962,1.0136353208908,2.19606959503139,1.44657122936395,0.0470894691600567,128.47306857521,489.456458894212,107.468605686691,0.196404604986038,0.0980261145336858,0.643373088459013,3.24205960008128,16.0514290535812,20.3926016141257,28.4307404435316,0.689567133512863,281.121457493217,93.4291586751053,121.452334869548,110.216100962269,0.196383857934802,10.901022775706,2.24230872696349,9.65409713615561,24.5759954353673,20.8995980004436,0.00421144731837147,10.2973508317983,143.833771646328,12.9284378273633,18.3386706088267,6.02665704290895,17.224848115618,3.50396299661663,10.9709403971267,29.551078705673,226.208583622791,1.26161767617931,261.670767905899,91.9871245283519,1.68289754129109,301.464166827488,14.64947140456,95.7717807212242,15.75890064954,19.4752177029747,42.1585013979268,0.00718801561878872,74.2516549310729,53.8967926337659,141.805609386821,2.72823089499106,198.041264492697,28.1388663553251,188.016250607278,47.7450782754355,8.40495360217161,0.0393275087740891,8.09400967063739,9.64560423699869,256.687657148101,9.11738984321492,134.28378666925,77.3363347459455,30.0660336360577,44.1743569302565,3.05043497962433,30.5919517925929
"GSM1019205",0.159881956176523,0.0385756599788975,32.4970665145003,11.5128988172495,0.0193299474172004,34.1593090148224,9.67457939913323,5.11240300991175,42.1425404334787,77.18741860884,15.1225950943969,1.11156408600888,124.390005556887,54.0247055540648,7.68147846396807,0.0493494472251223,99.3680122914642,9.83269933892871,75.6984492465953,9.29261117892108,65.6362973240201,86.4866160761129,66.8160348787835,12.2748630653329,5.63056827538658,15.1193745236496,23.5203733351875,43.6915878863645,0.238951557331026,4.98339684763383,0.608868349628155,2.19491133661695,2.81102737802391,103.151560925474,4.03958678948522,0.156004431495692,21.5636185799579,0.201103353931703,13.8901843407773,2.62815033444799,18.7122330438941,49.7742159657761,10.1056365413566,118.986012894988,15.9038740640408,28.5069681309278,57.2470061844968,14.7821684271578,64.6267487994863,2.49441145193226,0.0619065892608883,0.652907307820082,0.00677290040931416,9.26634825397756,14.4199503340918,50.5032415917417,26.0691695826554,185.794946072681,16.5871851419904,0.0192321367791761,28.7660930287114,4.69165981668995,38.1944714303138,71.6553498787701,1.51946158577811,96.1114063193221,432.37522183875,8.30364665300157,197.613399884838,5.12477078352651,190.843666260019,44.0644181305294,103.498873896511,59.4731480505528,0.326658618116267,196.677580232724,1.75255599220297,62.1443702438988,19.7048308617954,155.985492919052,36.3421739889407,0.109442279981102,44.13441554472,8.49502365204861,234.400053345116,16.8760907895775,14.0495144430347,151.986341982313,5.87429031913915,66.9895673719498,67.1108302107625,30.8702460762078,26.3389646345237,138.447025314225,7.3544304831256,29.8304666423452,179.906703824992,88.4631127434934,75.2600262646914,23.5212619706334,105.494532778343,10.7003888066621,14.5922360162444,118.502803916173,37.8771608324129,19.5769148914903,30.0454734368464,75.7144323444037,161.368067974205,3.7333469557668,0.659931434679711,0.0927872201888437,0.0517950626131841,10.0033195170131,24.1130320971241,137.411340694701,49.2298084100836,104.87443983484,10.7209897813366,94.8097837738359,9.6855375104343,12.0953445557866,55.8371106170171,4.81301713096314,18.2829531534224,21.4879075993162,97.4312898214174,38.0554625697148,229.303661291798,169.930825342959,559.915322153247,1.29011321101645,1.50766104681479,1.08358784641378,0.0949862519387764,112.488034702999,443.661538150341,99.1488605963317,0.124374262363228,0.13860579352442,0.491379278184352,4.47724867209723,15.3854565497387,28.5890265100416,49.1526367400526,0.673928444239383,183.473143437404,95.226793988262,114.556684805157,114.673498175746,0.185584526587531,14.4071310427685,3.19952764616358,23.6413469793854,8.77998874801863,10.758270244684,0.00977388966035349,22.6745743723468,96.0460398770983,14.9848874614765,23.6868015128302,7.48151404351118,22.9005442638805,6.65770877953835,8.76280351902156,59.8688051466163,208.956358885498,1.82474477818063,138.423357053766,105.648642138267,1.86783988239274,304.117129172767,17.3481989981477,111.084279019328,12.6636662337652,19.0207161452408,40.5020660301274,0.0150186764646682,71.5967516889633,35.5110804810096,103.493601833046,2.41035043869267,154.756922837538,43.7274006438824,113.80916737518,19.5898782304753,18.6355297825158,0.0625039327370106,19.2704572346343,29.0272874712163,162.289093026949,11.1077002576728,131.739265266878,49.426606368503,15.3472321542839,49.0736684820723,0.417914488760068,3.8990644106569
"GSM1019207",0.0312109121567856,0.00384183090407329,8.67335822142297,1.84588170547293,0.00218873258106878,8.29055252349675,5.73341051915197,2.51795621382048,14.6833013382918,61.0559479784426,21.7353213348413,0.336388684615421,199.69553844136,96.5366395754239,3.47208768859345,0.0281076837518254,36.6275826231802,16.0743179597731,134.822739364861,2.41221759372533,41.6560082088126,57.6084645650607,42.5786929626469,20.4639631417942,1.09901644669908,22.0724612349536,17.8303912333035,19.9152364064048,0.116190588842754,1.6972397401931,0.915447447853477,0.477553859678658,2.75934567715863,17.9432141579228,3.15049165788719,0.00969568569706748,9.36805966675842,0.102746964039545,7.43840632347341,1.19759397430804,5.06377734578745,13.5631901157801,2.55566288315059,42.0537241196843,17.3278939398241,50.9658845540117,103.658419299609,6.48175649556484,51.097980855986,0.340230253756933,0.0437035140627997,0.112590334467182,0.00803665817210502,17.0497804800092,11.6661343917223,19.1418660008538,11.568093403523,84.1554780750665,1.95468050518435,0.0209096720817615,11.1945046630845,2.90075076911261,20.1629578913255,43.7954514296386,0.721814986140898,19.2247570084183,209.65636883181,4.30918029478035,99.9985089947489,5.31850271163549,113.419408057619,37.7773412203436,71.7291853859167,11.2112846132515,0.198438067638558,119.011942755527,0.844231726011733,18.2055504875585,31.1789504885291,109.286071954347,4.74578734109915,0.0834688222186647,6.18720197766759,2.2763845186921,107.024667672898,4.56735432743767,6.54922338491263,93.5974859964657,3.32072617803148,75.3369307930424,25.2164435937242,6.43070732135386,22.7433992741939,109.013368547616,3.57513086485507,23.1178087724478,139.462531784541,84.3382295028326,33.3147711310108,9.48039506313702,71.1567196218011,2.09390306290171,11.7628825943601,48.1989055623929,29.6510264792573,15.8150825000288,42.6763667531108,48.1803570092347,95.5108774740152,0.625789123527684,0.321127709323986,0.0503940260806831,0.0135845044176016,5.55864097807212,15.7742776549495,96.3792960328915,33.3606316422002,13.7103077973244,6.84281112165158,21.2395658504237,5.28978393880072,5.99176051442718,23.8699542560074,0.851118058061701,7.79399403715462,12.8043166775002,37.5304986092232,32.8848856557938,137.792989215297,62.9758995360421,231.569702171174,0.421152827735395,0.416821070695904,0.424634436683705,0.0556810828132235,95.7603560010071,227.985527207918,50.095358282178,0.0266523297756172,0.00354653282439709,0.199245585869307,1.21099336218553,12.8188476949871,32.1841170465628,26.207504241627,0.689921202040025,155.123068201476,42.5081737004972,61.5847805832709,64.0810782339622,0.215087260336822,5.5871338446425,1.35556157735146,5.81388228011206,9.81262071107758,8.27422347116124,0.0032432155377003,10.7644488928954,77.7249991721822,7.65709243162539,18.4676677820271,1.80972051258422,28.6123276440657,3.18044105275147,10.511110110068,35.638163532767,76.6637848057063,1.57046814937883,104.447153021093,43.5416960027448,1.71266483051069,133.74230560242,5.30103534680943,85.9256613620336,5.61897608814245,20.6719924037695,25.6867539198412,0.0183632590034863,35.5685267861241,28.0762541283331,47.5941272559855,1.00529392148432,105.157209275906,16.6682392159798,122.719719070881,8.98279652217284,5.56132280661892,0.00586635102497524,5.49371341467231,15.9679736644563,105.673244402013,8.58035080611932,45.1458211143676,20.910450197861,61.4542175391598,24.7115596134205,2.20674748952325,28.7492362455911
"GSM1019210",0.548828914016295,0.0333015174175521,43.7635552026273,35.8665525165081,0.00908010872143509,24.9035985259932,6.47410924291916,5.55898551604897,45.5040193552011,109.929277932781,14.8275281466462,1.77603681365707,235.033921731713,56.1586157552222,3.85030354744789,0.047298268344928,46.3414223783856,11.6022209896652,99.3210372726519,12.922995039139,683.37101287888,121.839606847954,30.452769043673,12.9900761148771,14.0162776803882,14.2566562351337,14.2991718749046,48.6356137225437,0.303274190350694,4.63057378531341,0.793698647256763,3.48135274932429,3.52166220645674,300.424527017904,3.33807772319213,0.0747663211194559,50.875496827792,0.0846319911664365,18.2279041651583,1.19365538641598,47.3138476765946,130.395208323155,11.5433841024982,62.660595958113,10.2976939516324,36.2668956271617,241.771122113677,12.1137106995694,174.657838088038,2.69110250423471,0.0526091277051088,4.4302160273895,0.00649140438342106,15.4311527575524,18.3352040326462,31.3108467866252,23.9027506548512,184.547265187699,9.47690698895167,0.0064799581043371,42.8822008850641,10.4052636572984,98.0763933499588,71.36279078772,1.30688041029792,111.572740685533,581.149412384845,14.582825501006,345.819774759519,12.3261400001412,319.830350598232,39.5132642358144,147.943048404823,57.815726080104,1.52683187200594,204.235910242912,2.84838601456716,33.2592327906029,18.679044180248,214.470184379358,13.117330971627,0.122938179835416,51.735872491913,9.62293274798876,383.638987599317,14.3872401971008,19.8286610035149,156.963287236337,24.444324456131,83.1924749875616,59.8826747140215,53.2222104425047,52.8882705529654,245.371111395615,11.4996232424762,41.9653369489509,211.969538968948,139.958483361492,59.5819273999642,36.5686554564456,159.398948867247,12.5324600562251,23.4735244953359,103.70087026601,55.5322705838875,46.0168239949832,37.211270790303,54.4333362042527,203.053568050207,6.53016220781827,0.915342082234979,0.105728438151648,0.0344152827660128,15.9831828403365,20.4342265083076,140.16231937755,90.5844263101512,61.3964321616673,13.7451044392225,48.4190234552901,14.9729939323964,13.9596380859632,104.079638724765,10.0571381566802,18.6588486243635,13.2484247513528,44.1299426932284,63.2763640165747,55.0703971910687,520.285970940952,612.926031909259,3.30886760177915,11.6662015746956,10.724038483678,0.220500862107368,278.724891331371,646.190435941653,104.069935411593,0.267340309961838,0.0692433932172453,0.460960110180545,2.00144725455498,15.8563921759434,42.4678686025678,53.1280111053923,0.829520161121643,261.093586449362,75.6687150433457,126.836097109413,162.412880416951,0.171538925653326,15.3099558285953,3.32756345059694,14.4650619179969,9.68680841953099,9.96104693701208,0.0225365709404519,9.67843832039772,119.991655790392,11.5291343433649,14.1534517613555,14.0628873418526,24.2565215818327,4.7132166000965,6.35042709169294,27.5631247139044,152.683871664006,2.14765607829658,140.183197086795,91.9401438005016,1.87018724937249,344.879865685117,23.0085398570935,162.457919242557,36.2237809240797,15.2622263242829,47.1700560553848,0.0284245081212919,64.4626273064882,30.2661896109012,114.259868126327,3.87701668549805,209.082331256813,25.8679755539941,151.43473102101,37.8031576622353,5.11853818664262,0.0607141117697592,17.2297569304286,12.5221326367806,196.017116650315,12.4515130428414,136.895812710576,57.4908807535099,13.4442465694866,59.7162945017723,1.27653751264725,10.9474791246497
"GSM1019211",0.0486244496177602,0.0316757281984784,11.4974403030603,4.68019302122671,0.0115418737576273,27.7129441427024,9.60918924526578,5.81010636522888,57.145432445364,62.6181240605992,23.5780684984926,0.657762594734461,194.546098987125,82.3468197263558,4.90297135373683,0.0298620556721329,108.347762939193,12.7622374130214,97.0821545084721,8.26699370524929,116.843111170278,99.3472715380639,52.4633184836543,14.6125548394616,3.63417067825318,21.8986742366837,18.1651054483735,83.4105227194848,0.242065651101669,2.75934806859481,0.818559952782633,1.52782143810818,3.62691268293871,65.6190714232181,2.06130921964484,0.065755793537474,20.7158955016901,0.114206308106536,21.1669199406465,1.3800837012241,7.69804587310116,37.3026232253056,10.7655381824235,118.803549631871,15.3410342099075,48.6256419999509,57.5639415499484,16.914893466066,55.6105518942881,1.18308534527788,0.0652985464513768,0.176742298348796,0.00783746327960692,20.6995498179728,10.6953820032689,54.5779232482717,20.3276783938387,203.827739132249,8.24877924233401,0.0114243816717977,31.7722087324623,5.12315056688146,12.9784328219201,56.3348785409883,1.61808877995576,156.852490395659,446.814213573226,8.72533087092223,136.108833126925,6.27890106393837,232.276674739744,27.129431226606,95.2860418859915,75.5653792949133,0.211716834744221,232.88502843711,2.4120303317673,45.3415228178962,14.3059427316995,126.859627138125,28.009362111967,0.0615587077177908,15.7697910810539,2.74454361742487,286.583024975189,9.26085243905634,16.6119574343094,147.045927069359,7.01124570288244,158.418646973605,90.4478101733527,50.7816015965157,40.447805341502,148.314266223353,3.31770828578319,41.6974234696983,204.980669646115,99.8074243813779,84.500100256597,20.4877643542344,102.070070831868,8.34232773715915,17.1272582505236,159.189530979073,42.1754514220585,24.3990068389618,58.5305291166491,74.7449017954259,175.971063833571,4.46349712283823,0.573222606846878,0.0755860642322215,0.0515014827606311,5.45258002905897,14.988903095507,149.335841663625,80.6042109843034,212.194337316966,11.3338679185193,86.1469451938027,5.63047093335129,10.977376212005,35.2733626551176,2.05318272266158,10.4427119723566,17.2679571551907,84.6047250337902,44.7472797082455,339.011727235442,146.544592790532,552.043076826972,0.735128406000875,0.741128190111003,1.08472372585068,0.0656241605167082,114.978330783925,368.392348773121,93.112535856289,0.145099916136055,0.0741452993901088,0.462301117261873,2.69471476644247,10.7776546755139,25.2806471546755,33.8598725766352,0.538836694669115,184.911423830862,100.099179453254,106.180052561276,109.655013403535,0.174215207342043,10.4468053150303,2.49864725414624,27.9430677835585,8.99041485427334,19.1000898778113,0.00758595617444507,10.6782615201786,124.22810426467,14.3832630228426,16.9771074280154,7.23302537126143,21.5299483646605,5.31255763308325,6.46197371759774,35.6247022636733,169.137128421078,1.87759705241838,160.862541652258,91.6402714765653,1.42746786918673,216.161251704207,18.9763672584883,131.468315551667,18.1985469626378,15.4751208271623,36.2384675231129,0.00876033540040095,43.0116631467183,32.4498302228277,77.0683468685315,2.46946730354353,196.579595247674,27.2633256785262,114.467380633007,19.9796029025599,16.8906147030193,0.0304672197094597,19.784374473377,13.6324676461133,176.418774991489,10.0703081471371,101.905095712349,58.5159853819746,17.580513233683,21.0322632606051,2.03094383564574,5.69413038949239
"GSM1019213",0.206057906122506,0.112018870302872,66.7940966863328,20.1358802087169,0.0390811266307511,33.4270120766948,6.04830430693473,4.5273033317275,82.3056911172999,215.453878962684,26.8734068501129,1.21063219977547,239.779105795539,99.8701385925903,6.76680555553138,0.127565405140873,227.123377667506,16.558567004885,94.2950647144154,11.0688108041095,444.91427440809,253.924911639676,122.639251002849,17.278416036123,11.5417122427283,24.8727518162365,40.7022565476302,108.306668994629,0.357728728328306,5.4889943707749,0.795239243392383,2.45459090019337,5.10169859242561,126.634709621949,6.84025798475859,0.479175317072484,25.7259081420971,0.171120311197989,26.2662226060462,2.39515010189433,31.3196208836916,78.4651259061112,17.1582618820808,178.726331259145,29.1780450634023,40.8274601607433,101.258859340906,22.6067496173891,184.188465367734,1.9122196694811,0.30521305992969,1.63339116929598,0.0064017518469184,16.4543886728123,17.7673540937067,77.7208610680176,50.6248431990238,295.517275480711,53.5823563488948,0.126212878183438,39.2058391037386,11.6693266483654,92.7062387336698,120.440516117965,1.88888027607213,194.680581249507,774.895223339447,27.1027505625855,529.676544196631,8.53945123912835,358.182698485343,62.5819433493375,164.778705421824,86.9871471916765,0.583295447409965,474.080991964766,6.77429622889402,39.7751311382077,23.1075319297526,247.440015049157,26.6785555485504,0.108298343098217,53.732625430009,5.24281659690836,390.427996837792,12.3189168622843,22.4951463984712,210.865129760262,8.55967336558121,54.670881619412,134.801681947305,36.74363549917,72.341968376523,188.526756872174,33.5338077388785,61.5952952961679,254.457824721244,253.081987246943,109.636925694092,31.5481235152395,142.172677446111,18.412517438115,20.8163456930088,168.193482387688,50.4900612223303,46.0598600920709,45.9259683341883,128.033052861533,266.232501097364,12.6596991293263,2.34743775900188,0.514291804086358,0.195421935384931,16.1612344152286,34.3088879278693,225.290074889667,114.549421422783,319.909872141532,15.7976041898245,125.921585392471,23.2586661018921,23.4683480343442,54.8644582784496,10.8179159968838,38.8508304265719,50.3437618990766,129.653359556337,62.6338380887168,118.202981066698,260.581511986613,895.528999822128,5.01579147421035,3.26925910501496,6.91759258540546,0.184207923690765,161.236920042683,726.27511539722,148.880819356401,1.11075812938219,1.23893088258249,1.76388786731063,5.17819880117405,26.0973953248349,42.7623744806519,60.8177687798148,1.33659259653828,354.051717551902,179.508400640084,167.988166811983,298.341727136876,0.159577519113665,19.2875837219966,4.65499838823148,27.7096405197252,19.3040033681743,12.1779252252166,0.0204081581306109,25.5096223746362,185.292369638369,29.4584856961421,29.3130637537102,6.54258260565127,43.6567039724571,8.0675772124655,16.1522584508146,61.6066809966347,394.284753487511,2.51134775744789,217.320890886743,140.2494366169,3.98478192695636,478.890629396369,26.2481544445777,117.263716237332,21.0885487000482,20.4742015334187,39.5570834153341,0.0169864348691923,102.745524417546,37.9943889804534,145.131906978824,5.12889081332203,252.537934855577,74.7515430231661,263.080799762016,20.6917315351754,31.0886585225612,0.205141033669423,27.5722443727694,17.8509191250191,256.970026155977,26.4891147972613,234.121029957056,69.4148991335713,39.6451469638685,108.583991781283,2.55006435895278,13.2675464147497
"GSM1019214",0.0814953691014826,0.053350492608646,29.1394695785323,3.96536214231434,0.0200927088306254,30.9014246024172,6.50926283327932,5.0944446919152,38.0890871409309,69.2318725656707,21.9707640278715,0.975009150417455,174.332706331114,79.2201422843715,6.23771249808578,0.0581055663168394,80.1269610779045,14.4070564486896,81.2703774207515,11.1447832879792,126.244972289233,141.509963468572,60.3231491630876,17.072918422592,8.75448807734513,20.3506443375507,18.9166202618764,47.0950861608093,0.237662662130747,5.35114038383681,0.962046828951942,1.12881803294575,5.72658687904043,149.836708353545,5.84227479518755,0.126943470572463,25.962163569902,0.130734603397024,15.2276065803283,2.38215478357931,10.3427385675454,27.2825589727897,11.2616018191903,77.8794578821952,24.1809294117882,38.5104813025692,87.160659230837,16.962248699247,53.9513378371285,2.41748740490877,0.066948561059318,0.596219123896924,0.00823144749544834,18.7164834400883,4.93703030737616,39.6258353884509,18.4552593459755,157.037335533987,15.3616713035704,0.0194045254184675,34.9910986894453,8.26007394552245,18.1327863499775,80.4791426697697,1.56627633183681,135.361589875813,471.777244043638,10.1604270972272,179.688329801272,8.57599375630949,228.837103357459,50.5627982618718,127.667311267663,39.0880057142133,0.50681151925735,180.754043186278,4.17355675242233,45.341146967954,25.6543502724904,166.707448657535,31.0817859820614,0.12453812480863,40.3243618839209,11.501702313897,258.730716558617,13.9113928677772,16.5583480331504,152.832269723751,11.5401713164475,137.499642892497,53.7055977593502,41.6459345262239,37.3006038041203,149.98852595611,9.60839689168387,48.1144288606598,207.94457450538,100.651217881345,79.1749146727102,47.3801490080374,139.817677623153,21.9895294946828,16.9510320634067,113.557114774097,39.8494374545108,22.0849539707149,42.3312159657258,69.6821517916706,180.863122246755,10.1669850623277,0.868697763718381,0.128476858065946,0.0877485761785591,18.5381017964997,41.1542323992011,146.029189909288,63.9726501194767,76.0217432578682,11.2743847436763,52.0982148066372,10.172015997546,10.3107076483572,47.8598883266162,6.71980854616682,22.616235868832,24.4584961033696,83.3855996259685,47.0742608435367,123.570391572516,99.6361798880915,485.54263104913,0.896303515164783,2.4794459225615,1.82025487224654,0.115608378803598,158.423898472733,390.585623588521,112.521284222404,0.375505702799206,0.309235019673456,0.860906495288997,2.77729480830056,14.6514224228067,35.9952398819895,32.2417596307047,0.845227231081559,142.8544954934,71.629434216943,113.439478735678,84.8620747689024,0.241901977770572,12.6579312163405,3.63322564573219,19.3732262966694,10.2030488615418,8.46022202386194,0.00986483438472275,20.4558755624596,119.063992261844,17.1853964859916,29.1000394587578,11.7289973014899,25.4468921516516,7.49578341899083,8.7246710260508,45.9832655257771,160.150707939257,1.87504382142864,183.167772975899,109.783334684006,2.35833748172471,251.144472429966,22.5523704784003,113.930174133498,15.5610946054962,22.2342397580486,47.2359761967945,0.019840729035134,64.4906679783942,43.6308837600075,108.158860760557,2.5723921310184,138.357870419159,26.7274457682063,108.723459609745,19.528671877866,9.83327849142746,0.0669107904243131,15.1176693370858,18.9355780918219,175.149794142797,11.0120683883874,95.7798407934325,83.3226571826129,19.1006408710385,57.3707286679759,1.20226109686585,8.24655104167738
"GSM1019216",0.367547501079689,0.0277392159893756,32.926650539718,15.5698922436557,0.009015111642091,33.7725861866403,0.734676423315987,2.86329823109142,16.128073706802,65.1956005272154,7.84839233059417,0.804541567014295,330.502417674666,93.7645679176294,5.20138138463508,0.110639535343918,141.940385130437,12.2180400320329,81.218588279441,2.79263715704969,234.233738041524,187.707727850403,43.2921591054545,7.14745953342866,12.3530222883932,11.1097916286551,5.76097615053248,77.3918654405089,0.42848593255756,6.12660904128817,0.839342034363634,7.74770677917805,8.0543232330463,831.390086699521,31.9006531892548,0.0377011951399098,28.9188577157674,0.326796481699042,11.3878702025072,0.219560628671415,27.5685323491819,35.9511154414965,19.1203214192312,35.9419594986959,2.76411271402342,43.3293854026171,71.8026274882795,13.0115870222552,96.2135450986414,0.736387393342923,0.151677479701339,5.06971852786119,0.00754315278079399,9.18460345902781,20.8844830172775,22.322055964086,16.9282205554584,156.616363507504,10.4623012224743,0.00232812484576345,19.899135356458,21.5944120700532,46.6983216961636,158.154563082954,15.9427423829283,177.059302039859,550.363314134335,20.3302423622385,201.248207163607,28.712449335576,136.263033134454,67.8531254298593,223.649008177031,46.6606656111831,0.861860676822836,153.00614029069,3.03977346964308,120.361865156372,6.92826947947166,202.966808171681,17.7562592090182,0.252083595124351,54.9792946810795,12.4782094535289,292.579536498306,95.0188641930432,14.3550600259232,204.17873568941,5.5179255876098,59.7686995994225,75.0963316207372,35.4308591486329,126.992752538151,213.793202541602,6.33722504915148,80.9199230971213,256.047689109274,86.6097155954685,50.0984690341851,51.1873143597121,192.091138413537,27.5080502821537,19.2416828241932,66.5527382335132,110.393092192623,37.1570805326131,56.8560713853461,52.6294649441707,211.549438106567,19.7024665520421,1.21659431035586,0.19650306366409,0.0502123734505575,35.366624825186,93.3351150969382,134.140174787834,130.883505721111,119.341579345522,14.7496130391237,47.3841342564446,8.8866173561184,31.3350512500806,362.536452203408,12.799948684447,24.8249697098496,13.894214000375,140.408721168487,39.9765632485145,385.332380351907,173.370601576305,439.612118058469,3.13733565133694,4.90777659061376,4.80144822576098,0.12224877331272,583.563375929905,501.239497928679,60.8494990574482,0.323979194365727,0.252299451436684,1.24963962195973,1.92183865813776,10.1326346788337,17.2113266031884,26.3683258017515,0.28433192638835,154.784746998931,97.9232444366346,156.722369456367,57.2291048944362,0.166623743849256,9.98665515698076,4.59749356287186,52.9430251983012,4.3768112867145,1.29492203415319,0.0142703588082361,2.04416482415817,90.4508347082709,20.28178171299,7.00582898339651,5.38895386943306,59.7901888467976,7.39213147844051,5.39782079004796,10.7464620928094,158.668492006837,4.34536532769525,111.507381647759,61.6185594701437,0.982774017504678,169.307874677943,9.09531825411861,27.5169759265216,20.223293705943,8.84800718402672,61.494856753533,0.00616521044760018,33.891394034719,7.55886867157316,101.475240262483,3.46801430280853,100.285238936833,10.4729883590925,176.757452875716,28.7783579714441,22.3921941237222,0.0986769350032625,47.7071563455087,3.33762551988938,244.178057845568,10.0517840087566,100.138233161549,65.5304458777272,11.1014717814286,45.5613618374107,2.9713926557177,5.2386700383068
"GSM1019217",0.066830697442478,0.0143403742300838,15.3290831718027,10.7280759590326,0.00521122450216696,15.9459156943913,4.81620097996146,2.9289094265274,44.7541194977488,50.2083058694524,24.4903415485637,1.46350047079841,296.905630131975,128.236403922248,2.95805971612735,0.0315427985838416,83.2912161632971,19.6421803297887,111.429729416344,8.85257195725176,145.162316789394,57.5723926976374,39.8634868238414,15.9529640389028,4.66259081133578,24.6113178525579,10.7002262846297,62.4904301837944,0.205269308459844,1.32609827592454,1.01645900644427,3.39683928701191,4.79444902271135,69.9015680512096,7.00852445102063,0.0236939190887896,25.0583489176268,0.133672341018955,11.4454291266789,2.12827977259583,6.96345574549509,44.7526683372935,7.19089695082909,63.4773919856594,22.5675369410691,33.2548406887014,133.346794303318,13.3608761233507,64.5034913980104,1.06261292531311,0.0531741154933141,1.17224323979388,0.00990587806142621,20.7510619140992,9.57592768143015,37.3807608912768,17.6926638199751,146.357146096451,5.37931270148426,0.0127613934281793,36.9419258249421,8.65217915333313,24.0684021811344,60.542321999382,3.57750664148682,101.871491169737,383.965722392048,10.176309738299,129.708625462539,6.75782015034305,161.20366299643,47.8542459087992,131.402460638075,27.8380535447545,0.301890892759752,197.194222720995,4.81655168976214,22.1607846674853,19.4148956697394,142.815873713366,7.46155182842547,0.133250863038437,10.0517286443929,1.61519081944332,209.541846587976,20.0091061836263,13.4239898487894,124.862764199591,10.3639136921543,38.5979003508927,32.8416541645228,51.0255159799757,39.2846741904054,177.531162343283,2.88818378313203,44.7199818568216,207.252237867267,114.114963756067,55.3886509439992,63.6057187216485,160.666779485093,13.902933622139,19.6268872931256,107.99531360788,57.5873212564198,35.3752662345688,80.6337576632421,78.5124519903367,193.720781257019,4.82255097690948,0.508085152148421,0.0637554028805394,0.0247769748206243,11.6933914630685,39.2935339031513,105.559523161737,64.2379952181863,41.3057091754728,10.7865869375123,27.0742038081222,5.7540332580159,10.7119440862552,107.191209718743,2.33250206174108,12.9512276566369,18.7934567773169,39.9733944491116,37.7617499131451,28.9688377194711,165.932048825885,432.527277546169,1.0482198663549,1.84334875586045,3.27530966741195,0.0884855936288872,376.888663735229,307.475638142934,72.8475565278058,0.080903269935764,0.0204988508043855,0.301450405380281,1.09667060021284,11.5715035586856,25.4725282011397,23.6844950135993,0.760660261316908,145.246749279708,55.8390567154796,84.5390747605248,115.479987603954,0.238134442761707,11.7913486874324,2.10822785694828,25.9480883912218,11.8183870230573,9.07129255138213,0.00611324962291083,9.81195624054217,126.316221887288,12.7053790940045,15.8121360625916,10.7100529669927,28.0551382074997,3.57991617999272,10.42248317086,27.612140911793,125.101983819463,1.64569889077731,131.142228352399,97.6608463483965,2.11894180922494,174.306172490113,9.59611986711363,112.321506789963,22.9165783098877,18.1283081549317,29.5461662283104,0.0108860326452616,55.9969009199352,17.606675445894,91.5620392849523,2.30706618284866,151.358960155512,21.4522991479153,154.619086907883,38.5662597227099,16.8307062453132,0.0174447046360591,20.7842657773689,8.86557454293748,199.779680925553,10.1029429211739,153.222659153066,79.8046487448611,40.3513342960969,32.6605855809961,2.94993369751331,16.9305180387337
"GSM1019218",0.0850291585497284,0.0112138650015682,11.9973141310412,4.32090974928356,0.00786402225233386,24.7932865879673,6.17126659516327,2.96285350924106,30.8776269721905,83.1167341606415,25.6184776696484,0.317700516762809,191.65443720114,129.695999869802,5.49899798869262,0.04681328052575,128.234596645523,18.4738713518523,109.035756865942,3.213665013291,196.375144526257,153.866563383233,83.4554168560111,25.5145175545725,6.35366477538776,23.6508331210388,43.5485201137797,36.1268387938562,0.253295106281122,6.67518404647899,0.872927670125715,1.52405328912233,4.22539034972906,70.5216745167572,4.38058883460682,0.0287862767635427,28.7458669529998,0.119702188454915,13.4240042553891,0.940798310353044,15.6853045093226,43.0951200365445,7.37186086939454,95.9093310708832,22.3617690802524,62.2858512176548,68.5430748159801,11.4513971920584,97.5166197114596,0.689038447974571,0.0794875601422415,0.201847110785756,0.00610629102162774,21.9111310274906,14.212155951445,36.3440789779615,15.6504382455613,184.014753077547,6.52854975397598,0.0112264347584499,24.4399660163229,5.03149841161846,28.6180585012825,73.9320782110983,1.9716838504569,104.759937245098,373.244762910739,17.4629457006348,244.377831912461,19.3698977156842,237.551511380165,59.1250565665891,124.657420288902,36.647830175532,0.195588468376392,170.826431172617,0.942835210286672,58.3530298506462,41.2687012991198,187.835055629475,16.9630265864718,0.0726438727631592,38.4825541519843,13.315422044841,240.670080593568,10.2224620646997,15.8848220364287,141.648839047696,5.24294779047205,146.733993417473,89.7818496607774,15.0009174638465,42.1592202331218,176.22388094182,9.70016835810922,44.7066340367067,164.388989789922,100.995444587179,64.878664013047,18.2256772502842,109.981278233226,6.9212216728106,15.2178807982933,104.581719444813,36.9485346964504,22.3874712134846,54.0624153030096,70.3780088416104,172.220166673347,3.66444789418565,1.1455643088893,0.144078534126804,0.0514529512756391,13.469135654356,27.6832871824808,142.986304455892,91.6782793387385,125.597675163604,9.2444113997531,90.3382102759742,7.60918600649417,16.4604464775669,80.0688500957996,5.17005093043315,32.6131158078568,23.8122922030744,100.207302678533,44.9917057569786,199.767968951006,186.811663204837,412.937330675969,0.62780634788369,0.946843315336389,0.700838327649693,0.0830992973720759,97.2715229924992,507.099926558173,79.7720277735081,0.055784460408351,0.0622246055700032,0.452923451985864,3.79124909201879,16.2989621957954,31.8286093861351,43.5193063560135,0.715322220334805,236.271430132171,85.5752006732766,95.1998176635419,89.0803278175691,0.172574022208782,7.91638671913479,2.78858202325147,13.7694273957237,9.1210033069518,4.26035664571168,0.00600503146370825,27.3339775649428,94.8671540558335,16.2700276003962,28.7128032784601,3.08352223920856,46.6130496122015,4.50853132553782,12.7092113133059,51.385769063293,168.01628010591,2.15341431956331,146.480164192009,82.7379967916951,1.31362718562132,234.045470252056,11.9617519631367,48.9982711248218,11.1393130697132,9.95103066380436,27.2959481427874,0.0063809543296534,36.1263298962843,21.662255637415,76.8457900816703,2.80075851764443,129.123663794559,27.5686150825418,149.503699248817,14.0140100962141,11.9061126325487,0.0223126089507272,15.3143138827736,29.6206024599922,118.868057132223,12.8680087870715,98.4574300254455,41.3480161171522,48.1882590969752,45.4742531372726,2.06831845699607,10.0501653138297
"GSM1019220",0.165460904271936,0.046798561472514,33.5522370935289,14.9525144215051,0.0134958931541029,22.0368363013048,11.7352313862946,5.83147057078924,43.7830394058773,97.3088111124309,19.2971567213226,1.25685766871507,186.240984791305,61.0750736478362,3.42281880854828,0.103944616756906,100.488436892517,11.7563148410689,77.1358487774032,7.92834981987423,229.281522638437,150.251476702976,77.9640101792969,15.2290347506539,15.1147925777161,20.1216352851092,12.0489114274569,51.6513300373748,0.254196892626745,3.31626212026123,0.737237207603442,3.29824771948003,4.32883553305793,129.874220296046,9.21978459425238,0.0603023547951255,25.562766316029,0.131671882862293,17.9552736367733,2.8130733313929,26.701267825181,73.1785331865848,15.9426185353102,69.2154754346296,19.8402262016848,38.1053314999753,84.3734902094765,12.4921031470559,112.096081457062,1.68852544898882,0.0597370165874647,0.879137666634592,0.00601570571791817,16.0230953810291,13.3736520956241,38.0926896968143,24.0335991672573,189.12225673046,16.6609373570854,0.0208800907866795,30.8761622440765,10.0762614164823,54.5866959042651,90.3544906466145,3.84860455734783,107.953648014235,386.76522130166,10.9942470008764,147.464124538848,5.75060552199866,232.574057060532,72.1688731613135,140.280862419016,58.0570526690272,0.505841648095723,176.599008410264,2.3497014928927,35.6225062346757,13.5209675320332,107.678428956452,10.5486343832568,0.118849122401595,26.3859088749272,4.01664158936149,315.524621089224,26.2634308545726,17.4677272922024,163.818884560519,9.17547701633444,71.7988279268238,67.5415545528557,20.5149212241905,39.9137812841668,153.676554902805,2.83763448350821,56.9461355516058,185.473278781521,105.308574325458,58.6249068553279,26.3390304682702,113.054433417515,13.7014130070459,17.4364256331228,106.23174629545,52.7850481590723,28.7880136663306,35.0858605718368,56.8540740072782,170.065931622089,4.99854576591953,0.645545067117757,0.0777013271234197,0.0508782698327239,21.8684455215188,38.0465886433014,212.401568892927,69.3427275260175,63.7386434491647,10.6165050141246,68.9691809185936,6.00933653401002,7.35708849535864,79.2923513898764,14.9460783818732,28.4697410011493,22.6747137819137,77.2221697085981,55.1158456672487,86.4110766953336,295.586972280915,618.372458370643,1.83558719889712,3.35448309731092,2.65298674888918,0.131360290626088,212.373959874746,535.789778172378,86.5037314149032,0.205726482126016,0.118398042364005,0.487499743699639,2.93102747602934,14.5611862514319,31.2903467601945,44.381801401266,0.818980919793413,231.135583953546,103.843743788096,134.926459342474,121.668335504532,0.192533061867804,11.830210150193,3.05544698563568,29.4085010560598,12.1016831597379,20.1819117855921,0.0197740135957066,8.80389685694734,99.4391526202316,13.3771232945301,15.7317199532994,7.52891137959659,19.0008174112091,3.56917036103793,11.6364262071442,28.1442740405613,170.312706964449,1.70924820697764,132.842152446846,82.7264239074046,2.88817263508327,286.062415424078,25.9376790862825,127.883256050178,15.5911844714184,15.6936100102086,42.228696930852,0.0171290829306544,58.0956975235429,44.6416895699817,110.938657214461,4.45860862913899,201.24366552281,27.4568707155014,145.823906523927,12.5281270361632,16.9427375535228,0.0909606783652494,41.3758603463289,16.6837437466322,209.529610147691,16.5223880628524,127.322484297892,53.1991111471926,12.7117454139602,66.0111915971554,1.31738401376927,9.92266698937533
"GSM1019224",0.0687063886049875,0.0266045592203747,14.143748578657,3.33262624597866,0.00965972038212373,30.3937411821628,1.87807753069077,4.25499592626504,40.1286955281597,68.2028701285349,34.9762471629141,1.59857825093476,348.44298677754,124.39983466184,8.35156110183069,0.0825885072681782,75.7157498016531,18.392714314597,114.590452356481,7.80292589837552,174.478272261346,131.490510209964,62.169135884596,27.6866407791346,13.967329106861,24.9827204404525,21.91774458158,55.6649183851107,0.161861254405535,3.81846538059291,1.05936377256071,1.95706392809573,5.84136975581109,133.973251319852,7.34517447506069,0.0502293361520988,28.5352898960491,0.101724494473873,13.8608154798039,1.09437256521367,10.0407901297937,36.9571110016729,8.93498667169348,49.1906481170778,25.8215279500844,70.1814197475527,156.698904136639,18.2635795228602,62.7718612585823,1.49502523198156,0.0765434749790344,0.518267605984894,0.0144258010877022,30.4910831130826,4.33241902291018,32.198675991992,17.4814067134533,198.062101966391,10.3963660568597,0.00907190509082336,38.6325486459865,15.3530023042742,14.4253052879008,91.8965154735745,3.68191566993138,108.072242669978,341.214162873011,9.62254720402421,180.347088610433,8.39774834911594,246.451832101864,64.5025819742179,147.602585113007,37.1745955654351,0.550896725933478,213.283578595007,2.67427424080956,67.7401574681278,25.3926671940708,161.503908275842,16.4373237472882,0.124882274253229,23.9550072630011,7.00257724729626,278.21798561824,13.7205920773833,18.216561522994,147.108643221535,14.1399138460829,192.070045796003,41.0063331581156,31.2523584754295,51.1265058335193,219.288088366528,14.272609950371,49.0861070403131,238.460802004874,134.527915460294,72.7541533073487,51.6213017158295,141.658980415469,27.998492192969,22.5301664667899,67.2571531580231,60.9600260295727,39.415437544842,61.7308605160643,59.694646294845,178.690260425854,6.79512636612065,0.715837422208715,0.0853863479407934,0.0490980635739234,17.5971031849716,34.8664052535434,158.41129276997,67.9205308926708,119.249083039809,10.7302495385285,48.9130824771128,8.04153735286551,8.98282131886092,108.165390931186,9.92219607224458,37.1888980984622,14.7268996720777,138.508863950674,50.4356264645335,71.4533034051909,156.983141765992,381.619981736222,1.20904267477531,2.00193766483565,3.46753731688569,0.0937868403555408,213.103445636799,422.745303170793,67.3194632236024,0.324092052753093,0.177962156214326,0.635595509506849,1.49081710633563,12.5903812533396,30.9851799189179,28.8072606513141,1.2186921613396,229.515613581433,51.6387042289422,132.351623372546,101.274882037077,0.296207769959583,12.9866041586089,3.16714719203767,20.9364128898078,7.23354651823247,3.74078994544309,0.0134085576175409,14.3876459611261,135.322632365608,28.6933884444614,24.3139525322017,9.08632796617181,53.2069671234809,8.33644381931637,9.42834166051169,30.9658355684574,139.613719743512,1.63917772522274,178.387361194999,100.067772143058,1.78066285439539,246.565831100945,17.6803901683923,80.9061748510527,21.3469365985476,11.3448727221499,48.5598237647267,0.0115739977999782,43.6034267067198,38.6296239847769,90.5753183754206,3.27399942053135,147.015302011196,31.1493317964395,170.630419744583,27.7061387565376,4.82451164960589,0.0630595461447275,16.3237924962122,18.9653987905149,242.568235096864,13.1089319380806,111.564101451744,97.3267468435696,50.0701552275466,43.9599115081416,4.02279079969775,19.0924352341052
"GSM1019225",0.0301319459831699,0.00683486264865992,5.23708045932072,1.43108740651667,0.00470116473814862,13.1126362428323,3.6469690071025,2.76132605850718,17.5062453886999,40.1863589312016,15.0245160073992,0.264755340123968,136.103388209427,55.5730414724849,3.69839787745623,0.0215751091197707,28.4555474860546,9.76712859493691,90.0273776701092,3.06986266819632,13.5699712626598,46.31791479404,26.8025135857278,14.5527373337087,1.41421223956283,15.5912382764881,9.07380494384584,17.1532868725684,0.0997941104571896,1.74183039464642,0.751744469022395,0.670409305062439,2.61960446103925,29.0103618110337,2.00982791503936,0.0257001592307891,12.7804863321235,0.0456211103918678,7.569371800893,2.05301643962167,4.36778515887038,14.6517169140757,4.84720548033792,46.7446521224546,16.1040801623611,28.782365133863,42.7007241225466,6.16359823206006,28.8065799564394,0.710906900631433,0.0297403212474466,0.0700587419899895,0.00588554858450001,13.9783799993681,10.9611794567787,23.0374488061767,11.0258077642471,86.4123241826158,2.85206516327965,0.00947319142637132,16.249879190682,2.06629309024554,7.67752521057441,32.2301398634794,0.761256285409733,38.0776054607518,143.340372821289,3.53120984708244,117.855085008157,3.16912553967187,117.446624326917,19.6775182017313,58.5469063857616,29.9080981108392,0.170240716715713,109.952525804219,0.711223968806774,18.8514907659925,11.8923732887913,118.928448883257,8.77945313494483,0.0458249782853071,12.7673045102516,3.1384107838307,152.145796790989,7.11168195203033,8.9189727651482,96.0491631711103,3.26689047038262,111.985992516903,34.0120976496384,4.45216744097086,17.0189552254004,91.3780205260054,5.41252989850551,20.1481038010725,133.436453899099,47.8838755199789,41.211668181602,13.6750301316325,58.1223173360558,3.04793813683692,10.1259654757658,71.5167860660457,15.4627901405573,7.4356493039989,31.5575006881324,35.1269906327077,108.35046578132,1.20425024599977,0.28991669530321,0.030506569798319,0.0134234104936742,7.85127619931538,19.4652540621523,89.5513081856546,24.1792683793568,33.1596680910063,5.6129514655252,35.6582609939915,4.53788271322987,5.12849064431328,29.1714490764419,1.5972959200971,6.12462421768557,8.23312074149399,30.8764995058363,30.7501227002629,112.113058455085,45.7666463361917,295.355095914408,0.266775807204012,0.3632248148718,0.144142401776395,0.0502753394024354,92.8282022814318,229.901912658999,52.0315313002055,0.0291775371673671,0.0130549214260984,0.190678609370461,2.75644109215018,12.6560288550687,20.0925888706084,25.2365656691054,0.376874542296306,103.00202469,60.4171540643933,69.7093959101882,56.1107441138547,0.225951162189139,6.99441595128478,1.44951593200015,10.4760969641224,3.85151759376966,4.71242674457989,0.00409707613227256,7.96357010819314,57.7249621062417,8.06833130339853,12.4957963254851,2.07994176537386,13.5628087178931,5.17437359722608,6.50665051489997,24.306820372163,88.0858159362471,1.15121452797474,91.828639448369,54.9663262362029,1.1247964620344,104.969089760422,8.90008504709967,68.5173232586506,6.22418167640249,21.7010974805562,22.4172943966771,0.0313791447044276,33.231776753483,38.764404697898,54.7417586036151,1.16903931672527,107.056641198788,18.0438303837572,50.1748273117041,4.09242058479196,10.1060962525561,0.0105000286051399,8.55017008139022,9.26110369835001,84.7326394004237,6.42177844145456,55.4100274919058,19.4077691596961,21.6247832499984,19.0979244916088,0.491829769796257,5.10935024147143
"GSM1019228",0.12478588658043,0.0557191882072187,34.2637254464658,9.55762551375614,0.0168614356730307,26.6388256117505,9.60312396642797,4.72453036444951,48.6999253360264,91.0197793064269,21.1748555378757,1.06835147243551,166.464792610361,66.8599951507573,6.81530121174162,0.0566881729894338,113.310347651258,12.295276935234,83.5304669813212,9.60087053560016,143.656679475551,118.418366065335,65.3908051217537,16.3742904758992,10.7485282663185,19.4568385359503,23.2452479885508,49.4551749178287,0.220817788139492,4.57690583758239,0.738960649395162,2.98007655411651,5.45741068138715,88.153126592538,4.94634980296121,0.0993271239007694,26.381447969204,0.149368210994848,18.3682781778973,3.11526105382816,17.4282552300026,63.7615782924283,10.9941634208471,102.428303097719,24.7394071084836,37.7644751670289,94.634223387905,11.5080356471709,81.9895430368506,2.74750852825438,0.0484742098760902,0.814231309736951,0.00483980818583603,14.8159234940435,14.7093999128981,38.8667182421103,22.3412129100516,176.261494594688,15.5525912724068,0.0177906014620366,31.4349162604448,5.17282849546866,38.8260768346534,63.903708207203,4.10461470417028,160.341837166973,486.050239468258,8.95633532647742,179.659631051073,5.95162622910763,196.104575477588,50.4807522798841,93.3769295380491,74.9142829429506,0.555764909492486,200.421659607036,2.19391910474448,39.4384533078216,17.9468480724382,145.345144888179,21.5087991560408,0.125040294902854,50.0273789635047,10.0796269567086,236.280439270369,30.8454857219259,16.6483719149907,158.576953039493,8.82557424648391,58.3477305599025,58.0754190636656,45.628807350905,33.4892746006844,132.623563614426,5.74345084268201,37.0233648013772,171.183565532705,115.606448237192,70.6331500335064,20.16439440357,92.5783588440025,7.99715455159251,15.0414073604767,107.741502488424,35.2407737787218,23.3794461615779,33.7962137586205,61.3073306187274,167.901118111439,3.59889734109634,0.66609435870015,0.089459675083708,0.0417544790702189,18.5661160767298,28.9971863959781,125.474051528245,51.9627014220035,42.1278832983121,12.2524372861683,56.8506368297632,10.1183229789599,10.8271475357064,77.2127385167135,7.29287439209135,21.6858246713462,23.5607822730574,78.7726149842415,42.5834548644454,124.699756052064,213.627468399953,548.612321717399,1.86912736871186,2.24245965770893,2.68512912705484,0.139792605108221,134.51617840684,387.268018642251,111.841775232249,0.27033847346876,0.156097078842633,0.625094483705955,2.61445496444856,13.8058982259805,33.0702322019877,32.4930126130916,0.879684302248308,188.959218711122,71.5603662104059,105.951412025738,117.868000483457,0.190060832722786,12.1016697415435,3.10299112167955,31.6432367327803,9.73850457347931,10.7449725709158,0.0116115998678274,18.4182568750552,97.7966085538748,12.9567802896764,24.8909731580294,11.2718703845854,24.5254652796178,5.51753961708534,8.85874442514404,51.839151771127,174.953719857951,1.63626571531159,148.18752375179,84.6644813489199,2.35183144023572,270.857506439713,26.1818071283138,143.602881045166,14.9606561520536,16.2593678277282,37.2122417801446,0.0155281783713244,64.0479274796253,39.8122993683376,84.7772202724799,3.80164232980078,181.520712500138,47.7561897802318,123.468325876145,32.1553729367573,16.4362986449165,0.0985646015131988,36.1624998128198,26.1303838397848,212.451029078207,12.7265185354896,136.177428527194,71.4588009439421,20.0625529565875,53.8123688319801,1.06617243950345,8.49695738118377
"GSM1019230",0.0365949729965778,0.0167648993871925,5.42927218223194,5.36683218374919,0.00474535060726859,13.2866873733732,2.54812237715797,2.87891266952586,17.6857171623963,22.6360221842505,22.4813163460069,0.845120263450463,244.451058231022,79.4444870348368,3.41269220314279,0.024713407021134,56.9982917077272,14.479383359228,97.6231511887262,4.21604904890862,47.4331372591618,59.9769345874207,18.8793407891578,11.8438133930374,8.04303553737876,22.9283950131227,5.41172382036518,48.0746852874026,0.150693061456744,1.52961342326606,0.83020918246133,6.24988121151568,4.18753409613349,53.8186031606278,2.44037465153025,0.0158859463298734,20.584158430012,0.066605810866838,8.48928282581813,1.79058519805017,4.25343471441705,25.2692126994194,9.15851629530048,42.0086833004218,18.0829342438507,40.0879050977603,41.4779866310952,10.4114855033877,35.3652409200231,1.09881605310204,0.0284670555672223,0.192285736692333,0.00521831681681955,14.8309198139164,14.4163910112769,24.9039190089849,8.53430196362281,87.1305459308276,5.1510185050339,0.00454506715241901,16.5906558806467,4.69240540555848,9.1558131155384,49.5681885409785,15.9274604029055,81.4240227446284,197.439300018632,5.14912785653203,39.5895591993723,4.43058745587883,124.595498325891,49.9356283758819,78.7188316419723,31.1042715788751,0.185553219973137,94.5461434709694,1.52119139159276,26.9479309198029,9.70916232879284,62.540413561036,6.48550812378182,0.0543585294688799,8.65023549713124,1.83009670885479,133.336712524126,51.4097228393364,10.3139281037422,112.637426831766,4.27869404745746,42.0970203564557,27.6357208960546,27.5552653054175,38.3431280480446,100.765085651274,1.06255104317165,29.9967389582767,143.951384389296,72.5107093017092,41.1051333677635,23.010650524527,71.564499704698,8.9434369048735,11.9836183020393,58.5194976365331,42.4870375914698,22.0282519182561,47.942315757334,46.7368118968412,134.760983450805,3.43790901312743,0.3334770752224,0.0296751008546552,0.0207045597739206,16.8212985339378,55.6426583176396,96.5964177317679,34.9177482375573,11.4896527974233,7.41636150839939,33.0729702141987,2.05658096669651,6.01763588020263,294.316858473606,4.92672540523646,12.7249044997444,8.22404367536076,23.7076810268597,25.9572850849144,61.2787518615639,100.388622926723,327.378172325193,0.346836752998419,0.671170299015712,0.754547988592919,0.0574010199527183,182.234056843923,214.70257217685,41.5163324401382,0.0401063500484674,0.0359913337739308,0.279679382681049,0.984396565842178,5.91766296442046,11.2796865771014,14.9313680647001,0.297276989351912,79.0074253248209,46.4534546992687,55.6337638663857,41.161614260627,0.156532942106743,7.46099797148731,1.94169073862676,68.6775192396314,5.44477419246447,8.66095659093989,0.00468037057226852,5.29907837816368,84.6837314987332,9.94014070115548,7.38262152063093,7.68848300100213,17.6870415119849,2.64112214783411,5.11123346314741,9.92775681066718,62.0810236888614,1.34321186903909,85.7199100719225,28.7188397672872,1.0191050506163,91.3458229134974,11.2303523617522,36.6454295220584,13.6535041149906,7.63110791303779,29.7934977029804,0.0051582973305624,28.8979034317789,14.1602920957235,62.7772593750761,3.39386577761611,99.6534595930679,13.8529071482083,65.7666601870923,16.2090210365819,11.1951938460537,0.0176541569514132,43.3818147040877,7.59299650434523,128.565683972546,7.9215380554142,74.0317769961994,47.9845699780821,26.6397871848188,21.3320887813032,2.97607935462568,9.36221868186277
"GSM1019234",0.0298490063714541,0.0098310172211057,5.21447487769723,2.1601180205538,0.00622608529176945,22.9305285343633,3.40432769090828,3.38113753132998,23.7468961480714,32.8731515667901,25.0730496744237,1.24122074052913,181.746269184822,71.4124529886402,6.53338619931754,0.0492127318660988,97.3280042388827,11.8893462066631,80.1695043008548,4.36911213718308,55.1119471002239,87.8122818782783,33.9329144688771,20.3604390556708,8.49229737103358,16.3772657452342,19.7414682238743,39.0640066260016,0.162693468388137,4.26963634977827,0.757849873789823,1.53750265079975,2.83650263206423,105.904888913809,9.23208251249385,0.0327461461964427,21.509725308001,0.0933332758047708,8.7369921401364,0.606953774637842,4.22112488877815,16.7897866993809,9.15197491020022,54.9914185578575,16.5413185827398,64.9223278691929,95.0990931963502,10.1298588380112,58.9812953221434,1.10750921451403,0.0366781655714476,0.15082331192238,0.00644190352908611,21.1039783634889,7.71791562552811,29.7388734748193,12.7612117515703,147.333410674211,5.02129893822459,0.00535605773201199,25.3309663846092,7.63345438841569,5.07986656704448,75.3384017556478,2.2328927671317,66.5828806541486,298.726120886362,5.96513166226018,130.422281897296,7.84208031991947,146.129217335503,63.2980684455211,102.826400242259,42.2278491763113,0.139545900794717,112.138772067667,0.967867367555398,80.7684567020707,24.1610351189962,134.631837419912,23.0407643741397,0.0910407547240465,28.8944157490024,10.5837877766481,200.747066533205,11.9060873138217,13.9655086666361,128.889817718522,6.64252405906663,170.987466020577,36.9470531245635,22.3787640067522,49.5177739423815,139.225935252017,5.6818085030111,33.9296871703118,154.599672024451,59.4276447978295,57.3039049468137,29.4746736554298,95.3589468744174,17.0657972272617,14.4322436096143,51.5684178595196,57.0782494682694,33.2819461582623,42.4746538108354,41.7495876665216,137.454168771018,6.86127290543052,0.456543065863867,0.0534609601684499,0.0402517985608687,19.0195532707952,33.0553669098788,119.763005966694,51.1246320999006,20.9222665953423,10.9428282114265,33.1878446506744,7.0946467929903,12.8032430558856,103.035493851351,8.14454475000572,21.0316349693724,6.34900148508104,103.239354316639,31.7799954886826,127.568181547504,96.351322177243,284.660377587131,0.36686542388905,0.686522350997209,0.779256984024268,0.0522511251664602,157.494159412656,353.980658622374,70.6705227299222,0.0643683311429582,0.0463933473858234,0.305705697646787,1.66702734466576,9.55183116443514,26.7464921955887,33.8470241059836,0.319017984142266,154.757258951763,31.8948325799809,93.4114009716127,61.609156696542,0.173870977643754,7.70334433704928,2.07391736549098,12.77446077276,4.47249495122784,4.26481661527663,0.00440121832206411,10.1740505337326,86.7570408809587,13.6267030659037,17.9267436493084,6.09136576608638,32.3500378817549,5.25309570536764,7.53981268156079,27.3627167091736,81.886641898708,1.50317559835576,101.341246230934,62.5168559673342,0.954316561017584,167.687674990774,14.6541633147267,37.3195709601628,8.79052563643048,7.63531545137602,42.4885600030348,0.0084344224865613,24.6140127940794,26.0165332311462,80.686280471872,3.1325220771793,97.8830506885878,22.4098813179469,118.361605007436,18.4806291684148,4.26406779923579,0.01851593019454,18.4744174429402,19.9855203731559,103.17348938286,9.92152739137976,57.0833151660111,42.5925750953614,20.1976032525023,30.5666379686212,1.64578878043827,5.41374887781548
"GSM1019236",0.104568182435485,0.0439136674011765,51.5143784372432,7.12530744222795,0.01948611890412,42.3072202858524,8.60690576088069,4.30091554613306,51.5460123040003,78.0421138409085,20.2126453425909,1.80310783964708,164.762722493288,81.4059435530712,6.78942964160195,0.0588362072939572,137.064676986569,12.2226276874778,80.3492727980699,10.0508923770206,91.5226916941421,102.470716727108,88.0286264897109,19.503299548139,6.98489613921927,19.6939662470916,23.7073283936937,50.5692684394733,0.246012978796657,4.24342640886778,0.758167651239231,0.943801825863863,4.19870448624018,98.690805666881,6.63732264775857,0.153261858258365,15.9035953094328,0.261653951902523,18.5042385548849,2.28706980966872,15.0833811761414,35.9850259654118,8.08026233602418,135.846109087693,22.9579794224927,41.9828919755276,62.6220189662504,19.5112058862803,60.575196095284,2.35417100577589,0.0702560921867943,0.699396186604774,0.00938880848311113,14.5446313993873,9.83945645050075,55.4921192728967,31.1177560140768,249.91976741818,21.6604572089455,0.0129386330570185,24.3354107243121,8.19253519354772,36.514612883383,95.4508847502447,0.440598155853772,121.815000656185,609.140576239649,9.97167602813682,301.260201450222,5.50390068695539,205.306857333744,34.2634444752796,123.096368952763,46.8491133379037,0.270801854828875,268.56749068204,2.56565297487554,59.1381538449985,13.2921413083359,161.925962070599,36.8052770667708,0.133421874478081,37.3675018422816,6.19327304053139,338.844615178454,5.63141126350596,17.3992149125241,165.938766119656,8.81130373847842,105.730734897237,69.7279193459906,45.4754793109367,31.3223400221807,187.714735198639,10.6818524995746,35.6967227965261,220.841323590804,97.7746743516229,69.0101576012776,19.6856095085906,128.731122223557,9.28026115603753,14.8984284145878,92.8905356365402,44.4673931904445,22.5579197577047,38.2161507121773,76.5940126577582,166.652639296072,3.7264504984706,0.582174418563587,0.0805128809298701,0.0625835900341236,4.45844925833262,12.9460841439187,164.061836786395,53.4405494685502,177.255554406126,11.131286119712,68.0604640679933,8.32104103785739,9.93119290754447,16.4170334185557,4.20593893204964,19.6771952327827,30.5157754288641,120.815794033252,46.8520731621912,139.426905779241,99.2730038431717,561.935088451696,1.21815647837852,1.59048112872578,1.93419429849716,0.0737062409389511,136.357921877484,539.319684111567,103.16212933165,0.284045248450821,0.281227581860251,0.818231747469741,3.22101862122282,17.6017856636263,20.6664593028597,38.5143339752292,0.801272131698102,252.007659415122,88.6133161375854,183.418864253194,133.698897656862,0.202766268682188,13.1068340260316,2.81444138626431,11.9379921926289,13.4588440302839,10.8456250374586,0.0072259186243337,17.4599513037026,141.834256747189,22.2984126418578,24.2730079207318,11.7406627673283,29.9945926129422,8.36847186612892,10.6032971985494,52.7108740997111,259.982906010857,1.92352119486653,184.707151319816,96.5548880712535,1.94061923421333,341.771575691232,11.2756554002107,105.86211254751,18.6009212211358,20.8910060932074,46.1029301158538,0.00864484556699478,68.7320738794832,41.4505971334224,115.635184060819,2.58338183103425,200.895147137431,42.9541345983091,185.666627539665,36.9994642415922,8.99755308446987,0.0560638675945608,9.9929862744051,21.4318433786142,276.51620470887,12.0840900876407,176.528706160304,91.7343301430361,25.4848375319192,80.0674591975426,1.05256406916178,7.94736410821646
"GSM1019239",0.0513040407436258,0.00975337839849311,12.7797376143185,4.34590725185916,0.00526463598273757,19.7865309417636,1.84799861479059,1.93642536015612,19.2074860009447,74.5831741346694,23.9239142411598,1.4562829638296,221.347055561046,90.1678396175601,7.13491795846004,0.0502828461259574,75.7921655208233,12.9990615048824,105.369403479917,5.17273965822708,99.5455745558627,88.0888007844073,70.9407736048176,20.8296843218419,7.75574492495309,16.4735867933382,29.3447243615871,37.2878817283989,0.149603218500729,3.52790012937342,0.856223559040906,0.748825701374486,3.1903845980085,140.465224700137,3.52733555016933,0.0160609364088347,13.293325345863,0.105829177221111,11.9357254074507,0.496177848647631,9.70493064179023,35.4063329691663,7.44734577744223,86.0984818012643,16.0892115841428,56.21319646406,59.4931040160954,11.7978187294853,76.4734202812582,1.40844524439017,0.0491932956349447,0.748435040937442,0.00522657516089779,15.8147555459034,10.7647916926336,28.4822170915607,16.4100271314088,138.614534262045,6.50648603682731,0.0128369816684923,18.5110750258139,8.91985186462799,24.0769258639482,120.757894394858,1.48865326483517,62.4811354356064,385.240824305636,6.78103173285686,118.027306031015,7.88189358138912,159.856945668915,55.2441251795649,145.50060875268,39.6466422110426,0.225567894428427,129.968784504194,1.54888375434295,85.4107441517507,26.5808671814008,114.470226100001,15.4960158043979,0.0687211796096936,52.4015789421514,9.57456892356478,174.330594487793,8.41147799709977,14.0169237239242,153.340010999616,5.5037882112728,80.1984564789135,58.3656658627398,22.1695303081713,32.2816620767343,119.885418785347,7.89101900445117,48.4792982576662,139.748851595396,81.8082986817038,61.2310326654025,17.6380632997325,112.320997456141,5.47725305484427,13.0173041051463,61.8230405925385,37.8284254122002,27.9793349339454,57.6416110279743,63.5410932430144,128.237149096116,3.30795506979959,0.63161565833857,0.0735565562769688,0.0527085835096563,7.55464094603804,22.9427247484449,146.69345974091,73.1383711817198,29.1742679013376,10.9889966449413,61.4898028905828,5.3273570107525,7.47376089292991,28.1711180752543,7.41170170079557,38.6187475237757,35.9129008951281,138.224418114028,30.6422643249102,31.3645845115726,100.861879482782,296.341862347637,0.914124105121179,1.74776020722897,3.8752858207934,0.0451700144363221,113.38561788611,374.069702066115,89.4713104444483,0.0937345445557012,0.0438422772500613,0.527788610385218,2.59864775192173,11.2772089025147,14.07613091368,23.3151177084064,0.588223474573007,185.152932657656,60.8729322665498,91.3335946427675,68.4582356250278,0.132941155558054,9.74566727348307,2.52244642657838,10.3293594397305,10.3606086384807,1.93451461861585,0.00287240179876681,13.0667438434533,90.9420226766227,15.0896633294027,24.8813109549967,8.30926303900225,40.2671628506786,7.55677197116814,10.4261052074903,33.6342428595528,122.209608866067,1.91568318233165,105.244795199883,63.2625876673108,0.761383480198079,163.48116925418,10.1456264571585,22.2804204127027,7.96323599300621,7.04679876485666,34.3687982056953,0.00341752103600634,29.4308875583271,12.792262017094,71.5240493879882,2.73178537939184,121.490566608357,26.7034573197641,143.677433720888,42.5044521718935,3.44516122585372,0.0197034978501095,7.03990987119173,14.6326997940746,131.784175354305,8.68825235418083,105.300486170276,48.5329742912779,39.30243235908,31.3625140376003,2.87887570526831,14.8050519487654
"GSM1019242",0.0628949445303715,0.0175359088966341,24.3392915770156,2.78620480063561,0.0112834784173701,29.9848684582265,6.51491871759973,4.30367271848675,36.9910852159476,49.7569476390533,17.4819604478057,1.12809337678606,126.174682965458,57.9543642523639,7.5266613983747,0.0428375432382317,69.7544484974807,9.11815325874457,64.3996858628583,7.44075835550662,49.2333329689136,91.6230077640144,51.7792963174839,16.324776940144,4.74985176619129,14.0743296572181,13.0727173658711,25.3269815201937,0.140664614449001,3.26432753398463,0.716757669640418,0.87209250990414,3.08010344841646,71.2575900687405,6.52331391012117,0.0937300957836376,21.442641885193,0.108125342629901,12.6871169985016,1.70168580888418,9.55973166476815,25.8761523480618,6.4505505353332,60.0252757694384,15.6495508559335,37.4802786704931,87.6790056663346,15.0055963851296,48.601493818901,2.10687899121772,0.0492719249874463,0.28920925866452,0.00918351967155203,12.6548121506476,7.237456978771,30.6286877160952,16.0536828477703,150.351962930121,6.92585093422952,0.0096983089005504,23.6889714072065,7.17085865794064,13.938819962412,80.9888880376164,0.485185447654461,61.2363813693549,335.263457508525,6.23970346823677,121.499613717948,5.37444627372771,150.915564189275,37.8519544678529,110.014280364686,33.5315640989725,0.223382436659126,158.818496920647,1.34421856704157,65.8276766264749,10.7878483632915,120.834489543143,26.9736876629504,0.0764583443192498,31.4987416139106,5.39725296977584,250.860193852953,7.10110404094798,15.7368048400413,137.858578462844,8.25586415620083,152.33561755225,52.2744922368862,24.0272141533779,37.5864474719325,137.797245987213,6.83355887135009,32.0782385017501,160.779957457308,56.929520380351,63.0024515162845,23.3230919443745,100.498611796695,11.4076071487904,14.4711483623621,84.2614162469479,32.4440795399516,18.4813430083325,31.5669413829344,48.0602541891929,126.809001753285,4.57955468028563,0.467543685226397,0.0651225279292275,0.0310589329707082,10.6770003728493,21.684978283775,116.053064614306,40.1243572248657,62.165727886044,8.86702390182009,38.1274011190385,10.3623481548536,9.0771732225986,23.723386006837,3.94643220123011,14.0692084892421,9.6764075456245,95.8276904675761,33.2097369501526,117.554632453806,84.5193742887764,403.914181046584,0.657402247967449,0.856378897959394,0.793200979490819,0.064402217618845,99.9443908480188,333.992888002972,87.3145078882166,0.105203546190648,0.0638175321772956,0.444545416755705,2.84404295857773,12.7123342554182,27.6377376912267,34.5669771892305,0.607748192100741,120.401205837848,42.2629066994918,111.467227455215,65.2283489701518,0.237258387751212,9.5662269691497,2.21250364454644,7.22109775745721,5.47402086448233,6.57916616749669,0.00541441531302183,6.70846469582232,87.5712227781719,12.8836204453924,10.2270028875036,7.09284446862165,14.115321662919,5.0633865813932,7.74178074578236,21.8266843859,124.539603909358,1.11081307676102,132.10603156721,82.2883102401916,1.44152385299319,264.112613253395,12.035661944082,98.2329558508666,12.3395762636547,15.5064994837073,44.8797150519802,0.0248849010956033,39.5758980308841,33.1085712047117,102.58694177177,2.28149407152397,117.93175035151,27.5740324042463,118.314540758456,20.583964555381,7.26866107737652,0.0298364071170347,12.8855486721209,9.60700575538117,123.01996247327,10.2017561933614,88.2583864474932,58.6077060185695,12.0495397028687,30.5552593444324,0.360467652172135,3.90815389524266
"GSM1019243",0.137911435251267,0.0214453230011463,20.143356224878,3.56488165136359,0.00886208867787778,14.9044506420418,9.99719719891827,4.68498753309879,24.6443386979649,76.8735309888824,25.8861385923876,0.567833002049029,198.867418266863,76.8411651809096,3.93328242459758,0.0601384917324492,72.9796496014413,12.2599166715359,80.8372094615813,6.92947074006028,127.349618333934,133.896508470141,42.5978836449135,17.7471564012762,15.5443588888281,19.9166612241521,13.079112837807,52.2399444895222,0.148337355128675,2.44161756498726,0.832590034883314,2.43958141874199,4.48708625066387,151.737306845853,3.52756162868061,0.0400685898609449,24.4273744977897,0.0746122829083724,11.5524924567578,1.33008627966061,20.1921968404667,47.9744137887091,9.8704006108782,57.6300695375977,20.7915849965321,47.0357209633309,112.333778252754,8.93859660200297,100.223110337318,1.43204773149743,0.053325205028025,0.608891506439593,0.00636767677157705,19.7528084239656,9.02785536317263,27.1002598534129,16.9725510481652,127.036621474446,7.34522814248743,0.0125344810781637,20.4531765630069,11.7726969061135,29.1169782686928,90.2120978433185,2.19324387811429,90.8752947832598,331.99223018565,7.34498796134741,124.198756013781,4.35102337638907,155.607854760292,44.9692073234796,127.766767108365,40.2123891369569,0.50734079519389,160.819258401764,1.78784224468737,34.9987613221179,10.8146867768727,112.854963540051,9.20115854576598,0.0941632345908225,21.8187726210344,3.77332547578478,197.643186455553,16.7840598212635,16.6443671362864,187.034997628884,8.9114580012365,113.159919556772,51.1936259693778,16.4789108219154,44.7479049210736,116.125075789398,7.22992898805016,38.1386717414372,150.082810267435,107.194787984916,57.8019924306744,30.0859499536078,111.494813908252,18.2922298496882,13.8010285690882,73.8983375364285,32.8394592227997,24.799836884253,44.4537061154808,48.0940282353748,147.197805066365,8.5577971710323,0.601207788521822,0.0726152522016103,0.0817354673992921,28.8199258192595,38.7342764248656,127.550339673164,73.8497521410811,42.6286635292368,9.08854681007547,39.4624296414432,6.76928320588344,6.29952927269249,60.9570444489947,9.78777374241145,26.0858198885715,9.99914287694788,45.8796944248658,43.2688581714019,58.515945187303,231.383132209386,361.197216225343,2.07754723469919,4.38976871307376,3.89859495091736,0.114039096590516,126.662356154494,344.362609286486,93.5809404106671,0.166823289369491,0.141795720733008,0.448790381164108,2.24872407440642,10.3950993133354,39.1943763263248,34.6284798516142,0.83806034375958,151.506174782057,56.9756565287922,85.7335216184798,80.1246059635945,0.197517833272414,9.50465556253408,2.07923043898036,17.4007995214936,8.63640408698744,9.42978402250769,0.00856593369012578,6.58864985749802,100.935853915346,10.1343154906326,10.5119863155399,4.82047458908419,15.38544063821,3.39484638179512,7.06860910160547,15.01358106805,119.85384372867,1.39257014062069,115.422197727596,77.1494834925212,1.67585850668352,213.147412579393,14.4455884403077,57.1878161303488,7.86239092625199,11.7621846945985,35.6124478255292,0.017915148565943,45.9877956130746,42.1497493167694,81.1913544007636,2.40271125495131,142.85634322299,26.6889381818099,118.646041950317,9.52477488432585,13.0259633574405,0.0502069820626988,16.4933562943533,6.84314703559703,139.969926736283,12.2895087063926,98.3074084672877,38.6604467242252,19.3100369826,25.3612395657028,1.58187968378581,8.42125481503271
"GSM1019244",0.050956685951057,0.0128214414086355,33.022326401807,3.17426281372126,0.011913098328852,33.8407088564347,7.14272228257221,3.47704972645416,27.1975359543067,72.1420672522445,19.5910089641126,0.760551652472838,146.621208460918,96.2789113151793,5.95259364149346,0.0463897169763712,103.317596735059,13.3323736908913,75.7293888321107,4.8204761830951,54.556725057896,99.4312552294639,72.012136202802,22.5971267751964,3.36891617000682,16.4935766668603,31.099242911218,24.884586864103,0.248345266320845,5.79523617114641,0.760585995356532,0.952751687491254,3.17177915966224,121.264605388622,10.1975270945687,0.0513864990606633,13.3104013305875,0.157647165506355,9.64719914855977,1.14619634639793,10.0183991233822,24.7462608983249,6.79842388783574,73.6952013156889,20.751431155968,48.8254252937065,91.3562920429658,14.9776531739315,43.5617007197074,1.80515031409278,0.0443842960954615,0.333869090749919,0.00846410405095027,14.4578252805605,10.7187274860541,40.1165899467913,17.6819018265357,162.310581099651,6.42160553367764,0.00948892416367178,18.4613096695477,5.57585583790886,20.6606051778725,92.7361506821045,0.894108501803158,91.1950476750284,570.166325266839,5.75505231695232,244.575284697438,7.50122702704521,177.664984318499,41.4993522459185,102.873601687959,36.3456905969877,0.360741259735805,174.184147209437,1.20227931315046,76.0928607000514,15.3173827295825,140.31357932778,27.4363430763783,0.102813917275034,50.6261623550717,16.1850566006714,246.633595077665,6.42826207260735,15.1261437830594,125.171214528396,5.08351729015045,74.4677999937865,56.302122743394,15.5820684095558,37.200517877974,161.42905961728,18.5772269457467,43.4908530140848,182.724788491729,65.3010082939074,63.0887324960983,15.0514881447789,99.1699643028509,5.96727060300555,13.8656384887187,81.5554742720914,39.0821007451443,17.6608465430786,39.4976145344734,51.0423625978373,156.994859489378,2.92680130763922,0.44598200458168,0.0661594558631732,0.0257904819769915,10.3180486683349,20.1335006433454,108.616049432232,45.822648135151,37.9082727563918,10.7390739207954,36.8453731662213,11.7118922184631,9.74340902566714,36.7969855134384,2.77416213876892,13.5302940235008,15.7788110393361,113.754154727536,40.8794220054239,125.187508101366,88.4071931375574,391.481867596366,0.581323542549325,1.0347854194484,0.725045971567262,0.0724213185198998,111.682228615156,458.209910525844,87.9292700359601,0.0913954243273313,0.0438389578796391,0.359868253147208,2.37386192255172,14.1579284040366,35.1574272432756,36.1132441978882,0.343733578248985,176.801240678722,52.7786819297716,104.346628870736,48.4823887346082,0.216028330356652,8.09266120008422,2.32188983844037,7.83205999500232,8.36125071508369,5.77746902111979,0.00497743335124036,13.5924298399755,84.4487821850269,17.7693919202693,21.6298566656291,5.67548089680379,33.2099099702862,8.22291104321634,13.3291864376227,55.7719015920711,141.958285386003,1.9038958561252,135.056725257742,61.6310887399516,1.21749741255706,267.547454581607,12.1604658008563,97.8217337158439,11.852072211645,19.0520127718654,47.4316325144112,0.0222686345636147,50.3820597378615,41.988014077155,81.422542253188,1.96236789235638,111.128846823821,35.9373350014191,112.66498714267,23.4647910388604,7.1243719655917,0.02497030470612,9.56196506180489,16.3765555684948,150.128728095269,11.1359103589998,72.1406380433303,64.0911194489583,24.8957598585619,35.2047400688239,0.616017456833773,8.3362478667824
"GSM1019247",0.0645201347995125,0.00739299845174712,13.3270106870086,5.7460889278282,0.00557735102524229,8.39924115188611,8.63111361047987,6.42835940590119,33.601500042319,82.546028770116,22.674308463534,0.603406152981092,178.900514121826,65.579140439876,4.12919347957788,0.0307444082146486,40.6130770057501,13.5915341864777,111.903366484021,3.76005583459318,54.8409448885086,59.2386597196185,43.2352006268586,18.0730999735709,2.05846165764802,21.7860424227878,20.723922332362,30.2490736263129,0.139338567082604,2.29784611249958,0.88311638159046,0.945692877215007,1.98282807273884,44.0312295141408,0.709615589673142,0.0234014750412303,33.799591658357,0.0917923535229779,8.65115361457439,1.644917940723,9.67167889653718,32.6291761028982,3.57317510845934,63.364068010814,20.1610883431551,62.3333927120918,196.847983547348,5.47718366143834,70.5722472770842,1.0194118911822,0.0319062604923939,0.177719429653243,0.00673912186007381,26.0487064404825,16.1777366816469,21.5926396579449,18.7016461437435,139.501505085107,4.7122244037134,0.00511079610822155,30.0091955640277,3.68502507347725,30.221139485589,42.7226317313278,0.677616100105775,73.0141716713957,230.126072796028,5.32333779545302,222.165443826198,5.78710792111284,155.4276163937,17.6845392958633,86.568367165689,46.152020643306,0.465691140274888,177.80956134072,0.816286211791581,14.7644897581011,11.8260094800037,126.041890896496,7.96400378239514,0.0387502709404642,10.7446089396124,1.31470158253383,229.382315518392,5.97846430288586,11.0606398023767,138.239141078125,19.4232089618847,103.744807190368,31.813740834812,12.7043178300821,33.1721250201037,134.632750331796,36.9064793201787,19.9936020276252,147.97303657671,131.375231397346,59.462859056573,26.0583497063914,103.115335845357,11.2523154926866,14.3509771892588,88.0982422032831,28.8996403487474,22.3938842172551,37.7795344388633,55.8027923547363,111.52569375292,6.07127907859241,0.492936345014023,0.0568260796574898,0.0198935309487554,14.8475548806375,16.3568130775226,69.6522263214508,31.5202395141689,60.8605356156888,9.44304217444263,38.2750745102295,10.1446189277091,11.1970295445652,51.94627939462,1.96481039862236,8.4070377320813,15.7283276398685,27.8227786106934,35.8055487047067,117.653083883545,160.02187943098,413.899538079045,0.491764914497319,1.31747749331329,0.690627395827128,0.0578718026863318,96.5072597340175,378.833462969687,90.3357566573519,0.040299470133147,0.0200789095110471,0.219059556401181,1.93522566986537,14.3834572277426,69.3187608921871,42.4057093587259,0.690944495329352,104.935095542762,44.2998912724705,70.923604048982,75.3053966691918,0.175996592599305,7.76443591280503,1.92816674042183,9.94914686429367,6.07741852461096,7.96168757401844,0.00746812584510175,9.16281568440087,78.8975248417776,6.12162219271355,12.7683258731926,3.71373471491108,18.7853295911603,2.87311380705093,5.96119796218108,30.5076879470537,100.738004278383,1.21873398313481,99.2560699761514,67.7553074699689,1.23235745313078,272.144908426035,11.1531620738295,147.760984757843,12.8210665773615,21.2029466422314,39.8932754186907,0.0639312541662332,65.4577827782455,42.6523232037146,64.2472961647128,2.23994930344423,139.618389209897,20.7458656612419,119.880983144691,14.5815106866459,6.30531171589607,0.0115888731360885,10.4968039188285,9.32851150923509,127.809820519127,8.85590496499225,79.4265370858883,27.2479360329292,28.0163463381178,38.3538962552242,0.838696242942856,9.62858357105028
"GSM1019249",0.0839868634144544,0.0395824465639718,40.0642883698248,9.69694666797612,0.0142802338494139,26.2640811035423,5.09348405228093,4.37417977373853,43.6705308269018,93.5485466593467,20.3715072966389,1.58965076297869,169.344454886584,82.1282068977512,3.85454744101413,0.073153295148028,91.1149073414446,13.5305104799766,74.4351508044023,9.89563243655519,62.7172462059494,117.209692646589,87.2650446950478,19.5612213592,10.8437250381915,20.6423324091273,13.9688301589281,38.9558666629363,0.158379129972785,3.57743183590025,0.733515862757404,0.914712725016285,4.84656416819856,149.525065063256,4.6073589014052,0.0884929372150462,24.6986238530714,0.0871479203768981,16.9224868531808,3.39484599781572,16.4021525735466,55.4977120508156,8.69665382383162,110.343698303819,22.0298651668434,37.8379048167045,55.5407188407729,13.2960987925559,72.7769034333926,2.67804626068607,0.0634676199811195,0.36933945180719,0.0058072931910255,16.8245714896945,9.86610998225908,39.7463091112812,18.7107156683957,188.763887740358,13.5754996663832,0.0362967205286178,26.8720891947418,7.1813319318152,30.6928956132837,90.1509050194017,0.709377164124155,137.102299778026,541.955313151877,13.3646175423319,247.372379889849,7.72972466095264,213.358998924604,70.4169359805709,151.51616027496,50.3536902794471,0.265549586988553,181.570521073263,2.1935534754576,35.4028511832672,13.7096078071663,149.882997185287,12.4698725452662,0.0842010121687378,42.2197666303595,6.01029824531396,265.376916350385,8.85494241973521,17.6491608412659,161.86592830277,10.2909572536685,75.1463499247736,66.58420393503,33.5799671154616,35.8744828063304,130.966090220523,7.31234301135444,36.2219449716841,198.386128262344,74.908693329909,67.0336649247575,25.1137226663909,130.187035938445,16.1076180767614,15.658179783326,101.365481709836,29.6782832723321,23.2850486208678,35.413214880648,80.933600747856,169.157476970177,8.22280388232817,0.84338211848857,0.120863890752904,0.0641729585317963,10.4949025479799,25.4766565272924,170.327528023414,61.0039320014895,70.6894690325201,10.1828747437878,56.6993075787315,10.8449696730646,14.8203429898278,25.5904513796317,8.4109793134496,29.07463879076,35.095776038688,91.6160983328001,47.7440889633713,67.0642434262785,181.136621131811,520.649117353229,1.09095891763502,2.10793331285213,2.60858251740348,0.107238486549335,107.617103976369,459.610572181595,116.106816877437,0.284902370931849,0.248293810551135,0.766595051777921,3.12962983500718,14.9291624599048,22.0968594355122,34.3041009817876,0.490237734063755,207.973999494989,78.4021226591583,114.488570861333,121.881195386862,0.166258804782664,12.9871442879348,2.66247427147338,12.1273614279544,10.2305377873548,4.92646021527232,0.00643325521998954,12.6363648516622,120.587675112128,10.7794171085355,16.0573758096768,8.40111536675309,21.5408114744081,4.52062517064965,7.88413470256471,29.6232453325059,184.810147023591,1.26198204848265,158.735325042492,81.6219222951847,1.31769344344754,320.48325673506,13.9152090672864,78.0414471370889,15.6967234286441,13.4319605310057,42.507432819512,0.0134924034027605,56.3903340294586,20.4123401496624,120.315264670644,3.22114495736332,153.58197849741,24.2890697018137,127.450783538512,29.2565125230281,9.50091415683281,0.0469767834624354,10.4385919768097,10.9910735532945,157.486792139257,12.0099422053066,90.7265106047525,65.1746144149583,19.8731372110953,44.0138341177268,0.788255642063648,9.80242853511299
"GSM1019253",0.0613583319288215,0.0235084488959588,34.105047044359,7.77037754111352,0.00871012759890849,20.3321194951828,6.18503778427135,7.08475505888125,43.39033213042,86.9422820733462,18.8703557057616,1.19116223139372,193.579764757289,64.7099078152795,3.19883016359474,0.0447551250083249,107.671591957684,10.3283930247387,79.621156832472,7.46585979201742,207.674489584646,147.834948307969,55.5248433158421,15.2325920727628,10.1790710427794,15.0527761854919,14.356588384905,53.9471910616618,0.148227937726834,3.2580823205499,0.725953545670365,1.75151264205935,4.13428615610105,161.696368527637,2.5724143083525,0.0429265177864348,30.1634080813176,0.0774794797292479,23.3925869173895,0.889527751245757,10.9241425265015,54.7722818057008,16.6373049896589,64.2204914134986,11.628079071861,45.7376678869974,97.9965969216263,16.1079934102663,73.475135941798,1.88735215789098,0.0633508927713304,0.451819194698742,0.00705875072552104,13.3854043754589,4.425413925835,39.8592737831697,18.2125617802229,167.129735166371,10.9134241752699,0.0181792191317826,26.5326465231111,7.739907033924,24.470422727075,112.487243037024,3.29255176523758,126.61493932997,407.416803712372,10.7792438616177,102.630065564567,7.58807912344596,268.543163324982,40.6108880329201,163.831845880998,63.7960117780256,0.377292811669944,153.680549539393,2.00200995289534,35.948565885513,10.879563468759,77.7057656244966,16.4434681185075,0.0901456802291043,37.1340031503358,5.32707035913342,240.046364545657,14.9193253405684,18.7292067756748,142.129608227969,16.3063742965326,85.1564285449076,67.2046523537966,26.5835342773969,58.72512423012,149.836409918786,3.27419827144662,52.3002067347111,183.76627925161,68.28690383553,63.0824005892281,33.1026047416932,118.554454500346,17.6995861686248,18.2571720106606,87.6194179245943,35.8287741254675,27.7082302338522,45.9947925176216,67.3479112945637,178.217192317101,9.00576113772641,0.738313890636072,0.105200656466639,0.053517692083314,22.3132760441522,43.6572884764019,156.380460932266,98.1473486087204,78.9949172084474,9.96631753227041,55.4845143690631,6.31388071553982,11.4521301331162,91.8478586650254,8.26752606057529,20.1901958219607,20.9399394922834,36.6132647931204,43.435734830866,89.8319140175849,123.141108425442,381.618597630516,0.760287709681734,1.28928544230954,2.30677680937868,0.073895833845414,212.631492748434,384.397659945649,89.9818386533552,0.245667750940111,0.0716763838411728,0.637245856435951,2.32636453551583,12.6082358747186,27.3992106792652,26.5853489914048,0.549982381759319,170.700649006584,61.5197978082766,93.3659663325249,44.1140465386752,0.167491330975288,10.7117708466281,2.93124353092066,27.5671739354596,8.85897756796789,11.2619803871236,0.00758926960977074,5.40357954041287,125.714133797362,13.2265173311953,9.94722457312087,9.23003988717245,18.7450641390056,3.30923769952133,8.22843851982537,14.6713031161245,132.034496399047,1.52727528635221,148.733743468023,81.1430612368411,1.40887250736546,218.051679591148,32.4073040658529,93.7239495088746,17.813569494215,9.08655999007622,56.1387403425516,0.00823090342163501,34.5265710908266,20.8027108678639,85.8027474008279,4.32753601936889,124.915758855566,21.6795746003549,137.479578075727,26.0612058723943,10.6180311803363,0.0443254180797819,26.3484834334724,7.78187956896931,177.230206302692,14.5992253429606,72.2909213064037,79.6359570852416,9.26901926044249,24.3244017662473,1.41359054452358,9.22046013740264
"GSM1019254",0.0398165087544278,0.0139414990779257,11.1186568724864,1.96515648053305,0.00797606733117937,27.1485918028981,2.16231732617993,3.09114919994185,25.1553127984125,35.4327644006005,19.044213591029,1.20341709519115,141.783700561414,61.2713428092018,9.39781776753007,0.0278701048688068,60.1665796953419,8.78413258406216,67.2814160359584,4.57371727227494,21.8399312354881,84.9623810213502,34.3879928169568,17.2978444991028,4.98883353316492,15.252217949626,14.9727194620534,22.7808887212942,0.104160101728584,3.10930447215942,0.700697313744903,1.02393191300815,3.03322030612109,72.2553064456967,3.50306268886493,0.0438983447502957,23.6414920666084,0.062330383214011,9.9825555063986,1.11951755449776,6.23234705661391,30.7643427320073,6.45720229655913,76.222973766094,14.9051384032078,46.9151569363752,72.6504630483181,15.6263530680091,30.4744442857903,1.45792638352147,0.0484324244786713,0.1452560984543,0.00868753432376232,14.4730680186359,6.52950240858835,30.6739062577422,12.7988167179121,130.448968878325,6.63815115404482,0.00725134386167882,33.4920979828021,4.63753053343017,7.32554945357896,67.1422016165954,1.91787840660057,56.0573862603748,254.979191823749,6.30525062558563,75.8107266668631,5.82417866770842,132.41989793586,33.738138102648,103.71386117275,27.7791818378508,0.194841822438745,118.70364437639,1.42205946010513,84.8369409865698,19.8485963890441,89.6885994907254,24.5039582616801,0.0532728056578765,18.3517956642409,4.7035862502673,169.051152945299,11.2262826415247,12.9185789886807,117.537369230548,4.87262166607025,111.786919980432,39.0176655084959,15.8731395179667,32.2506830835676,105.210905392719,4.97964210567369,29.294021081509,140.051922428616,49.3905569524471,58.835260600671,17.0804343901227,65.5444421035553,7.95061316611137,12.4499066635648,70.2339428546158,35.472896189783,19.6414125365739,36.0592571189837,47.9575002888006,114.989744708845,3.69892868147711,0.500244831748648,0.055033993590952,0.0352634555818413,12.7957872197316,26.3812003155366,102.292278661323,39.2636052488495,34.6457645867584,7.94581195813767,25.7708297688336,6.16497683393752,10.4240678718926,69.0029249005604,3.96875320773075,11.3432321380496,8.94043105022708,112.409559789,28.2974273931021,190.155750959557,96.7484494872622,293.699588362282,0.449224142945978,0.596014041976531,0.641630087507513,0.0529710467960018,69.2274191756629,256.7251500625,75.1967104011289,0.0706135616844602,0.0566238479334349,0.331696248963533,1.69118968434859,9.66242012653153,23.9592851581794,31.5149151334848,0.541508853863638,119.562477792536,37.0749272907885,84.712233097464,68.387805852562,0.193294607597952,7.98527145768951,1.95074967303702,15.3257117502844,3.64742701799506,3.46406497262107,0.00508326294355396,8.37993025921261,83.5118045948552,17.5717978551438,11.5045823078661,5.74207709101812,24.2080903163942,6.71051567362463,8.18094872594208,23.1735554823598,89.0447652361976,1.01976069321982,102.716802052844,55.5782710834724,1.20220435315564,149.481867260548,9.67589618478728,58.1906623770958,10.9529090493196,9.82485553611711,42.0657651183964,0.0135957262255746,32.7417584101027,27.1951369851117,64.6748155928999,2.17262273187835,95.9720665685841,19.9453374753205,87.9628092898249,13.7670737467834,5.4953761878042,0.0192132174140841,14.6171379391092,11.627742729991,104.842977886772,8.55954340976791,76.1863396070149,44.2108984949858,17.3723662582646,16.7032961984086,0.785238907338361,2.84135857618703
"GSM1019256",0.0553978134842419,0.00902161909066652,18.1360586798117,1.58739824029708,0.00537063387291767,23.2487884891661,5.77390087525893,4.7395231900395,30.1735895937562,155.827406960918,21.5495807905856,0.574001271555077,193.181305082406,90.1807749376045,9.14002979588983,0.0877362232427502,133.234886842987,14.5056334295199,112.226444784628,4.44330360645495,119.028758107106,150.780798760128,70.3294529527402,27.5038397815997,6.3845664666673,17.7512007971421,33.6893501391818,35.8647465552261,0.138922276629256,2.98319048303906,0.949725818856616,1.79344098916663,4.10125691745385,54.5657627687122,10.7364869226167,0.0222556721607198,13.9762184180289,0.0830979309468631,12.2656035359311,0.722844651492456,10.8483524059293,37.9516341451243,10.2504950749202,63.7629969220804,15.5673005741301,62.1093913379547,143.741123341702,10.1095257391425,107.009464836788,0.693411968642779,0.0581525491341879,0.0425613716328099,0.00719702335222242,23.6240384246017,6.62706492200686,34.9225368572582,19.9805131814893,164.65101315143,4.85255511734163,0.0143606320126074,17.7831672679885,11.2020503008698,23.4530091075412,87.4798870001029,1.63995293425998,89.1053048664047,308.303708571191,8.37417335268698,261.571999283011,4.72410446873537,232.215462592838,82.9968560918601,151.96153822271,49.1596660792582,0.510156421283581,198.790843440504,0.674759543500653,64.8906549921355,27.7355972544833,148.730255443613,14.236373282349,0.194326574490377,25.8300619695565,7.10356649775964,266.21793647504,10.2803977787141,17.9525413227774,150.580159502875,6.70898779386501,234.964340063868,35.2428961850702,7.56723544015192,77.0748708964259,205.724942754664,19.6226398926999,52.8741341123911,203.396405809969,147.618196476514,58.0709233349331,28.9001005164922,122.74588344063,14.5941680782255,19.989542648237,59.8896076281255,48.9360863184956,33.0582303453651,44.4910529211543,45.3299302731042,217.318114764964,4.03817689065721,0.696704960381441,0.146293816002817,0.0459613082159734,29.1169895627027,24.2143362707531,182.029075170881,111.758922655028,82.302154377901,12.0557978696037,18.4671847600317,13.1209364513973,8.14980759386688,79.2262793827974,7.34521647712219,30.5731421507261,14.3928143086551,92.7430274175386,58.2747931084111,98.9616270159932,187.32162928512,394.674017237438,0.74571438348761,1.56072519784718,0.792933102431635,0.12630032313396,180.169305328667,587.191901131752,93.9758162620028,0.068769086615923,0.0420966346583754,0.422602565112786,1.56239850569492,16.8890193675834,88.5052279910102,57.3364911803735,0.659383002017897,175.447847456382,40.2476659327665,126.068734303297,44.2623542756942,0.283526058124044,8.80426641235017,1.52009553840609,11.7627371917337,9.70865618859464,8.11794615201905,0.0100269933992955,15.15570703158,100.707689840609,15.6120685756281,22.8197457445485,1.47554634920561,29.1285875202277,6.69126079709129,12.7019232791027,32.1009777134223,171.985930976003,1.24418625092653,152.838252361402,86.1807554017329,2.62328825894721,248.034363436762,17.2096795182835,88.921602259946,4.11503355006263,22.527643738163,37.7992296805318,0.0222265131733549,65.1305959460947,55.0111835855708,91.5491950990956,2.39318212868307,193.057340359744,33.7203873930687,175.572664951792,8.25344812391309,9.44507657230328,0.0187490819847001,10.476646018242,12.9580075763705,157.784003460991,10.7509273490033,100.974923997967,28.4745045402797,51.3859308101139,34.9821830276946,2.80098339784055,14.8990493429508
"GSM1019257",0.117734419613444,0.0534079532531802,30.2920222711006,6.87297296844398,0.0208138450035675,31.3298300507141,20.1200158221608,4.52386959327942,53.4226681236379,85.8178849442629,21.7709623606282,1.48494029079558,169.720563552984,82.5424084550907,6.50680387595847,0.0606514424736252,105.046880110049,11.901026709566,80.2840264614495,19.9783753931075,122.485605396759,152.128523760052,73.8366499236051,18.9322609748671,9.43913627013088,16.7976750979578,15.7433508476453,44.3475079580727,0.215933993359862,3.41444854764296,0.788640643420287,1.78879019780486,5.13850831928056,159.091716014966,3.19402129842,0.15547494701855,27.7613783099943,0.116950412659939,22.1105847955623,1.25419956605108,16.5294755534197,59.6959904239877,10.3589337138133,126.149446557205,18.9281148091044,51.8428212143146,93.5935050032676,20.0924488570692,92.8846719097562,3.9737572112253,0.0783585906798466,0.335825470997461,0.00819367733118156,17.6494852506489,5.36359875964761,47.2699663122216,19.7665428048736,213.09347607914,17.3003697463654,0.0131746476070582,38.4598821989153,7.94978292413461,34.2502370619508,85.8302298890725,1.29913711646766,165.511055968152,574.051754275589,17.1223565364668,290.152809679273,8.19997254914358,268.323339610918,42.1337435898664,147.334900684118,51.8744521388322,0.363195833118057,232.712086018805,3.45175678192664,60.7640380782683,13.6285111430278,187.598295835848,29.5268287774775,0.130044571175041,41.3399486424558,6.72190355236907,305.258788729509,15.561217878215,22.8244441603584,175.60889031861,11.8252839053237,118.569436612235,87.9776704864792,49.5441588222525,38.1655314538495,173.169268892977,15.2479238901434,59.9316456376743,213.093505313927,89.3921401431812,94.3613881094685,31.7658293149581,134.801274216678,16.8556450343577,20.2136492312224,132.755567771101,37.176560571672,23.8118416388197,45.9099995145308,78.9644693653662,220.48466241458,6.36082539785659,0.975133189868573,0.131180507435034,0.0486362732643619,13.6145746743325,35.3773492496924,196.792431510142,69.120455620848,91.4406544262369,11.0640678000895,69.7811326704374,16.0844480281923,16.1472952612513,58.3225248380638,5.0687244250736,24.1507246964817,28.280190360441,129.667530043746,55.0140759423332,131.871944532692,160.653513530334,620.570478086077,1.57084385423119,1.83119427022383,2.41277708400908,0.116410452196343,112.402235094766,483.205500017641,127.406442608047,0.343101972071717,0.334223839918575,0.653236122233094,3.56953508772372,17.5009503499695,35.1326674107197,38.3897844588335,0.75688049759493,226.834044576298,87.3002204638425,137.208585448646,111.885501771501,0.196411949663048,16.8590740640566,2.73775702405144,19.2205321269535,9.27077454766377,14.2388997558831,0.0104199906960841,12.7111213258365,124.753595431989,14.0824367404412,21.9592078994438,11.786553261544,17.5676233305352,6.54766858761992,9.35842508608538,35.1982144489637,180.031532704719,1.48583190326163,167.526116317981,89.9615211218148,1.86376005290251,302.017097294747,20.0658782420452,180.643942153728,20.3625170393275,23.7327653335237,45.4064637929653,0.0190104251256842,60.9644554642377,51.4830389369285,136.171443925771,2.50353998753411,179.134390123975,33.6338457757142,139.754162311584,31.7578748859083,12.3172667928524,0.0835569938100995,16.1711996701176,13.0741297915336,179.045681108882,12.590450334854,110.451732097628,79.9947388924252,20.9777963596289,52.0003180126079,0.943451572328708,6.61629026118659
"GSM1019258",0.0501788563281212,0.0221258560682755,22.1544022783559,3.27904678950338,0.011423347143804,19.726419857019,8.45257199212852,3.91276879539766,22.3672700901725,56.7657879486273,12.7388280534883,0.82961911075418,142.474997789019,59.7027998322998,4.49564857300522,0.0518871992269405,49.8028961251452,9.21340545543887,63.6725569406319,8.50394007886538,39.0107010945368,90.6397486062116,47.7899673819531,13.996002436638,3.20189505401733,15.0326109498422,8.43400273444732,24.4556123509647,0.176238849873952,3.44568676229626,0.751851596979897,0.924252309025161,3.84640145600167,101.626248152661,6.84521132246679,0.0592426114442759,12.3283188801516,0.0905833314266441,10.0475334046896,1.4359934453402,6.54211405038181,26.5972993752265,8.82326446605238,45.927617358867,14.0508679921171,32.0903472093576,74.2548561385272,9.14799868640347,48.9286997718328,2.16797541745194,0.0389172888739157,0.225295676125699,0.0073907603005337,10.746632280079,7.51214156857862,28.375249554119,14.7467290115553,127.399331254398,8.34954098416059,0.0142198912524032,18.5039821207343,4.52641079730988,16.4928709256796,66.2222611120868,1.04455829311482,68.3169903322403,351.730709490112,7.17583767208006,109.140644237456,5.03510616361073,132.029874807461,38.5708228568969,87.3087695939336,34.2265431382941,0.310483200647617,128.650198549898,0.772795092452395,46.2836091886999,5.97709976249967,80.5112412959005,21.9734853187355,0.103850891001781,37.4366520744211,6.67802475769021,164.093928775486,11.2099562342558,13.1918253012076,139.760221144928,6.35384811867992,91.6434283521172,45.4469369063924,22.0010013747962,27.5549978335762,116.466687902708,6.14862708940067,26.1266798361917,148.002761677309,59.9311802274095,50.899403890769,17.3632767914851,97.8053347413797,7.85085229761937,12.5399565465661,70.5768796096019,26.2114683127655,18.1154721949449,30.8668500092101,44.5980572340296,130.142936659898,3.53602294756925,0.537028216565863,0.0702153278640668,0.0248757984160168,9.70069411955495,25.7301898810496,105.326157719443,24.9001534551509,20.3399931659551,8.0758603496082,30.6560329323864,8.75364695853311,9.63549943215566,28.557245432423,3.32867288536444,14.3294837913891,13.581876544145,39.6790788962867,34.8180957926764,133.594793422084,83.342923456634,400.223691174275,0.545880359400847,1.07860136902563,0.811579695243411,0.0625526571688549,111.453270488019,304.489133246934,88.8507934059859,0.141833125130393,0.0800239452549593,0.434973067728279,2.40468116800856,13.4154797938407,23.8580938923997,30.2664975625109,0.429238835056526,117.840782584636,44.2347900552961,72.7694817624252,49.968176407584,0.210472179294081,9.70132743637699,2.18524863900223,10.5784726952827,6.41765880806509,9.351214724057,0.0053244820009748,6.38868560745147,87.173468366488,8.1172393405155,10.0269484118383,7.79599321520683,15.4224629925752,4.6325058179963,7.60355682236979,19.8963939472261,97.6024949913823,1.5681591599302,112.33980560258,59.6005152760124,1.56226398239714,201.237212507498,14.8999781787563,61.8807956720989,9.44002986542459,21.9350978614657,38.7883761859612,0.0252014536035738,47.9208052434162,40.2944972422993,93.8889534355916,1.64645567978256,116.506991074768,24.6081246193218,84.9251024438302,17.7981124552407,7.84989710977801,0.0409062696763944,11.5177549885947,5.54445430705329,116.625061711052,9.22698901315404,65.0623787394154,53.9773096603062,12.0077723592726,26.6271810313492,0.483477676508533,3.58956127929966
"GSM1019259",0.210344185849936,0.0398543178447847,44.7453451231895,13.7906614754162,0.0237888176692651,39.2513215892495,4.88051596316713,5.19515211120586,51.0929261187659,101.314656585579,20.9492076436892,3.03556257400968,208.049322239216,76.5977712334217,12.6807403893205,0.0949260270074506,134.121029912183,12.0185344385269,79.4937937442013,15.6449961639255,163.745988859235,204.015076135821,71.0836581276435,21.2060439373728,16.4249967380878,16.1666301719225,29.1186111312094,72.9564441628118,0.340258451472156,8.4012431614905,0.884575028512298,2.29130099730352,5.68969796414312,266.281649387004,12.5767559498304,0.114443885110124,36.4880610764095,0.141470847457088,15.704657243485,0.856555978861696,34.4016546640362,87.1805751640384,12.6238899391598,91.9454939499001,16.6454828943513,54.4818804784673,167.826016620146,18.5236471748178,111.811395906681,4.31132904578469,0.0701647955566051,1.55200464271799,0.0116068559112674,20.1944374313018,5.02240993604496,41.258442866382,19.3873030460204,202.981999255725,22.5016944210833,0.0243911208681535,48.7182224949803,15.5024748622778,39.6437005727023,98.9999024115004,3.34112511363491,134.564171978369,553.582816204631,12.8937711442199,225.923938919895,14.3272871689223,232.519950622906,83.3708682617906,174.868607997084,46.5668639124735,0.695752984795182,194.689949543843,4.018463187071,125.414233520348,35.1477932081827,164.847938627238,43.0974844886092,0.541347766311361,58.0598853008032,19.3270214238218,368.917886133462,22.0455817891728,18.6517274266143,182.094622075796,9.42873985361306,206.13288298511,40.1274489977351,61.7400943525337,51.2992086400154,211.322583237575,18.6379011679601,62.8827521080982,228.259389795234,104.795826975219,75.4622433160123,56.055180264478,148.301516057915,32.8867199291631,21.2311830176561,80.6412492700733,71.176602199061,43.3252443607215,46.005306758462,74.5816407605387,215.164851411056,10.6314779045199,0.793581392907612,0.098436592806332,0.0865461954072035,26.7343121195472,54.4214281488643,159.266935307949,75.10673134592,47.5608374692605,11.9375827744981,25.7138382222626,22.3256720392001,17.3365937863018,140.44936518846,14.5500539087127,41.6562337254329,15.9322307362287,179.654033372321,45.4272905452428,219.31320935,360.075233668633,527.907796320966,1.90271346003373,3.03079813331822,3.56954981802171,0.170488900279915,252.827933695475,505.798389313658,102.223562231937,0.298146750609411,0.313456945652294,0.774682535229223,1.62304306120816,17.1055731320171,62.5284421652871,48.4302713833805,1.04141927642325,210.698061686122,35.8240400960519,116.644907592135,101.977879745698,0.242923337722194,16.4745732883538,3.28926386586241,25.773405584488,8.42078515602705,6.04022554153655,0.0165255299397864,20.1645888642403,114.596897740266,19.4796427521417,34.7477097229339,20.3549106563314,39.1150195934092,8.33159657589747,13.6788010771077,48.6295299768914,145.705438357948,2.12550608868104,138.558515118927,110.640908770519,2.85927212405837,330.601408969107,23.4251942427667,80.0759308577706,12.9455451799244,16.1508031786569,49.3590077238888,0.0205074904317398,71.9586403007743,48.7981328064945,131.921174755406,3.04181995506412,167.024108596775,35.5467098215966,176.655288578546,47.011418540649,10.5789788371558,0.0806754369800378,26.6029077722332,29.2746695610197,164.042091618142,13.333243889291,110.19761390291,104.499649025578,37.1236724622577,36.5565105057061,1.83482742136943,7.363356150903
"GSM1019260",0.104419950998055,0.0160402974714702,21.9569047004716,5.19809559385601,0.00677868987783549,22.6371315730721,6.35157176963509,4.05773178569866,25.9139247548162,72.0189290269894,19.6490841812102,0.536125975131908,143.245880083476,48.8539207382532,5.49286970330586,0.0197889824256065,52.0971935547173,9.86509105374415,85.8807694335697,5.90959977494367,126.686386606345,116.174530058789,59.4263828644831,14.413518432324,4.98874394334647,14.0986775942272,14.6263084029992,31.0724736725773,0.0987040182623652,2.65400532539329,0.65881146626944,2.19101747338627,2.82303605645584,108.196090216243,1.16325811929948,0.0355142605761751,26.8979561912593,0.0707505612027201,15.5904938286389,1.13140015239301,16.7966864856021,72.9760519687606,4.63501997638565,87.2501828852551,12.7840681878768,44.8820317813773,113.799483654165,10.5415362186552,103.729255264616,1.33643637745902,0.0769468939190288,0.341301853403483,0.00531708043747137,13.7726669314472,15.3434890390687,29.6664269821407,19.1448667115962,159.330416940364,6.11806917471847,0.0222085824324844,28.9042112329999,4.46282662191558,27.4933086824086,77.8577449387905,2.47451347287879,79.2147156835651,399.676046208432,7.99483965610881,155.212190103882,5.44138330840278,180.47138726733,35.8914113659936,131.821601945008,50.6311802357104,0.340081759476155,164.617233086543,1.2158996510251,54.9769599216848,15.3267428522444,140.470134161667,15.8420686894805,0.0571728648725167,28.5411538883431,4.29380556155477,229.369075831387,22.5649256528393,16.7661473693994,156.359169217965,10.3529937595507,111.896853842971,75.4145633574751,22.661763072673,35.3767524128821,121.479343800214,8.04905804699321,32.7014388063496,163.779209256926,92.950273692952,80.2251987808858,18.2441729422285,90.2699713313851,8.72340586634113,14.741138748592,90.1432603017901,29.8710496871706,22.2514360328116,37.6093100635036,55.961875541661,170.67751634473,6.50931635844991,0.785299800028607,0.130255285904888,0.0380491872425841,22.4882905789368,50.3124594496826,144.862500974044,76.7485594631876,107.295513847106,10.6810881669891,59.982090717585,7.23721416191995,11.5145403570935,87.203573973335,4.09842296689988,15.5686031580006,17.0756074435902,75.3047475072718,38.8370671204411,219.960980812791,279.103005483622,503.430764920798,1.44274956457392,1.32582689957708,2.68233441003979,0.0945671790701644,82.1690891148899,415.100874530895,123.103460348858,0.104478606057892,0.0465728048387034,0.460751054398811,3.99236097804337,14.0298705320766,48.3194397439986,52.8354408562505,0.631756383218875,169.210259358811,69.9893399087925,116.251495861863,58.7101706846661,0.16454281216393,9.19738205417806,1.94963847326258,17.8136428493941,7.67526450084961,3.59800628732504,0.00629741101299317,8.58134067460326,97.8753643860883,10.8637310260345,10.4546345633132,5.05548254615953,13.5080315143949,5.5538684695958,6.53205022390249,21.5432855811072,140.188862935529,1.04151629853763,133.825194919608,81.0190156107113,1.37939928231783,241.648193612926,10.8809310602474,88.8914125750167,9.97400033446475,11.5346763112688,36.6359716843216,0.011949600995303,40.7054948659056,22.5312925382429,90.5675386712055,2.08710406663844,142.806734473414,23.1309230367445,97.0804038640446,19.619332892177,15.7588063448095,0.0260813057313981,18.4470155235168,9.6896522206727,117.466484156599,14.3902017907058,97.7109613531321,41.4780638084743,11.9550132815027,20.7771204945864,0.727601907111931,7.42674157718759
"GSM1019261",0.0773975522637913,0.0108779995657117,16.7789596042781,1.6331290683464,0.00552308506338833,19.8663669825255,1.46689316790599,1.38387714752341,12.718138763483,36.9411724756413,26.4356838135274,1.06337159353695,263.255947830046,121.764394440799,6.12646238666456,0.0522100336027387,75.5335653028611,17.9155008349185,105.096508845874,2.54121889970445,133.464898307816,119.203540608428,24.3904975922095,31.159927795198,2.30788951454439,20.2220320239696,24.9700252579259,12.0673393643649,0.228414761408144,5.66227408238836,0.919159955309384,2.73482928632301,2.69817474604375,185.628259030481,7.67818284980076,0.0205287259548128,19.2650124254193,0.0839984000400522,6.16455511902214,0.394287711180003,12.6823578689057,27.301996145549,6.5877192111614,36.1767602316895,15.0678345363446,62.871047090788,148.543761915198,10.2736954669897,69.2643419602654,0.624237043345136,0.0557373026028978,0.890939959063855,0.0106537623104313,19.121635752381,7.94672782701041,15.9789265092384,12.9385302426425,134.146040288135,5.35255305940708,0.00571451698810675,23.2878447051396,6.59716624552639,14.7917490132714,89.5995183241383,4.74143964233752,41.4294077191159,271.151909754473,7.45911591962537,172.579346511157,8.59130378415899,103.509186481477,48.1648037026603,124.421878816114,13.8261873701349,0.267394427384917,115.09680731907,1.0391236012034,98.839223375979,39.4040971933225,147.936882322817,7.10523744799555,0.107095915259971,28.9228509110716,11.0486209762943,144.694013248545,20.4060808026156,13.9280944308508,146.49536898279,3.25581365238253,84.0157671759129,34.0664513111739,12.7075189517454,48.0985398975123,161.085988583758,24.6683371362675,35.4504190486026,152.148526914096,68.1716740316216,47.1428328826678,15.0197701326121,68.217604869128,9.9581080917375,14.1902455723038,38.6421321648558,55.7675007800091,34.3739564733531,51.5237404437418,39.1069021750951,149.06302707247,4.47875923294177,0.674774583397553,0.144482638147758,0.0322823784391774,32.2247793828846,50.9195894781768,98.320377110947,58.095927083037,22.3863195773309,7.45592354317663,17.3306143956515,9.97806884965801,12.6977084100117,252.535912512395,5.63853920625892,18.241048377616,5.18564875978995,105.816681440501,31.1057921863518,163.421435090001,116.40241475393,316.41932124573,0.988951538016936,0.830719844547232,1.77505835042046,0.0575564115216435,102.858949828433,323.886497745191,52.8612430845196,0.0470844657019907,0.0314908457386354,0.311750113417122,0.893747320583561,8.24406325979332,39.407536791393,33.0652808831445,0.466087034633803,96.0179744339909,28.2865448146357,86.6768796831353,47.1617163149166,0.228445607189508,6.79884595683597,1.92306283886463,9.61601402799145,3.28738987686017,1.74180677369348,0.00451209204812154,13.7450597401281,69.1923120069213,19.7530888102698,22.7203051501711,4.75439830337135,75.0933271286061,3.92209531777595,7.81674865117691,36.2637095247059,62.3857390330501,1.9846152381753,80.3837257407469,40.1367939552658,1.13876574444332,137.293629433426,5.84683640388802,19.6583081561843,7.58589237690824,8.41569531226967,28.9018932501996,0.0124248347417872,27.1815803855559,19.1654326793462,61.9635058023375,2.081436968679,71.6230729119128,19.0823664014696,135.650667473542,13.1122519197738,5.36898545745526,0.015114729493752,16.3696657611132,20.1885248618708,85.0278936656479,11.9684541568468,78.6351414892837,34.5630371745433,46.4793703250123,24.4601812879017,1.8356623203725,11.3291197369673
"GSM1019264",0.222512505243637,0.0288338654751598,46.4452847016708,11.2928047023971,0.0142977873435416,22.2183808479706,16.3972453799219,4.7560226880108,46.6283029323029,123.032871598122,17.7271567985959,1.36864559184984,186.000503481481,80.0550517923135,4.46449634435123,0.0614634533745357,95.2486850493675,12.8137942538069,87.7060534192642,8.8138215793922,125.405236639332,136.640298444899,91.0188322412183,17.6293192122243,9.5463618553261,17.7645675131082,27.2226148265456,40.8106015280537,0.219119828137238,4.67714800672956,0.73607407852049,2.53300073297748,4.33265346176745,207.413671052567,4.22794073899356,0.0586379588887172,21.9903947994124,0.142907137863647,18.2198977469032,1.28452902004449,33.2679249137144,71.5022974519747,10.0110853503395,100.756669560075,14.6185145835903,43.2573969878399,84.9926222954064,10.8907423138832,99.0209909975481,2.68363098163375,0.0473098975504942,0.79972101797699,0.00548144079257853,14.8655184559083,15.8150496019197,46.169181328162,20.8016909882177,229.340957108988,11.7297752513231,0.0147352088524236,22.242801508943,7.95826518574437,56.4268547749872,94.7819133308187,2.05948866811623,139.104185584444,635.190677505269,9.42983346124354,241.508239765923,7.6726629527517,254.514330460583,62.429183162385,140.648294684703,65.3599977651795,0.562545527597544,181.887506308821,1.9038380382079,43.8600082933055,17.8756218015256,143.315225258015,17.3623603206288,0.131445702384887,76.6739713826628,13.0701215449225,309.773086082064,17.9180706668581,18.7060656159966,153.643978265141,9.53351247224376,59.8515673518923,72.6864580614005,32.3862081842182,42.6671058336398,145.254149269836,4.68718850385253,41.0216270785811,178.313187525494,73.6491389362633,61.5026133898549,22.6390416177835,133.818768402897,9.82035570585771,14.8904828145747,76.6615223186189,38.5207702918861,28.9924853494114,45.2822357661052,61.4843925738989,194.338742274145,4.80477732255478,0.656391302572722,0.118254823434538,0.0399898509192692,15.2557952446033,29.1970730401734,153.57628073865,84.8178324379395,56.3456748828694,11.4654446370419,55.1169667518177,9.10505055499391,9.69968555810289,61.2638613147753,6.63589430591623,29.5871590261461,35.8635493514154,112.470786859783,41.9191683780064,44.9427569679367,190.863303816905,402.636688308697,2.33959979068706,2.66627264858076,3.43437917473549,0.0844722186156558,123.968664820066,424.743156850816,97.0046481352671,0.119819224678186,0.105500238850279,0.465707284206617,2.46948573917891,11.8586277422266,30.7744232544134,34.7668201813571,0.574247056970739,258.918585772016,68.5746470238575,112.306891891787,86.6609439107463,0.14746740586984,14.905227010927,2.94402870112068,18.5430306306222,13.2840782914128,10.5917303253622,0.0093507789540172,16.2722950579709,114.370922621445,8.59967252477003,25.7369096357076,10.5214259999225,24.9495193536585,4.99358796632043,10.0767389294443,44.6648326366405,185.787285390319,1.90071318800962,134.541997027709,71.956559022624,1.29799151624375,314.371287307848,21.1229073725888,126.305070278098,16.4155056441262,13.4165056582295,43.3333252471604,0.00898107243264978,57.7447143600834,27.362457379788,115.219980568729,3.87710534594259,177.880468074342,35.8222842940357,136.57886790365,44.1996621794759,9.75985330168822,0.0581642594541364,15.2081285780301,20.2267339364711,212.577224074836,14.7977832655797,122.342078009221,68.2170219781131,21.2906696782001,43.5491368427151,1.67641464529116,13.0990343940687
"GSM1019265",0.0343785970468912,0.0110462755059863,7.56228956966177,3.38142680038861,0.00622825068526581,17.1142609345828,2.95112060926871,2.93801561589638,34.7855734515794,62.0559931654032,22.3960221440769,0.650632340099275,185.915307215617,86.7387215626821,4.31961340468896,0.0294974675894317,52.9678772787566,14.4211077576488,99.8891415974954,3.1222424217754,92.0586284514777,97.1621899049814,33.878476285032,17.8381969153635,3.07054864344542,18.1119889750187,24.5434975752652,43.2383416985538,0.203900724429148,4.3143626733924,0.778191871636869,0.988539483331567,3.34266996056444,87.6300899061867,3.93220186466749,0.0201224144511346,19.0593239455211,0.0825318211225163,13.9378932422523,0.714570924574032,7.30407734721755,33.3919881467679,9.21535730494442,94.1345053257343,13.985801957316,61.4691355214377,46.824809446868,10.9318028857223,72.5560622316374,0.759371127006152,0.0307335706353066,0.11037310389387,0.00460224432194968,22.1560218255472,12.9934330055596,41.2086202400316,13.4602746542196,125.113401964433,4.83874958490154,0.00978435359500473,26.0321949275528,4.50482414393719,14.5314030663405,77.9989904187608,1.99977315656982,124.870600913788,291.125560137617,6.67049197433701,135.527528940177,9.56639325836881,147.839713782833,31.0035961878065,106.007342309025,49.6665289874692,0.15122596106108,147.052464138196,1.76516909721084,59.0964811516165,19.3360691885357,117.267942934822,13.6257963140553,0.0797347708496592,27.814097359325,4.70059847588256,190.265687913816,9.60493741182261,14.8866716607497,157.317073627474,5.20339321414541,130.607586107384,65.9268436056682,20.5610010013511,29.7914245925778,127.529950847501,7.5268883721214,38.831909592386,148.107854573894,59.2801018740131,55.9342712962309,18.6326945306536,94.1712313331842,11.0779285756319,12.0820023768478,77.3776016862099,26.6723241946009,24.6407066456945,53.7254600963473,54.4348945600357,138.74931550463,4.34997067641789,0.48897810357049,0.058143170354079,0.0478800028979831,8.7269526153264,20.402251907337,121.268028101682,67.2192317821505,37.8875941266562,9.75491763521816,61.2659775145167,5.60149376349604,8.68208757165256,45.7307507578154,4.29331500989846,18.2292210949085,17.2662755312777,82.1159408338905,38.8537231047524,87.2356950004818,104.620099716884,397.734967864595,0.558622034176457,0.44763288209763,0.947341370099636,0.0543398021537703,80.8114422892741,339.231607543402,82.2851476450143,0.0529368096313806,0.0440448467156285,0.26486732477052,2.82686696004645,10.6906056721809,17.4394715446888,25.8541284766932,0.434053520206591,188.437114539272,58.860301054261,79.6524484549785,42.7705583524026,0.121776776242646,8.48920562435228,2.01885656780751,14.5828820837159,6.311288907553,5.21472243719716,0.00470243251096145,12.5750697510842,94.7893385687554,10.5559476788,16.3643448020808,5.17074986685542,24.1307750631547,4.8534093606522,6.71792784281488,29.6475681996964,138.899980489378,1.6136814823963,97.5015533475064,59.2734452286216,0.765508622307393,154.667733467785,18.3235827557986,46.9189667351362,11.2003390245186,9.61881115408519,32.6271714563647,0.00806171544531282,28.9612417226639,20.33510280557,74.0979593565952,3.20218799005849,133.696346074347,19.5591744690645,84.413853073077,17.3877109612835,5.1426358348863,0.018446368002362,11.7288016293659,13.4805533105393,88.8666447917725,7.71050680644077,67.137170065961,32.3018550469325,29.0164670249214,17.5101290989507,1.55244773675574,11.3926605362365
"GSM1019268",0.102781314123902,0.0243979595241978,35.4531074156557,7.05365681954648,0.0168835729626472,22.839391199718,4.65599817746268,3.29840469322443,43.3719979875115,70.4339679366242,19.619084019849,2.36300433853026,219.746166592186,85.1479996996024,6.97784676651639,0.0690490967441803,113.069601053993,12.3057659323877,80.0638572660648,11.9577774749664,144.004954421928,111.73819636127,61.4402905888876,16.5580675055918,14.3983015537606,16.7726198069777,21.2617180094726,29.7430631067514,0.196481513490447,4.91915774891985,0.781787560264653,2.96922143256682,4.19520377524721,250.601501733889,4.04805051117856,0.111505811006273,57.9820562056954,0.137536108974554,13.3264049964748,1.47121459334143,11.7830231426534,41.1006228263678,7.4936639026499,104.804111061749,17.7567618795873,33.2837805937953,167.683800685578,16.6718095466687,78.8046221152287,2.97049634885642,0.0873833732554622,0.573601600009896,0.00997591370388644,11.2605579395958,7.01245203630548,33.241103521045,18.516648471439,189.95034959779,16.7819448481665,0.00561559091732605,43.5034056635541,13.3822470869434,22.4368982082347,91.7441075816395,2.85954746492152,69.3880634430854,362.494448240351,13.6683597524377,177.741315176785,8.27158245559623,177.641923240725,51.0537537323789,146.075786286985,35.9525461590566,0.379470235775609,185.900117951672,3.24878108278473,45.873603447634,41.5847439850329,209.782205248967,17.2581720517101,0.119903788185775,52.7375443500177,12.6555782383768,271.15602519793,19.3522370569404,19.8187505326103,140.446540074137,10.6185172197492,131.827311561611,46.8261689603844,51.6962869089102,55.5733012060389,210.196210161329,23.183357393981,43.7404663041076,221.630572710147,102.10747621518,68.7564104162187,53.5054619885207,136.688792756854,33.0025831032491,20.7891204161225,80.785518542942,55.9329267301294,32.9909971508777,37.204903950718,81.2276767502794,185.226994304648,9.18915876297265,0.987651073461908,0.108355636076449,0.067813254038373,24.4750802894105,51.8457078065856,112.246805357579,63.360816196416,120.024804426902,9.79749312186364,34.3771416889348,8.42475769371141,16.3656056746437,152.166700423515,10.0455024907529,24.073715490716,13.3424887314676,91.8895076194204,43.9122390593505,93.4329503015969,165.775182626636,433.085845468417,1.1863195235187,1.9913751615478,3.0629252395817,0.0893073295968603,262.545215495771,460.541826092281,110.712221161942,0.216408713996815,0.36816761185058,0.720270179890105,1.44804982257383,12.3844148770032,34.7432496174498,34.4863186275521,0.745283344974191,160.853005994618,51.588754390705,156.860912530402,117.065203474959,0.182097073331018,13.8217523306212,3.17873826024766,22.6095781545057,6.02802352477058,6.6475690876431,0.00924053177511671,14.8671952818883,97.9774232079315,21.2436773373687,22.3659672651769,16.2487370144802,49.0193196524982,5.4290982016991,7.82038472610057,40.3929106605939,132.441801997755,1.52427107754924,116.434898074056,100.908771394376,2.0336319490312,203.803927170508,11.5303640490443,94.9326214210599,25.8861237315041,15.1333793438843,50.3641378493467,0.012336682026033,52.3330477741355,30.6116084074725,121.529081340276,2.98584684676927,125.199064652797,33.0981236856356,178.191802059866,35.3789980273686,9.16514305537718,0.0479607172410551,25.8619220518805,22.4952084900434,193.622635630315,11.8242121305855,133.945084197828,83.7906313117383,27.0267490624392,40.1638558126975,1.49610121407179,6.91670187709324
"GSM1019270",0.0748830456184658,0.0128526516875627,38.7278164769886,4.43642471546557,0.0101345287385118,18.4145298527589,7.77046791661825,3.15354991195693,40.8170871352183,73.3088035762251,17.3147087395944,1.33942751827727,185.977239962424,83.5941889641357,3.75477064712258,0.058926321487642,87.4890883507231,12.1983669354758,74.1752329406897,8.53695621691522,59.5949945787196,110.820825371619,49.0815802719104,17.9762155079885,8.0827840172087,15.0511248824947,14.6275850989527,20.9708795454341,0.134445241354952,2.89163134861393,0.831157541817173,1.328783663418,5.72273596434253,94.9249201454211,8.92212751893358,0.0606308718362257,33.8183209602459,0.152004129064793,10.0267900032042,1.2970485701929,10.1620360815909,23.4694043991116,6.08741167420163,67.5530837451832,18.9353439390359,39.4375497702341,114.312699623226,12.3348763205069,71.739398620418,2.2697015012285,0.0683297704608951,0.62999838257276,0.00861768962869762,13.7080563765136,6.6948219249038,29.8002811052418,16.8995614633968,202.956916905057,7.37550865326946,0.00790129777044453,38.7405673764489,12.190093712753,14.3286919624069,89.2869235673942,0.999011654789527,126.589505820786,385.304288318642,9.78879530261379,216.987178256482,8.3771977799333,203.972560434798,48.9183705298941,125.805110246813,38.1756931888721,0.285519110839938,167.986911680136,2.07348738796885,36.0563563334107,21.6467449419308,177.748152282178,16.031094134747,0.0814991260910777,37.0449313362544,6.87068867524903,313.058275403675,8.68534413838395,19.0816755660839,131.179386085096,9.30464671107393,127.393325686312,48.1134783704842,56.5418995868663,40.9465384720902,216.858014170968,23.2170363478782,45.7395044252451,250.73480783686,102.667084995756,80.4072004437635,49.7871608665468,154.225439255249,24.6742555325682,21.3268655042075,94.5329433045849,40.8583989600472,19.1392975244173,42.121225878502,83.2040694568449,232.301607626183,7.41347373265557,0.620346965505224,0.0697927648899918,0.0343386578334005,12.0993854710154,30.993777142361,123.457476210542,49.4662997415494,86.2482433803059,10.6670365718302,39.451997866177,11.7494149484084,13.6738013086579,57.3317451257542,6.53041210931511,18.8465566756385,11.4771622556236,84.9416572694175,45.3947327507354,39.0929812939172,111.77972399478,475.556272453957,1.11229249382033,2.08686530740181,1.63333490490545,0.0619524380731675,166.797243802427,444.121051949438,89.0798367475912,0.127921100092518,0.134120342670615,0.470829567007356,1.79878170899559,13.0520509906718,27.9999717753735,27.5024007579401,0.578994821217425,149.402403299524,46.0335731138028,107.714986373514,84.0919875773969,0.229000899813005,10.420476779771,1.98296308194651,11.3255876952517,10.304917078726,14.6426789580565,0.00508887555153241,9.45891337049498,95.7685292066601,12.6564176141364,14.0438945867402,8.79419396224889,21.2769625515545,3.73263235402352,6.6731815317639,25.8343406625263,122.874380355379,1.2875168885549,131.879275612626,72.5666491753111,1.33818189838197,235.116079480203,12.8907301024937,88.4912101017828,20.4840167781572,17.8823442493105,43.2660584718524,0.0220742869556099,50.8482034391652,51.4922553488312,107.545175841396,2.80342523397917,147.655876482693,22.3760927459049,135.423254567972,30.9596222958382,6.83310009622965,0.042768253655525,19.9677057964334,13.7761763221837,165.903877028626,10.0344630897443,91.651082848426,73.4440326952723,14.3365349385763,33.065980180309,1.18973315103943,9.39788007294428
"GSM1019272",0.150698832109258,0.0171001351654215,42.3937709383055,5.40614380935935,0.00682446729381492,16.2594999967627,6.3144016025785,6.90634827643642,28.1825573181736,96.2616747630846,14.3869089698072,1.21952378225278,188.113610932899,53.0000111878014,3.09165784704109,0.0366686613250625,48.8089121832219,10.3550997710859,94.5718841980856,11.9063855744522,94.6524793233381,120.388897304712,49.7346341889497,15.1987677247358,6.35842172176118,12.8980319545748,17.1905613377916,25.7434672767914,0.199692025716699,3.25726307873199,0.873801271215523,0.646259808227247,4.83821561781432,128.911169680649,2.95787287225921,0.0453312036344861,23.4193747547416,0.0905181182263117,12.7399687076494,0.994349983994086,18.8476550459187,43.6752597335195,8.00441570144176,60.8889029164065,7.88747890527454,28.2549960147023,168.465308659201,8.3761692327467,114.106460479811,1.99406038303727,0.0560589985555033,0.721685572884464,0.00537953579635698,13.8114215265698,7.09682934547506,26.0352181568491,17.7250245380135,152.949715810995,6.18607526480563,0.00658553754589081,24.2481922547445,13.09424823932,30.2299731046504,90.8199360532404,0.302877145957604,76.8870681618392,450.791333973888,6.19641479285246,137.122225705288,6.27412735709699,289.082522895921,46.3103944161979,171.947316429287,66.0024682183649,0.624276679154547,179.724433223133,1.12443138356646,20.4523234633763,10.5344392938783,99.9596093311914,14.7829983108835,0.0820226126955385,42.9219797086131,6.83311591569581,230.743474249369,5.54615497523837,20.9796797832484,159.936803888868,17.2538295188805,136.588362026269,43.2710218125608,36.5323779918452,61.5525948215222,166.781968561009,12.0578146643785,35.1387885715301,198.927150208273,82.9828610019327,85.946859404332,33.0465657324337,168.871287222183,13.1095118758048,17.8283780018047,85.0394636214214,40.9924600286588,37.1882358272857,37.3356423451674,51.0295042696002,177.850195119997,6.9835243356981,0.583523843365672,0.120204347212965,0.0284998859418824,15.0913923188903,29.9130958714436,159.807275595138,99.9024940490144,71.5924607530186,12.8702974379322,40.347327640087,10.8883937860301,7.05791825384724,21.5313876768022,5.41428498905551,18.6078924088271,11.5459285243543,43.6329498854031,50.8230324146318,27.7915704556364,129.794830626129,458.182202873943,2.08073670873514,4.75786500390348,3.27398509760688,0.073164647733494,224.714880097392,483.288161407568,119.669937851698,0.213277166903538,0.0984966241484591,0.728049784869691,2.50706011365178,12.5613851127231,46.4703479094806,33.5328209240628,0.768617504099811,166.639662119579,45.0060597679571,109.261720682118,54.41766305303,0.177967745795094,8.74666589198123,2.55454773733094,7.15988750600212,7.22035189093728,6.11436102764423,0.00671030275766758,5.22926292721487,93.2847534386003,6.83069886559512,11.7564675999772,7.86824329134074,17.131163709466,3.42866911218603,4.69314079720149,16.4436475101907,120.264419446706,1.7149094084019,159.445208585575,84.8952007155632,1.66413631864626,334.217332531197,21.4000804315588,103.129261456544,8.46637842358173,24.0719935348316,46.0496064886274,0.041199792645244,47.2661048511842,32.6440444138165,83.2710170921655,1.82488556223316,126.573887743932,23.8543516843742,126.460505015001,23.1841434869109,7.38038677892355,0.040408098360708,9.60603416174052,6.51245252984817,172.474448590657,10.2180396426751,74.8723540801417,51.9064855926668,7.24653918705232,23.6706429243106,2.34146836149863,12.5154195408687
"GSM1019273",0.123893518160736,0.0447116713064394,48.6070335396687,15.833976288605,0.0152073379672985,34.1258634788478,15.5349712795618,7.80137266761224,70.5244671667857,161.272416440357,25.4712898231213,1.00595010192458,198.841744991593,75.8562403509473,9.9732087949572,0.0701307774045829,95.37093756247,15.0476606218017,129.9873640079,11.6367992206918,329.661306230394,131.204172296222,142.889901210193,25.150078202041,6.67261857128532,19.2597828362564,34.3268143399452,73.1371919019908,0.472918509990495,7.29153617237874,0.781517671891035,1.52692068591257,4.17099442292529,129.729956954607,1.98884717739758,0.135897033563928,24.3053547718181,0.263861599919335,24.2400391988693,2.71969741105794,27.1102341071715,76.3142888924598,9.96209257160144,123.809356066564,22.6411593783487,40.9995475215918,116.226954717904,17.8152188093039,155.387369237131,2.09725413792877,0.136488221314563,1.14254631659339,0.00682224240722009,23.8841878761182,19.9030644377466,47.9540077610861,24.7776754616319,258.081915426586,9.49545243561156,0.0224912259075415,37.3664140681021,6.71674938516703,63.7340581810573,89.3891982738794,0.973544983058108,122.611033558571,490.7138584504,18.7742921312352,187.681570071401,15.8621954181619,298.046198485837,59.0906719797077,151.966250742045,89.6343879550843,0.519499026955632,253.008033069058,3.15006756984706,64.9776060325526,19.6247093411551,140.530824658538,38.8184117737514,0.0703085495546594,69.0300756576399,13.5045809595792,316.698947738281,13.7516972819988,18.3254856257796,191.621006502707,11.8760520055721,184.237845590974,89.3696718020762,50.5459836253483,48.6503423393669,167.339385387844,11.5599190093802,44.4814826079358,202.277784277826,179.718934086688,118.658165087423,26.2401586724858,128.927555756742,12.4141214304351,19.2506225204953,144.008694649151,38.6291135606352,32.2243751714505,38.7689801043225,91.3525868358565,227.043994739515,9.09459691670837,1.74512494449132,0.276300296182749,0.0527621539050282,14.1521015165738,26.4408257867744,195.567830667537,120.599028563623,201.947370705669,14.9591937139504,98.8898558966441,19.6544123400746,15.8623174582878,51.5158019501102,5.7383127521712,33.0742861093701,47.7969651731077,199.183146319549,61.2574298276287,411.543011307201,248.601912142812,684.949103704909,1.62349388078152,2.13115531927683,2.95461697279876,0.0988394260462012,137.001276634037,525.501183749434,132.83548684886,0.221770726643557,0.120633548523603,0.719762342189406,4.78844726481762,14.4433254302011,48.6750371928151,59.9153395475344,1.19545757935649,267.769902439945,142.415592971733,180.651983560883,240.492184904683,0.194259697292471,16.3400159652841,3.46527184175598,19.3386032444516,10.9434777869437,11.0027430821031,0.0152188067226294,19.0157238573325,112.030741757945,14.0738501290445,18.458872541108,9.48413527510538,14.4677663138088,7.44808636119052,8.72225425329818,43.8643274830784,179.211599009267,2.94338065672124,157.310459587711,121.090796043596,1.93353311252805,338.676085041835,24.1149909168651,163.939511762702,11.3842837470056,19.1199621150544,42.7879657565826,0.0128626161731117,68.9851951508016,32.1769534940906,80.3191898782089,2.07529093095814,212.388561755077,56.2460486766957,103.923954713478,25.5370613969252,14.933751061801,0.085475219078707,18.0406176273407,31.3125199850643,261.952741403764,19.6812352381236,156.994136861833,98.3569199638961,18.6889597204168,82.877763860648,1.90393135947332,19.2468439534126
"GSM1019274",0.0452760203823545,0.0341344479069541,15.7900478837155,6.07445480485632,0.0103764488003449,12.4174378455658,5.0301057808733,6.78126875378741,39.3290964730683,55.9930835734695,17.4586904641671,0.962215755712529,267.741604559201,80.1132669273583,1.81921504704063,0.0638537276606235,60.3684410136471,14.6841009622147,98.3217063959801,10.2550418753205,262.590555717267,151.718394105033,50.2977738213072,12.6327328716979,12.9266759945958,17.0260511803721,13.524553937772,74.0907199974865,0.295171128738489,4.108542630266,0.886732462324499,2.71525657189126,7.49502247846108,139.103751118474,4.04091779632369,0.0562675320341257,24.7100244796469,0.0831692092762551,16.0445153637621,1.02428317904814,7.05492710535272,31.477093132942,13.6422668784041,42.4753403118425,11.2686289512066,33.8756194194175,93.6443121808045,9.42152483425523,66.2671351935673,1.60136227712347,0.0724544272541503,0.634614514477709,0.00941813236403305,16.3461435229814,8.09951643614628,42.6167277676008,12.1168598042827,139.844397290082,8.82751840753421,0.0106976190695594,39.6202484668406,12.5931483849326,15.6012659073491,80.817804429414,7.77676374730244,134.105036636185,322.052766927817,14.8950753033072,32.7842746338398,12.1576319288051,194.746134762272,77.9145633973843,105.166954391397,61.6885664108446,0.442548244591883,137.709769933708,2.60675413059085,20.4149361573604,10.0021502863678,41.267731105614,16.8887735858409,0.0636226409020939,28.799804196223,5.1226446695561,167.801551555066,31.5022984838192,14.8446630037753,143.463823317433,17.8072665611601,104.47323259012,50.1676535862212,40.4883916170203,94.4685223487756,159.992082657763,1.67007379755876,40.3775609091767,171.999129448183,89.0704357807128,67.6942265587665,47.0834027363574,141.144760105049,35.8929326198988,16.2395819801798,88.5105677098746,40.0706387603002,44.355055889119,49.0561777764363,61.0561661843228,190.870779646476,19.8217921990325,1.00610549654003,0.140078844247821,0.048180492373747,41.1476816906741,109.057174462861,146.220989908374,74.7794174763846,63.9864404974753,11.4097915119363,48.9928317094881,7.02346887167511,10.0220698965187,148.603832266398,15.7157608972577,28.001272353391,14.3448227625073,27.1758304618896,39.78337695262,86.052437328466,225.043324890115,364.805397353029,0.675571351347911,1.95856688407276,3.26224103739542,0.0627792156404944,242.308813741276,328.007807046337,80.9161965609844,0.345363158893701,0.229489630486946,0.843769004953282,1.70303892056464,8.59008060346667,26.2183933383071,21.6771079046055,0.504612123558298,141.646117041631,57.8688003579526,99.5974113105087,62.541762857638,0.213705873100435,14.3618734523056,3.46819067471926,43.1928582188994,6.87487239860679,9.34512232933249,0.00858448156571268,4.53179823930077,116.936391430306,6.45257849267441,10.4123146062463,11.7036824273467,23.755595731698,3.11237570069799,5.95993913820501,12.044924298841,102.583659126828,2.78829065398272,116.928453121823,70.0305942548613,1.66538768976401,175.236948883593,44.7298566414853,48.6336817180372,17.9503249570136,11.4466793805473,50.9051359167319,0.00726519031836596,34.5605383927749,20.7777215104022,93.7924374915072,4.28360302377308,102.457327559691,13.7097495574511,77.8903819501235,24.9576615591727,12.2729390875824,0.0859731551968125,46.1470611470847,6.53804382276616,178.470682385374,16.8843296348625,56.6280872209435,93.2904632382616,11.6762644236903,28.5861563984614,3.89937303369897,11.6390629207658
"GSM1019275",0.0817648438362702,0.0219283422004426,24.1750777136917,5.08190369103856,0.013019275880313,34.2163611599562,8.16127102950356,5.72340603372626,31.0314596186726,51.1773238187202,18.3617895691305,0.981501261848075,146.510296310415,67.5178462808132,7.79539191250961,0.036827611275353,92.271412926946,10.3807544012827,69.6737623188806,7.11537204245675,50.4934364793756,136.83000528009,45.9667529313801,17.0065629043042,7.11290175023368,16.820101373175,15.292310486508,42.0753739185997,0.157546633588661,3.57782978392808,0.751307366367047,2.04803414444288,4.00378786589907,84.6909631288951,6.25234186416264,0.0547831463759714,28.2980772693203,0.0838679715686243,16.1463789043749,0.880768552868841,12.2553455627445,37.4933390196479,8.52225668789583,77.4445737296594,14.1170566805772,57.2066692168387,55.7054827768361,20.2005226337804,46.5585286933947,2.24127985728242,0.0457251022228763,0.20675546676011,0.00661348948085268,16.08946296588,5.75393833492453,37.6218546529227,13.9082925056166,140.300714977712,9.63556608983839,0.00987930188400471,30.1902844765154,5.50604225923422,15.2074253593607,74.7754388287965,2.38768027704461,115.13665799675,425.549896477419,8.1924480849095,164.348023256714,4.80182493819682,165.025185235159,32.3027333969581,120.694241943668,44.0417371786959,0.213923040979467,147.836644899087,1.40923459735969,68.6916445270498,11.437196643224,112.97141879976,33.9408729723068,0.0694850226244033,28.6357601942766,4.16490974742897,232.619240317036,15.5799183046324,16.4067598174212,158.95872035429,12.7958682759046,81.637805727542,60.3961826637658,22.1232311520199,45.1711967626575,131.066200378254,7.52170546232729,43.6282564343232,177.49197965413,60.4852503529997,66.2621833248284,23.2173878234423,99.5863279638189,11.5226212552417,14.0420633551905,88.4645131694865,33.7344915150795,23.4979591696906,43.9213275129492,52.1915050557821,151.364794492001,6.79664970284787,0.590725172801589,0.0794267174124873,0.0642240706582566,17.4119877570939,37.0516585404676,134.335123041708,56.5576546598876,48.6645576611089,10.4252882595411,41.4301225401625,6.62517462959294,11.5960802627605,73.8307447583441,3.46949618342527,12.1109201491805,16.4323696981405,87.8808858982961,38.3381856110533,63.23410057569,119.512844173665,386.6965278057,0.864024670601991,1.43398528870132,1.2893441733167,0.0734736531741792,101.981037805194,381.219092354793,100.934006862418,0.127914786408765,0.125643063020744,0.574931712711956,2.46741970519421,13.5424642140119,27.7267806420271,35.2633270326175,0.510128373736916,131.836477622916,46.045048402018,71.9694291349904,48.4612679758864,0.182097277008479,10.2232705791597,2.20754083833195,17.7358565756771,8.12098894403141,11.980052268338,0.00576409726850485,6.88956576373537,98.9116856792877,15.1226032995068,7.97779303752626,5.86072473339764,17.2183834439946,6.49778304947894,9.27593898699251,15.7105059315397,136.451405722606,1.222925098083,117.272983600927,62.020278864559,1.29685148147723,262.046344541168,20.6977337349746,89.1381235731083,14.5233003941123,15.1977092074238,38.7910212451071,0.0169602839282637,48.2891846433381,23.4897918940159,92.0270687841388,3.27164036716815,144.044519049437,20.6905379396985,116.203486257735,23.0746494861533,10.5014610747479,0.0294172302692037,17.6071247930589,8.05010745688595,109.619379809154,9.73822867687955,81.5071379496757,54.693805723823,22.1925399158174,22.7564305351648,0.667119481787969,5.67635359559449
"GSM1019283",0.0802378959584196,0.0178539764298256,21.8116247332696,4.60518641031434,0.0106560892543141,29.5658445936953,6.16782063978377,6.82625304770407,40.1089645923192,66.5153596731652,25.9681669394737,0.712950361031181,185.338891865141,63.1570982620449,8.51827991734438,0.0278726023695949,58.0349144780171,11.2732381251515,104.415918663105,6.3281560817987,77.5054312305472,92.2815314730084,50.822537276236,18.6803544127555,6.23807597885351,16.3634862016758,35.884988638458,34.5901621662943,0.22549306194719,4.11125402669637,0.824376319887345,0.432426966340917,3.29003097015799,81.7937781282947,2.28686631954637,0.0569204484256319,30.0848219598746,0.103768748997564,18.9354693712777,0.980488840672067,17.1009203893844,48.4868428311757,5.65136029442142,82.9000869619185,14.6590785400177,48.9353116294506,95.3475334122952,14.3403789342306,94.0799369315937,1.41549359881365,0.0489906256971516,0.229223697986996,0.00588835873317719,17.9102991053234,12.9836078615557,34.9360685623977,19.8389746025236,168.85622919229,8.28905941456608,0.00686892973604464,25.2153415986238,7.90177142339757,22.1366773792105,76.2482432592236,0.192161645183555,76.339085898823,322.578974061796,7.22718573873642,190.434803372371,7.28868223441583,227.426158449736,29.479892725807,151.583296103001,57.5274379426315,0.395929977824194,161.777795517634,1.50923624212669,45.1829635372349,23.2448788838086,151.167845289327,19.9881907782176,0.0680197847701286,34.1465226624401,6.58776429480656,337.137996330447,2.77518385883995,16.1808529317659,140.860575305285,20.9455746545065,200.980465858979,49.0967060246497,18.205122076916,43.7976622944986,151.095218498562,14.3802568230431,38.5948437420813,184.929156538009,73.3310526392929,71.3652414315685,27.852508541753,129.484455990963,9.03219327823996,16.6988138622811,92.2542674687928,27.8394024875557,18.6964619559564,47.1606536175935,51.7719197301606,164.644000327559,4.63816600115632,0.578250763031093,0.0787475953777516,0.045874051684158,7.01422616843826,14.6180866274832,147.004472465236,60.0659222354543,140.805815066596,12.3917157193727,48.1026533793182,12.7899770375105,7.82840559384222,13.4948047029561,3.9084047807515,14.3693020643172,17.2549374459543,81.7091060979616,42.7460924137031,48.9650545857374,155.358298937741,436.780496590322,1.09254372863474,1.84978630319986,1.95037451988418,0.086292796529952,171.879185736135,526.307346996748,136.230521082861,0.131180083100452,0.072698345381943,0.474695426539807,3.56455660036302,16.2189968276434,36.2113113603101,35.8848472452975,0.897980699065767,164.272325865408,59.7432452889935,118.779894909478,53.4167387298066,0.17922656125807,8.30838074616235,2.44400955260406,7.06473792427903,7.32668906593237,6.58557251620605,0.00762403294077759,13.8360805133576,101.726234487913,11.6810292548217,21.3017978991563,4.47170947866672,22.4983265628643,6.32115429581163,6.65799756864955,38.5035084226909,123.722923938933,1.45346269989776,144.487511340041,94.8367969829239,1.27679353322257,263.340953952178,20.2762123093798,121.47058617131,10.8991114439237,14.2343020238185,37.1646997064023,0.0191223579984861,43.3356579091477,21.6881059148995,81.6831484202948,2.40565268609964,138.237195128908,30.2540976174328,136.426991371498,15.1219626415793,4.44846058369633,0.0345283687846587,7.50242683541439,21.9173903054512,162.909282150107,9.35871869948525,106.332735611947,36.8767292881056,20.717200014689,32.1487234419823,1.89182059906864,11.7459717111986
"GSM1019285",0.0402847301353585,0.0240442202820488,13.6480980154623,3.32033210971305,0.00934184216876268,33.6817252667477,5.54224983859316,3.67718999418673,20.4886655311046,69.0199096730924,20.5860656457474,0.88559918517467,165.993286573463,59.153009255008,9.89124185297188,0.0393340179128644,61.5071157138062,10.1930332006894,84.7194945321481,5.21886296406949,173.966803819483,97.665818767635,59.1973084661703,18.4046255228162,9.95666178921767,14.9677703969751,17.6966361375796,41.126926423839,0.243931875678441,5.84149671152884,0.697711356535893,1.39860882970475,3.1809978840645,160.977852405463,5.21510791241338,0.0420625859985442,37.2405403592442,0.0782262025356046,11.985830087414,1.72859760832669,8.02310537941939,42.4006319224641,14.1971530568628,68.8244693418728,18.0580285482623,34.8595385183314,180.432932300112,16.0334889982489,57.7563681615164,1.46902424101564,0.0421057618365044,0.196294926712378,0.00948842946943162,16.3754094294103,12.7301817382352,32.713886963521,15.1016386211036,155.688978946732,9.75758497233253,0.0112016431230592,28.4465070544259,7.8710945784638,16.0145084619471,90.6833579456703,3.78144162206756,50.9758356038336,240.837368651283,7.34351586261072,65.6556275004003,13.4027802538091,139.686170651196,62.3617943830481,121.440067946346,58.4105724166198,0.344014565477482,129.996709698917,1.47921377960811,90.638248076529,18.7696874201498,117.057959339945,17.3883976162542,0.0921434928793731,54.9656192702522,16.1433305604386,216.678219796775,13.8868633767572,13.9177815885437,130.870254370556,8.39921014760309,155.071203405468,47.000367154098,26.7664635579112,41.0468416680898,126.973805386096,5.18902873808821,37.4256171530737,162.1088222291,84.4128974163909,51.8288975482003,20.6316095772128,95.4771458240723,9.03879940997273,16.3303515594238,69.9296204691176,43.2041468939651,35.5463552997268,33.6943145146793,44.5428562146745,153.250100663349,4.42493952396715,0.620076593308013,0.0633397760133314,0.0531357268249266,25.6677731500605,43.2768511858701,122.138889693129,63.4893644220473,57.4201677503525,11.0221175880869,30.7554909304252,6.46856636983181,14.3349371823645,84.0046403404454,12.2702029105411,29.4898261875499,14.230647144376,103.547489154195,42.5975344785763,271.441357215794,177.366942482955,515.062127618565,0.449724490444216,0.963541675007403,2.27321109334943,0.0877359494970657,109.101295288135,407.535669037128,100.035404826177,0.122101493087173,0.0882225704928768,0.410897231409957,1.9566432103887,12.0540432776078,41.5281959163731,40.120580265642,0.842963700575328,175.692184073346,51.6766323963048,159.103179693803,87.4583363434917,0.232973055364301,9.3642185735379,3.26583767146197,17.0635832129384,8.14143850522398,9.82418401761482,0.00922283952899789,14.6589495802964,84.3417963000451,18.2187342631364,24.8134412791114,9.12099989200461,30.2676805315808,11.281627326304,9.85088651151798,45.1472069525723,97.461848829434,2.08558632111067,112.580505796939,65.3062200395239,1.34444579619425,187.108637835814,18.0752019854354,78.2225524052846,14.8970349136398,12.5029369181481,52.2767391757214,0.0140654871883216,36.0011084988909,39.4926427264228,93.5819702707865,3.24918656591706,129.341924114778,21.9225736518378,88.3602681175035,10.8690256777978,5.03758343079623,0.0268111525288243,13.3998959110109,13.1045122466839,114.764687520314,12.9306710158112,67.3696984368527,40.6543986721057,10.4736433890093,31.5272774542623,0.985661380677488,6.07857883418212
"GSM1019286",0.100199131543484,0.0129249868944071,13.1737841504636,5.0618370138425,0.00649506042196776,36.7031609622278,12.625498753675,2.73078481031437,38.1425184973423,52.7482138727128,30.3731179967992,0.823694733484467,188.498877087322,91.4450764918847,9.85702912707176,0.0345046164509617,118.293351636464,14.3039204052389,93.516934471207,5.76612413306982,128.762370939525,82.0432088679826,69.5501600624386,24.7822520746902,6.21004428973025,21.058005678934,30.857478786194,60.2349326151235,0.332098659854171,4.96039187898057,0.864574939847641,1.27526043659416,2.65993897446587,70.9541259532993,3.49671629028408,0.0323754039050583,21.6135120981898,0.1800027204435,15.5809164277021,1.15909510939484,19.191562929102,36.5802413907277,8.56749059217218,97.8894233353007,32.4773803299477,57.5311506620472,77.1980894856272,17.4291590728133,70.1893675831468,1.07712277897582,0.0470959908415906,0.357037576905015,0.00655558236492078,24.8027026562746,11.0649262427839,47.3341509528137,18.4765885986385,201.759174693308,6.602173841942,0.00658600167061341,26.04770543689,6.58830337382787,21.1009472504519,83.5250845302681,1.00754155022421,139.268142594923,338.438146370217,6.05753097153848,161.384818854257,10.0458572254711,198.516572144823,42.7944540068205,140.535099088877,42.7682640858703,0.212477694273329,180.317263582714,1.59702540934147,67.1342372565623,32.542003531763,153.612852031975,20.3750183795975,0.110609461282214,33.6963165715069,11.499528160671,305.134130887387,6.795006437711,16.0888617863903,152.754444246601,6.91852094156748,113.458438584551,43.7993813424308,20.363100981186,30.3307336047861,148.116126493337,3.83133272439939,50.7672363418824,181.986101579678,94.8430245547925,61.746127651183,33.8053124040755,128.51709640898,9.71822743213244,17.1342757891676,85.35942202444,41.297360214816,25.6813027685791,58.7981419701566,69.1889129154556,189.961063000194,5.21606069824153,0.518582353583437,0.0551281457912309,0.0343797398727517,7.38326351909014,18.2456196101305,130.223608360877,80.8639599881844,44.3133377411354,10.0697257443899,31.7614691023864,5.47344377511491,7.55226056148328,28.6595846369039,3.15317544717542,22.6757293824981,25.3467032184587,114.690231987892,39.7652759123659,51.7168317959323,121.060644892138,508.888387446937,1.3149462086544,0.991648659958149,1.70424619187468,0.0881193829258285,147.926435797821,414.375086821281,87.3896992793974,0.0849554219521521,0.0335951102750891,0.344735453785764,2.23024828489759,13.8532566818221,30.843550554048,33.7204574411022,0.487268561355195,185.678964997189,55.8267704866641,106.653546251379,74.9309659767937,0.159825964634525,12.0815661716456,2.33799357241309,13.3081211421689,11.6137055209573,15.3331682215819,0.00575913022033451,27.7022837910136,114.514140396797,20.862068741105,41.5371269085564,6.06052195826967,31.2550129583674,9.98144455378695,12.5930786004173,83.1582662802313,162.170790920121,1.81094713169392,133.960099438828,121.318929761147,1.02866762050875,211.53758830184,13.3011663437041,80.0273104918464,11.9712660548545,14.7298913844053,30.4553978434352,0.00485264016946489,35.2971849812526,24.1640694842795,97.9687304614107,2.98166569241233,144.240377849239,35.7415359710989,126.191216354981,26.2157894146793,6.84837985973985,0.0229525893908722,10.588240399529,32.3029542256904,154.301589421017,9.78620511951406,129.91688695976,67.9469367397288,38.8037793714047,56.4754786339609,2.14946828458232,10.2904052063938
"GSM1019288",0.195539130718307,0.0432483947463593,39.0812150050027,8.65161801913673,0.0293496392992853,22.748219949289,10.8827727139433,6.45829705331021,75.914846975549,110.099846153713,26.2538123559486,0.914730122410805,175.550761896858,81.0524264036824,5.42331325882936,0.0303337310452035,135.821144817386,13.50903815901,92.0978219901087,15.6534928882874,146.227305873645,275.414288944223,112.041722285237,17.2958131969895,13.2045827167169,17.3348319027621,46.3633045544892,75.6452246028975,0.489831709757533,6.2346937110726,0.898462888994518,2.24391448118431,5.78053610167939,248.465144832942,2.09913193810533,0.262654982695992,33.5060551345005,0.199553458827901,30.7788698841421,0.939427729056648,35.808202553856,85.5180098930679,8.6955265611098,142.387040915753,19.3982911882924,61.5509613489998,134.983477062207,13.6425120036466,99.7159267177907,3.07563279681134,0.104238807066778,1.05221261400765,0.0127392431143265,22.1707115713539,11.2033346567198,61.9409324894316,23.9125222226176,207.777377234587,17.2519958901862,0.0167242482847662,88.0446088473837,8.21732827242113,49.1023091305932,82.8036131066262,3.50001572959602,168.701052505724,641.376651603851,13.1707153097431,259.606703853661,17.5869645006502,228.855095214102,42.0681858516618,167.746098014326,51.7639505670789,0.750506604794183,234.066966728912,13.2620068325457,42.4035250525412,44.5860396473187,218.728092476257,29.7172306394479,0.151006961651441,50.1116204333394,10.5452005083133,369.538047349189,27.5350501776206,19.460905523392,205.143732390191,11.2195366634931,262.795123829955,146.561636415704,37.2866000034328,44.7825255202465,176.291545327543,12.9653817298112,72.3881744358969,215.15508103058,146.152810489732,133.330368942284,56.98956580784,153.784558084116,21.3102096218884,21.5254530561229,229.352254122544,36.0454508273381,24.286421391116,59.9395478317728,113.822199908725,231.103594280946,15.243622632501,1.14289235255345,0.162470700537853,0.0837945870384593,22.9028673095945,46.8804186330738,213.439941884762,109.038834594509,194.650646063659,13.4134604734638,104.167220958331,26.1973787593114,12.3188664877913,63.4781398175933,6.13464467148699,21.8218219638139,42.0892557883223,95.7416737661888,50.3737738638883,448.215827811197,242.239869426398,607.180508558888,2.33628891626603,3.73966940400738,3.60244154445303,0.146188732352268,155.307054154249,443.020480186781,158.06926893962,0.509740107830047,0.250713737047876,0.933233840817651,6.07118601361767,19.7823566426898,76.7106115884648,49.5362802156139,1.1188819856161,271.542880829802,149.258601156929,128.594664748736,139.971558404215,0.245966811718031,15.6842168334993,4.14818519865098,34.806799278934,12.8367182903553,9.73981775125423,0.0147883477053364,26.4508499998689,152.505980557932,12.9668374371031,31.7787250996538,10.1139579524839,25.6684432266107,4.92921808660151,10.0907005484361,51.3068579697445,234.476382723234,2.74826673604472,168.019330872993,159.65435721283,2.26070652350279,317.16236183515,24.0516828760627,173.03086063865,17.118912322416,23.8257123966007,44.3781457426328,0.0217555923036698,68.5223341705393,44.8434293945584,128.876790647015,3.21952620205035,183.103730485326,43.9658308275384,144.205292665602,28.8821949828913,20.5450886913555,0.129020824540406,39.3272388944345,25.0377959980262,197.933941641229,12.5629969972557,164.321329468185,96.8353542359541,27.8633906349446,73.9472690244189,1.20520987222843,8.17875762866919
"GSM1019289",0.10305760479652,0.0148385394357692,17.1788974616446,7.38173409045856,0.00703933600344549,21.9561421467222,3.91739730378404,3.3403294242118,36.1951186057801,54.2514977069499,18.1556122275407,1.21194311935166,172.494741389716,57.9330383900236,9.21247472351371,0.0295690646903394,74.9150973823908,10.1356943413842,76.1295466971077,6.71707592488624,67.7060322718997,97.0966028156195,35.9751600502944,14.4107880396801,7.72378442553505,14.7478220865319,19.449710302844,29.9074022842262,0.121007671556099,3.94185717685322,0.716535087612839,2.38474035355771,3.16593295596013,116.156955358504,5.18633354123517,0.0390930772653558,26.3672230934149,0.0862300717068952,13.3097550957379,1.20739150703246,13.9530314592026,43.8152696365253,5.91418500870207,69.6488641209019,15.3058080467412,45.5616968729794,117.512794519184,12.5138746493101,62.5516328628645,2.07507071498206,0.0503900644858731,0.906333170568191,0.00753368758828804,13.4013431968556,10.9885873121255,30.5497853618477,16.2655533469796,148.978046713751,6.16017951285503,0.0144724763353703,38.3533471825053,6.78027288480189,16.4446985939981,69.4968483786737,2.88422729961725,79.6586012313651,284.018037239356,6.55662208640205,122.534498811728,6.1044023161063,147.373978473331,33.2985603620643,127.072219410443,35.8169199386705,0.315357124517155,145.772495979433,2.04674156458427,73.9624656756892,23.7386449874988,145.258142308765,16.5063155808126,0.107240675501795,30.7803449148384,8.67610418892196,263.170239566631,20.6939498386472,14.0339444821069,153.536892565461,6.12842824917069,133.042392341815,43.5076362914073,32.962783134665,29.2959151786262,114.745985962718,7.34771405620842,44.606100051456,167.147886130375,79.1159607372578,59.0671858420899,28.6339896661296,87.481614850364,11.2177945653669,14.8576308778461,74.0035324629623,36.1142810454038,18.4097158014193,41.2238822502049,59.2022735819792,152.104822299279,5.86644712036928,0.51262460407514,0.0589418546684782,0.0339917941906132,15.3186994156825,31.2939348346236,120.96623199676,50.1777699105575,34.7574117184566,11.6288610966645,25.8325208228905,6.63712050192458,9.53928861208422,115.218158129869,4.80311761371744,12.5893332401098,12.6060389049905,108.203257566091,32.7329555392422,201.617696251859,151.4461064028,393.94347182108,1.19506605586635,1.29238386323772,1.7240109386599,0.0842749770878945,183.10994646064,338.390309980053,83.7654436705133,0.0819009800663697,0.0473495614107249,0.384867014382262,1.76824712821726,12.0544369662878,37.4201048642092,39.1807887144883,0.579105234489299,132.571395229119,45.2036780016118,101.346733020252,85.3664319112689,0.178882473635487,7.97729410462515,2.09416239798456,20.5806430108442,5.85858783717259,7.55840017334409,0.00621419513603236,13.1660865917688,94.3639828879019,13.3253378071175,13.3831754034099,8.58169475147321,23.1854621222127,4.60676271344774,6.46018555749086,28.8069242433239,117.957300781477,1.31761499312269,112.957755708671,64.3194826218409,1.30051860258001,166.117969653792,11.1031005938656,79.9410106152832,11.7405277332452,11.6872485379723,39.5498877978186,0.0099296398745383,40.8609925215566,32.5747245885332,69.0742136445809,2.93817034581591,132.329196214019,24.1890654484201,116.444442610358,25.2748254379349,8.95970226003612,0.0208294372762483,18.400751641788,18.3502901455507,131.200389186462,9.42299285171951,92.7352637219099,51.5948763561298,18.5149902006088,27.9639895889971,0.865806455336532,8.62541200101785
"GSM1019290",0.154501851524227,0.00849355817881325,51.9967508341412,2.27116858651678,0.008559814819965,17.4311643224622,17.3847059139608,4.71973302415307,24.3413018270059,68.7454816580433,16.5750971804014,2.10452231778248,158.43952762894,74.9094747838715,6.28188373572055,0.0761303563597437,83.368217496053,12.5186078208316,87.7013845964341,10.4122284209697,23.5466715013972,104.869931475701,75.5246040016461,21.4780910519287,10.0146725156449,16.0282745865189,18.6218609061525,10.8255780243588,0.111365305097173,3.26245698296261,0.767342610944484,1.98544442910306,4.06481207981294,82.421664002394,11.3108971553388,0.0526764152932256,49.5331602638144,0.067382913998887,8.60127334460087,1.76078907993801,16.5687395931264,37.9078529660803,4.28400522771325,53.5395318364549,20.2294456508459,33.4078659299759,233.463745049087,10.064184894669,42.0366500760118,3.119556029564,0.043234255341003,0.578557395940835,0.0149681192432531,12.6412265574672,7.94122037439936,23.4835071306574,13.3693096166428,208.610013430158,6.37798604608401,0.00717541184268539,16.4405841781834,8.80303276296432,21.9455257642385,68.7607772578682,1.6833727113444,58.5450287950302,342.23975544001,5.41587245508519,119.714125431453,3.89048267106821,192.004460907246,56.6505149727266,118.763712004065,23.4517989412079,0.4052733162337,141.454679716163,0.954906527679167,45.9949675108722,25.5979909649973,132.957492329876,15.7610620037139,0.0765588213774248,43.5515716103376,11.7340895720839,289.427196170726,14.0720970145321,15.0163219606264,118.923078552296,13.4078447053602,117.84847806263,34.3887645751587,26.3959750052142,39.2820247708643,191.364921357905,10.6244740285661,26.6385434589076,219.849317077009,84.2677132167831,53.4774869764276,22.8118062133249,101.284253501745,9.50404692570147,16.1598115414132,55.2366508010871,36.9047956874931,24.1387096799453,30.569589109905,46.8793293043661,142.318054220777,3.4738317098231,0.406601140689999,0.0637693927975296,0.0187389101843787,25.9575285222345,33.9215054312505,118.162261945444,37.0847163180327,46.7111845890327,8.56966978155046,20.6892555249743,8.07335761106623,7.16235179827201,98.1869091958473,5.90179278803962,20.2557206630185,11.7043485755057,89.9072168132261,43.3850444855739,92.4343460674562,122.684581691187,416.507548655583,1.077442739037,1.91981971427946,1.43392246006636,0.0586241996304083,90.8246847344912,509.001039075622,81.7524861006088,0.0763436645096934,0.0573030123966142,0.394516441765077,1.3823210341072,12.5212339120654,58.0676755200761,40.388162912633,0.527179295936841,113.899346144685,25.6912760778373,115.614704220558,48.454204720608,0.400129564840023,7.19475472299712,1.83466911069639,9.61804209968237,7.7211128424069,20.0495498174701,0.00484710871666626,12.5548696383943,79.2395607024924,10.8683208149557,19.2388154689906,9.86819731631408,22.3196411068075,4.05564946607038,10.1101033729417,26.5494618344665,85.6075161074478,1.15327293275024,107.498059173476,50.3005132778075,1.66740014484022,248.0838946706,9.00749723694321,89.0233620127286,10.9683510674935,30.5057224376051,40.7477563558813,0.0219627767632775,62.6648433933302,90.4990587163966,103.699745373071,2.77814282625925,132.599864806051,27.2820896357681,145.155145970124,30.0816429566307,7.10900584102957,0.0236111949663099,13.1769061895153,11.7684897527131,137.861582625374,12.3057172107406,84.8529538681544,47.2854823593011,23.571123636218,35.6068457632618,0.990931850924761,10.5776897901381
"GSM1019292",0.265377224421057,0.0132429880875379,29.6229857676815,2.96765704858811,0.00693457874342209,26.3316934182655,4.11165780980987,2.29158999286764,9.36229648030868,66.2864892028647,17.3333891235449,0.92753524784338,248.789894568876,93.3055786914501,11.8119654493679,0.0634271923054258,84.0532509677253,15.4744636747866,98.6733240955899,2.93452478756461,113.995804252542,108.807570655821,38.969010957431,30.8495489598749,4.18624179638092,14.4491044376185,34.4879438249754,13.7433081216977,0.18005876687905,6.38894979413578,0.81534900080188,2.5925170524939,3.79809833069243,177.304736784618,20.2731485130654,0.0299461256997164,37.5358644786107,0.0582869213731478,3.73498243900543,0.476275981781879,25.5229204924313,40.1259097937329,6.13855168975047,35.4383960492199,11.4771052756146,40.3934715237146,221.422387856294,10.9827279179976,94.7247961275209,1.05424527132072,0.0598766011541865,0.794389684110288,0.0113825846159102,14.6077213918293,8.14616416234891,16.4987460574365,14.1462155877216,150.447130389184,6.80787434852201,0.00419821472872486,19.1578532312923,8.85944798703982,39.0818976302806,89.8066435399514,3.05307655508859,62.5661205851501,346.901906731431,7.43229614636865,218.551246531694,7.02658872994753,155.958636394958,59.514214873183,131.981828276517,19.3550634032325,0.581600265448296,129.546585551881,0.930222130491439,103.321898751452,42.2667567531339,148.030611335855,11.8423942347773,0.197500323795937,80.8904515772431,32.2783224323239,193.469620482793,22.8327943126532,15.5296138351128,118.107920348556,5.44616149964054,81.2014715066069,18.6841978731518,15.4914735167957,61.9032931387123,192.143686248014,49.1799445306747,33.6345095483048,184.076235831106,85.3148302168346,33.2822087809297,24.5369630028081,90.6628901844465,12.2604620057014,14.666270738698,29.9522091687114,61.7973529604772,33.8587385815073,36.0329383648171,32.1268522143174,127.126019305619,3.40430423129289,0.586420824512407,0.127072094903967,0.022366593254179,32.767562725005,46.0924623155601,90.9170267305278,69.9551626763629,21.2736032647486,8.2940021244136,8.58429758876736,23.4583367641629,12.3980905597407,249.870308261991,7.09952982018168,26.9597905379103,6.04077202183027,158.427163222421,41.0363036739709,114.468794388448,109.300093055445,318.675928547709,2.49133339056332,1.75058920149089,2.95652633584732,0.0660534781483465,118.749277865615,462.181515945942,52.414340022933,0.102244597308548,0.0668224661182828,0.329216979320853,0.641023427627022,10.2158044609544,48.0591826848486,36.3417675249332,0.399085553693935,147.766376575441,21.5060386231315,125.36278208245,42.8538943701816,0.28538149479293,9.51675382775096,2.45693429878196,7.27519819662279,5.88293886736755,3.05687985555756,0.00876499955210047,11.489896769171,59.6159674350285,18.3674249460913,23.3818644777122,4.93158965536618,78.2473810991553,8.08352430421452,10.5658340328853,35.5701749249862,78.908273650539,2.09660741917759,75.4853820920921,51.9985679217331,1.19017709607407,129.750484096448,9.37500166980776,29.6140572873628,6.9866622369983,12.5922879517985,31.2324653270754,0.0225379101775375,40.7995946101382,46.8372136858959,82.3836323179158,1.49760327142213,89.5365911160032,20.4250886655017,139.89689104229,13.3931264917532,5.39776979375583,0.0364019613253044,9.74295780623938,13.9626574851844,101.513395410775,13.7686584847813,69.7822757483397,35.7117526060317,25.5856250035092,15.9416783470917,2.21750634863052,11.188736842127
"GSM1019295",0.0724463234112975,0.0149878500801153,16.1579502024052,5.91567650594179,0.00822682788091825,27.6439875137425,4.50550658955017,3.34592148679591,27.6437183286387,51.5019841131247,17.3531135870207,1.17990108248796,161.45824713192,52.5888110056235,9.63897414397595,0.0265683280280424,61.3100725130481,9.48141993119131,71.3685225555535,5.44690776116261,81.6366298865067,81.1814453368521,40.5012591300198,15.3989422817241,8.06570289622613,14.3810397571618,12.261582884821,27.874700839195,0.127079944786086,2.80554519643862,0.703853386022929,2.14218504435483,2.83854972860262,109.831879174058,4.03758632349179,0.0580929617529479,24.0793773274466,0.0597978167590375,11.5358965309498,1.19769801718712,9.44023254038486,40.3502822034948,6.86005097361468,59.6930199456017,12.4743006531127,46.0491323887259,76.3319572797708,16.1106930852954,72.4522028138031,2.14378455866152,0.0447674593841274,0.40200796575459,0.00672980068682304,15.9826599160009,12.11423874568,23.7441657851828,13.92259320877,127.546563566185,7.40916937497948,0.0110246163532454,36.8727437678914,5.63122409308275,15.5145737665944,63.0812116286093,2.61820357056072,50.4906460203526,294.490080974883,5.35834572629654,121.945448150221,6.09513859374328,154.436246475901,43.9304295058849,115.661776931039,28.102894453229,0.332214468848542,125.27116597711,1.69871023262545,82.3713118673989,18.6957191360172,134.296572939446,19.9204647962228,0.0746133647132413,34.2200758086372,6.05959813539671,230.643066517086,22.8125339259058,13.7697887694257,120.580450815593,5.69718538651407,128.854921366722,43.1224853022202,28.0128163250559,37.7382780075659,119.891690694603,9.97753437154933,42.3046073414031,150.267569229196,86.75616930637,61.606883299367,24.7621547666906,86.8145200496011,10.6738960108558,14.38650794352,72.3339977834037,36.793174801474,21.9194897362588,34.3921762851555,40.6301409388051,143.419857774873,3.77946786656186,0.397996823781225,0.045158678319909,0.0346932734525549,13.4687155013671,32.5784944833963,97.0261182188069,39.3528361373164,20.4038341065719,10.5295059920911,25.7523303915861,8.19008214907889,8.16627689841545,102.906733109546,5.88402476432035,16.1533412922712,12.1538177964512,100.472607970265,36.4208260301647,212.759190860314,176.549144729275,422.807900576432,0.761616308197673,1.31210622132933,1.41511832242893,0.0765334184528243,132.323994324278,322.867026295579,71.9162250544745,0.0759023427986132,0.0746737364735923,0.316580619493798,1.74259626626818,10.0255221770018,22.6364639807612,30.989124773802,0.478634374699195,149.172511351293,39.3813630824144,100.189476014915,64.6013931645257,0.159179900810076,8.01290798071243,2.08415913950124,17.9139266439744,5.42066274514244,6.00817165883066,0.00678261064050205,6.29239781589977,73.4076713580141,14.1063386266716,7.69370425987997,8.14464817502069,16.6262750321147,6.02478968240684,6.66650491838201,18.0921845726401,83.8279280368262,1.1574660736843,92.6385811251872,65.4488215368697,1.23469792984106,167.565007979108,11.5854590846044,59.8890994688265,11.7271296093117,11.0826683091865,38.0139157794176,0.0145739085626987,35.554062549283,31.4163405852635,68.2739387091466,2.81332991940939,120.144495598855,22.4312885340757,86.8389572043298,17.645921695372,6.48097970670458,0.0223764953584002,16.9214847937825,7.70059026422576,97.2284458307986,10.0621770996605,76.8848806195503,43.055838766437,10.5094890439275,21.7122045449352,0.666644679810087,5.590788454244
"GSM1019298",0.0363648338672795,0.0127171468049752,12.6142799740992,2.19608685977796,0.00692659908873147,22.4547203380129,5.97586650781943,4.09019486453966,30.4988867232858,90.1531794091159,29.2027258432465,0.269290119329448,257.604968585947,132.133392036379,5.89178369257638,0.0621516261375551,102.214651117885,19.9932351453342,148.200021353293,3.65581283609637,221.99877861851,100.3819630507,113.854240669468,27.8345154986969,12.1316376676145,23.8896101422662,31.7061324993424,39.757959208616,0.14362855121288,3.3864539282816,0.913352223069786,1.82625730761884,4.16714794699016,35.2165885555465,1.71288668557858,0.0324951710223512,21.0238988508789,0.0799841009639546,11.9262909364475,0.930469982146936,8.41960640636376,24.5180199821822,8.81461191879704,48.4486590070207,28.5089656181525,73.458535901641,38.5534789583395,9.98664806338848,103.519462106389,0.868009390850337,0.0560408321223752,0.0687862722255008,0.00444563226971746,26.3439349971407,25.6983448690434,33.638983995847,14.0520835882848,152.096082812828,6.07859255247268,0.00889000196707445,15.2508607679187,7.38998715261162,17.2603489782468,97.1339674727282,1.82198208018583,114.735319425319,330.376680680873,10.9066612666556,150.629900028242,5.3437983437965,250.300588088845,92.5795283916408,128.17904975514,71.7776418778452,0.150807268530822,178.438874870893,0.65738871114398,54.8564553830965,21.3180860086223,130.788940211323,18.8968631664698,0.0339220467362012,61.4703697563872,13.2518656237745,196.105611402686,12.5234772197058,18.2070500163968,157.018573788872,8.12704118566432,105.58053689878,62.9737725291717,11.5552645432103,60.8013764349875,158.541345600107,8.30625027594117,47.614714864431,169.815628163943,137.603466254157,86.5326017154221,24.2859035165637,115.027116144275,11.707530122339,14.865557660317,77.0712910202262,38.1139293166883,23.0258288933951,53.3440498333561,75.8732544613954,226.356429979987,4.98226768577049,0.759020886578692,0.0921469425124636,0.0414806232844425,12.6102772448487,32.2895146870276,147.345114742979,95.6026548170129,129.261146504645,8.37642467965436,89.0903000035891,9.17194101798372,9.04842387940918,62.3125290963212,10.1430584422097,65.9624544155593,30.8178436350409,152.75463900651,45.549548321695,30.4792066629381,145.43702719611,434.951297898378,0.553475891788887,0.706088158228652,0.758951865074742,0.0525946910995929,86.5995594188474,552.496516437774,91.9237547922731,0.053012289960351,0.0537449813237962,0.334753496340523,3.01921119082648,12.7410461546103,20.4137886588045,35.3059827490383,0.38519123216942,233.507119931885,86.5642464868638,123.815016453861,45.1332654996891,0.141075079283928,8.29451406589511,1.9909061985735,9.10657957650731,9.64756056133773,6.60213687795732,0.00393141815694871,16.489068850441,87.0904767978704,13.2527048767512,13.3363737225602,2.01023020627086,17.5421429235042,5.10211312480434,14.6150424920615,31.6745495765735,137.068142094227,1.35209984520597,128.596977497908,70.7378673527018,0.971853331979962,175.617401953621,31.5493991175348,26.5262218535186,7.52916959870538,8.77294698336291,25.5127943643744,0.00356583383387069,33.4441108821117,34.6695029165773,86.9923200830944,2.75633922143528,155.082626035548,31.2503411613016,91.4458408038135,13.7998543080143,8.081575272555,0.033852756043044,13.7890808268636,18.3430487797324,142.68858834223,12.6452943628237,99.8649971045089,34.2566456170673,85.8588878290564,34.4610388618095,6.59904631920168,24.9057599840466
"GSM1019299",0.126720091201344,0.0180457805351053,38.178480958125,3.49696018692185,0.0082590285416482,28.9773246817205,6.48956775751066,4.47303252926425,36.184212141022,77.8723325544069,25.9661597583551,1.36861001477627,183.505159569291,87.7115162336276,8.04818535477935,0.0534558977296056,85.2086423786487,13.0983269038306,83.3550799854486,7.4366219899762,41.23334383561,147.274393991756,55.0698381902176,23.8642661415471,5.5293448099428,17.6139247881223,19.2045885103708,25.9737582200793,0.134745078604766,3.2922500240951,0.881925174265666,1.48880210253199,4.58092921382848,89.2212660585704,9.08631708775782,0.0568885890726726,38.3771576605803,0.0947958448901934,13.5232074820607,1.45583413044982,19.9705712998937,64.8412046450809,6.51693620003366,87.8288387156434,23.3773223623989,53.6171534399655,226.301619476341,13.9696624736153,60.6092343573992,1.73519858387931,0.0711334657127849,0.462423040468183,0.0159244064804314,18.8515901729142,4.72942413656114,35.0120562561181,17.7257807807622,174.714447921329,6.75360700526569,0.0140834108151166,32.7088554320884,9.92103539580873,19.6026056308505,81.1970152407539,1.72368322746103,124.049739895607,435.206087202981,10.5616454491662,219.13335793867,8.75178988380241,201.553158675743,63.4511703631523,177.39509285288,35.7057128846066,0.59020701023562,183.52045774387,3.59770396728868,66.9811264182431,34.7520290854766,181.942063019474,19.3126231377966,0.165257075003299,27.9557630011301,8.16051915655054,300.329516378752,14.1416551810473,15.4651813246872,162.490076847787,11.7976329326613,183.301344510056,44.3082545226699,22.7015579415185,44.9742724868031,201.16744427196,21.1832844575709,47.4361933809592,236.165640106497,118.719897056711,78.7315086607894,43.4087436970403,140.859405409801,20.5468919011081,19.4852871406515,85.7337575616859,47.1112287076767,31.6507546722551,41.6322970004863,75.6592626228327,196.056405483095,7.39618613369626,0.629750537481517,0.106823180515975,0.0384292859725044,20.8104683241521,31.7389140466666,130.905889070108,72.2870270913875,95.9806959407047,10.9746991616358,27.6446574405794,20.8895561302588,13.2042079447223,74.8022950188209,4.80450791831071,20.3686436646602,15.5396410880259,90.6599377892399,50.9266832328255,191.060250926501,216.638230192863,438.218384750463,1.46929316959663,2.67775163055734,2.06301081355738,0.105579143341248,120.118366328762,421.457710579344,103.859154362002,0.196167688774889,0.0739621196026887,0.490490707041589,1.99652767296421,15.555282970705,75.0521953413383,43.9509977242646,0.887306658130629,156.700410112179,44.6556168496371,128.843890112869,78.9460263370765,0.504601131245084,11.1506375667561,1.82441488825497,12.3265370099262,8.28122066568099,7.48208740573694,0.00960222795548515,15.510568599664,108.320142085586,18.0692629453157,21.0391415906007,5.69917619120757,22.7199747667812,6.30896263166054,10.3585946678761,38.1909701430437,128.051388673037,1.18653000182513,154.720884644303,107.025138183667,2.19983091316279,247.250221275242,13.6593297510882,143.995900625363,12.9781535220381,24.6477419145487,39.8241297787142,0.031955644562243,76.3741409651801,58.1002053747531,113.913676522156,2.23581310359529,146.983249023362,26.2093057043329,144.993199536457,23.8530180835388,10.0899670900313,0.0366186717045672,14.2372372173795,15.7469911604915,165.398928546878,10.0463187846836,82.1955866084996,61.8316605277197,22.7877194568527,30.6355065288467,1.47018467191958,7.97634248313536
"GSM1019300",0.18287364128991,0.0721078354215571,141.316602122307,5.21644376696064,0.0220285308429042,54.7265743763314,8.90505524396067,7.7578449759517,76.5916934356841,175.211894353773,38.3715393494775,1.38177639086885,259.005426026562,107.96630922903,7.18461027380177,0.0706419271719238,154.733354888757,17.2566310846039,103.735629962373,11.8391872219179,402.829028821434,206.912119463468,117.947767173458,25.2225197385459,11.7284186001855,23.5673052737086,55.3248796154149,65.9561863375078,0.276733015611962,6.7412070109294,1.29193977091888,0.321594808023596,6.24545515308176,168.05904605099,7.15647323770474,0.145422619195549,34.3571778013443,0.343016129776536,29.2439263471467,1.68750892345241,34.7253880554258,58.0993269056502,10.6660216131413,135.084825664955,39.286442994496,52.8120636870909,279.389718655854,30.4645600071103,163.786223220047,1.43402051551494,0.254972023138569,1.3245984141055,0.0131948334876052,20.4638010599913,4.35213708180416,61.7532789444035,40.1973231293751,283.534743729062,14.5969491020626,0.00803082998132217,39.4727953403713,41.5198897019003,59.3372646506446,187.316613745334,0.0648573125897795,123.995225756948,755.629075094288,32.0826057665727,447.903287420444,11.3469454623056,513.753251701162,67.3599888389771,236.059679145251,80.9966838691876,0.695518012874352,359.61115257917,4.69477081666133,50.8534972438143,43.4774639724168,245.841884516665,29.793892838764,0.221728075849089,47.1065545277523,10.3495786487979,599.632101779455,1.17630880893603,23.606936080684,197.733637712854,32.5977230995343,401.200773557434,64.1886759109121,33.5171265893945,155.056535739002,369.848114092024,28.1940918571727,86.8933307542839,370.575093231752,199.956694866379,110.874245635099,63.5833637768622,244.679876664035,25.7682816254213,28.814998248444,133.883611504376,73.5104200967528,36.3171058889153,58.5341057640625,112.865270427625,274.526880655358,12.975951237568,1.94610767410456,0.702381043612683,0.143767292676788,8.40107051361785,12.1579161341713,216.309600607074,208.005117698072,1083.92365550707,17.2976750708857,63.195133477269,22.6648861291048,14.9980894612937,7.70429669663493,8.457048882807,36.6674738904365,31.2690626374542,184.292159579371,97.763071846631,81.3799573643333,285.126814241393,895.882228835013,3.39724250095643,5.87769862703181,7.39517462996697,0.15496555167261,471.867261268439,775.234485083166,200.68279756874,1.36177305464155,0.646711846851617,2.21608110730196,3.72268810902091,29.4987705295017,86.8149031770194,62.3935602684407,3.1627212352279,228.076656183987,100.99750214898,340.148247462676,125.198648951273,0.290219347362236,14.5285748653159,4.34252100307972,4.61654425906507,22.4643346184659,12.6188738155016,0.0177261471142245,20.861418113679,189.623882747312,28.9045014932474,56.38830009925,6.11759521439974,54.110472361955,13.5444524354649,12.3263504303202,69.2473601721012,212.183447560564,2.03061700763032,341.070234335382,197.329079737413,5.07338542652132,462.234441467122,30.9857248806528,281.751086930289,23.9311846217215,24.0236534018896,59.1768324824009,0.0374803125167258,78.1147895793831,57.4587105685755,145.197386289929,2.9139830897068,244.15550191424,65.1395787814272,323.411259574556,31.7857905302535,8.46806506941622,0.144432452893911,5.27424295236772,52.7478386381008,568.921857988921,15.8039466572967,181.08303042972,99.2406833820696,34.5896011180904,147.129963871855,4.74693730343872,20.4783680382851
"GSM1019302",0.0747133097580172,0.0158003512408967,16.1713544232408,7.76846188375787,0.0101525043469515,19.6911162941729,6.54652451416553,4.29927796178118,34.6901644511775,50.1538311075032,12.819651583979,1.2195037614556,160.849847264814,56.3819717306206,4.13938413505632,0.0252524653948576,45.0015505014534,10.2098378166755,79.6168193386671,9.51480655145129,91.2189165220834,83.9367480061262,51.1737195797466,10.3245658578187,4.87731912683776,14.511673112581,17.5382687967549,40.9495434430307,0.189982548229299,3.68696036309714,0.681141911497186,1.67312806373765,3.45705953172251,198.197970684113,2.61617892348634,0.0495697682284561,20.1044263213234,0.0875057982234466,13.8265069186685,1.21423513847268,8.15930792724778,46.0266564458613,7.19366871555538,73.7940007452966,9.80305085133798,29.6365138570462,63.3844444001508,11.9787834760938,51.3931445390405,2.79563374846456,0.0431166332907251,0.570425468321677,0.00762893093714867,9.77502534834706,15.9014788343929,39.7226191284806,16.3844674602184,113.145108159373,8.26649110655688,0.0113691595454222,32.724114597659,3.99911700450185,15.2953761896416,54.777754303866,2.26256699974752,72.3032540347005,369.929798717352,6.7777629638212,94.5345934896044,7.86448871654235,187.050630154898,29.8867205832563,104.532872240258,41.1101586207906,0.362279880793228,146.014013319403,1.9111862659442,47.3942236217517,16.2517629515251,90.9152358671727,32.3706913777461,0.0707480955100741,32.7634196115132,8.31993894903545,192.804737324535,18.89289791554,14.8585790655107,91.1280560584737,7.89189535711965,96.0131634634262,50.9395478060308,33.4389259289961,33.1576197485485,120.572911908012,4.07890541860186,28.3448965048679,144.950521746794,51.9581457430642,57.2559063152928,24.3991006545077,99.9816690251156,8.84482902788037,13.0388268936365,83.8580951361945,24.3976067156391,17.7686099192266,37.9331552892355,50.4422689605505,152.450558943341,3.55244012612272,0.460708997803549,0.0528549171849917,0.0194276249366577,9.16701126397418,32.3419401658403,103.839292989601,36.9890494571188,67.1420865615415,9.82133456713115,56.7928983040159,6.23388259875637,8.61886779857656,61.6535313454827,3.03003866774783,10.1327721279556,19.5748643460127,46.7121895617613,37.8939965761016,127.076210192377,140.898496837112,472.167981857621,0.575322267009072,1.04165297303985,1.10097194770699,0.0731514779487123,143.005608169542,350.567552007097,91.0901498288699,0.093050794376701,0.0531314490357593,0.37795100967424,2.86081207133521,12.9982812028252,21.5555856532864,27.8531418561598,0.42194731513725,146.465428393014,51.4771805710219,73.1142091004661,46.4595106656376,0.183253250807385,11.1366818647303,2.46112988832451,22.3206587369572,5.83534006961006,6.15334937270103,0.0063423035475186,9.32424158406916,97.7301214082354,14.0468971492912,14.9610865073046,11.8635289899664,20.2522186967901,5.22035573516757,8.04979776864172,33.5983792503131,115.447715433239,1.65414363325357,119.832917358334,75.9560117815413,1.28269398265834,208.434912397358,15.9170241155482,77.5456504048304,14.5919711235959,15.0485109406549,35.0993224455255,0.014451979500482,37.6462017496025,16.7847156649864,86.8119931001668,2.29107318755701,112.890276202305,28.8114524470174,107.645588802091,38.0396726864206,10.5176588134755,0.0384145999203389,21.6511037721402,11.4047901565139,109.623954411523,8.994379981554,72.4812397606975,61.4561130227732,10.9997991224322,24.3408468104529,1.07057745482732,5.73551923194675
"GSM1019303",0.10048289227692,0.0190207623250611,39.0047004872182,4.46783075680462,0.00963169159256392,21.1592034754287,12.8768832036952,3.30054839197144,58.5732112763647,103.521543428953,30.9656533168792,0.64564730982996,244.420092190975,109.717203236833,5.6502667888701,0.0634313708130957,159.850118727149,17.6862698460082,131.357737224207,6.36820050236001,211.790915332622,128.527515244527,88.7847417568477,22.8364371573639,10.4856814342774,20.4681818267056,42.9624336591185,50.7239718546788,0.227650852591783,3.99807190643907,1.01063159860309,1.38682177060318,5.96000559287207,119.487014477829,4.0592834594587,0.0705669734362448,30.9762341784712,0.136883439312053,27.6487322335385,0.88345569630419,17.9423335314201,77.2648426786199,6.80969890558963,87.0523041166778,23.9852645449945,65.8610549147454,175.233924383314,13.3602822360244,113.222229568272,1.5060232426558,0.11327534745109,0.629737390064355,0.00826786254983989,28.9855191917985,16.9348392172212,34.5672724831343,22.8113322309412,212.835891591855,8.96195071343424,0.0172119750023966,35.3677791392351,12.3248471454625,37.242254173044,98.787375236053,1.07782036274555,219.334427392355,582.368304275281,10.8491705826658,265.043179313298,13.813822644851,336.616895207661,74.6674821871502,176.841681373124,51.0602084821262,0.416617091534778,236.406042347786,2.12531478901007,45.3603523117191,30.6267838538032,206.492638533159,13.3604903302858,0.0787294263776937,55.8134006046145,11.4161559827356,346.530093039725,8.85574033134715,18.0671785155159,156.899081307333,9.3651776462632,203.802013210017,85.8876275561558,25.4735661310652,46.5429353166461,229.959350450889,16.1257755093698,93.0972135476066,234.870097733836,153.826685942476,98.9194788320322,30.5172067755966,138.756351963659,9.21199858364139,21.7437944083189,109.466768343342,45.8621088799854,25.3007009765384,57.3478112663861,80.7221739145224,240.683917199499,6.45711448092421,1.08338630098425,0.115915986490463,0.0840844608110476,17.6867928415809,33.8026574709415,169.753908614964,102.857742867651,82.591787305889,13.8545990796192,76.9869279087391,11.7395853852237,9.40973128101387,44.1716654500406,7.10870010439601,37.991206996023,33.3155793475125,142.377105465256,58.7199799992792,74.3348847665601,257.903999419849,597.241560189971,1.44254616798368,1.93300697645637,2.98063677768027,0.0887159899087241,176.801934757441,548.019377057535,103.138236678766,0.278034855252262,0.137471378327431,0.711294696953175,3.32498678387581,16.3767103211193,54.6924152789587,47.6930403820782,0.614808755991177,246.410726586503,94.2360500511001,128.64807916524,90.1244699758356,0.221308869742099,11.6808894924254,2.3678079369474,10.5416130826813,13.3127314563897,11.7499755321229,0.0079894268853366,23.6437134014693,129.197950380537,16.6295798209111,31.5686047195516,3.97308431901579,26.1130744544423,4.55077434152071,13.2707269463461,46.6756961736444,172.444881732756,1.62082859251839,145.657687386366,89.7464624170301,1.66426949506144,299.287964026284,15.3841179857279,101.026880218469,12.356826564636,13.7971898227167,35.5579560503258,0.0159552349447381,52.9393935570024,49.5392297389703,117.703867920467,2.59952187072191,212.144726404683,51.4321236529536,181.343417349591,21.7191470095085,9.03224945261702,0.0887292372927393,13.1145763282348,27.1991406328202,241.359190740676,17.5466297342901,147.803404974851,67.7536871682831,33.5394976474527,90.0033782949718,3.66807613123238,16.1944060761746
"GSM1019305",0.0491291295636136,0.0187684113803018,18.8230273275196,3.53641515600648,0.00952907888941702,24.3811545698047,1.75369127592553,2.47738354100043,43.4635705593143,50.6727238069944,25.7765728197474,0.911729425253505,255.273473729447,113.577094331074,6.70219725413643,0.0248970553781827,72.3585171334294,15.4752303836541,86.8236821171215,5.79658432389959,72.175431111417,142.175336184296,35.686489308087,19.2527455879384,9.67282817139539,21.3458203263044,15.9694003984094,19.9746462068733,0.161670326377413,3.00686012818397,0.940731423131926,1.77299893628349,4.47157618585134,120.836597420469,3.82450560608258,0.0461196376421772,33.3169134172638,0.0888801726754513,15.7393286365643,1.00969957057442,7.80548584312519,32.5513264784026,5.77929433472431,81.7196175987303,21.4680887931915,68.415654750197,90.8686115118993,17.3972815811965,47.695895078013,1.38624192785002,0.0706293651266941,0.332190801230553,0.00879787866989562,21.4715190697701,5.09849920470486,33.0341079575883,14.8872518833706,183.054571626404,7.6117266295604,0.00748460386570202,52.6972560154071,9.91276578653569,11.4926397655884,81.2474514700546,2.41523347594022,91.182688401915,385.591422627618,11.7570715682597,224.237520268491,12.964149100771,169.512006342957,44.6270485024319,151.016312265159,24.9426079655103,0.319170494817327,150.995621683038,2.68241306407605,61.0491429584428,28.0053596255862,212.784985559008,11.028745997555,0.0881661486464193,25.4785672728653,6.01181234377439,297.090108007719,14.2519889345504,17.4243469280233,134.675244215411,8.2020022196706,129.885860120184,51.7271863970397,26.0227248303786,45.9896570707941,161.015299853309,23.6736686010404,54.2881586717448,212.434657402562,78.4242150394563,65.5416093424255,30.3662562520014,101.736683158909,14.7002897626884,20.0867636388923,76.366310984497,41.3788191301456,24.4632009461859,60.576190847985,65.8238662211895,174.79704962546,6.37225910505279,0.701126721621706,0.0814348160547324,0.0469066502331889,12.2335198838148,36.7259954645212,119.523013820854,56.5577903986563,56.6894850751623,10.843510697331,26.3177723204905,9.08094828291789,13.9304520113629,119.351339365773,5.65371773088762,16.8593777344993,12.295607978798,107.982660842131,37.0059151875714,71.5649897439157,129.258344923058,392.188323423636,0.733361849947638,1.27035769923194,1.90558249897665,0.0799774483789534,180.231006522672,369.956346487971,76.6821319565109,0.145736264631777,0.0974234247570232,0.465373269965165,1.34639540252381,12.8064302395604,22.6458614952626,24.3570848546179,0.878559904026563,162.323289241086,46.9546633470846,123.740830015137,90.2479118775075,0.178469200476807,8.9328708558723,2.34117726344923,16.0731570101665,6.75679621098957,2.90111255816429,0.00648622922066021,10.7179311054578,121.678918584183,16.9158005985175,16.4659574039556,6.46891260454236,36.0261955270653,5.15306158510081,7.11980625222909,26.2530008662913,121.390874388914,1.41860743798904,150.954935851676,64.1684044974285,1.65322464428059,145.749132684317,9.41100867186974,72.6122414625429,16.8076220204381,13.5026868388333,47.0296279532479,0.0155147515661987,46.4119775260379,29.1877048364567,77.7957915974972,2.3781801098289,115.769555042484,17.4428056278095,119.873813814213,20.6396847117963,5.48542827708595,0.0269137319162344,18.3474989331293,14.7736563725146,139.736611227718,10.310182875125,93.463267716692,57.5289469916045,51.4596271604881,26.5639405753811,0.977498732522841,10.412080888693
"GSM1019308",0.0305316621340096,0.00846062972243384,15.2552776210837,2.46892334752601,0.00570293389149644,26.6049459907853,4.56353117585819,4.04548310856555,25.3139369158547,44.7223497316675,17.5474683597227,0.582556069808903,137.921264204339,60.4800463655749,4.67546920639097,0.0228045848825869,49.220174034553,9.94115659052732,78.0352582222904,5.19376578209297,27.99958816329,62.242567427563,45.8754819802529,14.993592394804,1.93953748580321,14.9321046160775,16.2856445604083,18.3711973358683,0.0952426218428113,2.22717049078587,0.740454116303643,0.555800477556952,3.22054307179706,49.2689030948635,2.5381888946653,0.0291466038849676,11.6024614573504,0.0659671729346521,12.3074994995635,0.919402693235752,6.31773818735134,21.681187074698,4.51002544656929,68.8733801367101,13.347042104409,46.5311301431316,38.7159442501478,12.929458399315,43.4121137359634,1.24037811819156,0.0373593741223256,0.0730510255793876,0.00563843411081217,11.648913746513,10.6768802336029,30.0853668260367,13.2612831684053,138.515173693636,4.39617812835325,0.00565295851577982,17.37903102762,2.75560670167334,13.2079001433454,62.3262810975937,0.336334619090488,78.7294654224042,240.094192682362,4.57243151071573,202.339703480228,4.13855506902873,157.513842305554,19.6553959678527,93.2537468030684,40.1025258686392,0.137795696705349,132.671977447651,0.870640734436392,49.4288482126449,9.67891175088556,129.297012622355,28.7491131373367,0.0555409852722809,27.0176244233772,3.97721517071576,190.050417431492,4.52945971566369,12.3948284022239,100.162925205403,6.75869556665036,128.325662858879,40.9355241240757,13.5309453970082,31.0120188980408,124.42471115772,11.0687417205028,22.0706520554768,154.138675937251,55.8088492451865,51.3743456391586,15.6201948297991,92.289075586711,5.6978672402224,12.7786509561482,73.71067184352,20.981257675787,12.3528513409856,37.2331862626166,45.6077470574004,118.905846496937,2.36695413874387,0.351113220520169,0.0462166502358412,0.0190677091850361,4.85739850703286,12.2350878352004,81.0586502789595,33.6938105048045,59.1240941439389,8.33204581005388,39.304681420215,7.51397702118364,7.43733641267546,20.1468449269881,1.55474017563172,8.31138637196423,13.3012830528755,55.8965455929886,32.1221688820161,111.102153674674,72.0509543685727,324.554467789333,0.305487490763413,0.480795164653935,0.352458176669448,0.0353226492118813,59.0520593797305,304.706637910254,66.8016778458215,0.0439811494169397,0.02053926264808,0.266032449848891,2.84303196522228,11.2177356257738,19.0268745619342,26.2397979485472,0.295219976606253,110.312675489347,42.2375777724905,66.9669837449803,35.4710958483372,0.149056480349645,6.88634772622538,1.63775885433428,7.1296552330451,4.69654499054018,4.71752935083125,0.00334894973149051,7.67396578338912,80.0682551006326,11.7590056111095,11.5915988129441,3.47650354487008,14.722097304192,5.65919609066863,6.01708991921233,23.089522943837,105.511285208095,0.952654040659336,123.494895579465,50.3749624936529,0.937163305203708,177.943036648786,11.6408491680851,50.8948359637482,7.94422043241017,14.3569168340565,31.2491262492161,0.0148133223581511,29.8031398651968,22.2946816414044,70.3658558247597,1.19077131738918,115.302572338002,20.829908548824,93.8870194633929,20.016894333677,5.9413206844384,0.0145523292717772,6.48983715817917,8.53299494318957,110.859139847994,7.33028569003448,70.5020151396886,39.0858218051444,14.6227654137843,21.3672545211655,0.799544222981358,5.15526376990052
"GSM1019309",0.106263721052839,0.0327223653042423,47.6470753086104,6.83703600720468,0.0181943456418105,33.8861791607474,12.3421725570869,7.9715723018278,55.5828796890215,108.336957751711,27.7333045233275,0.946917991695548,186.935474689877,81.6922812295622,6.1644298765028,0.0335035578960699,92.6263247966006,12.9733063997728,86.5127612718701,11.5062194730032,203.040720043627,183.065001993385,121.094467086357,19.964596661528,8.06671490813133,18.9401493395627,36.346643945388,77.8765519263773,0.250785972610952,5.2341764263733,0.862058929334218,1.22293049950685,5.29146555422866,269.198276145395,3.88616452482484,0.0874395159727022,26.8887692612041,0.128174949784156,21.1201976308162,1.22646833458924,18.7543674574155,58.0635091287799,9.68606385944366,130.011554014065,21.7873196916332,52.8118841841894,128.44572992906,15.7521318935191,133.414697397312,2.1496004825903,0.078202517629672,0.542494343319657,0.00880673516313154,20.7826715035049,11.0041016683092,55.9393048824295,24.4855346285919,255.85618736796,12.7694891603211,0.0244341913811475,45.0572137941739,7.02778186875838,43.7292642342843,82.0392622173409,1.37027343604627,110.997319707928,642.702410980135,13.660859778591,292.655807217081,11.2663691970173,275.93289125371,48.3840011100219,148.863290268421,71.2935516901707,0.439247755476431,247.527908826114,2.12636462632806,54.3826064020436,19.5883397207836,162.790210124618,39.5981112109848,0.124181466886704,49.0992461322618,9.37454792978567,309.553841036758,12.5928309638746,19.4682869936954,152.478414562966,12.5252066267387,188.882222198975,84.2235491102513,42.8037948229057,67.1236703355979,160.570073752344,17.1976916276376,52.1549250320887,206.910427137552,102.944733978511,89.4246810214944,34.2630942027296,136.584642315528,22.4923599913177,21.1368775812372,115.756173829783,33.2920488490004,32.4011694678744,50.891310435144,68.2200719050617,216.971475220526,10.3550260421133,1.12571122389135,0.158385916758116,0.0656050854759057,13.7740145498105,37.8980180645567,181.71439201724,93.1688316287609,130.545477424314,13.0824610852206,46.8667833104007,10.6715093753305,15.5195456118309,45.081651378403,6.02257949936831,23.8590370663596,25.8019062206166,105.942155589177,56.2900237949405,324.765058401446,181.821109236082,648.881190516926,1.03797109649444,1.94361667136585,2.16556019200711,0.106922516260151,144.86416346756,500.063326024039,144.269178901608,0.222469000581302,0.147985457837068,0.596149162574057,3.47727659514373,19.8377288107229,49.6726055050063,47.5552436013312,0.688510624812803,202.030682021182,77.3904841599259,130.722138535561,77.928246349762,0.228389690471413,14.7631847364713,2.95790339133999,16.4863795477535,11.512977221889,8.07445482396184,0.00926755985787522,19.6564244557369,142.157432712107,19.6165792583501,26.4571576487778,12.0511787033348,22.9726325716065,7.95627047265932,12.429507785817,48.6972809324497,199.509505763913,1.71371366599715,213.929054798773,120.434666083276,2.78563993752424,370.977417520595,25.6929875644093,106.519669926323,9.76092795699581,19.1535289437595,41.2482483720797,0.0109163566931137,47.5726800498778,36.3296408335872,125.28068981979,2.87658956167402,192.435103928238,49.1305904275661,141.699299132218,26.5456753065949,13.0888566173289,0.0478186223427538,18.1164440629644,17.858072160873,188.06912672202,13.4895224009601,126.751204098444,109.866392149079,22.5121785697792,47.2840781198819,1.71683903902776,10.0137831320703
"GSM1019310",0.426401644262495,0.063574723682105,111.826994051308,9.49683449059131,0.020381835980426,17.7224858107966,14.6108601080397,6.82694565300682,55.3387470300791,98.2543642597113,23.6121401260063,1.75901383469621,195.627431952916,93.1328596260752,3.47748741538051,0.0691557906732834,133.611703252522,13.5409671939208,87.3740951629732,13.9712683512264,169.066394079354,209.55333443196,63.7016757950686,20.7578731969067,11.5922027400055,17.9557943035949,22.4431307042929,51.7936622275451,0.33595871490954,4.9153280935487,0.855102768129686,3.20895165498044,7.55515470315909,322.672567178892,6.23262952807589,0.118307288309133,36.1680729019076,0.152454607345447,18.9822719537494,1.43986590393731,64.9426067697367,125.206511210486,12.4588332037431,80.0221259923381,22.4412494556794,56.6995915922662,165.483457973717,11.3548747127538,121.077572223428,4.15047674636998,0.0646607552363111,3.3805049722076,0.00997051608585656,24.6274537703419,5.72727380444769,40.0102193157341,16.4018462951424,234.637778909749,23.507690672857,0.0132922128844877,39.2497768064436,11.7979120027486,54.5072817604734,115.416351984953,3.70745222717314,204.424361210821,583.45344282048,12.9700780390434,147.881716724511,14.4159453847929,226.67944360822,69.9323601861795,160.753022715133,59.8119922115254,0.780061044346512,151.678562675837,4.39334633999393,32.578012489578,16.1288359784802,126.549098190633,16.431717990852,0.197206465069032,95.251698715897,15.6250524735756,336.737945336548,30.8002296522007,18.9788649762791,208.224120375666,20.0980093884309,110.477802329283,89.8808998900819,60.4857736130376,36.2102982262574,175.632151336375,10.9305761855344,60.5461148918338,204.445688283157,103.774804857539,77.359560464283,33.3993226431898,169.100210248511,16.7779347227141,20.131926558109,105.377250715652,39.353917227794,31.5552022855845,53.5113981665444,72.5212835015309,207.134552921188,8.36512969120247,1.09474877011958,0.140174377056931,0.0739264857174052,31.2166956005192,76.6468908806198,190.207382976591,88.0605520026832,66.1750200480126,12.8574490470051,61.5076840672791,18.7000785625013,12.4255430553613,107.984933313393,8.10435362040189,28.722715188828,25.6176921342872,46.2302023037921,51.166653012667,141.090346721838,250.104233616234,485.892616475817,3.77681823875772,4.33459576590755,6.34963149146791,0.122515188287997,218.131547342907,419.086026692615,121.747913062601,0.593654845908751,0.311424988742908,0.888670097627952,3.07268868139183,14.7031177001677,53.1627320265571,29.4918894535551,0.775963112664253,153.296605364944,65.9478236444049,100.490136729949,92.5889464399988,0.257327200426547,14.2663784720772,3.7103124099832,21.4148903651965,12.0425151381686,15.9064869250931,0.0129479991103622,13.3909317613998,130.216536319893,9.22908803288594,23.6612388566695,20.5848332755754,19.5363361817091,3.08585502914228,7.7242332999875,36.5144501587762,118.759654748544,2.22439084641029,133.840032641473,89.4044066874299,2.35716195781558,247.869830904729,30.0357366268597,107.096688491745,13.4668095268025,23.4142150987656,56.0333323331211,0.0227889713424752,64.717928349322,63.3581999850912,125.333164176491,3.14950877131882,141.198005176204,30.0987875433567,128.306981853746,36.1997077035233,10.3772901643914,0.227660154180107,33.0219265750661,13.4502327142134,201.29041315797,14.0050327083717,101.210268129031,106.539632660819,18.7385400257729,38.5911589531771,1.03369613120914,12.0820926323809
"GSM1019311",0.0696159305953718,0.0272567945842519,15.1075288374133,6.07609911441419,0.00981607491219963,24.686325921818,6.80984572133842,5.13743606652234,38.1616981484189,63.1444241515274,22.9565212757696,1.24979049699342,160.872469182238,70.2824506953469,7.489768614803,0.0515078370210503,92.558732470536,12.835696762516,88.8511488938221,7.55223387192871,108.214515091376,105.95489446834,78.6356574881283,16.5258057891699,3.53617138134725,17.265155298276,27.1882106660081,78.9145696005686,0.27124917074973,6.00246603292262,0.749137710844642,1.97866706287604,3.94440639609169,114.336451520225,3.97014708327593,0.0465526955524875,20.0217547766071,0.116104163758846,16.1929434755457,1.52926442399836,12.0127759883702,48.5713377220177,14.523739417367,96.329243409356,16.6250605745779,39.7472517544226,68.0900337021805,12.9990859642014,67.0661598565737,1.86026182858217,0.0571235303227167,0.470400593027198,0.00605023982579782,19.0190239817383,12.8497716684546,46.5731240919445,16.7515321417943,139.415991573471,7.98077571592009,0.0232231563417177,38.2176960971743,4.62201742932505,19.0825025603288,66.6136877190337,4.02851707811916,128.363706644935,358.340090070069,9.06306785411405,109.534944754321,8.23184867797015,186.07730307726,71.2998462106109,112.21687677757,81.7750329656853,0.276207271331035,168.532187163622,1.9686025741697,63.6153611291429,15.5957084992009,82.904548620394,36.5270638045966,0.106414870841009,46.4524149596752,12.0262093315134,196.900595805408,25.3042629957542,14.0151879086689,157.154908224146,8.8677472610268,114.910237673124,49.6619485486582,35.5137041723577,40.7525029116403,111.035928922282,5.2061542257897,56.500815552256,151.985113971754,83.4388016844209,80.9284752750718,26.5941278379015,101.17813512328,11.9954717593641,13.9946645258976,96.4334889478684,38.3269506024505,31.2177619055647,44.4105835017798,62.9694210957501,177.050879697453,6.34511697969094,0.883085504706876,0.112442869761729,0.0438989094107596,20.3785455930963,44.7107677603206,160.901428635216,88.2676007020388,30.7932937336283,11.6018202664192,48.1986404624292,10.73290405033,10.1153328732272,79.5121863060744,4.73856789848038,22.8921775239009,29.2440201242055,98.6799866907617,37.0633417267058,161.357570397213,159.561367583056,447.793221022966,0.909523435129745,0.723857727879643,1.2591006741451,0.0916163215693375,128.36552221369,298.848953393878,95.729367213606,0.159928780709416,0.0738236238500127,0.477732203634003,2.66587831494551,11.368631630295,38.3172131338703,32.8243395126485,0.466982530028945,155.610585934716,54.3962956822806,80.3571924557357,83.0095778627613,0.166742283382069,19.3463716550608,2.78895155949232,27.2155951127375,7.57316388910517,11.4361537557372,0.0087424995175217,16.2791958010453,92.0257208903197,13.3620164947701,23.3244917054035,13.0053901589557,21.1046260579841,6.6335897537304,11.1213866876515,42.9257242273776,145.70688458633,2.11070284008109,128.596279245701,95.3766982122807,1.35046543026557,213.927912790131,36.4402574889907,87.6541542756692,8.4468253595346,12.2458031548768,34.7584646527872,0.00876555714226166,44.6083956104429,24.3236157394907,92.4367029796503,3.49643016663653,146.297893796651,33.6434957674731,84.4255951830033,28.5053501719583,12.6853022925879,0.0418015820948192,21.1967118713753,20.1234422295936,136.812886218274,10.3128115802925,86.855316637877,77.9611671272329,18.1195974015168,36.2186656133538,1.71544306490901,6.91340224685175
"GSM1019312",0.0702938073081836,0.0192690343275853,17.9546453986757,5.2966303026722,0.00649369058196129,19.1731682446851,8.30600615821325,4.9087554330167,32.0671803093742,52.615100179888,30.706657397444,0.629491434457783,220.682618763885,78.3319914621834,4.56442523413302,0.0214246029140137,60.9790713156298,12.8624594206314,100.993658267933,6.59549804414713,113.202407393979,84.8503622741168,42.1460238813595,16.8772979104584,8.46789150070942,21.5371006462487,23.7060131039562,46.9932885166756,0.155423091980573,3.12149544446682,0.936129399982305,1.15734088748979,4.6452384792686,84.9931507879192,0.821714645804,0.0286746108016532,23.7760976631034,0.0908492821250746,14.6594607566423,1.29610228950994,9.67058007242914,44.934987919687,6.36194994934864,52.2094844225181,27.6562153605045,60.9230371982888,80.6788544505234,13.5329630040886,66.6895749819911,2.03136159287599,0.0338359878372933,0.590416446215826,0.00555279749181545,19.8602942334132,9.56671876307777,31.6788883171138,12.8991197928337,114.121455956392,6.35259081368618,0.00540120190168191,29.2402127395994,5.59260772561108,18.2603285515907,66.6074906836845,1.26290230612931,127.505149244764,364.538411081477,5.90133159913779,66.0074926775395,7.59058052598072,198.748172985731,30.4690946894356,89.2785145493669,46.3686637418228,0.37916933643866,125.120959015004,1.49514341119021,16.115748299399,17.7657592350721,67.5774603338116,10.0419743429222,0.0401101558051623,21.2025482732325,3.98232466756863,230.109532093981,8.32995962479133,14.1695341743776,134.952005498336,12.9905930669869,86.2901752609175,39.2133270150765,27.1470894338508,42.0837613676534,137.074586993171,2.06551373771839,36.1837854844643,156.910486013779,91.4587589433282,62.2761602374271,24.5310653351352,101.041569743967,9.91301089849009,13.028387711014,86.7657298456864,27.1665400753276,26.9110187042057,45.3400606941731,61.9737800001978,131.739859385809,5.31670794446238,0.515100330940582,0.0575096988807752,0.0510634066649778,14.3754535333123,30.8648103645965,112.38088226909,61.1067697140649,43.6269168154468,9.57618086279269,50.4431027145452,4.36195542153103,6.91301923832747,38.6559500642722,4.78208049977872,12.4060381177929,14.2303136436508,43.4825075982524,38.5002186563445,15.3178010136557,212.240623220962,379.361529037686,0.846865353720828,2.64947324951974,3.11364141702919,0.0796741598373404,133.802079264098,280.670767347847,121.086956594207,0.173170940173022,0.0723414203799325,0.411024399313219,1.82634692057533,9.34636944594866,22.8874304248091,23.512089485152,0.886780010407745,131.71091058051,59.6200397212588,75.0461486625528,67.0409842570372,0.138777492713795,7.04202714566774,2.64317327497797,15.0255315006312,9.91518120690317,11.4515040296415,0.00715696435854362,10.6698991420985,104.160915280103,10.9123520234988,18.2413544606301,6.86894363157604,19.985624899784,3.3620862880866,5.79601581582572,24.0800060007987,77.1811697384415,1.38676032896275,127.931094822894,55.6080399753689,1.11515294937467,161.881195300595,18.0635491802289,75.4980777048729,16.0816796401369,6.87861482619343,45.150214641378,0.00858279943227267,34.0113883926704,18.0558753252231,64.816287032039,2.75050069139835,116.159128711945,19.4658186878666,100.032128093439,19.3649051447301,4.65236570499733,0.034649445273856,16.8743609724494,19.6061590427868,169.772608225115,10.8743291418265,68.0016139218332,48.941957858334,24.7784451987275,22.4602902709427,2.85877682027004,9.43527024831491
"GSM1019313",0.0563659160724239,0.0132002643458841,48.5399389342333,5.80876582285698,0.0133234475531012,44.1009012379534,7.11106422248627,3.9488941277589,73.9993431338186,156.113009638683,32.853075646725,1.90628036558711,251.282531813828,122.113958898626,14.3943874644308,0.0848447982650996,187.664369869296,16.126116755466,98.0506729219199,7.66752960552581,173.524610037603,155.354297450823,151.650481667237,32.8581888215733,16.8222017877711,17.7019352134189,68.5571125380334,54.1101798115178,0.473136011090526,10.1116205612299,0.94468827276546,0.689157767456522,4.28103671168849,265.990133957942,10.6633486885746,0.121395293078638,50.1127005599333,0.274465380047436,22.5742160796621,0.971949441076374,12.6574308806198,76.6638540616383,8.84503417047006,151.716950081133,26.3869308735869,67.4063368820665,241.052325038913,27.0377734905316,192.909038699394,1.30850277409325,0.181273528840367,0.4075503446081,0.00870682973453597,30.1820401285035,12.0645708853841,55.968099957738,24.7394587395458,315.678280890878,9.47406129285607,0.0176614468584091,54.3607559398915,19.8101401223855,31.1684161869235,140.420447296024,0.329778554902568,89.2882358140348,506.129985221536,27.7819506303243,511.448768738898,23.5404606995385,381.372708119365,73.7948906177658,279.136514206882,52.3261469423072,0.290762952702294,257.389698318212,1.44742237233131,115.115359106685,68.4139608619222,359.299261833613,33.426096545414,0.11270251068126,65.6559071911329,22.3187084793147,582.204362267378,5.32721749200965,26.565063231412,210.09728571144,15.7673387832982,464.551445894868,104.374278940654,47.8814805460555,72.1648434789951,259.290369047993,67.2062681358361,105.773469212457,307.747000860679,137.982117873018,139.607644334541,66.3729922303435,221.5392848324,34.600691473771,28.8772917671717,138.063809785097,73.6816785255239,52.3476998790225,59.5613701847775,108.983120589214,280.151194097394,13.8596742931449,2.64011774058671,0.353722629930989,0.0986553184470973,14.6673333565018,22.6396916375762,269.974186060817,157.657290644972,309.691855637612,16.6763798853716,66.095551368127,27.8729168882539,26.9432935344787,34.1098415064024,12.5796166469454,49.9291431602931,24.6947281824009,277.036990290081,79.4600849189393,301.00603174944,309.045935708841,955.684193345122,0.739420853880479,1.74148707872039,2.55633615821756,0.170261687778903,269.009499590739,916.043051689791,151.862516019708,0.255430847160573,0.164131855561758,0.7625155114101,3.60896261559689,29.5437022414784,56.2127982760086,72.0238575562428,1.03563881043393,276.415685164931,70.2931963430731,195.268124516344,131.036682333736,0.202440301643208,16.5438507105148,2.95779657688032,7.15905992269071,10.6957304020011,11.38520534753,0.00795574098500561,33.023783947522,149.537303894226,31.4405358345551,60.4135775462187,7.71418791619802,60.8905805592295,10.1214290848753,15.5726469511564,92.605927401568,201.138078534311,2.14575320136709,228.992489739696,184.381430176802,1.73992231907403,345.958524344577,20.5195287423592,140.720870441045,14.2441005523681,11.7745009948629,45.082878919924,0.00798745803332558,52.9528131969932,38.6213229726024,162.922094396544,4.1702949129689,215.75863641503,64.322650698832,267.983543937692,32.7537634058375,4.38998127337804,0.0403907553317545,10.09883274262,50.3826389515381,213.95056027102,13.7713927663436,168.928952079269,106.335380148048,43.0597831477848,125.269270143911,1.92514065229703,13.7143861546388
"GSM1019314",0.0200700329656539,0.00757508954478789,4.78322907654684,1.69010795754692,0.0043494604027964,19.3632951651378,2.16693574817338,3.51695839764389,19.3218366048061,50.3992957177194,16.5210999017679,0.272705437325674,140.983799490833,51.9534206886321,4.96898580278016,0.0152879266762626,38.0206086934174,10.1160849147274,87.4873877239206,2.53615203087158,45.8224461347643,70.1975429579489,42.2517278253583,15.1217734671638,1.06496299231249,13.8182666791909,22.8881992819129,18.0755930816893,0.100691028281868,3.1403115018858,0.696740935846888,0.577180384629295,1.82138143080047,26.1021494330083,0.715727459375589,0.0206877547718952,13.2540148045643,0.0437605394105047,9.83613517555914,1.40799566246605,4.26866578997911,15.5486183101928,5.61398998288205,73.6044971485778,12.7812690799839,40.2176362983244,37.9934173691316,9.64539809348764,36.2482937429152,0.639650197248155,0.0377758169695382,0.0243466598594253,0.00392195884036112,12.4345360190324,19.3200523624314,25.5809479633127,11.9904392016939,99.5424592689491,2.97584832534734,0.0132357077100521,19.324884331369,1.50245029836106,6.73195908762401,47.1012355370475,1.08749272364821,57.7883955091992,173.537505231854,4.77633620541054,128.608008269476,5.18682058495684,166.411958420049,25.5567419321495,80.0758876957722,50.9415747820562,0.115351347453163,114.881572696975,0.580947161836371,43.7356146285047,20.0204858241284,95.3428045291715,25.4617247109685,0.0210618609812062,29.6685435138481,4.81678870607872,113.39139313464,7.67410815565098,10.5302313389593,99.6168183442987,4.04571667352877,86.0554666384433,50.926453458859,12.3476317842255,23.1767011480516,72.3469287480843,4.14114390121417,21.3645486158633,112.668752609763,59.3764681988253,50.331218770271,9.6067892099121,49.5346590114368,4.10349007569026,9.63569398932164,71.9204085784937,15.1772177410968,12.7996246158041,31.6590417405139,43.812729037266,115.427521305481,2.48392675073629,0.383544753681943,0.0530060891323776,0.019375275163643,6.10726783296498,19.1979714490903,102.150494388712,39.388666548573,33.0596723627587,6.63896976657299,59.8424440444461,5.42750095567987,7.94167627489936,34.4720507624748,2.61291183319154,9.645909058072,17.5013409284461,73.2612332930708,31.2675663411732,300.311386773104,68.7034214697221,301.669356193086,0.276830492901983,0.220387960619795,0.304315847871719,0.0364135798675403,23.6650581693229,215.89939293849,59.6618695629396,0.0272631523538091,0.0214760269499259,0.207365674939443,2.99670334114364,9.94285418278982,17.7864685728395,26.1599537333179,0.354969113068142,159.952750839684,72.2154267219334,72.4597791828495,40.1386308623001,0.121348034253428,6.06368422647591,1.62753441873888,11.2646449261261,4.55820072349532,3.4131698896264,0.00323966170160734,17.1115754009848,70.808247606157,11.1479254241306,12.9690660071532,1.99036677218246,12.8372568673682,4.81855250658728,7.91950774880893,33.2332762950783,111.298973434871,1.04458152727484,107.989680627281,44.3046184701474,0.786368682580582,146.081975737533,13.5669195152888,39.3213645529455,6.70399105704041,9.46190885622914,28.5867784881204,0.0111562482162514,36.2760485575184,17.1833568335807,46.9642837261106,1.43979361234944,96.1057858193601,17.4488308100236,53.1848829500546,6.18761041966305,7.58651428562664,0.0085408513233459,9.77935986286497,12.0080541898225,65.8180431474865,7.30829063802053,45.4163728946367,19.2001755664302,15.6237706001959,13.5893818927124,1.42203828773711,6.95425338780104
"GSM1019316",0.0742481810507763,0.0085700393936266,23.6467168340262,4.37776400001085,0.00445802902356552,12.0533398888823,7.16524923921642,5.99827859199965,37.9413062796523,60.860816721283,46.5640673787069,0.628960537421468,294.762443522021,190.589544568792,2.5044052827213,0.0562950980034686,117.618095684229,23.6378318443625,118.029146508727,5.00024225067809,240.499655542391,94.1547951714001,58.6376916705435,28.3848795782189,4.41669759790689,27.9597188588235,15.3218581216452,60.4993840595159,0.16882709153248,1.76752171366557,1.05998809882994,4.26909230256559,5.92579606929789,96.1426222713518,5.22443303679417,0.0142194416171301,35.4790768345781,0.0995518493794417,9.28702972918413,1.02168622282123,13.1669895554398,32.8335772520534,11.4514361672059,66.5595608367127,27.0529482338857,56.7794318353115,150.842190345293,8.50879799007772,127.219201447101,0.713130075134148,0.0504275741533811,0.288337096090196,0.00729831614780802,32.1569491602398,8.68158408507495,31.2945419346466,10.8042277410984,140.981976053877,3.61002306984672,0.00521759212150863,17.2978177859779,9.37603011301055,26.2067559117963,79.8396715524676,5.72485113660723,152.575940708924,303.860297298826,9.37986245247675,128.581930442652,4.51755691024746,248.743974626842,56.8778104973269,117.435879053038,40.5418740941019,0.423705858799305,148.268217859357,0.773915537667465,17.0261921610335,17.1525124227391,80.292947154709,5.65893715555495,0.083748263823584,14.7933387247038,2.81515612679018,298.431883279927,25.4962722412952,14.2042869899402,160.055914763348,23.7864955193234,77.0999858044572,31.6021926115045,28.1356376239433,87.7137662864861,172.71899496131,8.00894228435765,48.0390538147369,196.788144758065,156.173561816725,56.8757859434101,52.2911008017448,161.283058664868,27.9074474314876,18.5133089278534,65.3898562663223,66.851464133894,45.0423952200254,80.2343084481842,58.4305110857147,163.043072799526,10.9987693630983,1.03270659166828,0.0972328142342754,0.0200446447401477,44.6266215269886,71.4487076624416,177.866491084632,95.6333217763275,15.1929706425741,11.2853024374018,27.1012013645783,5.74144625062475,10.392553880929,186.381688864773,5.68538925682723,21.2589951940958,7.93631332115186,35.492549291146,44.951886714365,21.4278771890939,221.509706957495,450.557297491899,1.54947187193037,2.29675779791329,3.32996454094104,0.125202923527545,185.000890598976,420.409367372396,87.1869873151337,0.068438948313237,0.0175100490879618,0.309087528945173,0.895218647393763,10.0185675266895,65.9648026506492,29.4539460243872,0.877741870451736,193.486925436407,52.4300432399637,97.4376430537825,76.2706890029857,0.228326707732989,11.0311829486417,1.68449469162781,19.3267451461534,8.19659436657163,10.3313992675828,0.00708085779219291,8.79552780873175,91.5361131633944,7.34187632452708,15.7888272600375,7.43351364779282,26.0677435931991,2.34003819125942,6.42148719520527,19.3608873536107,80.6673535603234,1.40460625842229,123.105453358242,60.3190316663384,1.32857489300927,183.247436969158,24.2814205654415,94.8970670969303,8.32316207689049,14.3638206838472,35.0781575172646,0.00770026247148099,39.1595424071359,32.6317626615061,103.625867302682,2.35111209646386,139.670097068768,13.7723233604344,105.57484952346,13.8398890484708,10.0415808757061,0.0123729693312266,27.399932354642,13.812482521833,239.259939886943,14.1691373563059,109.336109102897,54.8624586645423,30.4460189356705,33.8217347071499,5.54938689681823,22.3684670054649
"GSM1019318",0.0575255107674717,0.0185178589550801,13.3562049109095,1.66381950110769,0.00874569023863127,24.1860315515963,5.08804223398233,3.20056512317314,25.5855535828249,50.4151615627622,22.0273657368657,0.882377274764666,221.05153232917,96.4240504323948,6.16787125312127,0.0356946541295376,75.3137745219557,15.3006028827612,88.6231847032162,5.84611338631217,29.7446208895182,106.035132756348,51.2674088321121,23.000453853015,7.6167735203567,20.8657624354786,20.5926540082593,21.3220304331842,0.122050008627079,2.83253297113401,0.895550818848267,1.25182184241321,4.00010478264573,78.8472862085546,6.00451324866189,0.0484565443273059,32.495319086311,0.080560412690624,10.1345561767513,1.03956240451789,8.5231986977629,26.6726371741244,6.13376335127553,74.480700553476,22.3413680109236,52.3630477061978,124.836526686942,13.2556720125424,45.2528999810723,1.81604965557836,0.0583233921946949,0.261098061131889,0.0104822836134478,18.1569107800631,7.74230640487038,30.6887554458963,16.5643883530585,165.256692329538,9.45403523823855,0.0176885177069263,27.730530943401,7.15920921757019,12.6736171295435,74.278177175644,1.83200733750011,65.5906615936151,483.552580667795,5.1763760226616,234.56425650487,4.60672513441653,138.56151362072,35.9551275295383,123.807074579294,26.0844639508236,0.300978243610679,155.332141058062,1.79040741357777,52.0357898774995,22.6392660395593,192.85525390675,15.4528555619029,0.09318385121983,29.8778486514309,6.17893396394291,237.305238495679,9.77290583136188,17.1236209439557,143.180256093751,6.07447551219789,118.030720399217,39.2150302890689,12.4541633774801,41.2605316024652,167.298491903068,23.1542955483594,38.7593926082514,202.35525796988,83.9736870237824,59.9973971100827,30.4384654687504,92.0214337069795,11.4526004329759,15.8192061120067,62.9508019176239,33.6973031397587,20.7150264666762,44.6261582588633,54.6505220325351,156.38335880497,4.27986967785849,0.413028167762485,0.0625761053233466,0.0452208311770653,11.9813044228879,17.8118784998095,90.5844591724026,46.5709386910921,29.8012051790134,8.89056880402777,18.9772874532269,7.83139371753593,7.1849527958327,46.775909262259,5.77261401717347,13.7327849696496,9.12738863059528,89.420591228341,38.8792729245518,95.5165509048821,93.4746443990611,308.468035516934,0.675837846348855,1.17488907933514,1.14013341427405,0.0682376761483092,99.0000754917551,384.425766338001,78.8323622409858,0.180042351940646,0.129856189205469,0.557431019049326,1.39253440394442,12.8090610215531,47.1923401099323,38.3400298555904,0.54796581234898,171.995734138576,35.2675966496189,85.0161432908253,68.8201369999993,0.257032721505839,7.92711834742347,2.02322248023021,11.9436291366561,7.91182875921556,6.74034968772439,0.0045365481428089,10.5120989625827,84.7030859282814,19.5219123638843,15.4558985777394,4.18955012844616,29.4648184166705,7.08564258885314,12.3535972685413,25.8844997180407,134.084876371287,1.26153025612701,129.110471565704,71.7238156453167,1.40709172653313,196.810031060831,11.890773970403,67.7781209439114,12.3304092599324,15.5597161276526,36.8183858204192,0.0257911747069046,46.8949052718731,59.4709369867382,86.0636622059464,2.48097315102019,127.817839116491,26.9343400967468,150.496809797466,21.6790502624704,7.34764701605326,0.02955680232441,10.5052052063401,10.0422535421676,132.804000048874,10.5866276057606,84.0289451475914,51.9827248659191,51.4007591440409,28.4586285062139,1.43146374386862,8.54607812184531
"GSM1019320",0.107196850415591,0.0168540011678128,51.3535476753007,2.534931922811,0.0100490744023676,21.9896592582276,8.78043509354885,3.97085982757444,43.7632242713287,62.9033483121556,17.6828744162531,2.72045923204952,182.448589598003,69.3063361372073,5.44695038417042,0.074037078762943,83.5208194301041,10.8965039361658,65.8848329415939,9.57004376562597,80.3147851390666,133.795556932444,64.1903439557164,16.3570031023212,7.35169597958532,14.4511492546743,14.2582101062724,17.3327149422421,0.104216827013061,2.60483661434967,0.822066966750801,2.10122206274151,4.71433810221827,149.414727095911,10.966745400893,0.0732004065821398,30.8194226430882,0.0888225747493865,14.8874760816966,1.15147263549661,11.4754583092544,38.9910143046055,5.45989562233114,68.539194135099,13.1751187029449,39.2374108824921,187.008128282432,9.50879428682495,59.4319842919332,2.78214235727888,0.0558709995825552,0.753056197964029,0.00962269867724727,11.5142651668457,5.77926477931037,29.2863675229603,22.9412640196976,191.687830829815,8.30786457188141,0.0123575484753929,23.1260577125213,9.18083306116249,15.9544356664362,92.0501538800247,1.60234826948503,92.4842012024864,507.010077123064,7.60012769022462,216.945144340471,5.28981793030673,174.266215249829,44.481175966822,143.869095149409,23.8281731411079,0.36594166445313,212.680192875998,2.80042521653564,45.439267081497,14.4852253288676,176.29135564766,19.3981030819313,0.110167292195563,29.3987787497323,5.40805888349786,303.919164086037,18.4473090090179,20.5147224100494,141.419825947612,12.1330026361601,129.525368891103,53.2466468168691,28.2795675677596,60.0292185531577,227.893155504379,30.7705993898616,33.0270103534608,227.593493198277,91.8056347822307,65.6130247421573,35.8291647497919,126.990599186951,18.4847254103602,18.7511230423404,71.5672564375447,41.6300758002256,27.2938984024959,39.272587481695,52.0881612826521,183.757852873641,6.22476846922835,0.492310942760635,0.09302725455637,0.0305607385861149,21.3467768443876,37.0429807856613,113.707180284437,38.4574435151986,89.446034531273,8.52258375367498,18.5726432432461,9.2110548881885,9.05817165443569,77.6607312218004,3.72354686348192,14.9088986540951,13.1074402448093,75.8195708267234,43.2599021218635,100.415698683397,105.312905312973,440.950180572129,1.35537719363539,2.27412647133286,1.78614892293163,0.0905809285389183,139.95181342128,475.370596219984,108.529807219184,0.140199190480287,0.083454598776983,0.534099998409488,1.58345941208401,13.6235956411318,39.9535454199626,36.8433656198119,0.808463510869617,140.622704186438,31.3301425109254,147.047303172648,50.3172807706121,0.242845024016639,9.02763792031591,2.0248385369772,10.5259421935191,7.79848483820754,7.9953786910556,0.00647550160920812,7.84204378144541,98.4057672613658,13.1859674781718,12.073180916199,8.84787733241497,19.8902473454651,4.09062724542714,7.37261574694657,18.859298352471,114.878401096653,0.966845645420991,149.014033253489,73.462914082791,1.82915449526108,294.346478377113,10.8356673703365,91.3182763397394,16.0636852563919,21.3080169144221,43.4318168717405,0.0216442559323532,58.0361244697471,50.2664925861122,143.494360187175,2.65392687006788,159.785534385127,29.8733020704098,214.565750576342,43.4856260971565,11.8663162358897,0.0445200387746364,18.3226790148994,10.3796985865173,190.424906531417,10.5731252039238,102.418362680105,76.3907246357223,14.9169305131949,31.4035838219135,0.931951484748263,6.49469926426386
"GSM1019321",0.0377823017985023,0.00422034339184073,7.11126310298411,1.38892436396645,0.0028229467376732,14.1123841403182,7.6956079562482,3.8340199354699,25.6393353978882,43.6752284375766,14.4575684013635,0.268099420044483,151.309962971289,55.9283313539812,6.45217515988639,0.0176790204051429,38.9800554211865,10.3117364885415,127.814659955834,3.11756595187593,47.3328904702412,65.7229414848851,30.8856747289153,21.3011504643034,2.49888975816759,15.0230436711396,16.015295371589,19.8392977865802,0.0734682332020421,1.95364874441224,0.723728286351205,1.84919314217812,2.13913295245987,20.8615242688256,0.88356921978953,0.0156761140827754,22.4759707827109,0.0466022962168809,9.14168378721489,0.709227405629871,6.05557296117652,17.6902805000257,2.92409296789582,40.3512807522269,10.3423834349256,68.412275564091,82.5921985508354,5.83153730969295,64.7543120498864,0.462964699243433,0.0397309390930543,0.0764065908423459,0.0071319251830449,20.5890160649889,19.0619586665316,19.001808732974,13.3797564074384,109.627590827239,2.4833699280412,0.00614175986037135,12.5332823047315,2.13623663077565,7.2574322557776,36.8460197425207,1.94471788328377,24.911972376469,115.193776415017,5.20337710642164,76.2010528524662,3.70568754931102,174.736437270413,28.1238246669887,58.3716337905148,25.7757204692808,0.164823204861993,110.530454071948,0.461574901917982,45.7236025266662,27.2741589409058,77.9993555201818,14.564788462854,0.036076533830917,18.4658268815389,5.39889000315871,200.291902666219,15.6326964220417,10.5544254882089,107.900846396501,7.05634060825154,156.084347533991,37.052699212463,9.51171670751461,34.617956644604,121.905270731465,4.23058790718477,21.0964464332862,144.404403302354,93.6561003837154,39.4662824113457,15.4457506524714,68.9726245972015,8.25481510486825,12.478195094836,59.9469763311307,22.1046142692167,18.7955985362746,30.7146927937961,44.0152731425759,126.156875780772,2.71679153254794,0.358266227792187,0.0504233265955207,0.0232496144404309,11.5969184940982,25.1462078420479,106.205766094851,41.8336404739943,36.8909949680373,7.38654776749371,33.9148015428798,7.30121068971257,8.12551767121346,106.906794474912,3.06592437376226,8.13483812783419,4.94513469993345,53.3946292971838,44.2414856353352,325.116413018552,181.2418511267,370.019714993284,0.324127239833632,0.479877884238557,0.237372454714291,0.0522097674019714,54.8627413187032,290.702169215142,66.230552427684,0.0251838526412321,0.0106153280047692,0.200038325611891,1.98549137311329,12.5775502302595,30.6065637544969,45.6898037510951,0.343267091734882,160.745270058605,59.0522853822995,68.1861766306228,47.1656082200689,0.204203600737243,4.91907491254359,1.15875368330375,8.03673614399928,3.59509600355403,11.9914825318106,0.00331952740314842,6.95497655834547,66.049191702735,8.52736996533512,8.08739149256642,2.12280224849622,12.268682369654,4.3430959826497,8.99825198132971,23.0602724473409,85.3788500191856,0.982009391825754,88.3031329410612,51.901706278805,1.13128541957744,145.696251809057,12.9894427012907,51.4940655456303,5.13337875783206,13.841857705907,23.8141900566151,0.0110195097965426,19.0321774326425,34.5717156077338,51.190749564746,1.46204208217295,98.3247039706184,9.79963395638618,50.8399055270935,5.57898283128765,7.58317974648363,0.00926995367716826,14.3950071706076,13.460135796973,81.347725597404,11.785154582188,40.1446532404592,19.4122572265787,23.2377263846746,16.9503260107711,1.46240111376315,10.4356875207548
"GSM1019324",0.0788457341635138,0.0385218665365047,38.9016376081163,7.66284159635216,0.0146870658657482,34.2614520795823,8.3698353109155,6.0748239002571,83.2436409209733,123.228498913138,21.2348348666688,1.12434292105157,189.553402498263,74.2848760322258,8.23306893155404,0.0478417003710912,122.363984477232,13.2248956428176,109.897183822073,10.173983458117,172.434930315325,147.423031839324,158.402338438426,17.7436797802961,10.4186168498338,17.1755391622609,50.8499404205479,50.1620764787194,0.230513603170446,6.34014105439966,0.780235605705198,1.07800286571198,5.4844346723321,96.783164866175,2.54225241408797,0.122804431341256,30.6043320805242,0.142003744359596,29.3978233146074,1.12268044392259,15.9998389383289,60.0090610570081,6.75164125308167,159.995333005058,14.0623739946385,47.4821347378303,151.372610234378,16.5020939414958,149.846546559578,2.08579038281764,0.0838183886848359,0.389626586731366,0.00694794211491794,17.2601103328062,13.9143467856661,55.9291806121432,29.9884505966242,262.336978938051,12.5771491332424,0.0220084750155501,40.9778979601435,7.59782637788387,35.6420596815267,104.894010879402,0.678546431650107,151.269072851696,667.444569150396,12.8927874466005,260.929732402954,11.2859985223136,354.757625318923,45.2586207387687,168.399709126823,91.9349567256581,0.279355222667713,289.622852846079,2.50715206705255,75.0693391338238,34.8671336124345,191.251691440703,38.6943155259934,0.0666740101513252,69.6070475211747,11.8710221698688,470.517179277305,8.90096331402929,25.3300992612528,206.902982263841,16.8112716101653,201.425344557103,159.23752877511,45.1072573140851,50.097137384811,221.717568476697,14.6732915703312,58.0932197552451,274.821936462905,140.681735669064,129.920587748894,28.3321568493014,150.987812998066,12.8126139228995,23.7544266344182,183.484283394018,38.0276102016286,31.485635833131,42.5952577195095,110.967873156534,262.895285648399,7.98192719159681,0.963760797719422,0.162918601682182,0.0926907993686932,10.2898905090985,21.0406437548564,257.259682022573,92.2005260493491,474.781938265137,15.2925803405702,127.842989126047,16.731996011174,13.1057315721128,31.2732143608214,5.38260537398201,21.9625490784516,52.0721980297283,162.847386969393,76.0782529395063,410.500939313599,313.144534553814,790.086734082911,1.27192190236462,1.74042328012969,2.6483940646127,0.0800524535525461,133.29681492538,734.802324826174,189.553332137027,0.306253217864831,0.175376577140737,1.03501522405748,4.91465660252979,20.6627376122695,42.8250014368295,62.94468629794,0.960935343134106,323.018759589392,116.055122761869,189.272985699473,122.948966694561,0.175432900690449,11.381464697062,3.66330746650875,12.8174551207835,10.6413433155063,8.910567351,0.00563690336259886,21.7457332952839,133.944115672691,14.2946568212565,27.5292995020664,7.6269042348455,24.8256478784047,5.28053082060737,9.11716152065391,46.7465751012658,213.080940936009,2.05855795055259,183.82735806891,122.60520579217,1.58563779331669,448.405921120529,28.519243186858,127.417595991599,18.4900427212953,13.2173565449361,49.533024674873,0.00934119028322061,53.9071015239794,28.4116975845848,136.733840665724,2.7302117632794,240.219737532428,39.1794175649188,183.997254104626,44.1457023448577,12.3938046309632,0.0831159411378019,15.8244782317939,33.7068446290424,212.701487185466,15.4458119552569,145.284049897138,74.9958184400952,19.943437750528,55.8812812338378,2.05232949596913,10.0370176291113
"GSM1019328",0.222811010313867,0.0222912256688115,42.3896154852148,10.6987799917317,0.00765329785066179,17.3075041649143,11.8639245473551,5.84576727558157,45.2120773006728,105.301808440844,24.4662315258859,0.762685446176744,196.833777545989,63.9077514688736,3.07267026284273,0.0289560346600146,70.4970488729685,12.2150279058069,115.607337260786,9.93962957675057,300.167488264891,165.112001144746,80.7442676235033,17.7512121275822,9.09919845242357,15.9371114697544,30.4352126212151,40.0567698019127,0.209463950589629,3.85643331827237,0.81970229477181,2.80093422897215,5.23821269576952,296.582580769804,1.43785374219231,0.053315954472156,42.1280161049686,0.148788110889132,25.1428920872206,0.804589633739638,34.2413605207399,157.831331974733,5.64590336933483,99.3797065051639,17.2100678759208,52.6669295539175,203.090029615239,7.6805355445612,144.579461112785,1.81008124212712,0.0895604503143055,0.823471370334767,0.00760365429148171,20.3308174067092,12.4998394615372,32.7981806799982,22.521642719519,206.084155843211,7.32959625572267,0.0128400177122209,39.8779812920341,6.57985832247234,45.648154028803,91.1513932190495,1.93916815459775,217.794609563096,508.513498535195,10.8645365685717,239.540546981549,9.13207453051112,280.018350574584,46.5509728382529,156.262146580333,58.8653857131552,0.808752871095749,182.522739435411,2.77941192189555,24.2864947984056,25.0398307086308,143.422446182567,11.388767168029,0.0773111217511588,36.9862677351911,6.55270268521016,316.729597483897,22.7786477062675,23.2578315004469,249.313539689183,11.6994692733909,127.456415410819,86.93967687116,34.469136705959,39.7084777791316,177.817394934117,13.9001493811303,39.2069484579004,221.620866157842,127.121176053328,102.292060514829,28.3054810109761,120.533563001421,12.3307084854173,19.0267247396476,128.212608107602,32.4502343246283,23.2250010582987,48.9018264404418,89.5793099069099,229.167377356018,8.38537979235067,0.958577121750852,0.162145642156983,0.0341403658077794,22.715810241205,35.381675871432,155.169385397184,95.7235409986035,183.085366882967,13.1532894982326,113.540572159733,11.8547464691457,12.5947716247825,93.4148035510181,6.06822703047425,20.6295963983019,26.2765055633823,60.2481789346024,64.0401906023159,191.845996505397,439.054911229522,585.49016279252,2.94105497553006,4.27274920873575,5.65006675143026,0.147803098714199,124.525474734505,501.343438727787,148.903785654667,0.231711527293626,0.063129561641117,0.621229625344685,4.29179770084076,18.8162799349953,83.9318459718051,44.5818260172757,1.24169209282629,220.061627392923,96.732247792382,136.912865027162,93.1574497055775,0.204931886867137,11.1364202987705,2.30401292215112,18.3928524908751,9.48024762939824,9.17665714102511,0.0128866882340599,12.9906605520534,105.445746207392,9.37973083802046,19.603344268856,6.14680857849602,16.6541363297574,3.13194393094318,6.57276497289873,32.7963805157117,146.889247093185,1.57535652890437,148.604535566554,101.310307804813,2.07262211133079,309.790128724948,16.7264389822015,126.877366146365,15.6823260989353,15.1450899020858,37.1435905210784,0.0189601542739361,62.5319895788237,34.2521818346615,106.908035882322,2.28317241090042,168.746425709866,28.2450235588599,137.88272403746,29.6694465035703,17.0003139322686,0.0513106341316592,29.3006329371478,20.2941960967677,198.30887649192,15.7701639756296,106.298665314949,59.9722288416312,20.5818548545435,32.8132621465926,1.76106617272634,11.45644217146
"GSM1019330",0.0310275958476166,0.0101107045859934,7.4226679476547,2.88524173105993,0.0070695838006572,19.6951008286382,2.88275540124577,3.00644693374593,26.4898178617326,52.010190628877,18.754440941338,1.67117137572471,187.308798197924,74.9729542585621,7.72636799781012,0.0347162765631915,85.0641614593073,10.6979065472856,72.5025579790534,6.86697390041649,34.6151867145908,90.0712559904207,45.2858613969694,17.3312196922258,6.23056586576248,15.6430441685891,25.4150005609996,20.2231383224312,0.120063608215148,3.4731634920631,0.782739817887007,1.52201412153119,2.92527313873366,75.6118699570967,6.98116000344905,0.0288866008837149,19.4877637767647,0.0618563397611886,7.77173693002297,0.82115583905651,3.79151624377997,21.64534729457,6.33486007985671,82.6034404108423,17.0590772440089,44.9722314300191,82.5027353765302,13.7848443749816,38.4262803880754,2.80869173698547,0.0367107129457465,0.16552043780565,0.00873110391037692,12.1294008087455,8.05508540013508,29.599414081948,13.8402726841811,138.544254645022,6.7851301266065,0.00605042531252331,29.4031614302977,6.62763203993635,7.61455049589814,70.1834542268284,2.6476683343964,47.599306826978,313.485739064615,3.88789532787433,114.329464289849,5.61241399786103,147.70000816127,41.1862811715498,101.954058676669,34.4891953619573,0.176349660318624,137.312594301966,0.889756072358816,74.5069447347957,30.1069713597161,125.897328916117,26.1808852250026,0.0820963817328327,39.9294979408879,8.76692274640687,194.074776016551,14.8197196178244,15.3457900980417,97.3157599992144,4.15156839478509,131.878034517589,34.2521125090041,20.2320219079668,45.3068967901797,142.144784685532,7.86365957701226,36.3849612408454,166.905293105695,67.5482667872067,57.392039775473,25.4536657943708,92.2023458889534,11.4372498740273,14.4226697718883,56.465796168511,44.9055729341223,24.0641117835936,40.217551395374,48.5614561000574,134.163770370161,3.75239677573069,0.308224208186028,0.0426719522130601,0.0250308210528397,10.8919829945951,21.1870515504311,80.754193872397,45.0788580434499,32.7959111114245,7.61660372039652,16.6478665491747,3.95815578267911,5.5706710144023,92.0779202587862,5.16856875359505,15.7599980207647,9.08131459860048,95.2840541540805,29.9830504616329,64.5668715360121,57.7327534288043,292.167575535435,0.378277474534775,0.620760201473631,0.862845710556804,0.0397430253800441,110.73309543315,354.88000632892,81.7059196175623,0.0552324766966194,0.0634512296253031,0.290419253012148,1.13715217472181,9.74916062238174,17.8922550602292,28.6349591694529,0.3434501654466,142.439680263749,29.2469935810021,96.4183950861771,42.5816097570373,0.185955598152738,8.49154963606385,2.17376862327778,14.567040221458,4.71988667229417,4.14985593862299,0.00351702480595047,8.43383894806811,78.0399291210288,16.8546967004662,12.6447470331045,9.44843498674652,36.7813294481313,7.14607779546742,9.33381002826491,24.6709521660787,103.919423864888,1.3282308867568,104.642143624727,49.4551921803863,0.843606920022065,141.182727963284,13.3538452061176,44.1069332727963,10.6071773017937,11.0508803518054,40.1890032561002,0.00665003812581761,32.1302610484302,30.2387295868299,72.4185245049169,2.3531966625705,107.276496499645,22.6929066959073,112.222237950969,32.898699671217,4.03496098247494,0.0186088366850507,14.0244001748431,12.5697381007752,98.6727238051867,9.45581488926842,79.2083679125312,60.3762588078611,23.8445674002279,15.1737503740397,1.36521092674509,4.77745748437081
"GSM1019332",0.0482283873063272,0.0191326284156005,8.80753956579293,5.92142136858218,0.0133925429369776,20.5123954408254,5.87158246106271,4.2295032955601,33.8308328215389,50.1066095142023,19.3846139525002,1.30963191836914,179.816405440526,78.286507815273,5.44421859491963,0.0634410892950263,78.2009615086103,14.4767972223409,90.4135053012591,8.03361573536543,206.249429860524,114.335967777563,60.5094564792753,19.5036770236063,4.8641805876798,20.1747109261295,17.7980995184737,57.4906630311494,0.309720833136691,4.98356836823275,0.762489390728018,3.29468711388944,3.89919676801696,88.855108995651,10.6562990160352,0.0460016126798612,19.4254882747463,0.139090428561206,11.3566224700186,0.995533235978981,8.95803798424722,18.6422109933576,12.4396655537037,49.7847760871569,12.712778755946,50.0486337350588,66.751656548166,10.8798407037343,58.0999662748814,1.43413642388806,0.0585885003908136,0.412969148592081,0.00496946989162215,20.5084038657802,9.24639849690578,37.4287632263721,15.1166440814381,149.669200649947,6.79703874668313,0.00834969412622561,25.2979262431094,6.88054333019818,17.1897535361404,68.822966609842,5.45117500350292,86.3371757991272,328.948644384566,7.45308086889183,91.039784338495,11.4625147576774,170.112845997991,53.9475572905128,80.9377549649365,48.5105135934118,0.258658777401674,162.162211109209,1.77608121320857,52.9245578950268,16.8704526499163,76.3544429414148,24.6023190976402,0.0883097248297523,24.6376711436331,5.00462794113688,199.666254590553,31.8127928893375,11.6445295347921,125.965501374344,7.09835228998423,104.176320106998,40.2622085635414,32.7672652305714,69.837474020437,147.383160183764,5.43216610397686,49.4828008916595,164.618388781111,92.2443642892285,55.9081668352672,26.1636671376796,106.992263163202,17.2278887687154,14.9783333624346,71.6344887700024,47.9548535942095,40.3746181096929,45.5930754958594,38.3582314312046,155.757344109297,7.5772431762745,0.728388578571998,0.121299902150057,0.0322101707874062,31.5457287402112,61.8164476691085,131.22287663889,56.4462322770752,34.900198292594,12.1098120295104,26.393594658036,6.54622178166336,11.4528434332014,168.213277857405,6.39275671036087,21.5161290825288,12.0389188727712,90.6708462908873,37.7029853190892,200.734310713532,143.978916302459,392.060974783317,0.506045384916209,0.483678092990278,0.698159875339471,0.0759059283341831,125.249566901859,389.250027903148,80.1962029630582,0.0739295199591676,0.0645375752118698,0.369451537068298,1.76049253380046,8.70711473698238,32.753048589853,31.1170332036581,0.462615335898852,154.464118297408,36.7819600910784,84.2046878154002,60.6202803272082,0.148211643037975,14.3174185500317,2.3339323721627,29.8989836956777,6.44209458099213,9.81677656488423,0.0075420659280075,6.68293591047901,86.0454389939934,8.84327306044234,15.0448542233236,12.8125920831957,25.819288443327,5.61772912828722,8.38331786048161,28.0600181499167,97.5007363485037,2.11655347010097,125.251657618069,55.9520345350695,1.28620909348014,175.728264787215,24.2544766102994,68.6007585213813,9.06807324773273,15.1965316174313,34.7839760091292,0.00944780758914207,33.6917146973913,20.5665031642592,92.1984559009793,4.3581557986011,145.529023946224,29.3793681558182,97.8946098125982,33.5690857303924,12.9586246742399,0.0328703260788462,35.9385798042505,11.8261336012298,108.47840781999,9.85408283248251,85.2091842184992,76.5219907767194,13.2413416122482,35.3229858862388,1.7017595781096,10.858576808456
